  0
SECTION
  2
HEADER
  9
$ANGBASE
  50
0.0
  9
$ANGDIR
  70
1
  9
$MEASUREMENT
  70
0
  0
ENDSEC
  0
SECTION
  2
TABLES
  0
TABLE
  2
LTYPE
  70
4
  0
LTYPE
  5
40F
  2
CONTINUOUS
  70
0
  3
Solid line
  72
65
  73
0
  40
0.0
  0
LTYPE
  5
410
  2
DASHDOT
 70
0
  3
Dash Dot ____ _ ____ _
 72
65
 73
4
 40
2.0
 49
1.25
 49
-0.25
 49
0.25
 49
-0.25
  0
LTYPE
  5
411
  2
DASHED
 70
0
  3
Dashed __ __ __ __ __
 72
65
 73
2
 40
0.75
 49
0.5
 49
-0.25
  0
LTYPE
  5
43B
  2
DOTTED
 70
0
  3
Dotted .  .  .  .
 72
65
 73
2
 40
0.2
 49
0.0
 49
-0.2
  0
ENDTAB
  0
TABLE
  2
STYLE
  70
4
  0
STYLE
  2
KICAD
  70
0
  40
0
  41
1
  42
1
  50
0
  71
0
  3
isocp.shx
  0
STYLE
  2
KICADB
  70
0
  40
0
  41
1
  42
1
  50
0
  71
0
  3
isocp.shx
  0
STYLE
  2
KICADI
  70
0
  40
0
  41
1
  42
1
  50
15
  71
0
  3
isocp.shx
  0
STYLE
  2
KICADBI
  70
0
  40
0
  41
1
  42
1
  50
15
  71
0
  3
isocp.shx
  0
ENDTAB
  0
TABLE
  2
LAYER
  70
1
  0
LAYER
  2
BLACK
  70
0
  62
7
  6
CONTINUOUS
  0
ENDTAB
  0
ENDSEC
  0
SECTION
  2
ENTITIES
0
LINE
8
BLACK
6
CONTINUOUS
10
-2.9608793700787399
20
6.0069631496062987
11
-2.9592500787401574
21
6.0053338582677167
0
LINE
8
BLACK
6
CONTINUOUS
10
-2.9592500787401574
20
6.0053338582677167
11
-2.9583682677165353
21
6.0032050393700782
0
LINE
8
BLACK
6
CONTINUOUS
10
-2.9583682677165353
20
6.0032050393700782
11
-2.9582548031496061
21
6.0020529133858265
0
LINE
8
BLACK
6
CONTINUOUS
10
-2.9582548031496061
20
6.0020529133858265
11
-2.9582548031496061
21
5.9683071259842517
0
LINE
8
BLACK
6
CONTINUOUS
10
-2.9582548031496061
20
5.9683071259842517
11
-2.9583682677165353
21
5.967155
0
LINE
8
BLACK
6
CONTINUOUS
10
-2.9583682677165353
20
5.967155
11
-2.9592500787401574
21
5.9650261811023624
0
LINE
8
BLACK
6
CONTINUOUS
10
-2.9592500787401574
20
5.9650261811023624
11
-2.9608793700787399
21
5.9633968897637795
0
LINE
8
BLACK
6
CONTINUOUS
10
-2.9608793700787399
20
5.9633968897637795
11
-2.963008188976378
21
5.9625150787401573
0
LINE
8
BLACK
6
CONTINUOUS
10
-2.963008188976378
20
5.9625150787401573
11
-2.9653124409448819
21
5.9625150787401573
0
LINE
8
BLACK
6
CONTINUOUS
10
-2.9653124409448819
20
5.9625150787401573
11
-2.9674412598425195
21
5.9633968897637795
0
LINE
8
BLACK
6
CONTINUOUS
10
-2.9674412598425195
20
5.9633968897637795
11
-2.9690705511811024
21
5.9650261811023624
0
LINE
8
BLACK
6
CONTINUOUS
10
-2.9690705511811024
20
5.9650261811023624
11
-2.9699523622047241
21
5.967155
0
LINE
8
BLACK
6
CONTINUOUS
10
-2.9699523622047241
20
5.967155
11
-2.9700658267716533
21
5.9683071259842517
0
LINE
8
BLACK
6
CONTINUOUS
10
-2.9700658267716533
20
5.9683071259842517
11
-2.9700658267716533
21
5.9792744881889766
0
LINE
8
BLACK
6
CONTINUOUS
10
-2.9700658267716533
20
5.9792744881889766
11
-3.0061461023622047
21
5.9792744881889766
0
LINE
8
BLACK
6
CONTINUOUS
10
-3.0061461023622047
20
5.9792744881889766
11
-3.0049788582677164
21
5.9781072440944882
0
LINE
8
BLACK
6
CONTINUOUS
10
-3.0049788582677164
20
5.9781072440944882
11
-3.0046072047244095
21
5.9776543700787403
0
LINE
8
BLACK
6
CONTINUOUS
10
-3.0046072047244095
20
5.9776543700787403
11
-3.0044893700787401
21
5.9775522047244092
0
LINE
8
BLACK
6
CONTINUOUS
10
-3.0044893700787401
20
5.9775522047244092
11
-3.0043776377952756
21
5.9773746456692916
0
LINE
8
BLACK
6
CONTINUOUS
10
-3.0043776377952756
20
5.9773746456692916
11
-3.0042444094488188
21
5.9772123622047246
0
LINE
8
BLACK
6
CONTINUOUS
10
-3.0042444094488188
20
5.9772123622047246
11
-3.0041847244094488
21
5.977068149606299
0
LINE
8
BLACK
6
CONTINUOUS
10
-3.0041847244094488
20
5.977068149606299
11
-3.0038726377952756
21
5.9765724409448815
0
LINE
8
BLACK
6
CONTINUOUS
10
-3.0038726377952756
20
5.9765724409448815
11
-3.0010604724409449
21
5.9709481889763776
0
LINE
8
BLACK
6
CONTINUOUS
10
-3.0010604724409449
20
5.9709481889763776
11
-3.0006467322834647
21
5.9698669291338584
0
LINE
8
BLACK
6
CONTINUOUS
10
-3.0006467322834647
20
5.9698669291338584
11
-3.0004833858267714
21
5.9675685039370077
0
LINE
8
BLACK
6
CONTINUOUS
10
-3.0004833858267714
20
5.9675685039370077
11
-3.0012120078740159
21
5.9653825984251965
0
LINE
8
BLACK
6
CONTINUOUS
10
-3.0012120078740159
20
5.9653825984251965
11
-3.0027217322834643
21
5.9636418110236216
0
LINE
8
BLACK
6
CONTINUOUS
10
-3.0027217322834643
20
5.9636418110236216
11
-3.0047827165354328
21
5.9626113385826773
0
LINE
8
BLACK
6
CONTINUOUS
10
-3.0047827165354328
20
5.9626113385826773
11
-3.0070811417322836
21
5.9624479921259841
0
LINE
8
BLACK
6
CONTINUOUS
10
-3.0070811417322836
20
5.9624479921259841
11
-3.0092670866141731
21
5.9631766535433073
0
LINE
8
BLACK
6
CONTINUOUS
10
-3.0092670866141731
20
5.9631766535433073
11
-3.0110078346456692
21
5.9646863385826769
0
LINE
8
BLACK
6
CONTINUOUS
10
-3.0110078346456692
20
5.9646863385826769
11
-3.0116245669291337
21
5.9656661023622046
0
LINE
8
BLACK
6
CONTINUOUS
10
-3.0116245669291337
20
5.9656661023622046
11
-3.0140081496062989
21
5.9704331889763775
0
LINE
8
BLACK
6
CONTINUOUS
10
-3.0140081496062989
20
5.9704331889763775
11
-3.0185412598425194
21
5.974966299212598
0
LINE
8
BLACK
6
CONTINUOUS
10
-3.0185412598425194
20
5.974966299212598
11
-3.0264912204724408
21
5.9802662992125981
0
LINE
8
BLACK
6
CONTINUOUS
10
-3.0264912204724408
20
5.9802662992125981
11
-3.0264945275590551
21
5.9802689763779524
0
LINE
8
BLACK
6
CONTINUOUS
10
-3.0264945275590551
20
5.9802689763779524
11
-3.0264963779527561
21
5.9802697637795275
0
LINE
8
BLACK
6
CONTINUOUS
10
-3.0264963779527561
20
5.9802697637795275
11
-3.0265005905511808
21
5.9802739370078735
0
LINE
8
BLACK
6
CONTINUOUS
10
-3.0265005905511808
20
5.9802739370078735
11
-3.0273868897637795
21
5.9809998031496061
0
LINE
8
BLACK
6
CONTINUOUS
10
-3.0273868897637795
20
5.9809998031496061
11
-3.0277122440944879
21
5.9814855905511806
0
LINE
8
BLACK
6
CONTINUOUS
10
-3.0277122440944879
20
5.9814855905511806
11
-3.0281256692913385
21
5.9818990551181104
0
LINE
8
BLACK
6
CONTINUOUS
10
-3.0281256692913385
20
5.9818990551181104
11
-3.028347125984252
21
5.9824335826771655
0
LINE
8
BLACK
6
CONTINUOUS
10
-3.028347125984252
20
5.9824335826771655
11
-3.0286690551181104
21
5.9829143700787402
0
LINE
8
BLACK
6
CONTINUOUS
10
-3.0286690551181104
20
5.9829143700787402
11
-3.0287837401574804
21
5.9834876771653542
0
LINE
8
BLACK
6
CONTINUOUS
10
-3.0287837401574804
20
5.9834876771653542
11
-3.0290074803149607
21
5.984027874015748
0
LINE
8
BLACK
6
CONTINUOUS
10
-3.0290074803149607
20
5.984027874015748
11
-3.0290074803149607
21
5.9846064566929131
0
LINE
8
BLACK
6
CONTINUOUS
10
-3.0290074803149607
20
5.9846064566929131
11
-3.0291209448818899
21
5.9851737795275586
0
LINE
8
BLACK
6
CONTINUOUS
10
-3.0291209448818899
20
5.9851737795275586
11
-3.0290074803149607
21
5.9857473228346452
0
LINE
8
BLACK
6
CONTINUOUS
10
-3.0290074803149607
20
5.9857473228346452
11
-3.0290074803149607
21
5.9863321259842515
0
LINE
8
BLACK
6
CONTINUOUS
10
-3.0290074803149607
20
5.9863321259842515
11
-3.0287860629921259
21
5.9868666929133854
0
LINE
8
BLACK
6
CONTINUOUS
10
-3.0287860629921259
20
5.9868666929133854
11
-3.0286737795275589
21
5.9874342125984255
0
LINE
8
BLACK
6
CONTINUOUS
10
-3.0286737795275589
20
5.9874342125984255
11
-3.0283494488188976
21
5.9879207086614175
0
LINE
8
BLACK
6
CONTINUOUS
10
-3.0283494488188976
20
5.9879207086614175
11
-3.0281256692913385
21
5.98846094488189
0
LINE
8
BLACK
6
CONTINUOUS
10
-3.0281256692913385
20
5.98846094488189
11
-3.0277165748031494
21
5.9888700393700782
0
LINE
8
BLACK
6
CONTINUOUS
10
-3.0277165748031494
20
5.9888700393700782
11
-3.0273956299212599
21
5.9893514566929129
0
LINE
8
BLACK
6
CONTINUOUS
10
-3.0273956299212599
20
5.9893514566929129
11
-3.026909842519685
21
5.9896767716535431
0
LINE
8
BLACK
6
CONTINUOUS
10
-3.026909842519685
20
5.9896767716535431
11
-3.0264963779527561
21
5.990090236220472
0
LINE
8
BLACK
6
CONTINUOUS
10
-3.0264963779527561
20
5.990090236220472
11
-3.0259618503937009
21
5.9903116535433067
0
LINE
8
BLACK
6
CONTINUOUS
10
-3.0259618503937009
20
5.9903116535433067
11
-3.0254810629921258
21
5.9906336220472438
0
LINE
8
BLACK
6
CONTINUOUS
10
-3.0254810629921258
20
5.9906336220472438
11
-3.0249077559055118
21
5.9907482677165351
0
LINE
8
BLACK
6
CONTINUOUS
10
-3.0249077559055118
20
5.9907482677165351
11
-3.024367559055118
21
5.9909720472440942
0
LINE
8
BLACK
6
CONTINUOUS
10
-3.024367559055118
20
5.9909720472440942
11
-3.0232277165354331
21
5.9910842913385824
0
LINE
8
BLACK
6
CONTINUOUS
10
-3.0232277165354331
20
5.9910842913385824
11
-3.023221653543307
21
5.9910855118110238
0
LINE
8
BLACK
6
CONTINUOUS
10
-3.023221653543307
20
5.9910855118110238
11
-3.0232196062992127
21
5.9910850787401575
0
LINE
8
BLACK
6
CONTINUOUS
10
-3.0232196062992127
20
5.9910850787401575
11
-3.0232154330708663
21
5.9910855118110238
0
LINE
8
BLACK
6
CONTINUOUS
10
-3.0232154330708663
20
5.9910855118110238
11
-2.9700658267716533
21
5.9910855118110238
0
LINE
8
BLACK
6
CONTINUOUS
10
-2.9700658267716533
20
5.9910855118110238
11
-2.9700658267716533
21
6.0020529133858265
0
LINE
8
BLACK
6
CONTINUOUS
10
-2.9700658267716533
20
6.0020529133858265
11
-2.9699523622047241
21
6.0032050393700782
0
LINE
8
BLACK
6
CONTINUOUS
10
-2.9699523622047241
20
6.0032050393700782
11
-2.9690705511811024
21
6.0053338582677167
0
LINE
8
BLACK
6
CONTINUOUS
10
-2.9690705511811024
20
6.0053338582677167
11
-2.9674412598425195
21
6.0069631496062987
0
LINE
8
BLACK
6
CONTINUOUS
10
-2.9674412598425195
20
6.0069631496062987
11
-2.9653124409448819
21
6.0078449606299209
0
LINE
8
BLACK
6
CONTINUOUS
10
-2.9653124409448819
20
6.0078449606299209
11
-2.963008188976378
21
6.0078449606299209
0
LINE
8
BLACK
6
CONTINUOUS
10
-2.963008188976378
20
6.0078449606299209
11
-2.9608793700787399
21
6.0069631496062987
0
LINE
8
BLACK
6
CONTINUOUS
10
-2.9649385433070865
20
6.0356011417322835
11
-2.9636915354330706
21
6.0350846456692908
0
LINE
8
BLACK
6
CONTINUOUS
10
-2.9636915354330706
20
6.0350846456692908
11
-2.9636914960629919
21
6.0350846062992121
0
LINE
8
BLACK
6
CONTINUOUS
10
-2.9636914960629919
20
6.0350846062992121
11
-2.9627965748031495
21
6.0343501574803149
0
LINE
8
BLACK
6
CONTINUOUS
10
-2.9627965748031495
20
6.0343501574803149
11
-2.9599844488188976
21
6.0315379921259842
0
LINE
8
BLACK
6
CONTINUOUS
10
-2.9599844488188976
20
6.0315379921259842
11
-2.9592500393700787
21
6.0306431102362206
0
LINE
8
BLACK
6
CONTINUOUS
10
-2.9592500393700787
20
6.0306431102362206
11
-2.9592500393700787
21
6.0306430708661418
0
LINE
8
BLACK
6
CONTINUOUS
10
-2.9592500393700787
20
6.0306430708661418
11
-2.9583682677165353
21
6.0285143307086617
0
LINE
8
BLACK
6
CONTINUOUS
10
-2.9583682677165353
20
6.0285143307086617
11
-2.9583682677165353
21
6.0262100787401573
0
LINE
8
BLACK
6
CONTINUOUS
10
-2.9583682677165353
20
6.0262100787401573
11
-2.958884842519685
21
6.0249630314960632
0
LINE
8
BLACK
6
CONTINUOUS
10
-2.958884842519685
20
6.0249630314960632
11
-2.9592500393700787
21
6.0240812598425197
0
LINE
8
BLACK
6
CONTINUOUS
10
-2.9592500393700787
20
6.0240812598425197
11
-2.9599844881889763
21
6.0231863779527561
0
LINE
8
BLACK
6
CONTINUOUS
10
-2.9599844881889763
20
6.0231863779527561
11
-2.9627966141732283
21
6.0203742519685042
0
LINE
8
BLACK
6
CONTINUOUS
10
-2.9627966141732283
20
6.0203742519685042
11
-2.9636915354330706
21
6.0196398031496061
0
LINE
8
BLACK
6
CONTINUOUS
10
-2.9636915354330706
20
6.0196398031496061
11
-2.9658203543307087
21
6.0187580314960627
0
LINE
8
BLACK
6
CONTINUOUS
10
-2.9658203543307087
20
6.0187580314960627
11
-2.9681244881889763
21
6.0187580314960627
0
LINE
8
BLACK
6
CONTINUOUS
10
-2.9681244881889763
20
6.0187580314960627
11
-2.9681245275590551
21
6.0187580314960627
0
LINE
8
BLACK
6
CONTINUOUS
10
-2.9681245275590551
20
6.0187580314960627
11
-2.9702533464566927
21
6.0196398031496061
0
LINE
8
BLACK
6
CONTINUOUS
10
-2.9702533464566927
20
6.0196398031496061
11
-2.9702533858267715
21
6.0196398425196849
0
LINE
8
BLACK
6
CONTINUOUS
10
-2.9702533858267715
20
6.0196398425196849
11
-2.9711482283464568
21
6.0203742125984254
0
LINE
8
BLACK
6
CONTINUOUS
10
-2.9711482283464568
20
6.0203742125984254
11
-2.9739603937007875
21
6.0231863385826774
0
LINE
8
BLACK
6
CONTINUOUS
10
-2.9739603937007875
20
6.0231863385826774
11
-2.9746948425196851
21
6.0240812598425197
0
LINE
8
BLACK
6
CONTINUOUS
10
-2.9746948425196851
20
6.0240812598425197
11
-2.9746948818897638
21
6.0240812992125985
0
LINE
8
BLACK
6
CONTINUOUS
10
-2.9746948818897638
20
6.0240812992125985
11
-2.9754890157480314
21
6.0259985433070868
0
LINE
8
BLACK
6
CONTINUOUS
10
-2.9754890157480314
20
6.0259985433070868
11
-2.9755766535433068
21
6.0262100787401573
0
LINE
8
BLACK
6
CONTINUOUS
10
-2.9755766535433068
20
6.0262100787401573
11
-2.9755766535433068
21
6.0285142519685042
0
LINE
8
BLACK
6
CONTINUOUS
10
-2.9755766535433068
20
6.0285142519685042
11
-2.9755766535433068
21
6.028514291338583
0
LINE
8
BLACK
6
CONTINUOUS
10
-2.9755766535433068
20
6.028514291338583
11
-2.9755766535433068
21
6.0285143307086617
0
LINE
8
BLACK
6
CONTINUOUS
10
-2.9755766535433068
20
6.0285143307086617
11
-2.9746948818897638
21
6.0306430708661418
0
LINE
8
BLACK
6
CONTINUOUS
10
-2.9746948818897638
20
6.0306430708661418
11
-2.9746948818897638
21
6.0306431102362206
0
LINE
8
BLACK
6
CONTINUOUS
10
-2.9746948818897638
20
6.0306431102362206
11
-2.9739604330708662
21
6.0315380314960629
0
LINE
8
BLACK
6
CONTINUOUS
10
-2.9739604330708662
20
6.0315380314960629
11
-2.9711482677165355
21
6.0343501968503936
0
LINE
8
BLACK
6
CONTINUOUS
10
-2.9711482677165355
20
6.0343501968503936
11
-2.9702533464566927
21
6.0350846456692908
0
LINE
8
BLACK
6
CONTINUOUS
10
-2.9702533464566927
20
6.0350846456692908
11
-2.9681245275590551
21
6.0359664173228342
0
LINE
8
BLACK
6
CONTINUOUS
10
-2.9681245275590551
20
6.0359664173228342
11
-2.9658203543307087
21
6.0359664173228342
0
LINE
8
BLACK
6
CONTINUOUS
10
-2.9658203543307087
20
6.0359664173228342
11
-2.9658203149606299
21
6.0359664173228342
0
LINE
8
BLACK
6
CONTINUOUS
10
-2.9658203149606299
20
6.0359664173228342
11
-2.9649385433070865
21
6.0356011417322835
0
LINE
8
BLACK
6
CONTINUOUS
10
-2.9742567716535433
20
6.0922094094488184
11
-2.9740607086614173
21
6.0921281496062987
0
LINE
8
BLACK
6
CONTINUOUS
10
-2.9740607086614173
20
6.0921281496062987
11
-2.9738490944881888
21
6.0921131496062992
0
LINE
8
BLACK
6
CONTINUOUS
10
-2.9738490944881888
20
6.0921131496062992
11
-2.9727678740157479
21
6.091699409448819
0
LINE
8
BLACK
6
CONTINUOUS
10
-2.9727678740157479
20
6.091699409448819
11
-2.9671435826771653
21
6.0888872440944883
0
LINE
8
BLACK
6
CONTINUOUS
10
-2.9671435826771653
20
6.0888872440944883
11
-2.9666477165354328
21
6.0885750787401571
0
LINE
8
BLACK
6
CONTINUOUS
10
-2.9666477165354328
20
6.0885750787401571
11
-2.9665037401574801
21
6.0885154724409452
0
LINE
8
BLACK
6
CONTINUOUS
10
-2.9665037401574801
20
6.0885154724409452
11
-2.9663416535433069
21
6.0883824015748029
0
LINE
8
BLACK
6
CONTINUOUS
10
-2.9663416535433069
20
6.0883824015748029
11
-2.9661638188976376
21
6.0882705118110234
0
LINE
8
BLACK
6
CONTINUOUS
10
-2.9661638188976376
20
6.0882705118110234
11
-2.9660615748031494
21
6.0881525984251965
0
LINE
8
BLACK
6
CONTINUOUS
10
-2.9660615748031494
20
6.0881525984251965
11
-2.9656088188976377
21
6.0877810629921258
0
LINE
8
BLACK
6
CONTINUOUS
10
-2.9656088188976377
20
6.0877810629921258
11
-2.962796653543307
21
6.0849689370078739
0
LINE
8
BLACK
6
CONTINUOUS
10
-2.962796653543307
20
6.0849689370078739
11
-2.9624250393700788
21
6.084516062992126
0
LINE
8
BLACK
6
CONTINUOUS
10
-2.9624250393700788
20
6.084516062992126
11
-2.9623070866141732
21
6.0844138188976373
0
LINE
8
BLACK
6
CONTINUOUS
10
-2.9623070866141732
20
6.0844138188976373
11
-2.9621952362204724
21
6.0842360629921259
0
LINE
8
BLACK
6
CONTINUOUS
10
-2.9621952362204724
20
6.0842360629921259
11
-2.9620622047244094
21
6.0840740157480315
0
LINE
8
BLACK
6
CONTINUOUS
10
-2.9620622047244094
20
6.0840740157480315
11
-2.9620025590551182
21
6.0839299606299209
0
LINE
8
BLACK
6
CONTINUOUS
10
-2.9620025590551182
20
6.0839299606299209
11
-2.9616903937007875
21
6.0834340551181105
0
LINE
8
BLACK
6
CONTINUOUS
10
-2.9616903937007875
20
6.0834340551181105
11
-2.9588782283464568
21
6.0778097244094491
0
LINE
8
BLACK
6
CONTINUOUS
10
-2.9588782283464568
20
6.0778097244094491
11
-2.9584644881889761
21
6.0767285039370078
0
LINE
8
BLACK
6
CONTINUOUS
10
-2.9584644881889761
20
6.0767285039370078
11
-2.9584494881889762
21
6.076516850393701
0
LINE
8
BLACK
6
CONTINUOUS
10
-2.9584494881889762
20
6.076516850393701
11
-2.9583682677165353
21
6.0763208661417325
0
LINE
8
BLACK
6
CONTINUOUS
10
-2.9583682677165353
20
6.0763208661417325
11
-2.9582548031496061
21
6.0751687401574799
0
LINE
8
BLACK
6
CONTINUOUS
10
-2.9582548031496061
20
6.0751687401574799
11
-2.9582548031496061
21
6.0611080314960626
0
LINE
8
BLACK
6
CONTINUOUS
10
-2.9582548031496061
20
6.0611080314960626
11
-2.9583682677165353
21
6.0599559055118108
0
LINE
8
BLACK
6
CONTINUOUS
10
-2.9583682677165353
20
6.0599559055118108
11
-2.9584494881889762
21
6.0597598818897636
0
LINE
8
BLACK
6
CONTINUOUS
10
-2.9584494881889762
20
6.0597598818897636
11
-2.9584644881889761
21
6.0595482677165355
0
LINE
8
BLACK
6
CONTINUOUS
10
-2.9584644881889761
20
6.0595482677165355
11
-2.9588782283464568
21
6.0584670472440942
0
LINE
8
BLACK
6
CONTINUOUS
10
-2.9588782283464568
20
6.0584670472440942
11
-2.9616903937007875
21
6.0528427165354328
0
LINE
8
BLACK
6
CONTINUOUS
10
-2.9616903937007875
20
6.0528427165354328
11
-2.9620025590551182
21
6.0523467716535428
0
LINE
8
BLACK
6
CONTINUOUS
10
-2.9620025590551182
20
6.0523467716535428
11
-2.9620622047244094
21
6.0522027559055118
0
LINE
8
BLACK
6
CONTINUOUS
10
-2.9620622047244094
20
6.0522027559055118
11
-2.9621952362204724
21
6.0520406692913387
0
LINE
8
BLACK
6
CONTINUOUS
10
-2.9621952362204724
20
6.0520406692913387
11
-2.9623070866141732
21
6.0518629527559051
0
LINE
8
BLACK
6
CONTINUOUS
10
-2.9623070866141732
20
6.0518629527559051
11
-2.9624250393700788
21
6.0517606692913386
0
LINE
8
BLACK
6
CONTINUOUS
10
-2.9624250393700788
20
6.0517606692913386
11
-2.962796653543307
21
6.0513078346456695
0
LINE
8
BLACK
6
CONTINUOUS
10
-2.962796653543307
20
6.0513078346456695
11
-2.9656088188976377
21
6.0484957086614175
0
LINE
8
BLACK
6
CONTINUOUS
10
-2.9656088188976377
20
6.0484957086614175
11
-2.9665037401574801
21
6.0477612992125982
0
LINE
8
BLACK
6
CONTINUOUS
10
-2.9665037401574801
20
6.0477612992125982
11
-2.9686325590551181
21
6.0468795275590548
0
LINE
8
BLACK
6
CONTINUOUS
10
-2.9686325590551181
20
6.0468795275590548
11
-2.9709367322834646
21
6.0468795275590548
0
LINE
8
BLACK
6
CONTINUOUS
10
-2.9709367322834646
20
6.0468795275590548
11
-2.9730655511811022
21
6.0477613385826769
0
LINE
8
BLACK
6
CONTINUOUS
10
-2.9730655511811022
20
6.0477613385826769
11
-2.9746948818897638
21
6.0493907086614174
0
LINE
8
BLACK
6
CONTINUOUS
10
-2.9746948818897638
20
6.0493907086614174
11
-2.9755766535433068
21
6.051519527559055
0
LINE
8
BLACK
6
CONTINUOUS
10
-2.9755766535433068
20
6.051519527559055
11
-2.9755766535433068
21
6.0538237007874018
0
LINE
8
BLACK
6
CONTINUOUS
10
-2.9755766535433068
20
6.0538237007874018
11
-2.9746948425196851
21
6.0559525196850394
0
LINE
8
BLACK
6
CONTINUOUS
10
-2.9746948425196851
20
6.0559525196850394
11
-2.9739603937007875
21
6.0568474409448818
0
LINE
8
BLACK
6
CONTINUOUS
10
-2.9739603937007875
20
6.0568474409448818
11
-2.9718259055118108
21
6.058981929133858
0
LINE
8
BLACK
6
CONTINUOUS
10
-2.9718259055118108
20
6.058981929133858
11
-2.9700658267716533
21
6.062502086614173
0
LINE
8
BLACK
6
CONTINUOUS
10
-2.9700658267716533
20
6.062502086614173
11
-2.9700658267716533
21
6.0737746456692916
0
LINE
8
BLACK
6
CONTINUOUS
10
-2.9700658267716533
20
6.0737746456692916
11
-2.9718259055118108
21
6.0772948031496066
0
LINE
8
BLACK
6
CONTINUOUS
10
-2.9718259055118108
20
6.0772948031496066
11
-2.9732827559055117
21
6.0787516929133858
0
LINE
8
BLACK
6
CONTINUOUS
10
-2.9732827559055117
20
6.0787516929133858
11
-2.9768029921259842
21
6.0805118503937008
0
LINE
8
BLACK
6
CONTINUOUS
10
-2.9768029921259842
20
6.0805118503937008
11
-2.9880755511811024
21
6.0805118503937008
0
LINE
8
BLACK
6
CONTINUOUS
10
-2.9880755511811024
20
6.0805118503937008
11
-2.9915957874015748
21
6.0787516929133858
0
LINE
8
BLACK
6
CONTINUOUS
10
-2.9915957874015748
20
6.0787516929133858
11
-2.9930526377952753
21
6.0772948818897641
0
LINE
8
BLACK
6
CONTINUOUS
10
-2.9930526377952753
20
6.0772948818897641
11
-2.9948127165354328
21
6.0737746850393703
0
LINE
8
BLACK
6
CONTINUOUS
10
-2.9948127165354328
20
6.0737746850393703
11
-2.9948127165354328
21
6.062502086614173
0
LINE
8
BLACK
6
CONTINUOUS
10
-2.9948127165354328
20
6.062502086614173
11
-2.9930526377952753
21
6.0589818503937005
0
LINE
8
BLACK
6
CONTINUOUS
10
-2.9930526377952753
20
6.0589818503937005
11
-2.9909181496062991
21
6.0568474409448818
0
LINE
8
BLACK
6
CONTINUOUS
10
-2.9909181496062991
20
6.0568474409448818
11
-2.9901837007874015
21
6.0559525196850394
0
LINE
8
BLACK
6
CONTINUOUS
10
-2.9901837007874015
20
6.0559525196850394
11
-2.9900699212598423
21
6.0556777559055117
0
LINE
8
BLACK
6
CONTINUOUS
10
-2.9900699212598423
20
6.0556777559055117
11
-2.9898816141732283
21
6.0554476377952753
0
LINE
8
BLACK
6
CONTINUOUS
10
-2.9898816141732283
20
6.0554476377952753
11
-2.9896322834645668
21
6.0546211811023625
0
LINE
8
BLACK
6
CONTINUOUS
10
-2.9896322834645668
20
6.0546211811023625
11
-2.9893019291338581
21
6.0538237007874018
0
LINE
8
BLACK
6
CONTINUOUS
10
-2.9893019291338581
20
6.0538237007874018
11
-2.9893019291338581
21
6.0535263385826772
0
LINE
8
BLACK
6
CONTINUOUS
10
-2.9893019291338581
20
6.0535263385826772
11
-2.9892160236220473
21
6.0532416535433073
0
LINE
8
BLACK
6
CONTINUOUS
10
-2.9892160236220473
20
6.0532416535433073
11
-2.9893019291338581
21
6.0523827165354334
0
LINE
8
BLACK
6
CONTINUOUS
10
-2.9893019291338581
20
6.0523827165354334
11
-2.9893018897637793
21
6.051519527559055
0
LINE
8
BLACK
6
CONTINUOUS
10
-2.9893018897637793
20
6.051519527559055
11
-2.9894157086614173
21
6.0512447637795272
0
LINE
8
BLACK
6
CONTINUOUS
10
-2.9894157086614173
20
6.0512447637795272
11
-2.9894452755905512
21
6.0509488582677164
0
LINE
8
BLACK
6
CONTINUOUS
10
-2.9894452755905512
20
6.0509488582677164
11
-2.9898533464566928
21
6.0501882283464568
0
LINE
8
BLACK
6
CONTINUOUS
10
-2.9898533464566928
20
6.0501882283464568
11
-2.9901836614173227
21
6.0493907086614174
0
LINE
8
BLACK
6
CONTINUOUS
10
-2.9901836614173227
20
6.0493907086614174
11
-2.9903940157480315
21
6.0491803543307086
0
LINE
8
BLACK
6
CONTINUOUS
10
-2.9903940157480315
20
6.0491803543307086
11
-2.9905345669291337
21
6.0489183464566931
0
LINE
8
BLACK
6
CONTINUOUS
10
-2.9905345669291337
20
6.0489183464566931
11
-2.9912025196850394
21
6.0483718503937007
0
LINE
8
BLACK
6
CONTINUOUS
10
-2.9912025196850394
20
6.0483718503937007
11
-2.9918129921259844
21
6.0477613385826769
0
LINE
8
BLACK
6
CONTINUOUS
10
-2.9918129921259844
20
6.0477613385826769
11
-2.9920877952755904
21
6.0476475196850394
0
LINE
8
BLACK
6
CONTINUOUS
10
-2.9920877952755904
20
6.0476475196850394
11
-2.9923178740157481
21
6.0474592519685038
0
LINE
8
BLACK
6
CONTINUOUS
10
-2.9923178740157481
20
6.0474592519685038
11
-2.9931444488188976
21
6.0472098425196847
0
LINE
8
BLACK
6
CONTINUOUS
10
-2.9931444488188976
20
6.0472098425196847
11
-2.993941811023622
21
6.0468795669291335
0
LINE
8
BLACK
6
CONTINUOUS
10
-2.993941811023622
20
6.0468795669291335
11
-2.9942390551181099
21
6.0468795275590548
0
LINE
8
BLACK
6
CONTINUOUS
10
-2.9942390551181099
20
6.0468795275590548
11
-2.9945238582677165
21
6.046793622047244
0
LINE
8
BLACK
6
CONTINUOUS
10
-2.9945238582677165
20
6.046793622047244
11
-2.9956815748031493
21
6.0467953543307082
0
LINE
8
BLACK
6
CONTINUOUS
10
-2.9956815748031493
20
6.0467953543307082
11
-3.0238030314960631
21
6.0496074803149602
0
LINE
8
BLACK
6
CONTINUOUS
10
-3.0238030314960631
20
6.0496074803149602
11
-3.0242229133858265
21
6.0496916535433067
0
LINE
8
BLACK
6
CONTINUOUS
10
-3.0242229133858265
20
6.0496916535433067
11
-3.024367559055118
21
6.0496916535433067
0
LINE
8
BLACK
6
CONTINUOUS
10
-3.024367559055118
20
6.0496916535433067
11
-3.0245032283464566
21
6.049747834645669
0
LINE
8
BLACK
6
CONTINUOUS
10
-3.0245032283464566
20
6.049747834645669
11
-3.024938149606299
21
6.0498350393700786
0
LINE
8
BLACK
6
CONTINUOUS
10
-3.024938149606299
20
6.0498350393700786
11
-3.0256988582677167
21
6.0502430708661414
0
LINE
8
BLACK
6
CONTINUOUS
10
-3.0256988582677167
20
6.0502430708661414
11
-3.0264963779527561
21
6.0505734645669289
0
LINE
8
BLACK
6
CONTINUOUS
10
-3.0264963779527561
20
6.0505734645669289
11
-3.0267066535433069
21
6.0507837007874015
0
LINE
8
BLACK
6
CONTINUOUS
10
-3.0267066535433069
20
6.0507837007874015
11
-3.0269686614173228
21
6.0509242913385828
0
LINE
8
BLACK
6
CONTINUOUS
10
-3.0269686614173228
20
6.0509242913385828
11
-3.0275152362204723
21
6.0515922834645668
0
LINE
8
BLACK
6
CONTINUOUS
10
-3.0275152362204723
20
6.0515922834645668
11
-3.0281256692913385
21
6.0522027559055118
0
LINE
8
BLACK
6
CONTINUOUS
10
-3.0281256692913385
20
6.0522027559055118
11
-3.0282395275590552
21
6.0524775196850396
0
LINE
8
BLACK
6
CONTINUOUS
10
-3.0282395275590552
20
6.0524775196850396
11
-3.0284277559055117
21
6.0527076377952751
0
LINE
8
BLACK
6
CONTINUOUS
10
-3.0284277559055117
20
6.0527076377952751
11
-3.028677125984252
21
6.0535339370078738
0
LINE
8
BLACK
6
CONTINUOUS
10
-3.028677125984252
20
6.0535339370078738
11
-3.0290074803149607
21
6.0543315748031494
0
LINE
8
BLACK
6
CONTINUOUS
10
-3.0290074803149607
20
6.0543315748031494
11
-3.0290509842519686
21
6.0547729527559051
0
LINE
8
BLACK
6
CONTINUOUS
10
-3.0290509842519686
20
6.0547729527559051
11
-3.0290933858267715
21
6.0549136220472439
0
LINE
8
BLACK
6
CONTINUOUS
10
-3.0290933858267715
20
6.0549136220472439
11
-3.0290790157480316
21
6.0550575984251971
0
LINE
8
BLACK
6
CONTINUOUS
10
-3.0290790157480316
20
6.0550575984251971
11
-3.0291209448818899
21
6.0554837007874012
0
LINE
8
BLACK
6
CONTINUOUS
10
-3.0291209448818899
20
6.0554837007874012
11
-3.0291209448818899
21
6.0836051968503932
0
LINE
8
BLACK
6
CONTINUOUS
10
-3.0291209448818899
20
6.0836051968503932
11
-3.0290074803149607
21
6.0847573228346459
0
LINE
8
BLACK
6
CONTINUOUS
10
-3.0290074803149607
20
6.0847573228346459
11
-3.0281256692913385
21
6.0868861417322835
0
LINE
8
BLACK
6
CONTINUOUS
10
-3.0281256692913385
20
6.0868861417322835
11
-3.0264963779527561
21
6.0885154330708664
0
LINE
8
BLACK
6
CONTINUOUS
10
-3.0264963779527561
20
6.0885154330708664
11
-3.024367559055118
21
6.0893972440944877
0
LINE
8
BLACK
6
CONTINUOUS
10
-3.024367559055118
20
6.0893972440944877
11
-3.0220633070866141
21
6.0893972440944877
0
LINE
8
BLACK
6
CONTINUOUS
10
-3.0220633070866141
20
6.0893972440944877
11
-3.0199344881889765
21
6.0885154330708664
0
LINE
8
BLACK
6
CONTINUOUS
10
-3.0199344881889765
20
6.0885154330708664
11
-3.0183051968503936
21
6.0868861417322835
0
LINE
8
BLACK
6
CONTINUOUS
10
-3.0183051968503936
20
6.0868861417322835
11
-3.0174233858267714
21
6.0847573228346459
0
LINE
8
BLACK
6
CONTINUOUS
10
-3.0174233858267714
20
6.0847573228346459
11
-3.0173099212598427
21
6.0836051968503932
0
LINE
8
BLACK
6
CONTINUOUS
10
-3.0173099212598427
20
6.0836051968503932
11
-3.0173099212598427
21
6.06082811023622
0
LINE
8
BLACK
6
CONTINUOUS
10
-3.0173099212598427
20
6.06082811023622
11
-3.0064276771653544
21
6.0597398818897634
0
LINE
8
BLACK
6
CONTINUOUS
10
-3.0064276771653544
20
6.0597398818897634
11
-3.0064290944881891
21
6.0597598818897636
0
LINE
8
BLACK
6
CONTINUOUS
10
-3.0064290944881891
20
6.0597598818897636
11
-3.0065102755905513
21
6.0599559055118108
0
LINE
8
BLACK
6
CONTINUOUS
10
-3.0065102755905513
20
6.0599559055118108
11
-3.0066237401574805
21
6.0611080314960626
0
LINE
8
BLACK
6
CONTINUOUS
10
-3.0066237401574805
20
6.0611080314960626
11
-3.0066237401574805
21
6.0751687401574799
0
LINE
8
BLACK
6
CONTINUOUS
10
-3.0066237401574805
20
6.0751687401574799
11
-3.0065102755905513
21
6.0763208661417325
0
LINE
8
BLACK
6
CONTINUOUS
10
-3.0065102755905513
20
6.0763208661417325
11
-3.0064290944881891
21
6.076516850393701
0
LINE
8
BLACK
6
CONTINUOUS
10
-3.0064290944881891
20
6.076516850393701
11
-3.00641405511811
21
6.0767285039370078
0
LINE
8
BLACK
6
CONTINUOUS
10
-3.00641405511811
20
6.0767285039370078
11
-3.0060002755905511
21
6.0778097244094491
0
LINE
8
BLACK
6
CONTINUOUS
10
-3.0060002755905511
20
6.0778097244094491
11
-3.0031881496062991
21
6.0834340944881893
0
LINE
8
BLACK
6
CONTINUOUS
10
-3.0031881496062991
20
6.0834340944881893
11
-3.0028760236220471
21
6.0839299212598421
0
LINE
8
BLACK
6
CONTINUOUS
10
-3.0028760236220471
20
6.0839299212598421
11
-3.0028163385826772
21
6.0840740157480315
0
LINE
8
BLACK
6
CONTINUOUS
10
-3.0028163385826772
20
6.0840740157480315
11
-3.0026832283464566
21
6.0842362204724409
0
LINE
8
BLACK
6
CONTINUOUS
10
-3.0026832283464566
20
6.0842362204724409
11
-3.0025714173228346
21
6.0844138188976373
0
LINE
8
BLACK
6
CONTINUOUS
10
-3.0025714173228346
20
6.0844138188976373
11
-3.0024536614173227
21
6.0845159448818897
0
LINE
8
BLACK
6
CONTINUOUS
10
-3.0024536614173227
20
6.0845159448818897
11
-3.0020818897637795
21
6.0849689370078739
0
LINE
8
BLACK
6
CONTINUOUS
10
-3.0020818897637795
20
6.0849689370078739
11
-2.9992697244094488
21
6.0877810629921258
0
LINE
8
BLACK
6
CONTINUOUS
10
-2.9992697244094488
20
6.0877810629921258
11
-2.9988169685039368
21
6.0881526377952753
0
LINE
8
BLACK
6
CONTINUOUS
10
-2.9988169685039368
20
6.0881526377952753
11
-2.9987147244094485
21
6.0882705118110234
0
LINE
8
BLACK
6
CONTINUOUS
10
-2.9987147244094485
20
6.0882705118110234
11
-2.998537086614173
21
6.0883823228346454
0
LINE
8
BLACK
6
CONTINUOUS
10
-2.998537086614173
20
6.0883823228346454
11
-2.9983748425196848
21
6.0885154724409452
0
LINE
8
BLACK
6
CONTINUOUS
10
-2.9983748425196848
20
6.0885154724409452
11
-2.9982307874015746
21
6.0885751181102359
0
LINE
8
BLACK
6
CONTINUOUS
10
-2.9982307874015746
20
6.0885751181102359
11
-2.9977349606299213
21
6.0888872440944883
0
LINE
8
BLACK
6
CONTINUOUS
10
-2.9977349606299213
20
6.0888872440944883
11
-2.9921107086614174
21
6.091699409448819
0
LINE
8
BLACK
6
CONTINUOUS
10
-2.9921107086614174
20
6.091699409448819
11
-2.9910294488188978
21
6.0921131496062992
0
LINE
8
BLACK
6
CONTINUOUS
10
-2.9910294488188978
20
6.0921131496062992
11
-2.9908178740157481
21
6.0921281496062987
0
LINE
8
BLACK
6
CONTINUOUS
10
-2.9908178740157481
20
6.0921281496062987
11
-2.9906217716535433
21
6.0922094094488184
0
LINE
8
BLACK
6
CONTINUOUS
10
-2.9906217716535433
20
6.0922094094488184
11
-2.9894696456692911
21
6.092322874015748
0
LINE
8
BLACK
6
CONTINUOUS
10
-2.9894696456692911
20
6.092322874015748
11
-2.975408897637795
21
6.092322874015748
0
LINE
8
BLACK
6
CONTINUOUS
10
-2.975408897637795
20
6.092322874015748
11
-2.9742567716535433
21
6.0922094094488184
0
LINE
8
BLACK
6
CONTINUOUS
10
-3.008002559055118
20
6.1484523622047247
11
-3.007806496062992
21
6.148371102362205
0
LINE
8
BLACK
6
CONTINUOUS
10
-3.007806496062992
20
6.148371102362205
11
-3.0075948818897635
21
6.1483561023622046
0
LINE
8
BLACK
6
CONTINUOUS
10
-3.0075948818897635
20
6.1483561023622046
11
-3.0065136614173227
21
6.1479423622047245
0
LINE
8
BLACK
6
CONTINUOUS
10
-3.0065136614173227
20
6.1479423622047245
11
-3.00088937007874
21
6.1451301968503937
0
LINE
8
BLACK
6
CONTINUOUS
10
-3.00088937007874
20
6.1451301968503937
11
-3.000393503937008
21
6.1448180314960625
0
LINE
8
BLACK
6
CONTINUOUS
10
-3.000393503937008
20
6.1448180314960625
11
-3.0002495275590548
21
6.1447584251968506
0
LINE
8
BLACK
6
CONTINUOUS
10
-3.0002495275590548
20
6.1447584251968506
11
-3.0000874409448817
21
6.1446253543307083
0
LINE
8
BLACK
6
CONTINUOUS
10
-3.0000874409448817
20
6.1446253543307083
11
-2.9999096062992123
21
6.1445134645669288
0
LINE
8
BLACK
6
CONTINUOUS
10
-2.9999096062992123
20
6.1445134645669288
11
-2.9998073622047245
21
6.1443955511811019
0
LINE
8
BLACK
6
CONTINUOUS
10
-2.9998073622047245
20
6.1443955511811019
11
-2.9993546062992125
21
6.1440240157480313
0
LINE
8
BLACK
6
CONTINUOUS
10
-2.9993546062992125
20
6.1440240157480313
11
-2.9979061023622045
21
6.1425755118110237
0
LINE
8
BLACK
6
CONTINUOUS
10
-2.9979061023622045
20
6.1425755118110237
11
-2.9964576377952756
21
6.1440239763779525
0
LINE
8
BLACK
6
CONTINUOUS
10
-2.9964576377952756
20
6.1440239763779525
11
-2.996004803149606
21
6.1443956299212594
0
LINE
8
BLACK
6
CONTINUOUS
10
-2.996004803149606
20
6.1443956299212594
11
-2.9959025984251966
21
6.1445134645669288
0
LINE
8
BLACK
6
CONTINUOUS
10
-2.9959025984251966
20
6.1445134645669288
11
-2.9957250787401573
21
6.1446251968503933
0
LINE
8
BLACK
6
CONTINUOUS
10
-2.9957250787401573
20
6.1446251968503933
11
-2.9955627559055116
21
6.1447584251968506
0
LINE
8
BLACK
6
CONTINUOUS
10
-2.9955627559055116
20
6.1447584251968506
11
-2.9954185826771651
21
6.14481811023622
0
LINE
8
BLACK
6
CONTINUOUS
10
-2.9954185826771651
20
6.14481811023622
11
-2.9949228346456693
21
6.1451301968503937
0
LINE
8
BLACK
6
CONTINUOUS
10
-2.9949228346456693
20
6.1451301968503937
11
-2.9892985039370079
21
6.1479423622047245
0
LINE
8
BLACK
6
CONTINUOUS
10
-2.9892985039370079
20
6.1479423622047245
11
-2.9882172834645671
21
6.1483561417322834
0
LINE
8
BLACK
6
CONTINUOUS
10
-2.9882172834645671
20
6.1483561417322834
11
-2.9880055905511811
21
6.1483711811023625
0
LINE
8
BLACK
6
CONTINUOUS
10
-2.9880055905511811
20
6.1483711811023625
11
-2.9878096062992126
21
6.1484523622047247
0
LINE
8
BLACK
6
CONTINUOUS
10
-2.9878096062992126
20
6.1484523622047247
11
-2.9866574803149604
21
6.1485658267716534
0
LINE
8
BLACK
6
CONTINUOUS
10
-2.9866574803149604
20
6.1485658267716534
11
-2.975408897637795
21
6.1485658267716534
0
LINE
8
BLACK
6
CONTINUOUS
10
-2.975408897637795
20
6.1485658267716534
11
-2.9742567716535433
21
6.1484523622047247
0
LINE
8
BLACK
6
CONTINUOUS
10
-2.9742567716535433
20
6.1484523622047247
11
-2.9740607086614173
21
6.148371102362205
0
LINE
8
BLACK
6
CONTINUOUS
10
-2.9740607086614173
20
6.148371102362205
11
-2.9738490944881888
21
6.1483561023622046
0
LINE
8
BLACK
6
CONTINUOUS
10
-2.9738490944881888
20
6.1483561023622046
11
-2.9727678740157479
21
6.1479423622047245
0
LINE
8
BLACK
6
CONTINUOUS
10
-2.9727678740157479
20
6.1479423622047245
11
-2.9671435826771653
21
6.1451301968503937
0
LINE
8
BLACK
6
CONTINUOUS
10
-2.9671435826771653
20
6.1451301968503937
11
-2.9666477165354328
21
6.1448180314960625
0
LINE
8
BLACK
6
CONTINUOUS
10
-2.9666477165354328
20
6.1448180314960625
11
-2.9665037401574801
21
6.1447584251968506
0
LINE
8
BLACK
6
CONTINUOUS
10
-2.9665037401574801
20
6.1447584251968506
11
-2.9663416535433069
21
6.1446253543307083
0
LINE
8
BLACK
6
CONTINUOUS
10
-2.9663416535433069
20
6.1446253543307083
11
-2.9661638188976376
21
6.1445134645669288
0
LINE
8
BLACK
6
CONTINUOUS
10
-2.9661638188976376
20
6.1445134645669288
11
-2.9660615748031494
21
6.1443955511811019
0
LINE
8
BLACK
6
CONTINUOUS
10
-2.9660615748031494
20
6.1443955511811019
11
-2.9656088188976377
21
6.1440240157480313
0
LINE
8
BLACK
6
CONTINUOUS
10
-2.9656088188976377
20
6.1440240157480313
11
-2.962796653543307
21
6.1412118897637793
0
LINE
8
BLACK
6
CONTINUOUS
10
-2.962796653543307
20
6.1412118897637793
11
-2.9624250393700788
21
6.1407590157480314
0
LINE
8
BLACK
6
CONTINUOUS
10
-2.9624250393700788
20
6.1407590157480314
11
-2.9623070866141732
21
6.1406567716535427
0
LINE
8
BLACK
6
CONTINUOUS
10
-2.9623070866141732
20
6.1406567716535427
11
-2.9621952362204724
21
6.1404790157480313
0
LINE
8
BLACK
6
CONTINUOUS
10
-2.9621952362204724
20
6.1404790157480313
11
-2.9620622047244094
21
6.1403169685039369
0
LINE
8
BLACK
6
CONTINUOUS
10
-2.9620622047244094
20
6.1403169685039369
11
-2.9620025590551182
21
6.1401729133858263
0
LINE
8
BLACK
6
CONTINUOUS
10
-2.9620025590551182
20
6.1401729133858263
11
-2.9616903937007875
21
6.1396770078740159
0
LINE
8
BLACK
6
CONTINUOUS
10
-2.9616903937007875
20
6.1396770078740159
11
-2.9588782283464568
21
6.1340526771653545
0
LINE
8
BLACK
6
CONTINUOUS
10
-2.9588782283464568
20
6.1340526771653545
11
-2.9584644881889761
21
6.1329714566929132
0
LINE
8
BLACK
6
CONTINUOUS
10
-2.9584644881889761
20
6.1329714566929132
11
-2.9584494881889762
21
6.1327598031496064
0
LINE
8
BLACK
6
CONTINUOUS
10
-2.9584494881889762
20
6.1327598031496064
11
-2.9583682677165353
21
6.1325638188976379
0
LINE
8
BLACK
6
CONTINUOUS
10
-2.9583682677165353
20
6.1325638188976379
11
-2.9582548031496061
21
6.1314116929133853
0
LINE
8
BLACK
6
CONTINUOUS
10
-2.9582548031496061
20
6.1314116929133853
11
-2.9582548031496061
21
6.1201631102362199
0
LINE
8
BLACK
6
CONTINUOUS
10
-2.9582548031496061
20
6.1201631102362199
11
-2.9583682677165353
21
6.1190109842519682
0
LINE
8
BLACK
6
CONTINUOUS
10
-2.9583682677165353
20
6.1190109842519682
11
-2.9584494881889762
21
6.1188149606299209
0
LINE
8
BLACK
6
CONTINUOUS
10
-2.9584494881889762
20
6.1188149606299209
11
-2.9584644881889761
21
6.1186033464566929
0
LINE
8
BLACK
6
CONTINUOUS
10
-2.9584644881889761
20
6.1186033464566929
11
-2.9588782677165355
21
6.1175221259842516
0
LINE
8
BLACK
6
CONTINUOUS
10
-2.9588782677165355
20
6.1175221259842516
11
-2.9616903937007875
21
6.1118977952755902
0
LINE
8
BLACK
6
CONTINUOUS
10
-2.9616903937007875
20
6.1118977952755902
11
-2.9620024803149607
21
6.111402047244094
0
LINE
8
BLACK
6
CONTINUOUS
10
-2.9620024803149607
20
6.111402047244094
11
-2.9620621653543306
21
6.1112579133858267
0
LINE
8
BLACK
6
CONTINUOUS
10
-2.9620621653543306
20
6.1112579133858267
11
-2.9621953937007874
21
6.111095590551181
0
LINE
8
BLACK
6
CONTINUOUS
10
-2.9621953937007874
20
6.111095590551181
11
-2.9623071259842519
21
6.1109180708661412
0
LINE
8
BLACK
6
CONTINUOUS
10
-2.9623071259842519
20
6.1109180708661412
11
-2.9624249212598426
21
6.110815905511811
0
LINE
8
BLACK
6
CONTINUOUS
10
-2.9624249212598426
20
6.110815905511811
11
-2.9627966141732283
21
6.1103629921259843
0
LINE
8
BLACK
6
CONTINUOUS
10
-2.9627966141732283
20
6.1103629921259843
11
-2.965608779527559
21
6.1075508267716536
0
LINE
8
BLACK
6
CONTINUOUS
10
-2.965608779527559
20
6.1075508267716536
11
-2.9660616141732281
21
6.1071791732283467
0
LINE
8
BLACK
6
CONTINUOUS
10
-2.9660616141732281
20
6.1071791732283467
11
-2.9661638188976376
21
6.1070613385826773
0
LINE
8
BLACK
6
CONTINUOUS
10
-2.9661638188976376
20
6.1070613385826773
11
-2.9663415354330707
21
6.1069494881889765
0
LINE
8
BLACK
6
CONTINUOUS
10
-2.9663415354330707
20
6.1069494881889765
11
-2.9665037007874013
21
6.1068163779527556
0
LINE
8
BLACK
6
CONTINUOUS
10
-2.9665037007874013
20
6.1068163779527556
11
-2.9666477952755903
21
6.1067566929133861
0
LINE
8
BLACK
6
CONTINUOUS
10
-2.9666477952755903
20
6.1067566929133861
11
-2.9671435826771653
21
6.1064446062992124
0
LINE
8
BLACK
6
CONTINUOUS
10
-2.9671435826771653
20
6.1064446062992124
11
-2.9727678740157479
21
6.1036324803149604
0
LINE
8
BLACK
6
CONTINUOUS
10
-2.9727678740157479
20
6.1036324803149604
11
-2.9738491338582675
21
6.1032187007874015
0
LINE
8
BLACK
6
CONTINUOUS
10
-2.9738491338582675
20
6.1032187007874015
11
-2.9740607874015748
21
6.1032036614173224
0
LINE
8
BLACK
6
CONTINUOUS
10
-2.9740607874015748
20
6.1032036614173224
11
-2.9742567716535433
21
6.1031224803149602
0
LINE
8
BLACK
6
CONTINUOUS
10
-2.9742567716535433
20
6.1031224803149602
11
-2.975408897637795
21
6.1030090157480315
0
LINE
8
BLACK
6
CONTINUOUS
10
-2.975408897637795
20
6.1030090157480315
11
-2.9866574803149604
21
6.1030090157480315
0
LINE
8
BLACK
6
CONTINUOUS
10
-2.9866574803149604
20
6.1030090157480315
11
-2.9878096062992126
21
6.1031224803149602
0
LINE
8
BLACK
6
CONTINUOUS
10
-2.9878096062992126
20
6.1031224803149602
11
-2.9880056299212598
21
6.1032036614173224
0
LINE
8
BLACK
6
CONTINUOUS
10
-2.9880056299212598
20
6.1032036614173224
11
-2.9882172440944883
21
6.1032187007874015
0
LINE
8
BLACK
6
CONTINUOUS
10
-2.9882172440944883
20
6.1032187007874015
11
-2.9892984645669292
21
6.1036324409448817
0
LINE
8
BLACK
6
CONTINUOUS
10
-2.9892984645669292
20
6.1036324409448817
11
-2.9949227952755906
21
6.1064446062992124
0
LINE
8
BLACK
6
CONTINUOUS
10
-2.9949227952755906
20
6.1064446062992124
11
-2.9954187401574801
21
6.1067567322834648
0
LINE
8
BLACK
6
CONTINUOUS
10
-2.9954187401574801
20
6.1067567322834648
11
-2.9955627559055116
21
6.1068164173228343
0
LINE
8
BLACK
6
CONTINUOUS
10
-2.9955627559055116
20
6.1068164173228343
11
-2.9957248425196852
21
6.106949409448819
0
LINE
8
BLACK
6
CONTINUOUS
10
-2.9957248425196852
20
6.106949409448819
11
-2.9959025590551183
21
6.1070612992125985
0
LINE
8
BLACK
6
CONTINUOUS
10
-2.9959025590551183
20
6.1070612992125985
11
-2.9960048425196848
21
6.1071792125984254
0
LINE
8
BLACK
6
CONTINUOUS
10
-2.9960048425196848
20
6.1071792125984254
11
-2.9964576771653544
21
6.1075508661417324
0
LINE
8
BLACK
6
CONTINUOUS
10
-2.9964576771653544
20
6.1075508661417324
11
-2.9979061023622045
21
6.1089992913385824
0
LINE
8
BLACK
6
CONTINUOUS
10
-2.9979061023622045
20
6.1089992913385824
11
-2.9993545669291337
21
6.1075508267716536
0
LINE
8
BLACK
6
CONTINUOUS
10
-2.9993545669291337
20
6.1075508267716536
11
-2.9998074015748033
21
6.1071791732283467
0
LINE
8
BLACK
6
CONTINUOUS
10
-2.9998074015748033
20
6.1071791732283467
11
-2.9999096062992123
21
6.1070613385826773
0
LINE
8
BLACK
6
CONTINUOUS
10
-2.9999096062992123
20
6.1070613385826773
11
-3.0000873228346454
21
6.1069494881889765
0
LINE
8
BLACK
6
CONTINUOUS
10
-3.0000873228346454
20
6.1069494881889765
11
-3.0002494881889765
21
6.1068163779527556
0
LINE
8
BLACK
6
CONTINUOUS
10
-3.0002494881889765
20
6.1068163779527556
11
-3.0003935826771655
21
6.1067566929133861
0
LINE
8
BLACK
6
CONTINUOUS
10
-3.0003935826771655
20
6.1067566929133861
11
-3.00088937007874
21
6.1064446062992124
0
LINE
8
BLACK
6
CONTINUOUS
10
-3.00088937007874
20
6.1064446062992124
11
-3.0065136614173227
21
6.1036324803149604
0
LINE
8
BLACK
6
CONTINUOUS
10
-3.0065136614173227
20
6.1036324803149604
11
-3.0075949212598423
21
6.1032187007874015
0
LINE
8
BLACK
6
CONTINUOUS
10
-3.0075949212598423
20
6.1032187007874015
11
-3.0078065748031495
21
6.1032036614173224
0
LINE
8
BLACK
6
CONTINUOUS
10
-3.0078065748031495
20
6.1032036614173224
11
-3.008002559055118
21
6.1031224803149602
0
LINE
8
BLACK
6
CONTINUOUS
10
-3.008002559055118
20
6.1031224803149602
11
-3.0091546850393702
21
6.1030090157480315
0
LINE
8
BLACK
6
CONTINUOUS
10
-3.0091546850393702
20
6.1030090157480315
11
-3.0119668503937009
21
6.1030090157480315
0
LINE
8
BLACK
6
CONTINUOUS
10
-3.0119668503937009
20
6.1030090157480315
11
-3.0131189763779527
21
6.1031224803149602
0
LINE
8
BLACK
6
CONTINUOUS
10
-3.0131189763779527
20
6.1031224803149602
11
-3.013315
21
6.1032036614173224
0
LINE
8
BLACK
6
CONTINUOUS
10
-3.013315
20
6.1032036614173224
11
-3.0135266141732284
21
6.1032187007874015
0
LINE
8
BLACK
6
CONTINUOUS
10
-3.0135266141732284
20
6.1032187007874015
11
-3.0146078346456693
21
6.1036324803149604
0
LINE
8
BLACK
6
CONTINUOUS
10
-3.0146078346456693
20
6.1036324803149604
11
-3.0202321653543307
21
6.1064446062992124
0
LINE
8
BLACK
6
CONTINUOUS
10
-3.0202321653543307
20
6.1064446062992124
11
-3.0207280314960627
21
6.1067567322834648
0
LINE
8
BLACK
6
CONTINUOUS
10
-3.0207280314960627
20
6.1067567322834648
11
-3.0208720866141729
21
6.1068164173228343
0
LINE
8
BLACK
6
CONTINUOUS
10
-3.0208720866141729
20
6.1068164173228343
11
-3.0210343307086616
21
6.1069495275590553
0
LINE
8
BLACK
6
CONTINUOUS
10
-3.0210343307086616
20
6.1069495275590553
11
-3.0212118897637796
21
6.1070613385826773
0
LINE
8
BLACK
6
CONTINUOUS
10
-3.0212118897637796
20
6.1070613385826773
11
-3.0213140551181104
21
6.1071790944881892
0
LINE
8
BLACK
6
CONTINUOUS
10
-3.0213140551181104
20
6.1071790944881892
11
-3.0217670078740158
21
6.1075508661417324
0
LINE
8
BLACK
6
CONTINUOUS
10
-3.0217670078740158
20
6.1075508661417324
11
-3.0245791338582677
21
6.1103630314960631
0
LINE
8
BLACK
6
CONTINUOUS
10
-3.0245791338582677
20
6.1103630314960631
11
-3.0249507086614171
21
6.110815748031496
0
LINE
8
BLACK
6
CONTINUOUS
10
-3.0249507086614171
20
6.110815748031496
11
-3.0250685826771653
21
6.1109180314960625
0
LINE
8
BLACK
6
CONTINUOUS
10
-3.0250685826771653
20
6.1109180314960625
11
-3.0251805118110235
21
6.1110958267716535
0
LINE
8
BLACK
6
CONTINUOUS
10
-3.0251805118110235
20
6.1110958267716535
11
-3.0253135433070866
21
6.1112579527559054
0
LINE
8
BLACK
6
CONTINUOUS
10
-3.0253135433070866
20
6.1112579527559054
11
-3.0253731889763777
21
6.111401889763779
0
LINE
8
BLACK
6
CONTINUOUS
10
-3.0253731889763777
20
6.111401889763779
11
-3.0256853149606298
21
6.1118977952755902
0
LINE
8
BLACK
6
CONTINUOUS
10
-3.0256853149606298
20
6.1118977952755902
11
-3.0284974803149605
21
6.1175220866141728
0
LINE
8
BLACK
6
CONTINUOUS
10
-3.0284974803149605
20
6.1175220866141728
11
-3.0289112204724407
21
6.1186033070866142
0
LINE
8
BLACK
6
CONTINUOUS
10
-3.0289112204724407
20
6.1186033070866142
11
-3.0289262598425197
21
6.1188148818897634
0
LINE
8
BLACK
6
CONTINUOUS
10
-3.0289262598425197
20
6.1188148818897634
11
-3.0290074803149607
21
6.1190109842519682
0
LINE
8
BLACK
6
CONTINUOUS
10
-3.0290074803149607
20
6.1190109842519682
11
-3.0291209448818899
21
6.1201631102362199
0
LINE
8
BLACK
6
CONTINUOUS
10
-3.0291209448818899
20
6.1201631102362199
11
-3.0291209448818899
21
6.1314116929133853
0
LINE
8
BLACK
6
CONTINUOUS
10
-3.0291209448818899
20
6.1314116929133853
11
-3.0290074803149607
21
6.1325638188976379
0
LINE
8
BLACK
6
CONTINUOUS
10
-3.0290074803149607
20
6.1325638188976379
11
-3.0289263385826772
21
6.1327597637795277
0
LINE
8
BLACK
6
CONTINUOUS
10
-3.0289263385826772
20
6.1327597637795277
11
-3.0289112598425194
21
6.132971496062992
0
LINE
8
BLACK
6
CONTINUOUS
10
-3.0289112598425194
20
6.132971496062992
11
-3.0284974803149605
21
6.1340527165354333
0
LINE
8
BLACK
6
CONTINUOUS
10
-3.0284974803149605
20
6.1340527165354333
11
-3.0256853149606298
21
6.1396770472440947
0
LINE
8
BLACK
6
CONTINUOUS
10
-3.0256853149606298
20
6.1396770472440947
11
-3.0253732283464565
21
6.1401728346456688
0
LINE
8
BLACK
6
CONTINUOUS
10
-3.0253732283464565
20
6.1401728346456688
11
-3.0253135433070866
21
6.1403169291338582
0
LINE
8
BLACK
6
CONTINUOUS
10
-3.0253135433070866
20
6.1403169291338582
11
-3.025180433070866
21
6.1404790944881888
0
LINE
8
BLACK
6
CONTINUOUS
10
-3.025180433070866
20
6.1404790944881888
11
-3.0250685826771653
21
6.1406568110236215
0
LINE
8
BLACK
6
CONTINUOUS
10
-3.0250685826771653
20
6.1406568110236215
11
-3.0249507480314959
21
6.1407590157480314
0
LINE
8
BLACK
6
CONTINUOUS
10
-3.0249507480314959
20
6.1407590157480314
11
-3.024579094488189
21
6.1412118503937005
0
LINE
8
BLACK
6
CONTINUOUS
10
-3.024579094488189
20
6.1412118503937005
11
-3.021766968503937
21
6.1440239763779525
0
LINE
8
BLACK
6
CONTINUOUS
10
-3.021766968503937
20
6.1440239763779525
11
-3.0213141338582679
21
6.1443956299212594
0
LINE
8
BLACK
6
CONTINUOUS
10
-3.0213141338582679
20
6.1443956299212594
11
-3.0212119291338584
21
6.1445134645669288
0
LINE
8
BLACK
6
CONTINUOUS
10
-3.0212119291338584
20
6.1445134645669288
11
-3.0210344094488186
21
6.1446251968503933
0
LINE
8
BLACK
6
CONTINUOUS
10
-3.0210344094488186
20
6.1446251968503933
11
-3.0208720866141729
21
6.1447584251968506
0
LINE
8
BLACK
6
CONTINUOUS
10
-3.0208720866141729
20
6.1447584251968506
11
-3.0207279133858269
21
6.14481811023622
0
LINE
8
BLACK
6
CONTINUOUS
10
-3.0207279133858269
20
6.14481811023622
11
-3.0202321653543307
21
6.1451301968503937
0
LINE
8
BLACK
6
CONTINUOUS
10
-3.0202321653543307
20
6.1451301968503937
11
-3.0146079133858268
21
6.1479423622047245
0
LINE
8
BLACK
6
CONTINUOUS
10
-3.0146079133858268
20
6.1479423622047245
11
-3.0135266535433072
21
6.1483561023622046
0
LINE
8
BLACK
6
CONTINUOUS
10
-3.0135266535433072
20
6.1483561023622046
11
-3.0133150787401575
21
6.148371102362205
0
LINE
8
BLACK
6
CONTINUOUS
10
-3.0133150787401575
20
6.148371102362205
11
-3.0131189763779527
21
6.1484523622047247
0
LINE
8
BLACK
6
CONTINUOUS
10
-3.0131189763779527
20
6.1484523622047247
11
-3.0119668503937009
21
6.1485658267716534
0
LINE
8
BLACK
6
CONTINUOUS
10
-3.0119668503937009
20
6.1485658267716534
11
-3.0091546850393702
21
6.1485658267716534
0
LINE
8
BLACK
6
CONTINUOUS
10
-3.0091546850393702
20
6.1485658267716534
11
-3.008002559055118
21
6.1484523622047247
0
LINE
8
BLACK
6
CONTINUOUS
10
-3.0140929527559055
20
6.13499468503937
11
-3.0155498031496064
21
6.1335378346456695
0
LINE
8
BLACK
6
CONTINUOUS
10
-3.0155498031496064
20
6.1335378346456695
11
-3.0173099212598427
21
6.130017598425197
0
LINE
8
BLACK
6
CONTINUOUS
10
-3.0173099212598427
20
6.130017598425197
11
-3.0173099212598427
21
6.1215572047244091
0
LINE
8
BLACK
6
CONTINUOUS
10
-3.0173099212598427
20
6.1215572047244091
11
-3.0155498031496064
21
6.1180369291338579
0
LINE
8
BLACK
6
CONTINUOUS
10
-3.0155498031496064
20
6.1180369291338579
11
-3.0140929527559055
21
6.1165800787401574
0
LINE
8
BLACK
6
CONTINUOUS
10
-3.0140929527559055
20
6.1165800787401574
11
-3.0105727559055118
21
6.1148200393700787
0
LINE
8
BLACK
6
CONTINUOUS
10
-3.0105727559055118
20
6.1148200393700787
11
-3.0105487795275589
21
6.1148200393700787
0
LINE
8
BLACK
6
CONTINUOUS
10
-3.0105487795275589
20
6.1148200393700787
11
-3.007028622047244
21
6.1165800787401574
0
LINE
8
BLACK
6
CONTINUOUS
10
-3.007028622047244
20
6.1165800787401574
11
-3.0055717322834643
21
6.1180369685039366
0
LINE
8
BLACK
6
CONTINUOUS
10
-3.0055717322834643
20
6.1180369685039366
11
-3.0038116141732281
21
6.1215571653543304
0
LINE
8
BLACK
6
CONTINUOUS
10
-3.0038116141732281
20
6.1215571653543304
11
-3.0038116141732281
21
6.130017598425197
0
LINE
8
BLACK
6
CONTINUOUS
10
-3.0038116141732281
20
6.130017598425197
11
-3.0055716929133856
21
6.133537755905512
0
LINE
8
BLACK
6
CONTINUOUS
10
-3.0055716929133856
20
6.133537755905512
11
-3.0070285433070865
21
6.1349946456692912
0
LINE
8
BLACK
6
CONTINUOUS
10
-3.0070285433070865
20
6.1349946456692912
11
-3.0105487795275589
21
6.1367548031496062
0
LINE
8
BLACK
6
CONTINUOUS
10
-3.0105487795275589
20
6.1367548031496062
11
-3.0105727559055118
21
6.1367548031496062
0
LINE
8
BLACK
6
CONTINUOUS
10
-3.0105727559055118
20
6.1367548031496062
11
-3.0140929527559055
21
6.13499468503937
0
LINE
8
BLACK
6
CONTINUOUS
10
-2.9887836220472441
20
6.13499468503937
11
-2.9902404724409446
21
6.1335378346456695
0
LINE
8
BLACK
6
CONTINUOUS
10
-2.9902404724409446
20
6.1335378346456695
11
-2.9920005905511808
21
6.130017598425197
0
LINE
8
BLACK
6
CONTINUOUS
10
-2.9920005905511808
20
6.130017598425197
11
-2.9920005905511808
21
6.1215572047244091
0
LINE
8
BLACK
6
CONTINUOUS
10
-2.9920005905511808
20
6.1215572047244091
11
-2.9902404724409446
21
6.1180369291338579
0
LINE
8
BLACK
6
CONTINUOUS
10
-2.9902404724409446
20
6.1180369291338579
11
-2.9887835826771654
21
6.1165800787401574
0
LINE
8
BLACK
6
CONTINUOUS
10
-2.9887835826771654
20
6.1165800787401574
11
-2.9852634251968504
21
6.1148200393700787
0
LINE
8
BLACK
6
CONTINUOUS
10
-2.9852634251968504
20
6.1148200393700787
11
-2.9768029921259842
21
6.1148200393700787
0
LINE
8
BLACK
6
CONTINUOUS
10
-2.9768029921259842
20
6.1148200393700787
11
-2.9732828346456692
21
6.1165800787401574
0
LINE
8
BLACK
6
CONTINUOUS
10
-2.9732828346456692
20
6.1165800787401574
11
-2.9718259448818896
21
6.1180369685039366
0
LINE
8
BLACK
6
CONTINUOUS
10
-2.9718259448818896
20
6.1180369685039366
11
-2.9700658267716533
21
6.1215571653543304
0
LINE
8
BLACK
6
CONTINUOUS
10
-2.9700658267716533
20
6.1215571653543304
11
-2.9700658267716533
21
6.130017598425197
0
LINE
8
BLACK
6
CONTINUOUS
10
-2.9700658267716533
20
6.130017598425197
11
-2.9718259055118108
21
6.133537755905512
0
LINE
8
BLACK
6
CONTINUOUS
10
-2.9718259055118108
20
6.133537755905512
11
-2.9732827559055117
21
6.1349946456692912
0
LINE
8
BLACK
6
CONTINUOUS
10
-2.9732827559055117
20
6.1349946456692912
11
-2.9768029921259842
21
6.1367548031496062
0
LINE
8
BLACK
6
CONTINUOUS
10
-2.9768029921259842
20
6.1367548031496062
11
-2.9852633858267716
21
6.1367548031496062
0
LINE
8
BLACK
6
CONTINUOUS
10
-2.9852633858267716
20
6.1367548031496062
11
-2.9887836220472441
21
6.13499468503937
0
LINE
8
BLACK
6
CONTINUOUS
10
-2.9864565748031495
20
6.2047889763779525
11
-2.9863704330708662
21
6.2048018110236223
0
LINE
8
BLACK
6
CONTINUOUS
10
-2.9863704330708662
20
6.2048018110236223
11
-2.9859392913385827
21
6.2047380314960625
0
LINE
8
BLACK
6
CONTINUOUS
10
-2.9859392913385827
20
6.2047380314960625
11
-2.9855053543307086
21
6.2046953149606301
0
LINE
8
BLACK
6
CONTINUOUS
10
-2.9855053543307086
20
6.2046953149606301
11
-2.9854248818897635
21
6.2046619685039373
0
LINE
8
BLACK
6
CONTINUOUS
10
-2.9854248818897635
20
6.2046619685039373
11
-2.9852251574803148
21
6.2046324409448816
0
LINE
8
BLACK
6
CONTINUOUS
10
-2.9852251574803148
20
6.2046324409448816
11
-2.9739766141732282
21
6.2018202755905509
0
LINE
8
BLACK
6
CONTINUOUS
10
-2.9739766141732282
20
6.2018202755905509
11
-2.9738917716535433
21
6.2017899212598424
0
LINE
8
BLACK
6
CONTINUOUS
10
-2.9738917716535433
20
6.2017899212598424
11
-2.9738491338582675
21
6.2017869291338581
0
LINE
8
BLACK
6
CONTINUOUS
10
-2.9738491338582675
20
6.2017869291338581
11
-2.9733692913385825
21
6.2016032677165356
0
LINE
8
BLACK
6
CONTINUOUS
10
-2.9733692913385825
20
6.2016032677165356
11
-2.9728864173228344
21
6.2014307874015744
0
LINE
8
BLACK
6
CONTINUOUS
10
-2.9728864173228344
20
6.2014307874015744
11
-2.9728521653543307
21
6.2014053937007869
0
LINE
8
BLACK
6
CONTINUOUS
10
-2.9728521653543307
20
6.2014053937007869
11
-2.9727678740157479
21
6.2013731496062992
0
LINE
8
BLACK
6
CONTINUOUS
10
-2.9727678740157479
20
6.2013731496062992
11
-2.9671435826771653
21
6.1985610236220472
0
LINE
8
BLACK
6
CONTINUOUS
10
-2.9671435826771653
20
6.1985610236220472
11
-2.9666477952755903
21
6.1982488976377947
0
LINE
8
BLACK
6
CONTINUOUS
10
-2.9666477952755903
20
6.1982488976377947
11
-2.9665037007874013
21
6.198189251968504
0
LINE
8
BLACK
6
CONTINUOUS
10
-2.9665037007874013
20
6.198189251968504
11
-2.9663415354330707
21
6.1980561023622043
0
LINE
8
BLACK
6
CONTINUOUS
10
-2.9663415354330707
20
6.1980561023622043
11
-2.9661638188976376
21
6.1979442913385823
0
LINE
8
BLACK
6
CONTINUOUS
10
-2.9661638188976376
20
6.1979442913385823
11
-2.9660616141732281
21
6.1978264173228341
0
LINE
8
BLACK
6
CONTINUOUS
10
-2.9660616141732281
20
6.1978264173228341
11
-2.965608779527559
21
6.197454803149606
0
LINE
8
BLACK
6
CONTINUOUS
10
-2.965608779527559
20
6.197454803149606
11
-2.9627966141732283
21
6.1946426377952752
0
LINE
8
BLACK
6
CONTINUOUS
10
-2.9627966141732283
20
6.1946426377952752
11
-2.9624249212598426
21
6.1941896850393698
0
LINE
8
BLACK
6
CONTINUOUS
10
-2.9624249212598426
20
6.1941896850393698
11
-2.9623071259842519
21
6.1940875590551183
0
LINE
8
BLACK
6
CONTINUOUS
10
-2.9623071259842519
20
6.1940875590551183
11
-2.9621953937007874
21
6.1939099999999998
0
LINE
8
BLACK
6
CONTINUOUS
10
-2.9621953937007874
20
6.1939099999999998
11
-2.9620621653543306
21
6.1937477165354329
0
LINE
8
BLACK
6
CONTINUOUS
10
-2.9620621653543306
20
6.1937477165354329
11
-2.9620024803149607
21
6.1936035433070868
0
LINE
8
BLACK
6
CONTINUOUS
10
-2.9620024803149607
20
6.1936035433070868
11
-2.9616903937007875
21
6.1931078346456694
0
LINE
8
BLACK
6
CONTINUOUS
10
-2.9616903937007875
20
6.1931078346456694
11
-2.9588782677165355
21
6.187483503937008
0
LINE
8
BLACK
6
CONTINUOUS
10
-2.9588782677165355
20
6.187483503937008
11
-2.9584644881889761
21
6.1864022834645667
0
LINE
8
BLACK
6
CONTINUOUS
10
-2.9584644881889761
20
6.1864022834645667
11
-2.9584494881889762
21
6.1861906299212599
0
LINE
8
BLACK
6
CONTINUOUS
10
-2.9584494881889762
20
6.1861906299212599
11
-2.9583682677165353
21
6.1859946456692914
0
LINE
8
BLACK
6
CONTINUOUS
10
-2.9583682677165353
20
6.1859946456692914
11
-2.9582548031496061
21
6.1848425196850396
0
LINE
8
BLACK
6
CONTINUOUS
10
-2.9582548031496061
20
6.1848425196850396
11
-2.9582548031496061
21
6.179218228346457
0
LINE
8
BLACK
6
CONTINUOUS
10
-2.9582548031496061
20
6.179218228346457
11
-2.9583682677165353
21
6.1780661023622043
0
LINE
8
BLACK
6
CONTINUOUS
10
-2.9583682677165353
20
6.1780661023622043
11
-2.9584494881889762
21
6.177870078740157
0
LINE
8
BLACK
6
CONTINUOUS
10
-2.9584494881889762
20
6.177870078740157
11
-2.9584644881889761
21
6.177658464566929
0
LINE
8
BLACK
6
CONTINUOUS
10
-2.9584644881889761
20
6.177658464566929
11
-2.9588782677165355
21
6.1765772440944877
0
LINE
8
BLACK
6
CONTINUOUS
10
-2.9588782677165355
20
6.1765772440944877
11
-2.9616903937007875
21
6.1709529133858263
0
LINE
8
BLACK
6
CONTINUOUS
10
-2.9616903937007875
20
6.1709529133858263
11
-2.9620024803149607
21
6.170457165354331
0
LINE
8
BLACK
6
CONTINUOUS
10
-2.9620024803149607
20
6.170457165354331
11
-2.9620621653543306
21
6.1703130314960628
0
LINE
8
BLACK
6
CONTINUOUS
10
-2.9620621653543306
20
6.1703130314960628
11
-2.9621953937007874
21
6.1701507086614171
0
LINE
8
BLACK
6
CONTINUOUS
10
-2.9621953937007874
20
6.1701507086614171
11
-2.9623071259842519
21
6.1699731889763783
0
LINE
8
BLACK
6
CONTINUOUS
10
-2.9623071259842519
20
6.1699731889763783
11
-2.9624249212598426
21
6.1698710236220471
0
LINE
8
BLACK
6
CONTINUOUS
10
-2.9624249212598426
20
6.1698710236220471
11
-2.9627966141732283
21
6.1694181102362204
0
LINE
8
BLACK
6
CONTINUOUS
10
-2.9627966141732283
20
6.1694181102362204
11
-2.965608779527559
21
6.1666059448818897
0
LINE
8
BLACK
6
CONTINUOUS
10
-2.965608779527559
20
6.1666059448818897
11
-2.9660616141732281
21
6.1662342913385828
0
LINE
8
BLACK
6
CONTINUOUS
10
-2.9660616141732281
20
6.1662342913385828
11
-2.9661638188976376
21
6.1661164566929134
0
LINE
8
BLACK
6
CONTINUOUS
10
-2.9661638188976376
20
6.1661164566929134
11
-2.9663415354330707
21
6.1660046062992127
0
LINE
8
BLACK
6
CONTINUOUS
10
-2.9663415354330707
20
6.1660046062992127
11
-2.9665037007874013
21
6.1658714960629917
0
LINE
8
BLACK
6
CONTINUOUS
10
-2.9665037007874013
20
6.1658714960629917
11
-2.9666477952755903
21
6.1658118110236222
0
LINE
8
BLACK
6
CONTINUOUS
10
-2.9666477952755903
20
6.1658118110236222
11
-2.9671435826771653
21
6.1654997244094485
0
LINE
8
BLACK
6
CONTINUOUS
10
-2.9671435826771653
20
6.1654997244094485
11
-2.9727678740157479
21
6.1626875590551178
0
LINE
8
BLACK
6
CONTINUOUS
10
-2.9727678740157479
20
6.1626875590551178
11
-2.9728521653543307
21
6.1626552755905513
0
LINE
8
BLACK
6
CONTINUOUS
10
-2.9728521653543307
20
6.1626552755905513
11
-2.9728864173228344
21
6.1626299212598425
0
LINE
8
BLACK
6
CONTINUOUS
10
-2.9728864173228344
20
6.1626299212598425
11
-2.9733698031496063
21
6.1624572047244097
0
LINE
8
BLACK
6
CONTINUOUS
10
-2.9733698031496063
20
6.1624572047244097
11
-2.9738490944881888
21
6.1622738188976376
0
LINE
8
BLACK
6
CONTINUOUS
10
-2.9738490944881888
20
6.1622738188976376
11
-2.9738916535433071
21
6.1622707874015745
0
LINE
8
BLACK
6
CONTINUOUS
10
-2.9738916535433071
20
6.1622707874015745
11
-2.9739766141732282
21
6.162240433070866
0
LINE
8
BLACK
6
CONTINUOUS
10
-2.9739766141732282
20
6.162240433070866
11
-2.9852251968503936
21
6.159428307086614
0
LINE
8
BLACK
6
CONTINUOUS
10
-2.9852251968503936
20
6.159428307086614
11
-2.9854248818897635
21
6.1593987795275593
0
LINE
8
BLACK
6
CONTINUOUS
10
-2.9854248818897635
20
6.1593987795275593
11
-2.9855053543307086
21
6.1593654330708656
0
LINE
8
BLACK
6
CONTINUOUS
10
-2.9855053543307086
20
6.1593654330708656
11
-2.9859393307086615
21
6.1593226771653544
0
LINE
8
BLACK
6
CONTINUOUS
10
-2.9859393307086615
20
6.1593226771653544
11
-2.9863704330708662
21
6.1592589370078743
0
LINE
8
BLACK
6
CONTINUOUS
10
-2.9863704330708662
20
6.1592589370078743
11
-2.9864565748031495
21
6.1592717322834645
0
LINE
8
BLACK
6
CONTINUOUS
10
-2.9864565748031495
20
6.1592717322834645
11
-2.9866574803149604
21
6.1592519685039369
0
LINE
8
BLACK
6
CONTINUOUS
10
-2.9866574803149604
20
6.1592519685039369
11
-3.0007182283464564
21
6.1592519685039369
0
LINE
8
BLACK
6
CONTINUOUS
10
-3.0007182283464564
20
6.1592519685039369
11
-3.0009191732283464
21
6.1592717322834645
0
LINE
8
BLACK
6
CONTINUOUS
10
-3.0009191732283464
20
6.1592717322834645
11
-3.001005275590551
21
6.1592589370078743
0
LINE
8
BLACK
6
CONTINUOUS
10
-3.001005275590551
20
6.1592589370078743
11
-3.0014364173228345
21
6.1593226771653544
0
LINE
8
BLACK
6
CONTINUOUS
10
-3.0014364173228345
20
6.1593226771653544
11
-3.0018703543307086
21
6.1593654330708656
0
LINE
8
BLACK
6
CONTINUOUS
10
-3.0018703543307086
20
6.1593654330708656
11
-3.001950866141732
21
6.1593987795275593
0
LINE
8
BLACK
6
CONTINUOUS
10
-3.001950866141732
20
6.1593987795275593
11
-3.0021505118110237
21
6.159428307086614
0
LINE
8
BLACK
6
CONTINUOUS
10
-3.0021505118110237
20
6.159428307086614
11
-3.0133991338582677
21
6.162240433070866
0
LINE
8
BLACK
6
CONTINUOUS
10
-3.0133991338582677
20
6.162240433070866
11
-3.0134841338582676
21
6.1622707874015745
0
LINE
8
BLACK
6
CONTINUOUS
10
-3.0134841338582676
20
6.1622707874015745
11
-3.0135266535433072
21
6.1622738188976376
0
LINE
8
BLACK
6
CONTINUOUS
10
-3.0135266535433072
20
6.1622738188976376
11
-3.0140062204724409
21
6.1624572834645672
0
LINE
8
BLACK
6
CONTINUOUS
10
-3.0140062204724409
20
6.1624572834645672
11
-3.0144893307086615
21
6.1626299212598425
0
LINE
8
BLACK
6
CONTINUOUS
10
-3.0144893307086615
20
6.1626299212598425
11
-3.0145235826771652
21
6.1626552755905513
0
LINE
8
BLACK
6
CONTINUOUS
10
-3.0145235826771652
20
6.1626552755905513
11
-3.0146079133858268
21
6.1626875590551178
0
LINE
8
BLACK
6
CONTINUOUS
10
-3.0146079133858268
20
6.1626875590551178
11
-3.0202321653543307
21
6.1654997244094485
0
LINE
8
BLACK
6
CONTINUOUS
10
-3.0202321653543307
20
6.1654997244094485
11
-3.0207281102362202
21
6.1658118503937009
0
LINE
8
BLACK
6
CONTINUOUS
10
-3.0207281102362202
20
6.1658118503937009
11
-3.0208720866141729
21
6.1658715354330704
0
LINE
8
BLACK
6
CONTINUOUS
10
-3.0208720866141729
20
6.1658715354330704
11
-3.0210342125984253
21
6.1660045669291339
0
LINE
8
BLACK
6
CONTINUOUS
10
-3.0210342125984253
20
6.1660045669291339
11
-3.0212119291338584
21
6.1661164566929134
0
LINE
8
BLACK
6
CONTINUOUS
10
-3.0212119291338584
20
6.1661164566929134
11
-3.0213142125984249
21
6.1662343307086616
0
LINE
8
BLACK
6
CONTINUOUS
10
-3.0213142125984249
20
6.1662343307086616
11
-3.0217670078740158
21
6.1666059842519685
0
LINE
8
BLACK
6
CONTINUOUS
10
-3.0217670078740158
20
6.1666059842519685
11
-3.0245791338582677
21
6.1694181496062992
0
LINE
8
BLACK
6
CONTINUOUS
10
-3.0245791338582677
20
6.1694181496062992
11
-3.0249507086614171
21
6.1698708661417321
0
LINE
8
BLACK
6
CONTINUOUS
10
-3.0249507086614171
20
6.1698708661417321
11
-3.0250685826771653
21
6.1699731496062995
0
LINE
8
BLACK
6
CONTINUOUS
10
-3.0250685826771653
20
6.1699731496062995
11
-3.0251805118110235
21
6.1701509448818896
0
LINE
8
BLACK
6
CONTINUOUS
10
-3.0251805118110235
20
6.1701509448818896
11
-3.0253135433070866
21
6.1703130708661416
0
LINE
8
BLACK
6
CONTINUOUS
10
-3.0253135433070866
20
6.1703130708661416
11
-3.0253731889763777
21
6.170457007874016
0
LINE
8
BLACK
6
CONTINUOUS
10
-3.0253731889763777
20
6.170457007874016
11
-3.0256853149606298
21
6.1709529133858263
0
LINE
8
BLACK
6
CONTINUOUS
10
-3.0256853149606298
20
6.1709529133858263
11
-3.0284974803149605
21
6.176577204724409
0
LINE
8
BLACK
6
CONTINUOUS
10
-3.0284974803149605
20
6.176577204724409
11
-3.0289112204724407
21
6.1776584251968503
0
LINE
8
BLACK
6
CONTINUOUS
10
-3.0289112204724407
20
6.1776584251968503
11
-3.0289262598425197
21
6.1778699999999995
0
LINE
8
BLACK
6
CONTINUOUS
10
-3.0289262598425197
20
6.1778699999999995
11
-3.0290074803149607
21
6.1780661023622043
0
LINE
8
BLACK
6
CONTINUOUS
10
-3.0290074803149607
20
6.1780661023622043
11
-3.0291209448818899
21
6.179218228346457
0
LINE
8
BLACK
6
CONTINUOUS
10
-3.0291209448818899
20
6.179218228346457
11
-3.0291209448818899
21
6.1848425196850396
0
LINE
8
BLACK
6
CONTINUOUS
10
-3.0291209448818899
20
6.1848425196850396
11
-3.0290074803149607
21
6.1859946456692914
0
LINE
8
BLACK
6
CONTINUOUS
10
-3.0290074803149607
20
6.1859946456692914
11
-3.0289262598425197
21
6.1861907086614174
0
LINE
8
BLACK
6
CONTINUOUS
10
-3.0289262598425197
20
6.1861907086614174
11
-3.0289112204724407
21
6.1864023228346454
0
LINE
8
BLACK
6
CONTINUOUS
10
-3.0289112204724407
20
6.1864023228346454
11
-3.0284974803149605
21
6.1874835433070867
0
LINE
8
BLACK
6
CONTINUOUS
10
-3.0284974803149605
20
6.1874835433070867
11
-3.0256853149606298
21
6.1931078346456694
0
LINE
8
BLACK
6
CONTINUOUS
10
-3.0256853149606298
20
6.1931078346456694
11
-3.0253731889763777
21
6.1936037007874019
0
LINE
8
BLACK
6
CONTINUOUS
10
-3.0253731889763777
20
6.1936037007874019
11
-3.0253135433070866
21
6.1937476771653541
0
LINE
8
BLACK
6
CONTINUOUS
10
-3.0253135433070866
20
6.1937476771653541
11
-3.0251805118110235
21
6.1939097637795273
0
LINE
8
BLACK
6
CONTINUOUS
10
-3.0251805118110235
20
6.1939097637795273
11
-3.0250685826771653
21
6.1940875984251971
0
LINE
8
BLACK
6
CONTINUOUS
10
-3.0250685826771653
20
6.1940875984251971
11
-3.0249507086614171
21
6.1941898425196849
0
LINE
8
BLACK
6
CONTINUOUS
10
-3.0249507086614171
20
6.1941898425196849
11
-3.0245791338582677
21
6.1946425984251965
0
LINE
8
BLACK
6
CONTINUOUS
10
-3.0245791338582677
20
6.1946425984251965
11
-3.0217670078740158
21
6.1974547637795272
0
LINE
8
BLACK
6
CONTINUOUS
10
-3.0217670078740158
20
6.1974547637795272
11
-3.0213140551181104
21
6.1978264960629916
0
LINE
8
BLACK
6
CONTINUOUS
10
-3.0213140551181104
20
6.1978264960629916
11
-3.0212118897637796
21
6.1979442913385823
0
LINE
8
BLACK
6
CONTINUOUS
10
-3.0212118897637796
20
6.1979442913385823
11
-3.0210343307086616
21
6.1980560629921255
0
LINE
8
BLACK
6
CONTINUOUS
10
-3.0210343307086616
20
6.1980560629921255
11
-3.0208720866141729
21
6.1981892125984253
0
LINE
8
BLACK
6
CONTINUOUS
10
-3.0208720866141729
20
6.1981892125984253
11
-3.0207280314960627
21
6.198248858267716
0
LINE
8
BLACK
6
CONTINUOUS
10
-3.0207280314960627
20
6.198248858267716
11
-3.0202321653543307
21
6.1985610236220472
0
LINE
8
BLACK
6
CONTINUOUS
10
-3.0202321653543307
20
6.1985610236220472
11
-3.0146078346456693
21
6.2013731496062992
0
LINE
8
BLACK
6
CONTINUOUS
10
-3.0146078346456693
20
6.2013731496062992
11
-3.0145237401574803
21
6.2014053149606294
0
LINE
8
BLACK
6
CONTINUOUS
10
-3.0145237401574803
20
6.2014053149606294
11
-3.0144893700787403
21
6.2014307874015744
0
LINE
8
BLACK
6
CONTINUOUS
10
-3.0144893700787403
20
6.2014307874015744
11
-3.0140059448818897
21
6.2016034645669293
0
LINE
8
BLACK
6
CONTINUOUS
10
-3.0140059448818897
20
6.2016034645669293
11
-3.0135266141732284
21
6.2017869291338581
0
LINE
8
BLACK
6
CONTINUOUS
10
-3.0135266141732284
20
6.2017869291338581
11
-3.0134840157480314
21
6.2017899212598424
0
LINE
8
BLACK
6
CONTINUOUS
10
-3.0134840157480314
20
6.2017899212598424
11
-3.0133991338582677
21
6.2018202755905509
0
LINE
8
BLACK
6
CONTINUOUS
10
-3.0133991338582677
20
6.2018202755905509
11
-3.0021505511811024
21
6.2046324409448816
0
LINE
8
BLACK
6
CONTINUOUS
10
-3.0021505511811024
20
6.2046324409448816
11
-3.001950866141732
21
6.2046619685039373
0
LINE
8
BLACK
6
CONTINUOUS
10
-3.001950866141732
20
6.2046619685039373
11
-3.0018703543307086
21
6.2046953149606301
0
LINE
8
BLACK
6
CONTINUOUS
10
-3.0018703543307086
20
6.2046953149606301
11
-3.0014365354330708
21
6.2047380314960625
0
LINE
8
BLACK
6
CONTINUOUS
10
-3.0014365354330708
20
6.2047380314960625
11
-3.0010053149606297
21
6.2048018110236223
0
LINE
8
BLACK
6
CONTINUOUS
10
-3.0010053149606297
20
6.2048018110236223
11
-3.0009191732283464
21
6.2047889763779525
0
LINE
8
BLACK
6
CONTINUOUS
10
-3.0009191732283464
20
6.2047889763779525
11
-3.0007182283464564
21
6.2048087795275588
0
LINE
8
BLACK
6
CONTINUOUS
10
-3.0007182283464564
20
6.2048087795275588
11
-2.9866574803149604
21
6.2048087795275588
0
LINE
8
BLACK
6
CONTINUOUS
10
-2.9866574803149604
20
6.2048087795275588
11
-2.9864565748031495
21
6.2047889763779525
0
LINE
8
BLACK
6
CONTINUOUS
10
-3.0099056299212599
20
6.1905191338582677
11
-3.0140929527559055
21
6.1884255118110234
0
LINE
8
BLACK
6
CONTINUOUS
10
-3.0140929527559055
20
6.1884255118110234
11
-3.0155498031496064
21
6.1869686614173229
0
LINE
8
BLACK
6
CONTINUOUS
10
-3.0155498031496064
20
6.1869686614173229
11
-3.0173099212598427
21
6.1834483858267717
0
LINE
8
BLACK
6
CONTINUOUS
10
-3.0173099212598427
20
6.1834483858267717
11
-3.0173099212598427
21
6.1806123228346452
0
LINE
8
BLACK
6
CONTINUOUS
10
-3.0173099212598427
20
6.1806123228346452
11
-3.0155498031496064
21
6.177092047244094
0
LINE
8
BLACK
6
CONTINUOUS
10
-3.0155498031496064
20
6.177092047244094
11
-3.0140929527559055
21
6.1756351968503935
0
LINE
8
BLACK
6
CONTINUOUS
10
-3.0140929527559055
20
6.1756351968503935
11
-3.0099055905511811
21
6.1735415354330705
0
LINE
8
BLACK
6
CONTINUOUS
10
-3.0099055905511811
20
6.1735415354330705
11
-2.9999912992125983
21
6.1710629921259841
0
LINE
8
BLACK
6
CONTINUOUS
10
-2.9999912992125983
20
6.1710629921259841
11
-2.9873844094488189
21
6.1710629921259841
0
LINE
8
BLACK
6
CONTINUOUS
10
-2.9873844094488189
20
6.1710629921259841
11
-2.9774701968503936
21
6.1735414960629917
0
LINE
8
BLACK
6
CONTINUOUS
10
-2.9774701968503936
20
6.1735414960629917
11
-2.9732827952755905
21
6.1756352362204723
0
LINE
8
BLACK
6
CONTINUOUS
10
-2.9732827952755905
20
6.1756352362204723
11
-2.9718259448818896
21
6.1770920866141728
0
LINE
8
BLACK
6
CONTINUOUS
10
-2.9718259448818896
20
6.1770920866141728
11
-2.9700658267716533
21
6.1806122834645665
0
LINE
8
BLACK
6
CONTINUOUS
10
-2.9700658267716533
20
6.1806122834645665
11
-2.9700658267716533
21
6.1834484251968505
0
LINE
8
BLACK
6
CONTINUOUS
10
-2.9700658267716533
20
6.1834484251968505
11
-2.9718259448818896
21
6.1869686220472442
0
LINE
8
BLACK
6
CONTINUOUS
10
-2.9718259448818896
20
6.1869686220472442
11
-2.9732828346456692
21
6.1884255118110234
0
LINE
8
BLACK
6
CONTINUOUS
10
-2.9732828346456692
20
6.1884255118110234
11
-2.9774701181102361
21
6.1905191338582677
0
LINE
8
BLACK
6
CONTINUOUS
10
-2.9774701181102361
20
6.1905191338582677
11
-2.9873844488188976
21
6.1929977559055116
0
LINE
8
BLACK
6
CONTINUOUS
10
-2.9873844488188976
20
6.1929977559055116
11
-2.9999912992125983
21
6.1929977559055116
0
LINE
8
BLACK
6
CONTINUOUS
10
-2.9999912992125983
20
6.1929977559055116
11
-3.0099056299212599
21
6.1905191338582677
0
LINE
8
BLACK
6
CONTINUOUS
10
-2.9864565748031495
20
6.2610319291338579
11
-2.9863704330708662
21
6.2610447637795277
0
LINE
8
BLACK
6
CONTINUOUS
10
-2.9863704330708662
20
6.2610447637795277
11
-2.9859392913385827
21
6.2609809842519679
0
LINE
8
BLACK
6
CONTINUOUS
10
-2.9859392913385827
20
6.2609809842519679
11
-2.9855053543307086
21
6.2609382677165355
0
LINE
8
BLACK
6
CONTINUOUS
10
-2.9855053543307086
20
6.2609382677165355
11
-2.9854248818897635
21
6.2609049212598427
0
LINE
8
BLACK
6
CONTINUOUS
10
-2.9854248818897635
20
6.2609049212598427
11
-2.9852251574803148
21
6.2608753937007871
0
LINE
8
BLACK
6
CONTINUOUS
10
-2.9852251574803148
20
6.2608753937007871
11
-2.9739766141732282
21
6.2580632283464563
0
LINE
8
BLACK
6
CONTINUOUS
10
-2.9739766141732282
20
6.2580632283464563
11
-2.9738917716535433
21
6.2580328740157478
0
LINE
8
BLACK
6
CONTINUOUS
10
-2.9738917716535433
20
6.2580328740157478
11
-2.9738491338582675
21
6.2580298818897635
0
LINE
8
BLACK
6
CONTINUOUS
10
-2.9738491338582675
20
6.2580298818897635
11
-2.9733692913385825
21
6.257846220472441
0
LINE
8
BLACK
6
CONTINUOUS
10
-2.9733692913385825
20
6.257846220472441
11
-2.9728864173228344
21
6.2576737401574798
0
LINE
8
BLACK
6
CONTINUOUS
10
-2.9728864173228344
20
6.2576737401574798
11
-2.9728521653543307
21
6.2576483464566932
0
LINE
8
BLACK
6
CONTINUOUS
10
-2.9728521653543307
20
6.2576483464566932
11
-2.9727678740157479
21
6.2576161023622046
0
LINE
8
BLACK
6
CONTINUOUS
10
-2.9727678740157479
20
6.2576161023622046
11
-2.9671435826771653
21
6.2548039763779526
0
LINE
8
BLACK
6
CONTINUOUS
10
-2.9671435826771653
20
6.2548039763779526
11
-2.9666477952755903
21
6.254491850393701
0
LINE
8
BLACK
6
CONTINUOUS
10
-2.9666477952755903
20
6.254491850393701
11
-2.9665037007874013
21
6.2544322047244094
0
LINE
8
BLACK
6
CONTINUOUS
10
-2.9665037007874013
20
6.2544322047244094
11
-2.9663415354330707
21
6.2542990551181097
0
LINE
8
BLACK
6
CONTINUOUS
10
-2.9663415354330707
20
6.2542990551181097
11
-2.9661638188976376
21
6.2541872440944877
0
LINE
8
BLACK
6
CONTINUOUS
10
-2.9661638188976376
20
6.2541872440944877
11
-2.9660616141732281
21
6.2540693700787404
0
LINE
8
BLACK
6
CONTINUOUS
10
-2.9660616141732281
20
6.2540693700787404
11
-2.965608779527559
21
6.2536977559055114
0
LINE
8
BLACK
6
CONTINUOUS
10
-2.965608779527559
20
6.2536977559055114
11
-2.9627966141732283
21
6.2508855905511806
0
LINE
8
BLACK
6
CONTINUOUS
10
-2.9627966141732283
20
6.2508855905511806
11
-2.9624249212598426
21
6.2504326377952752
0
LINE
8
BLACK
6
CONTINUOUS
10
-2.9624249212598426
20
6.2504326377952752
11
-2.9623071259842519
21
6.2503305118110237
0
LINE
8
BLACK
6
CONTINUOUS
10
-2.9623071259842519
20
6.2503305118110237
11
-2.9621953937007874
21
6.2501529527559052
0
LINE
8
BLACK
6
CONTINUOUS
10
-2.9621953937007874
20
6.2501529527559052
11
-2.9620621653543306
21
6.2499906692913383
0
LINE
8
BLACK
6
CONTINUOUS
10
-2.9620621653543306
20
6.2499906692913383
11
-2.9620024803149607
21
6.2498464960629923
0
LINE
8
BLACK
6
CONTINUOUS
10
-2.9620024803149607
20
6.2498464960629923
11
-2.9616903937007875
21
6.2493507874015748
0
LINE
8
BLACK
6
CONTINUOUS
10
-2.9616903937007875
20
6.2493507874015748
11
-2.9588782677165355
21
6.2437264566929134
0
LINE
8
BLACK
6
CONTINUOUS
10
-2.9588782677165355
20
6.2437264566929134
11
-2.9584644881889761
21
6.2426452362204721
0
LINE
8
BLACK
6
CONTINUOUS
10
-2.9584644881889761
20
6.2426452362204721
11
-2.9584494881889762
21
6.2424335826771653
0
LINE
8
BLACK
6
CONTINUOUS
10
-2.9584494881889762
20
6.2424335826771653
11
-2.9583682677165353
21
6.2422375984251968
0
LINE
8
BLACK
6
CONTINUOUS
10
-2.9583682677165353
20
6.2422375984251968
11
-2.9582548031496061
21
6.241085472440945
0
LINE
8
BLACK
6
CONTINUOUS
10
-2.9582548031496061
20
6.241085472440945
11
-2.9582548031496061
21
6.2354611811023624
0
LINE
8
BLACK
6
CONTINUOUS
10
-2.9582548031496061
20
6.2354611811023624
11
-2.9583682677165353
21
6.2343090551181097
0
LINE
8
BLACK
6
CONTINUOUS
10
-2.9583682677165353
20
6.2343090551181097
11
-2.9584494881889762
21
6.2341130314960624
0
LINE
8
BLACK
6
CONTINUOUS
10
-2.9584494881889762
20
6.2341130314960624
11
-2.9584644881889761
21
6.2339014173228344
0
LINE
8
BLACK
6
CONTINUOUS
10
-2.9584644881889761
20
6.2339014173228344
11
-2.9588782677165355
21
6.2328201968503931
0
LINE
8
BLACK
6
CONTINUOUS
10
-2.9588782677165355
20
6.2328201968503931
11
-2.9616903937007875
21
6.2271958661417317
0
LINE
8
BLACK
6
CONTINUOUS
10
-2.9616903937007875
20
6.2271958661417317
11
-2.9620024803149607
21
6.2267001181102364
0
LINE
8
BLACK
6
CONTINUOUS
10
-2.9620024803149607
20
6.2267001181102364
11
-2.9620621653543306
21
6.2265559842519682
0
LINE
8
BLACK
6
CONTINUOUS
10
-2.9620621653543306
20
6.2265559842519682
11
-2.9621953937007874
21
6.2263936614173225
0
LINE
8
BLACK
6
CONTINUOUS
10
-2.9621953937007874
20
6.2263936614173225
11
-2.9623071259842519
21
6.2262161417322837
0
LINE
8
BLACK
6
CONTINUOUS
10
-2.9623071259842519
20
6.2262161417322837
11
-2.9624249212598426
21
6.2261139763779525
0
LINE
8
BLACK
6
CONTINUOUS
10
-2.9624249212598426
20
6.2261139763779525
11
-2.9627966141732283
21
6.2256610629921258
0
LINE
8
BLACK
6
CONTINUOUS
10
-2.9627966141732283
20
6.2256610629921258
11
-2.965608779527559
21
6.2228488976377951
0
LINE
8
BLACK
6
CONTINUOUS
10
-2.965608779527559
20
6.2228488976377951
11
-2.9660616141732281
21
6.2224772440944882
0
LINE
8
BLACK
6
CONTINUOUS
10
-2.9660616141732281
20
6.2224772440944882
11
-2.9661638188976376
21
6.2223594094488188
0
LINE
8
BLACK
6
CONTINUOUS
10
-2.9661638188976376
20
6.2223594094488188
11
-2.9663415354330707
21
6.2222475590551181
0
LINE
8
BLACK
6
CONTINUOUS
10
-2.9663415354330707
20
6.2222475590551181
11
-2.9665037007874013
21
6.2221144488188971
0
LINE
8
BLACK
6
CONTINUOUS
10
-2.9665037007874013
20
6.2221144488188971
11
-2.9666477952755903
21
6.2220547637795276
0
LINE
8
BLACK
6
CONTINUOUS
10
-2.9666477952755903
20
6.2220547637795276
11
-2.9671435826771653
21
6.2217426771653539
0
LINE
8
BLACK
6
CONTINUOUS
10
-2.9671435826771653
20
6.2217426771653539
11
-2.9727678740157479
21
6.2189305118110232
0
LINE
8
BLACK
6
CONTINUOUS
10
-2.9727678740157479
20
6.2189305118110232
11
-2.9728521653543307
21
6.2188982283464567
0
LINE
8
BLACK
6
CONTINUOUS
10
-2.9728521653543307
20
6.2188982283464567
11
-2.9728864173228344
21
6.218872874015748
0
LINE
8
BLACK
6
CONTINUOUS
10
-2.9728864173228344
20
6.218872874015748
11
-2.9733698031496063
21
6.2187001574803151
0
LINE
8
BLACK
6
CONTINUOUS
10
-2.9733698031496063
20
6.2187001574803151
11
-2.9738490944881888
21
6.218516771653543
0
LINE
8
BLACK
6
CONTINUOUS
10
-2.9738490944881888
20
6.218516771653543
11
-2.9738916535433071
21
6.2185137401574799
0
LINE
8
BLACK
6
CONTINUOUS
10
-2.9738916535433071
20
6.2185137401574799
11
-2.9739766141732282
21
6.2184833858267714
0
LINE
8
BLACK
6
CONTINUOUS
10
-2.9739766141732282
20
6.2184833858267714
11
-2.9852251968503936
21
6.2156712598425194
0
LINE
8
BLACK
6
CONTINUOUS
10
-2.9852251968503936
20
6.2156712598425194
11
-2.9854248818897635
21
6.2156417322834647
0
LINE
8
BLACK
6
CONTINUOUS
10
-2.9854248818897635
20
6.2156417322834647
11
-2.9855053543307086
21
6.2156083858267719
0
LINE
8
BLACK
6
CONTINUOUS
10
-2.9855053543307086
20
6.2156083858267719
11
-2.9859393307086615
21
6.2155656299212598
0
LINE
8
BLACK
6
CONTINUOUS
10
-2.9859393307086615
20
6.2155656299212598
11
-2.9863704330708662
21
6.2155018897637797
0
LINE
8
BLACK
6
CONTINUOUS
10
-2.9863704330708662
20
6.2155018897637797
11
-2.9864565748031495
21
6.2155146850393699
0
LINE
8
BLACK
6
CONTINUOUS
10
-2.9864565748031495
20
6.2155146850393699
11
-2.9866574803149604
21
6.2154949212598423
0
LINE
8
BLACK
6
CONTINUOUS
10
-2.9866574803149604
20
6.2154949212598423
11
-3.0007182283464564
21
6.2154949212598423
0
LINE
8
BLACK
6
CONTINUOUS
10
-3.0007182283464564
20
6.2154949212598423
11
-3.0009191732283464
21
6.2155146850393699
0
LINE
8
BLACK
6
CONTINUOUS
10
-3.0009191732283464
20
6.2155146850393699
11
-3.001005275590551
21
6.2155018897637797
0
LINE
8
BLACK
6
CONTINUOUS
10
-3.001005275590551
20
6.2155018897637797
11
-3.0014364173228345
21
6.2155656299212598
0
LINE
8
BLACK
6
CONTINUOUS
10
-3.0014364173228345
20
6.2155656299212598
11
-3.0018703543307086
21
6.2156083858267719
0
LINE
8
BLACK
6
CONTINUOUS
10
-3.0018703543307086
20
6.2156083858267719
11
-3.001950866141732
21
6.2156417322834647
0
LINE
8
BLACK
6
CONTINUOUS
10
-3.001950866141732
20
6.2156417322834647
11
-3.0021505118110237
21
6.2156712598425194
0
LINE
8
BLACK
6
CONTINUOUS
10
-3.0021505118110237
20
6.2156712598425194
11
-3.0133991338582677
21
6.2184833858267714
0
LINE
8
BLACK
6
CONTINUOUS
10
-3.0133991338582677
20
6.2184833858267714
11
-3.0134841338582676
21
6.2185137401574799
0
LINE
8
BLACK
6
CONTINUOUS
10
-3.0134841338582676
20
6.2185137401574799
11
-3.0135266535433072
21
6.218516771653543
0
LINE
8
BLACK
6
CONTINUOUS
10
-3.0135266535433072
20
6.218516771653543
11
-3.0140062204724409
21
6.2187002362204726
0
LINE
8
BLACK
6
CONTINUOUS
10
-3.0140062204724409
20
6.2187002362204726
11
-3.0144893307086615
21
6.218872874015748
0
LINE
8
BLACK
6
CONTINUOUS
10
-3.0144893307086615
20
6.218872874015748
11
-3.0145235826771652
21
6.2188982283464567
0
LINE
8
BLACK
6
CONTINUOUS
10
-3.0145235826771652
20
6.2188982283464567
11
-3.0146079133858268
21
6.2189305118110232
0
LINE
8
BLACK
6
CONTINUOUS
10
-3.0146079133858268
20
6.2189305118110232
11
-3.0202321653543307
21
6.2217426771653539
0
LINE
8
BLACK
6
CONTINUOUS
10
-3.0202321653543307
20
6.2217426771653539
11
-3.0207281102362202
21
6.2220548031496064
0
LINE
8
BLACK
6
CONTINUOUS
10
-3.0207281102362202
20
6.2220548031496064
11
-3.0208720866141729
21
6.2221144881889758
0
LINE
8
BLACK
6
CONTINUOUS
10
-3.0208720866141729
20
6.2221144881889758
11
-3.0210342125984253
21
6.2222475196850393
0
LINE
8
BLACK
6
CONTINUOUS
10
-3.0210342125984253
20
6.2222475196850393
11
-3.0212119291338584
21
6.2223594094488188
0
LINE
8
BLACK
6
CONTINUOUS
10
-3.0212119291338584
20
6.2223594094488188
11
-3.0213142125984249
21
6.222477283464567
0
LINE
8
BLACK
6
CONTINUOUS
10
-3.0213142125984249
20
6.222477283464567
11
-3.0217670078740158
21
6.2228489370078739
0
LINE
8
BLACK
6
CONTINUOUS
10
-3.0217670078740158
20
6.2228489370078739
11
-3.0245791338582677
21
6.2256611023622046
0
LINE
8
BLACK
6
CONTINUOUS
10
-3.0245791338582677
20
6.2256611023622046
11
-3.0249507086614171
21
6.2261138188976375
0
LINE
8
BLACK
6
CONTINUOUS
10
-3.0249507086614171
20
6.2261138188976375
11
-3.0250685826771653
21
6.2262161023622049
0
LINE
8
BLACK
6
CONTINUOUS
10
-3.0250685826771653
20
6.2262161023622049
11
-3.0251805118110235
21
6.226393897637795
0
LINE
8
BLACK
6
CONTINUOUS
10
-3.0251805118110235
20
6.226393897637795
11
-3.0253135433070866
21
6.226556023622047
0
LINE
8
BLACK
6
CONTINUOUS
10
-3.0253135433070866
20
6.226556023622047
11
-3.0253731889763777
21
6.2266999606299214
0
LINE
8
BLACK
6
CONTINUOUS
10
-3.0253731889763777
20
6.2266999606299214
11
-3.0256853149606298
21
6.2271958661417317
0
LINE
8
BLACK
6
CONTINUOUS
10
-3.0256853149606298
20
6.2271958661417317
11
-3.0284974803149605
21
6.2328201574803153
0
LINE
8
BLACK
6
CONTINUOUS
10
-3.0284974803149605
20
6.2328201574803153
11
-3.0289112204724407
21
6.2339013779527557
0
LINE
8
BLACK
6
CONTINUOUS
10
-3.0289112204724407
20
6.2339013779527557
11
-3.0289262598425197
21
6.2341129527559049
0
LINE
8
BLACK
6
CONTINUOUS
10
-3.0289262598425197
20
6.2341129527559049
11
-3.0290074803149607
21
6.2343090551181097
0
LINE
8
BLACK
6
CONTINUOUS
10
-3.0290074803149607
20
6.2343090551181097
11
-3.0291209448818899
21
6.2354611811023624
0
LINE
8
BLACK
6
CONTINUOUS
10
-3.0291209448818899
20
6.2354611811023624
11
-3.0291209448818899
21
6.241085472440945
0
LINE
8
BLACK
6
CONTINUOUS
10
-3.0291209448818899
20
6.241085472440945
11
-3.0290074803149607
21
6.2422375984251968
0
LINE
8
BLACK
6
CONTINUOUS
10
-3.0290074803149607
20
6.2422375984251968
11
-3.0289262598425197
21
6.2424336614173228
0
LINE
8
BLACK
6
CONTINUOUS
10
-3.0289262598425197
20
6.2424336614173228
11
-3.0289112204724407
21
6.2426452755905508
0
LINE
8
BLACK
6
CONTINUOUS
10
-3.0289112204724407
20
6.2426452755905508
11
-3.0284974803149605
21
6.2437264960629921
0
LINE
8
BLACK
6
CONTINUOUS
10
-3.0284974803149605
20
6.2437264960629921
11
-3.0256853149606298
21
6.2493507874015748
0
LINE
8
BLACK
6
CONTINUOUS
10
-3.0256853149606298
20
6.2493507874015748
11
-3.0253731889763777
21
6.2498466535433073
0
LINE
8
BLACK
6
CONTINUOUS
10
-3.0253731889763777
20
6.2498466535433073
11
-3.0253135433070866
21
6.2499906299212595
0
LINE
8
BLACK
6
CONTINUOUS
10
-3.0253135433070866
20
6.2499906299212595
11
-3.0251805118110235
21
6.2501527165354327
0
LINE
8
BLACK
6
CONTINUOUS
10
-3.0251805118110235
20
6.2501527165354327
11
-3.0250685826771653
21
6.2503305511811025
0
LINE
8
BLACK
6
CONTINUOUS
10
-3.0250685826771653
20
6.2503305511811025
11
-3.0249507086614171
21
6.2504327952755903
0
LINE
8
BLACK
6
CONTINUOUS
10
-3.0249507086614171
20
6.2504327952755903
11
-3.0245791338582677
21
6.2508855511811019
0
LINE
8
BLACK
6
CONTINUOUS
10
-3.0245791338582677
20
6.2508855511811019
11
-3.0217670078740158
21
6.2536977165354326
0
LINE
8
BLACK
6
CONTINUOUS
10
-3.0217670078740158
20
6.2536977165354326
11
-3.0213140551181104
21
6.2540694488188979
0
LINE
8
BLACK
6
CONTINUOUS
10
-3.0213140551181104
20
6.2540694488188979
11
-3.0212118897637796
21
6.2541872440944877
0
LINE
8
BLACK
6
CONTINUOUS
10
-3.0212118897637796
20
6.2541872440944877
11
-3.0210343307086616
21
6.2542990157480309
0
LINE
8
BLACK
6
CONTINUOUS
10
-3.0210343307086616
20
6.2542990157480309
11
-3.0208720866141729
21
6.2544321653543307
0
LINE
8
BLACK
6
CONTINUOUS
10
-3.0208720866141729
20
6.2544321653543307
11
-3.0207280314960627
21
6.2544918110236223
0
LINE
8
BLACK
6
CONTINUOUS
10
-3.0207280314960627
20
6.2544918110236223
11
-3.0202321653543307
21
6.2548039763779526
0
LINE
8
BLACK
6
CONTINUOUS
10
-3.0202321653543307
20
6.2548039763779526
11
-3.0146078346456693
21
6.2576161023622046
0
LINE
8
BLACK
6
CONTINUOUS
10
-3.0146078346456693
20
6.2576161023622046
11
-3.0145237401574803
21
6.2576482677165357
0
LINE
8
BLACK
6
CONTINUOUS
10
-3.0145237401574803
20
6.2576482677165357
11
-3.0144893700787403
21
6.2576737401574798
0
LINE
8
BLACK
6
CONTINUOUS
10
-3.0144893700787403
20
6.2576737401574798
11
-3.0140059448818897
21
6.2578464173228348
0
LINE
8
BLACK
6
CONTINUOUS
10
-3.0140059448818897
20
6.2578464173228348
11
-3.0135266141732284
21
6.2580298818897635
0
LINE
8
BLACK
6
CONTINUOUS
10
-3.0135266141732284
20
6.2580298818897635
11
-3.0134840157480314
21
6.2580328740157478
0
LINE
8
BLACK
6
CONTINUOUS
10
-3.0134840157480314
20
6.2580328740157478
11
-3.0133991338582677
21
6.2580632283464563
0
LINE
8
BLACK
6
CONTINUOUS
10
-3.0133991338582677
20
6.2580632283464563
11
-3.0021505511811024
21
6.2608753937007871
0
LINE
8
BLACK
6
CONTINUOUS
10
-3.0021505511811024
20
6.2608753937007871
11
-3.001950866141732
21
6.2609049212598427
0
LINE
8
BLACK
6
CONTINUOUS
10
-3.001950866141732
20
6.2609049212598427
11
-3.0018703543307086
21
6.2609382677165355
0
LINE
8
BLACK
6
CONTINUOUS
10
-3.0018703543307086
20
6.2609382677165355
11
-3.0014365354330708
21
6.2609809842519679
0
LINE
8
BLACK
6
CONTINUOUS
10
-3.0014365354330708
20
6.2609809842519679
11
-3.0010053149606297
21
6.2610447637795277
0
LINE
8
BLACK
6
CONTINUOUS
10
-3.0010053149606297
20
6.2610447637795277
11
-3.0009191732283464
21
6.2610319291338579
0
LINE
8
BLACK
6
CONTINUOUS
10
-3.0009191732283464
20
6.2610319291338579
11
-3.0007182283464564
21
6.2610517322834642
0
LINE
8
BLACK
6
CONTINUOUS
10
-3.0007182283464564
20
6.2610517322834642
11
-2.9866574803149604
21
6.2610517322834642
0
LINE
8
BLACK
6
CONTINUOUS
10
-2.9866574803149604
20
6.2610517322834642
11
-2.9864565748031495
21
6.2610319291338579
0
LINE
8
BLACK
6
CONTINUOUS
10
-3.0099056299212599
20
6.2467620866141731
11
-3.0140929527559055
21
6.2446684645669288
0
LINE
8
BLACK
6
CONTINUOUS
10
-3.0140929527559055
20
6.2446684645669288
11
-3.0155498031496064
21
6.2432116141732283
0
LINE
8
BLACK
6
CONTINUOUS
10
-3.0155498031496064
20
6.2432116141732283
11
-3.0173099212598427
21
6.2396913385826771
0
LINE
8
BLACK
6
CONTINUOUS
10
-3.0173099212598427
20
6.2396913385826771
11
-3.0173099212598427
21
6.2368552755905506
0
LINE
8
BLACK
6
CONTINUOUS
10
-3.0173099212598427
20
6.2368552755905506
11
-3.0155498031496064
21
6.2333350000000003
0
LINE
8
BLACK
6
CONTINUOUS
10
-3.0155498031496064
20
6.2333350000000003
11
-3.0140929527559055
21
6.2318781496062989
0
LINE
8
BLACK
6
CONTINUOUS
10
-3.0140929527559055
20
6.2318781496062989
11
-3.0099055905511811
21
6.2297844881889759
0
LINE
8
BLACK
6
CONTINUOUS
10
-3.0099055905511811
20
6.2297844881889759
11
-2.9999912992125983
21
6.2273059448818895
0
LINE
8
BLACK
6
CONTINUOUS
10
-2.9999912992125983
20
6.2273059448818895
11
-2.9873844094488189
21
6.2273059448818895
0
LINE
8
BLACK
6
CONTINUOUS
10
-2.9873844094488189
20
6.2273059448818895
11
-2.9774701968503936
21
6.2297844488188971
0
LINE
8
BLACK
6
CONTINUOUS
10
-2.9774701968503936
20
6.2297844488188971
11
-2.9732827952755905
21
6.2318781889763777
0
LINE
8
BLACK
6
CONTINUOUS
10
-2.9732827952755905
20
6.2318781889763777
11
-2.9718259448818896
21
6.2333350393700782
0
LINE
8
BLACK
6
CONTINUOUS
10
-2.9718259448818896
20
6.2333350393700782
11
-2.9700658267716533
21
6.2368552362204719
0
LINE
8
BLACK
6
CONTINUOUS
10
-2.9700658267716533
20
6.2368552362204719
11
-2.9700658267716533
21
6.2396913779527559
0
LINE
8
BLACK
6
CONTINUOUS
10
-2.9700658267716533
20
6.2396913779527559
11
-2.9718259448818896
21
6.2432115748031496
0
LINE
8
BLACK
6
CONTINUOUS
10
-2.9718259448818896
20
6.2432115748031496
11
-2.9732828346456692
21
6.2446684645669288
0
LINE
8
BLACK
6
CONTINUOUS
10
-2.9732828346456692
20
6.2446684645669288
11
-2.9774701181102361
21
6.2467620866141731
0
LINE
8
BLACK
6
CONTINUOUS
10
-2.9774701181102361
20
6.2467620866141731
11
-2.9873844488188976
21
6.249240708661417
0
LINE
8
BLACK
6
CONTINUOUS
10
-2.9873844488188976
20
6.249240708661417
11
-2.9999912992125983
21
6.249240708661417
0
LINE
8
BLACK
6
CONTINUOUS
10
-2.9999912992125983
20
6.249240708661417
11
-3.0099056299212599
21
6.2467620866141731
0
LINE
8
BLACK
6
CONTINUOUS
10
-3.01836937007874
20
6.3336888188976372
11
-3.0171223622047245
21
6.3331723228346455
0
LINE
8
BLACK
6
CONTINUOUS
10
-3.0171223622047245
20
6.3331723228346455
11
-3.0171223228346458
21
6.3331722834645667
0
LINE
8
BLACK
6
CONTINUOUS
10
-3.0171223228346458
20
6.3331722834645667
11
-3.016227401574803
21
6.3324378346456696
0
LINE
8
BLACK
6
CONTINUOUS
10
-3.016227401574803
20
6.3324378346456696
11
-3.013415275590551
21
6.3296256692913389
0
LINE
8
BLACK
6
CONTINUOUS
10
-3.013415275590551
20
6.3296256692913389
11
-3.0126808661417321
21
6.3287307874015744
0
LINE
8
BLACK
6
CONTINUOUS
10
-3.0126808661417321
20
6.3287307874015744
11
-3.0126808661417321
21
6.3287307480314956
0
LINE
8
BLACK
6
CONTINUOUS
10
-3.0126808661417321
20
6.3287307480314956
11
-3.0117990944881887
21
6.3266020078740155
0
LINE
8
BLACK
6
CONTINUOUS
10
-3.0117990944881887
20
6.3266020078740155
11
-3.0117990944881887
21
6.324297755905512
0
LINE
8
BLACK
6
CONTINUOUS
10
-3.0117990944881887
20
6.324297755905512
11
-3.0123156692913384
21
6.3230507086614169
0
LINE
8
BLACK
6
CONTINUOUS
10
-3.0123156692913384
20
6.3230507086614169
11
-3.0126808661417321
21
6.3221689370078735
0
LINE
8
BLACK
6
CONTINUOUS
10
-3.0126808661417321
20
6.3221689370078735
11
-3.0134153149606298
21
6.3212740551181099
0
LINE
8
BLACK
6
CONTINUOUS
10
-3.0134153149606298
20
6.3212740551181099
11
-3.0162274409448817
21
6.318461929133858
0
LINE
8
BLACK
6
CONTINUOUS
10
-3.0162274409448817
20
6.318461929133858
11
-3.0171223622047245
21
6.3177274803149608
0
LINE
8
BLACK
6
CONTINUOUS
10
-3.0171223622047245
20
6.3177274803149608
11
-3.0192511811023621
21
6.3168457086614174
0
LINE
8
BLACK
6
CONTINUOUS
10
-3.0192511811023621
20
6.3168457086614174
11
-3.0215553149606298
21
6.3168457086614174
0
LINE
8
BLACK
6
CONTINUOUS
10
-3.0215553149606298
20
6.3168457086614174
11
-3.0215553543307085
21
6.3168457086614174
0
LINE
8
BLACK
6
CONTINUOUS
10
-3.0215553543307085
20
6.3168457086614174
11
-3.0236841732283466
21
6.3177274803149608
0
LINE
8
BLACK
6
CONTINUOUS
10
-3.0236841732283466
20
6.3177274803149608
11
-3.0236842125984253
21
6.3177275196850395
0
LINE
8
BLACK
6
CONTINUOUS
10
-3.0236842125984253
20
6.3177275196850395
11
-3.0245790551181102
21
6.3184618897637792
0
LINE
8
BLACK
6
CONTINUOUS
10
-3.0245790551181102
20
6.3184618897637792
11
-3.0273912204724409
21
6.3212740157480312
0
LINE
8
BLACK
6
CONTINUOUS
10
-3.0273912204724409
20
6.3212740157480312
11
-3.0281256692913385
21
6.3221689370078735
0
LINE
8
BLACK
6
CONTINUOUS
10
-3.0281256692913385
20
6.3221689370078735
11
-3.0281257086614173
21
6.3221689763779523
0
LINE
8
BLACK
6
CONTINUOUS
10
-3.0281257086614173
20
6.3221689763779523
11
-3.0289198425196848
21
6.3240862204724406
0
LINE
8
BLACK
6
CONTINUOUS
10
-3.0289198425196848
20
6.3240862204724406
11
-3.0290074803149607
21
6.324297755905512
0
LINE
8
BLACK
6
CONTINUOUS
10
-3.0290074803149607
20
6.324297755905512
11
-3.0290074803149607
21
6.326601929133858
0
LINE
8
BLACK
6
CONTINUOUS
10
-3.0290074803149607
20
6.326601929133858
11
-3.0290074803149607
21
6.3266019685039367
0
LINE
8
BLACK
6
CONTINUOUS
10
-3.0290074803149607
20
6.3266019685039367
11
-3.0290074803149607
21
6.3266020078740155
0
LINE
8
BLACK
6
CONTINUOUS
10
-3.0290074803149607
20
6.3266020078740155
11
-3.0281257086614173
21
6.3287307480314956
0
LINE
8
BLACK
6
CONTINUOUS
10
-3.0281257086614173
20
6.3287307480314956
11
-3.0281257086614173
21
6.3287307874015744
0
LINE
8
BLACK
6
CONTINUOUS
10
-3.0281257086614173
20
6.3287307874015744
11
-3.0273912598425197
21
6.3296257086614176
0
LINE
8
BLACK
6
CONTINUOUS
10
-3.0273912598425197
20
6.3296257086614176
11
-3.024579094488189
21
6.3324378740157483
0
LINE
8
BLACK
6
CONTINUOUS
10
-3.024579094488189
20
6.3324378740157483
11
-3.0236841732283466
21
6.3331723228346455
0
LINE
8
BLACK
6
CONTINUOUS
10
-3.0236841732283466
20
6.3331723228346455
11
-3.0215553543307085
21
6.3340540944881889
0
LINE
8
BLACK
6
CONTINUOUS
10
-3.0215553543307085
20
6.3340540944881889
11
-3.0192511811023621
21
6.3340540944881889
0
LINE
8
BLACK
6
CONTINUOUS
10
-3.0192511811023621
20
6.3340540944881889
11
-3.0192511417322834
21
6.3340540944881889
0
LINE
8
BLACK
6
CONTINUOUS
10
-3.0192511417322834
20
6.3340540944881889
11
-3.01836937007874
21
6.3336888188976372
0
LINE
8
BLACK
6
CONTINUOUS
10
-2.963008188976378
20
6.3312419291338582
11
-2.9608793700787399
21
6.330360118110236
0
LINE
8
BLACK
6
CONTINUOUS
10
-2.9608793700787399
20
6.330360118110236
11
-2.9592500787401574
21
6.3287308267716531
0
LINE
8
BLACK
6
CONTINUOUS
10
-2.9592500787401574
20
6.3287308267716531
11
-2.9583682677165353
21
6.3266020078740155
0
LINE
8
BLACK
6
CONTINUOUS
10
-2.9583682677165353
20
6.3266020078740155
11
-2.9583682677165353
21
6.324297755905512
0
LINE
8
BLACK
6
CONTINUOUS
10
-2.9583682677165353
20
6.324297755905512
11
-2.9592500787401574
21
6.3221689370078735
0
LINE
8
BLACK
6
CONTINUOUS
10
-2.9592500787401574
20
6.3221689370078735
11
-2.9608793700787399
21
6.3205396456692915
0
LINE
8
BLACK
6
CONTINUOUS
10
-2.9608793700787399
20
6.3205396456692915
11
-2.963008188976378
21
6.3196578346456693
0
LINE
8
BLACK
6
CONTINUOUS
10
-2.963008188976378
20
6.3196578346456693
11
-2.9641603149606297
21
6.3195443700787397
0
LINE
8
BLACK
6
CONTINUOUS
10
-2.9641603149606297
20
6.3195443700787397
11
-3.0035303937007871
21
6.3195443700787397
0
LINE
8
BLACK
6
CONTINUOUS
10
-3.0035303937007871
20
6.3195443700787397
11
-3.0046825196850393
21
6.3196578346456693
0
LINE
8
BLACK
6
CONTINUOUS
10
-3.0046825196850393
20
6.3196578346456693
11
-3.0068113385826769
21
6.3205396456692915
0
LINE
8
BLACK
6
CONTINUOUS
10
-3.0068113385826769
20
6.3205396456692915
11
-3.0084406299212598
21
6.3221689370078735
0
LINE
8
BLACK
6
CONTINUOUS
10
-3.0084406299212598
20
6.3221689370078735
11
-3.009322440944882
21
6.324297755905512
0
LINE
8
BLACK
6
CONTINUOUS
10
-3.009322440944882
20
6.324297755905512
11
-3.009322440944882
21
6.3266020078740155
0
LINE
8
BLACK
6
CONTINUOUS
10
-3.009322440944882
20
6.3266020078740155
11
-3.0084406299212598
21
6.3287308267716531
0
LINE
8
BLACK
6
CONTINUOUS
10
-3.0084406299212598
20
6.3287308267716531
11
-3.0068113385826769
21
6.330360118110236
0
LINE
8
BLACK
6
CONTINUOUS
10
-3.0068113385826769
20
6.330360118110236
11
-3.0046825196850393
21
6.3312419291338582
0
LINE
8
BLACK
6
CONTINUOUS
10
-3.0046825196850393
20
6.3312419291338582
11
-3.0035303937007871
21
6.3313553937007869
0
LINE
8
BLACK
6
CONTINUOUS
10
-3.0035303937007871
20
6.3313553937007869
11
-2.9641603149606297
21
6.3313553937007869
0
LINE
8
BLACK
6
CONTINUOUS
10
-2.9641603149606297
20
6.3313553937007869
11
-2.963008188976378
21
6.3312419291338582
0
LINE
8
BLACK
6
CONTINUOUS
10
-2.963008188976378
20
6.3846727952755904
11
-2.9608793700787399
21
6.3837909842519682
0
LINE
8
BLACK
6
CONTINUOUS
10
-2.9608793700787399
20
6.3837909842519682
11
-2.9592500787401574
21
6.3821616929133853
0
LINE
8
BLACK
6
CONTINUOUS
10
-2.9592500787401574
20
6.3821616929133853
11
-2.9583682677165353
21
6.3800328740157477
0
LINE
8
BLACK
6
CONTINUOUS
10
-2.9583682677165353
20
6.3800328740157477
11
-2.9583682677165353
21
6.3777286220472442
0
LINE
8
BLACK
6
CONTINUOUS
10
-2.9583682677165353
20
6.3777286220472442
11
-2.9592500787401574
21
6.3755998031496057
0
LINE
8
BLACK
6
CONTINUOUS
10
-2.9592500787401574
20
6.3755998031496057
11
-2.9608793700787399
21
6.3739705118110237
0
LINE
8
BLACK
6
CONTINUOUS
10
-2.9608793700787399
20
6.3739705118110237
11
-2.963008188976378
21
6.3730887007874015
0
LINE
8
BLACK
6
CONTINUOUS
10
-2.963008188976378
20
6.3730887007874015
11
-2.9641603149606297
21
6.3729752362204719
0
LINE
8
BLACK
6
CONTINUOUS
10
-2.9641603149606297
20
6.3729752362204719
11
-2.993699842519685
21
6.3729752362204719
0
LINE
8
BLACK
6
CONTINUOUS
10
-2.993699842519685
20
6.3729752362204719
11
-2.996316535433071
21
6.3716668897637794
0
LINE
8
BLACK
6
CONTINUOUS
10
-2.996316535433071
20
6.3716668897637794
11
-2.9976248818897635
21
6.3690501574803147
0
LINE
8
BLACK
6
CONTINUOUS
10
-2.9976248818897635
20
6.3690501574803147
11
-2.9976248818897635
21
6.3634019291338584
0
LINE
8
BLACK
6
CONTINUOUS
10
-2.9976248818897635
20
6.3634019291338584
11
-2.9958647637795277
21
6.3598816535433071
0
LINE
8
BLACK
6
CONTINUOUS
10
-2.9958647637795277
20
6.3598816535433071
11
-2.9954599212598425
21
6.359476889763779
0
LINE
8
BLACK
6
CONTINUOUS
10
-2.9954599212598425
20
6.359476889763779
11
-2.9641603149606297
21
6.359476889763779
0
LINE
8
BLACK
6
CONTINUOUS
10
-2.9641603149606297
20
6.359476889763779
11
-2.963008188976378
21
6.3593634251968503
0
LINE
8
BLACK
6
CONTINUOUS
10
-2.963008188976378
20
6.3593634251968503
11
-2.9608793700787399
21
6.3584816141732281
0
LINE
8
BLACK
6
CONTINUOUS
10
-2.9608793700787399
20
6.3584816141732281
11
-2.9592500787401574
21
6.3568523228346452
0
LINE
8
BLACK
6
CONTINUOUS
10
-2.9592500787401574
20
6.3568523228346452
11
-2.9583682677165353
21
6.3547235039370076
0
LINE
8
BLACK
6
CONTINUOUS
10
-2.9583682677165353
20
6.3547235039370076
11
-2.9583682677165353
21
6.3524192519685041
0
LINE
8
BLACK
6
CONTINUOUS
10
-2.9583682677165353
20
6.3524192519685041
11
-2.9592500787401574
21
6.3502904330708656
0
LINE
8
BLACK
6
CONTINUOUS
10
-2.9592500787401574
20
6.3502904330708656
11
-2.9608793700787399
21
6.3486611417322836
0
LINE
8
BLACK
6
CONTINUOUS
10
-2.9608793700787399
20
6.3486611417322836
11
-2.963008188976378
21
6.3477793307086614
0
LINE
8
BLACK
6
CONTINUOUS
10
-2.963008188976378
20
6.3477793307086614
11
-2.9641603149606297
21
6.3476658661417318
0
LINE
8
BLACK
6
CONTINUOUS
10
-2.9641603149606297
20
6.3476658661417318
11
-3.0035303937007871
21
6.3476658661417318
0
LINE
8
BLACK
6
CONTINUOUS
10
-3.0035303937007871
20
6.3476658661417318
11
-3.0046825196850393
21
6.3477793307086614
0
LINE
8
BLACK
6
CONTINUOUS
10
-3.0046825196850393
20
6.3477793307086614
11
-3.0068113385826769
21
6.3486611417322836
0
LINE
8
BLACK
6
CONTINUOUS
10
-3.0068113385826769
20
6.3486611417322836
11
-3.0084406299212598
21
6.3502904330708656
0
LINE
8
BLACK
6
CONTINUOUS
10
-3.0084406299212598
20
6.3502904330708656
11
-3.009322440944882
21
6.3524192519685041
0
LINE
8
BLACK
6
CONTINUOUS
10
-3.009322440944882
20
6.3524192519685041
11
-3.009322440944882
21
6.3547235039370076
0
LINE
8
BLACK
6
CONTINUOUS
10
-3.009322440944882
20
6.3547235039370076
11
-3.0084406299212598
21
6.3568523228346452
0
LINE
8
BLACK
6
CONTINUOUS
10
-3.0084406299212598
20
6.3568523228346452
11
-3.0078503543307087
21
6.3574425984251963
0
LINE
8
BLACK
6
CONTINUOUS
10
-3.0078503543307087
20
6.3574425984251963
11
-3.0088124409448818
21
6.3593668110236221
0
LINE
8
BLACK
6
CONTINUOUS
10
-3.0088124409448818
20
6.3593668110236221
11
-3.009226181102362
21
6.3604480314960625
0
LINE
8
BLACK
6
CONTINUOUS
10
-3.009226181102362
20
6.3604480314960625
11
-3.009241220472441
21
6.3606596062992127
0
LINE
8
BLACK
6
CONTINUOUS
10
-3.009241220472441
20
6.3606596062992127
11
-3.009322440944882
21
6.3608557086614175
0
LINE
8
BLACK
6
CONTINUOUS
10
-3.009322440944882
20
6.3608557086614175
11
-3.0094359055118112
21
6.3620078346456692
0
LINE
8
BLACK
6
CONTINUOUS
10
-3.0094359055118112
20
6.3620078346456692
11
-3.0094359055118112
21
6.3704442913385826
0
LINE
8
BLACK
6
CONTINUOUS
10
-3.0094359055118112
20
6.3704442913385826
11
-3.009322440944882
21
6.3715964173228343
0
LINE
8
BLACK
6
CONTINUOUS
10
-3.009322440944882
20
6.3715964173228343
11
-3.009241220472441
21
6.3717924803149604
0
LINE
8
BLACK
6
CONTINUOUS
10
-3.009241220472441
20
6.3717924803149604
11
-3.009226181102362
21
6.3720040944881893
0
LINE
8
BLACK
6
CONTINUOUS
10
-3.009226181102362
20
6.3720040944881893
11
-3.0088124409448818
21
6.3730853149606297
0
LINE
8
BLACK
6
CONTINUOUS
10
-3.0088124409448818
20
6.3730853149606297
11
-3.0060002755905511
21
6.3787096062992124
0
LINE
8
BLACK
6
CONTINUOUS
10
-3.0060002755905511
20
6.3787096062992124
11
-3.005879094488189
21
6.3789021259842515
0
LINE
8
BLACK
6
CONTINUOUS
10
-3.005879094488189
20
6.3789021259842515
11
-3.00584874015748
21
6.3789931496062993
0
LINE
8
BLACK
6
CONTINUOUS
10
-3.00584874015748
20
6.3789931496062993
11
-3.005750472440945
21
6.379106456692913
0
LINE
8
BLACK
6
CONTINUOUS
10
-3.005750472440945
20
6.379106456692913
11
-3.0053835433070866
21
6.37968937007874
0
LINE
8
BLACK
6
CONTINUOUS
10
-3.0053835433070866
20
6.37968937007874
11
-3.0048242125984252
21
6.3801744488188978
0
LINE
8
BLACK
6
CONTINUOUS
10
-3.0048242125984252
20
6.3801744488188978
11
-3.0043390157480316
21
6.3807338976377954
0
LINE
8
BLACK
6
CONTINUOUS
10
-3.0043390157480316
20
6.3807338976377954
11
-3.0037559842519683
21
6.3811009055118113
0
LINE
8
BLACK
6
CONTINUOUS
10
-3.0037559842519683
20
6.3811009055118113
11
-3.0036427952755904
21
6.3811990551181097
0
LINE
8
BLACK
6
CONTINUOUS
10
-3.0036427952755904
20
6.3811990551181097
11
-3.0035519685039369
21
6.3812293307086616
0
LINE
8
BLACK
6
CONTINUOUS
10
-3.0035519685039369
20
6.3812293307086616
11
-3.003359251968504
21
6.3813506299212595
0
LINE
8
BLACK
6
CONTINUOUS
10
-3.003359251968504
20
6.3813506299212595
11
-2.997735
21
6.3841627952755902
0
LINE
8
BLACK
6
CONTINUOUS
10
-2.997735
20
6.3841627952755902
11
-2.9966537401574804
21
6.3845765354330704
0
LINE
8
BLACK
6
CONTINUOUS
10
-2.9966537401574804
20
6.3845765354330704
11
-2.9964421653543307
21
6.3845915354330707
0
LINE
8
BLACK
6
CONTINUOUS
10
-2.9964421653543307
20
6.3845915354330707
11
-2.9962460629921259
21
6.3846727952755904
0
LINE
8
BLACK
6
CONTINUOUS
10
-2.9962460629921259
20
6.3846727952755904
11
-2.9950939370078737
21
6.3847862598425191
0
LINE
8
BLACK
6
CONTINUOUS
10
-2.9950939370078737
20
6.3847862598425191
11
-2.9641603149606297
21
6.3847862598425191
0
LINE
8
BLACK
6
CONTINUOUS
10
-2.9641603149606297
20
6.3847862598425191
11
-2.963008188976378
21
6.3846727952755904
0
LINE
8
BLACK
6
CONTINUOUS
10
-3.9642525590551179
20
7.2090074409448821
11
-3.9636678740157478
21
7.2090074409448821
0
LINE
8
BLACK
6
CONTINUOUS
10
-3.9636678740157478
20
7.2090074409448821
11
-3.9631334645669289
21
7.2087860629921261
0
LINE
8
BLACK
6
CONTINUOUS
10
-3.9631334645669289
20
7.2087860629921261
11
-3.9625657874015747
21
7.2086737795275591
0
LINE
8
BLACK
6
CONTINUOUS
10
-3.9625657874015747
20
7.2086737795275591
11
-3.9620791732283465
21
7.2083493307086615
0
LINE
8
BLACK
6
CONTINUOUS
10
-3.9620791732283465
20
7.2083493307086615
11
-3.9615390551181102
21
7.2081256299212599
0
LINE
8
BLACK
6
CONTINUOUS
10
-3.9615390551181102
20
7.2081256299212599
11
-3.9611300393700786
21
7.2077166141732283
0
LINE
8
BLACK
6
CONTINUOUS
10
-3.9611300393700786
20
7.2077166141732283
11
-3.9606485039370076
21
7.2073955905511813
0
LINE
8
BLACK
6
CONTINUOUS
10
-3.9606485039370076
20
7.2073955905511813
11
-3.9603231102362204
21
7.2069096456692909
0
LINE
8
BLACK
6
CONTINUOUS
10
-3.9603231102362204
20
7.2069096456692909
11
-3.9599097637795273
21
7.206496338582677
0
LINE
8
BLACK
6
CONTINUOUS
10
-3.9599097637795273
20
7.206496338582677
11
-3.9596883858267717
21
7.2059618110236219
0
LINE
8
BLACK
6
CONTINUOUS
10
-3.9596883858267717
20
7.2059618110236219
11
-3.9593663779527559
21
7.2054810236220472
0
LINE
8
BLACK
6
CONTINUOUS
10
-3.9593663779527559
20
7.2054810236220472
11
-3.9592517322834646
21
7.2049076771653544
0
LINE
8
BLACK
6
CONTINUOUS
10
-3.9592517322834646
20
7.2049076771653544
11
-3.9590279527559056
21
7.2043675196850394
0
LINE
8
BLACK
6
CONTINUOUS
10
-3.9590279527559056
20
7.2043675196850394
11
-3.9589157086614173
21
7.2032276377952753
0
LINE
8
BLACK
6
CONTINUOUS
10
-3.9589157086614173
20
7.2032276377952753
11
-3.9589144881889764
21
7.2032216141732279
0
LINE
8
BLACK
6
CONTINUOUS
10
-3.9589144881889764
20
7.2032216141732279
11
-3.9589149212598422
21
7.2032195275590549
0
LINE
8
BLACK
6
CONTINUOUS
10
-3.9589149212598422
20
7.2032195275590549
11
-3.9589144881889764
21
7.2032153937007877
0
LINE
8
BLACK
6
CONTINUOUS
10
-3.9589144881889764
20
7.2032153937007877
11
-3.9589144881889764
21
7.1500657874015747
0
LINE
8
BLACK
6
CONTINUOUS
10
-3.9589144881889764
20
7.1500657874015747
11
-3.9479470866141733
21
7.1500657874015747
0
LINE
8
BLACK
6
CONTINUOUS
10
-3.9479470866141733
20
7.1500657874015747
11
-3.9467949606299211
21
7.1499523228346451
0
LINE
8
BLACK
6
CONTINUOUS
10
-3.9467949606299211
20
7.1499523228346451
11
-3.9446661417322835
21
7.1490705118110238
0
LINE
8
BLACK
6
CONTINUOUS
10
-3.9446661417322835
20
7.1490705118110238
11
-3.9430368503937006
21
7.1474412204724409
0
LINE
8
BLACK
6
CONTINUOUS
10
-3.9430368503937006
20
7.1474412204724409
11
-3.9421550393700788
21
7.1453124015748033
0
LINE
8
BLACK
6
CONTINUOUS
10
-3.9421550393700788
20
7.1453124015748033
11
-3.9421550393700788
21
7.1430081496062989
0
LINE
8
BLACK
6
CONTINUOUS
10
-3.9421550393700788
20
7.1430081496062989
11
-3.9430368503937006
21
7.1408793307086613
0
LINE
8
BLACK
6
CONTINUOUS
10
-3.9430368503937006
20
7.1408793307086613
11
-3.9446661417322835
21
7.1392500393700784
0
LINE
8
BLACK
6
CONTINUOUS
10
-3.9446661417322835
20
7.1392500393700784
11
-3.9467949606299211
21
7.1383682283464562
0
LINE
8
BLACK
6
CONTINUOUS
10
-3.9467949606299211
20
7.1383682283464562
11
-3.9479470866141733
21
7.1382547637795275
0
LINE
8
BLACK
6
CONTINUOUS
10
-3.9479470866141733
20
7.1382547637795275
11
-3.981692874015748
21
7.1382547637795275
0
LINE
8
BLACK
6
CONTINUOUS
10
-3.981692874015748
20
7.1382547637795275
11
-3.9828449999999997
21
7.1383682283464562
0
LINE
8
BLACK
6
CONTINUOUS
10
-3.9828449999999997
20
7.1383682283464562
11
-3.9849738188976378
21
7.1392500393700784
0
LINE
8
BLACK
6
CONTINUOUS
10
-3.9849738188976378
20
7.1392500393700784
11
-3.9866031102362203
21
7.1408793307086613
0
LINE
8
BLACK
6
CONTINUOUS
10
-3.9866031102362203
20
7.1408793307086613
11
-3.9874849212598424
21
7.1430081496062989
0
LINE
8
BLACK
6
CONTINUOUS
10
-3.9874849212598424
20
7.1430081496062989
11
-3.9874849212598424
21
7.1453124015748033
0
LINE
8
BLACK
6
CONTINUOUS
10
-3.9874849212598424
20
7.1453124015748033
11
-3.9866031102362203
21
7.1474412204724409
0
LINE
8
BLACK
6
CONTINUOUS
10
-3.9866031102362203
20
7.1474412204724409
11
-3.9849738188976378
21
7.1490705118110238
0
LINE
8
BLACK
6
CONTINUOUS
10
-3.9849738188976378
20
7.1490705118110238
11
-3.9828449999999997
21
7.1499523228346451
0
LINE
8
BLACK
6
CONTINUOUS
10
-3.9828449999999997
20
7.1499523228346451
11
-3.981692874015748
21
7.1500657874015747
0
LINE
8
BLACK
6
CONTINUOUS
10
-3.981692874015748
20
7.1500657874015747
11
-3.9707255118110236
21
7.1500657874015747
0
LINE
8
BLACK
6
CONTINUOUS
10
-3.9707255118110236
20
7.1500657874015747
11
-3.9707255118110236
21
7.1861460629921261
0
LINE
8
BLACK
6
CONTINUOUS
10
-3.9707255118110236
20
7.1861460629921261
11
-3.9718927559055119
21
7.1849788188976378
0
LINE
8
BLACK
6
CONTINUOUS
10
-3.9718927559055119
20
7.1849788188976378
11
-3.9723455905511811
21
7.1846071653543309
0
LINE
8
BLACK
6
CONTINUOUS
10
-3.9723455905511811
20
7.1846071653543309
11
-3.9724477952755906
21
7.1844893307086615
0
LINE
8
BLACK
6
CONTINUOUS
10
-3.9724477952755906
20
7.1844893307086615
11
-3.9726255118110236
21
7.1843774803149607
0
LINE
8
BLACK
6
CONTINUOUS
10
-3.9726255118110236
20
7.1843774803149607
11
-3.9727876771653543
21
7.1842443700787397
0
LINE
8
BLACK
6
CONTINUOUS
10
-3.9727876771653543
20
7.1842443700787397
11
-3.9729317716535433
21
7.1841846850393702
0
LINE
8
BLACK
6
CONTINUOUS
10
-3.9729317716535433
20
7.1841846850393702
11
-3.9734275590551182
21
7.1838725984251965
0
LINE
8
BLACK
6
CONTINUOUS
10
-3.9734275590551182
20
7.1838725984251965
11
-3.9790518503937009
21
7.1810604724409446
0
LINE
8
BLACK
6
CONTINUOUS
10
-3.9790518503937009
20
7.1810604724409446
11
-3.9801331102362205
21
7.1806466929133856
0
LINE
8
BLACK
6
CONTINUOUS
10
-3.9801331102362205
20
7.1806466929133856
11
-3.9824315354330708
21
7.1804833858267711
0
LINE
8
BLACK
6
CONTINUOUS
10
-3.9824315354330708
20
7.1804833858267711
11
-3.984617440944882
21
7.1812120472440943
0
LINE
8
BLACK
6
CONTINUOUS
10
-3.984617440944882
20
7.1812120472440943
11
-3.9863581889763777
21
7.1827217716535428
0
LINE
8
BLACK
6
CONTINUOUS
10
-3.9863581889763777
20
7.1827217716535428
11
-3.9873887007874016
21
7.1847827559055117
0
LINE
8
BLACK
6
CONTINUOUS
10
-3.9873887007874016
20
7.1847827559055117
11
-3.9875520078740156
21
7.1870811811023616
0
LINE
8
BLACK
6
CONTINUOUS
10
-3.9875520078740156
20
7.1870811811023616
11
-3.9868233464566929
21
7.1892670866141728
0
LINE
8
BLACK
6
CONTINUOUS
10
-3.9868233464566929
20
7.1892670866141728
11
-3.985313622047244
21
7.191007834645669
0
LINE
8
BLACK
6
CONTINUOUS
10
-3.985313622047244
20
7.191007834645669
11
-3.9843338976377951
21
7.1916245669291339
0
LINE
8
BLACK
6
CONTINUOUS
10
-3.9843338976377951
20
7.1916245669291339
11
-3.9795668110236218
21
7.1940080708661416
0
LINE
8
BLACK
6
CONTINUOUS
10
-3.9795668110236218
20
7.1940080708661416
11
-3.9750336614173229
21
7.1985412204724408
0
LINE
8
BLACK
6
CONTINUOUS
10
-3.9750336614173229
20
7.1985412204724408
11
-3.9697336614173229
21
7.2064911811023622
0
LINE
8
BLACK
6
CONTINUOUS
10
-3.9697336614173229
20
7.2064911811023622
11
-3.9697310629921261
21
7.2064943307086615
0
LINE
8
BLACK
6
CONTINUOUS
10
-3.9697310629921261
20
7.2064943307086615
11
-3.9697302362204723
21
7.206496338582677
0
LINE
8
BLACK
6
CONTINUOUS
10
-3.9697302362204723
20
7.206496338582677
11
-3.9697258661417321
21
7.2065007086614168
0
LINE
8
BLACK
6
CONTINUOUS
10
-3.9697258661417321
20
7.2065007086614168
11
-3.9690001968503936
21
7.2073868897637796
0
LINE
8
BLACK
6
CONTINUOUS
10
-3.9690001968503936
20
7.2073868897637796
11
-3.9685142913385825
21
7.2077122834645664
0
LINE
8
BLACK
6
CONTINUOUS
10
-3.9685142913385825
20
7.2077122834645664
11
-3.9681009448818898
21
7.2081256299212599
0
LINE
8
BLACK
6
CONTINUOUS
10
-3.9681009448818898
20
7.2081256299212599
11
-3.9675664566929134
21
7.2083470078740159
0
LINE
8
BLACK
6
CONTINUOUS
10
-3.9675664566929134
20
7.2083470078740159
11
-3.9670856299212596
21
7.2086690157480318
0
LINE
8
BLACK
6
CONTINUOUS
10
-3.9670856299212596
20
7.2086690157480318
11
-3.9665123622047243
21
7.2087836614173231
0
LINE
8
BLACK
6
CONTINUOUS
10
-3.9665123622047243
20
7.2087836614173231
11
-3.9659721259842518
21
7.2090074409448821
0
LINE
8
BLACK
6
CONTINUOUS
10
-3.9659721259842518
20
7.2090074409448821
11
-3.9653935039370078
21
7.2090074409448821
0
LINE
8
BLACK
6
CONTINUOUS
10
-3.9653935039370078
20
7.2090074409448821
11
-3.964826181102362
21
7.2091209055118108
0
LINE
8
BLACK
6
CONTINUOUS
10
-3.964826181102362
20
7.2091209055118108
11
-3.9642525590551179
21
7.2090074409448821
0
LINE
8
BLACK
6
CONTINUOUS
10
-3.8798881102362204
20
7.2090074409448821
11
-3.8793034251968503
21
7.2090074409448821
0
LINE
8
BLACK
6
CONTINUOUS
10
-3.8793034251968503
20
7.2090074409448821
11
-3.8787690157480315
21
7.2087860629921261
0
LINE
8
BLACK
6
CONTINUOUS
10
-3.8787690157480315
20
7.2087860629921261
11
-3.8782013385826772
21
7.2086737795275591
0
LINE
8
BLACK
6
CONTINUOUS
10
-3.8782013385826772
20
7.2086737795275591
11
-3.8777147244094485
21
7.2083493307086615
0
LINE
8
BLACK
6
CONTINUOUS
10
-3.8777147244094485
20
7.2083493307086615
11
-3.8771746062992123
21
7.2081256299212599
0
LINE
8
BLACK
6
CONTINUOUS
10
-3.8771746062992123
20
7.2081256299212599
11
-3.8767655905511811
21
7.2077166141732283
0
LINE
8
BLACK
6
CONTINUOUS
10
-3.8767655905511811
20
7.2077166141732283
11
-3.8762840551181101
21
7.2073955905511813
0
LINE
8
BLACK
6
CONTINUOUS
10
-3.8762840551181101
20
7.2073955905511813
11
-3.8759586614173229
21
7.2069096456692909
0
LINE
8
BLACK
6
CONTINUOUS
10
-3.8759586614173229
20
7.2069096456692909
11
-3.8755453149606298
21
7.206496338582677
0
LINE
8
BLACK
6
CONTINUOUS
10
-3.8755453149606298
20
7.206496338582677
11
-3.8753239370078738
21
7.2059618110236219
0
LINE
8
BLACK
6
CONTINUOUS
10
-3.8753239370078738
20
7.2059618110236219
11
-3.875001929133858
21
7.2054810236220472
0
LINE
8
BLACK
6
CONTINUOUS
10
-3.875001929133858
20
7.2054810236220472
11
-3.8748872834645667
21
7.2049076771653544
0
LINE
8
BLACK
6
CONTINUOUS
10
-3.8748872834645667
20
7.2049076771653544
11
-3.8746635039370076
21
7.2043675196850394
0
LINE
8
BLACK
6
CONTINUOUS
10
-3.8746635039370076
20
7.2043675196850394
11
-3.8745512598425198
21
7.2032276377952753
0
LINE
8
BLACK
6
CONTINUOUS
10
-3.8745512598425198
20
7.2032276377952753
11
-3.8745500393700785
21
7.2032216141732279
0
LINE
8
BLACK
6
CONTINUOUS
10
-3.8745500393700785
20
7.2032216141732279
11
-3.8745504724409447
21
7.2032195275590549
0
LINE
8
BLACK
6
CONTINUOUS
10
-3.8745504724409447
20
7.2032195275590549
11
-3.8745500393700785
21
7.2032153937007877
0
LINE
8
BLACK
6
CONTINUOUS
10
-3.8745500393700785
20
7.2032153937007877
11
-3.8745500393700785
21
7.1500657874015747
0
LINE
8
BLACK
6
CONTINUOUS
10
-3.8745500393700785
20
7.1500657874015747
11
-3.8635826377952753
21
7.1500657874015747
0
LINE
8
BLACK
6
CONTINUOUS
10
-3.8635826377952753
20
7.1500657874015747
11
-3.8624305118110236
21
7.1499523228346451
0
LINE
8
BLACK
6
CONTINUOUS
10
-3.8624305118110236
20
7.1499523228346451
11
-3.8603016929133855
21
7.1490705118110238
0
LINE
8
BLACK
6
CONTINUOUS
10
-3.8603016929133855
20
7.1490705118110238
11
-3.8586724015748031
21
7.1474412204724409
0
LINE
8
BLACK
6
CONTINUOUS
10
-3.8586724015748031
20
7.1474412204724409
11
-3.8577905905511809
21
7.1453124015748033
0
LINE
8
BLACK
6
CONTINUOUS
10
-3.8577905905511809
20
7.1453124015748033
11
-3.8577905905511809
21
7.1430081496062989
0
LINE
8
BLACK
6
CONTINUOUS
10
-3.8577905905511809
20
7.1430081496062989
11
-3.8586724015748031
21
7.1408793307086613
0
LINE
8
BLACK
6
CONTINUOUS
10
-3.8586724015748031
20
7.1408793307086613
11
-3.8603016929133855
21
7.1392500393700784
0
LINE
8
BLACK
6
CONTINUOUS
10
-3.8603016929133855
20
7.1392500393700784
11
-3.8624305118110236
21
7.1383682283464562
0
LINE
8
BLACK
6
CONTINUOUS
10
-3.8624305118110236
20
7.1383682283464562
11
-3.8635826377952753
21
7.1382547637795275
0
LINE
8
BLACK
6
CONTINUOUS
10
-3.8635826377952753
20
7.1382547637795275
11
-3.8973284251968505
21
7.1382547637795275
0
LINE
8
BLACK
6
CONTINUOUS
10
-3.8973284251968505
20
7.1382547637795275
11
-3.8984805511811023
21
7.1383682283464562
0
LINE
8
BLACK
6
CONTINUOUS
10
-3.8984805511811023
20
7.1383682283464562
11
-3.9006093700787399
21
7.1392500393700784
0
LINE
8
BLACK
6
CONTINUOUS
10
-3.9006093700787399
20
7.1392500393700784
11
-3.9022386614173228
21
7.1408793307086613
0
LINE
8
BLACK
6
CONTINUOUS
10
-3.9022386614173228
20
7.1408793307086613
11
-3.903120472440945
21
7.1430081496062989
0
LINE
8
BLACK
6
CONTINUOUS
10
-3.903120472440945
20
7.1430081496062989
11
-3.903120472440945
21
7.1453124015748033
0
LINE
8
BLACK
6
CONTINUOUS
10
-3.903120472440945
20
7.1453124015748033
11
-3.9022386614173228
21
7.1474412204724409
0
LINE
8
BLACK
6
CONTINUOUS
10
-3.9022386614173228
20
7.1474412204724409
11
-3.9006093700787399
21
7.1490705118110238
0
LINE
8
BLACK
6
CONTINUOUS
10
-3.9006093700787399
20
7.1490705118110238
11
-3.8984805511811023
21
7.1499523228346451
0
LINE
8
BLACK
6
CONTINUOUS
10
-3.8984805511811023
20
7.1499523228346451
11
-3.8973284251968505
21
7.1500657874015747
0
LINE
8
BLACK
6
CONTINUOUS
10
-3.8973284251968505
20
7.1500657874015747
11
-3.8863610629921257
21
7.1500657874015747
0
LINE
8
BLACK
6
CONTINUOUS
10
-3.8863610629921257
20
7.1500657874015747
11
-3.8863610629921257
21
7.1861460629921261
0
LINE
8
BLACK
6
CONTINUOUS
10
-3.8863610629921257
20
7.1861460629921261
11
-3.887528307086614
21
7.1849788188976378
0
LINE
8
BLACK
6
CONTINUOUS
10
-3.887528307086614
20
7.1849788188976378
11
-3.8879811417322836
21
7.1846071653543309
0
LINE
8
BLACK
6
CONTINUOUS
10
-3.8879811417322836
20
7.1846071653543309
11
-3.8880833464566926
21
7.1844893307086615
0
LINE
8
BLACK
6
CONTINUOUS
10
-3.8880833464566926
20
7.1844893307086615
11
-3.8882610629921257
21
7.1843774803149607
0
LINE
8
BLACK
6
CONTINUOUS
10
-3.8882610629921257
20
7.1843774803149607
11
-3.8884232283464568
21
7.1842443700787397
0
LINE
8
BLACK
6
CONTINUOUS
10
-3.8884232283464568
20
7.1842443700787397
11
-3.8885673228346458
21
7.1841846850393702
0
LINE
8
BLACK
6
CONTINUOUS
10
-3.8885673228346458
20
7.1841846850393702
11
-3.8890631102362203
21
7.1838725984251965
0
LINE
8
BLACK
6
CONTINUOUS
10
-3.8890631102362203
20
7.1838725984251965
11
-3.894687401574803
21
7.1810604724409446
0
LINE
8
BLACK
6
CONTINUOUS
10
-3.894687401574803
20
7.1810604724409446
11
-3.8957686614173226
21
7.1806466929133856
0
LINE
8
BLACK
6
CONTINUOUS
10
-3.8957686614173226
20
7.1806466929133856
11
-3.8980670866141733
21
7.1804833858267711
0
LINE
8
BLACK
6
CONTINUOUS
10
-3.8980670866141733
20
7.1804833858267711
11
-3.9002529921259841
21
7.1812120472440943
0
LINE
8
BLACK
6
CONTINUOUS
10
-3.9002529921259841
20
7.1812120472440943
11
-3.9019937401574802
21
7.1827217716535428
0
LINE
8
BLACK
6
CONTINUOUS
10
-3.9019937401574802
20
7.1827217716535428
11
-3.9030242519685037
21
7.1847827559055117
0
LINE
8
BLACK
6
CONTINUOUS
10
-3.9030242519685037
20
7.1847827559055117
11
-3.9031875590551182
21
7.1870811811023616
0
LINE
8
BLACK
6
CONTINUOUS
10
-3.9031875590551182
20
7.1870811811023616
11
-3.902458897637795
21
7.1892670866141728
0
LINE
8
BLACK
6
CONTINUOUS
10
-3.902458897637795
20
7.1892670866141728
11
-3.9009491732283466
21
7.191007834645669
0
LINE
8
BLACK
6
CONTINUOUS
10
-3.9009491732283466
20
7.191007834645669
11
-3.8999694488188976
21
7.1916245669291339
0
LINE
8
BLACK
6
CONTINUOUS
10
-3.8999694488188976
20
7.1916245669291339
11
-3.8952023622047243
21
7.1940080708661416
0
LINE
8
BLACK
6
CONTINUOUS
10
-3.8952023622047243
20
7.1940080708661416
11
-3.890669212598425
21
7.1985412204724408
0
LINE
8
BLACK
6
CONTINUOUS
10
-3.890669212598425
20
7.1985412204724408
11
-3.8853692125984249
21
7.2064911811023622
0
LINE
8
BLACK
6
CONTINUOUS
10
-3.8853692125984249
20
7.2064911811023622
11
-3.8853666141732282
21
7.2064943307086615
0
LINE
8
BLACK
6
CONTINUOUS
10
-3.8853666141732282
20
7.2064943307086615
11
-3.8853657874015748
21
7.206496338582677
0
LINE
8
BLACK
6
CONTINUOUS
10
-3.8853657874015748
20
7.206496338582677
11
-3.8853614173228346
21
7.2065007086614168
0
LINE
8
BLACK
6
CONTINUOUS
10
-3.8853614173228346
20
7.2065007086614168
11
-3.8846357480314961
21
7.2073868897637796
0
LINE
8
BLACK
6
CONTINUOUS
10
-3.8846357480314961
20
7.2073868897637796
11
-3.884149842519685
21
7.2077122834645664
0
LINE
8
BLACK
6
CONTINUOUS
10
-3.884149842519685
20
7.2077122834645664
11
-3.8837364960629919
21
7.2081256299212599
0
LINE
8
BLACK
6
CONTINUOUS
10
-3.8837364960629919
20
7.2081256299212599
11
-3.8832020078740155
21
7.2083470078740159
0
LINE
8
BLACK
6
CONTINUOUS
10
-3.8832020078740155
20
7.2083470078740159
11
-3.8827211811023621
21
7.2086690157480318
0
LINE
8
BLACK
6
CONTINUOUS
10
-3.8827211811023621
20
7.2086690157480318
11
-3.8821479133858268
21
7.2087836614173231
0
LINE
8
BLACK
6
CONTINUOUS
10
-3.8821479133858268
20
7.2087836614173231
11
-3.8816076771653543
21
7.2090074409448821
0
LINE
8
BLACK
6
CONTINUOUS
10
-3.8816076771653543
20
7.2090074409448821
11
-3.8810290551181104
21
7.2090074409448821
0
LINE
8
BLACK
6
CONTINUOUS
10
-3.8810290551181104
20
7.2090074409448821
11
-3.8804617322834645
21
7.2091209055118108
0
LINE
8
BLACK
6
CONTINUOUS
10
-3.8804617322834645
20
7.2091209055118108
11
-3.8798881102362204
21
7.2090074409448821
0
LINE
8
BLACK
6
CONTINUOUS
10
-3.8174361811023623
20
7.2090074409448821
11
-3.8172402362204725
21
7.2089262598425199
0
LINE
8
BLACK
6
CONTINUOUS
10
-3.8172402362204725
20
7.2089262598425199
11
-3.8170285039370078
21
7.2089112204724408
0
LINE
8
BLACK
6
CONTINUOUS
10
-3.8170285039370078
20
7.2089112204724408
11
-3.8159472834645669
21
7.2084974409448819
0
LINE
8
BLACK
6
CONTINUOUS
10
-3.8159472834645669
20
7.2084974409448819
11
-3.8103229527559055
21
7.2056852755905512
0
LINE
8
BLACK
6
CONTINUOUS
10
-3.8103229527559055
20
7.2056852755905512
11
-3.8098271653543305
21
7.2053731496062987
0
LINE
8
BLACK
6
CONTINUOUS
10
-3.8098271653543305
20
7.2053731496062987
11
-3.8096830708661416
21
7.205313503937008
0
LINE
8
BLACK
6
CONTINUOUS
10
-3.8096830708661416
20
7.205313503937008
11
-3.8095209055118109
21
7.2051803543307082
0
LINE
8
BLACK
6
CONTINUOUS
10
-3.8095209055118109
20
7.2051803543307082
11
-3.8093431889763778
21
7.2050685433070862
0
LINE
8
BLACK
6
CONTINUOUS
10
-3.8093431889763778
20
7.2050685433070862
11
-3.8092409842519683
21
7.2049506692913381
0
LINE
8
BLACK
6
CONTINUOUS
10
-3.8092409842519683
20
7.2049506692913381
11
-3.8087881496062992
21
7.2045790551181099
0
LINE
8
BLACK
6
CONTINUOUS
10
-3.8087881496062992
20
7.2045790551181099
11
-3.8059760236220472
21
7.201766929133858
0
LINE
8
BLACK
6
CONTINUOUS
10
-3.8059760236220472
20
7.201766929133858
11
-3.8056043700787399
21
7.2013140551181101
0
LINE
8
BLACK
6
CONTINUOUS
10
-3.8056043700787399
20
7.2013140551181101
11
-3.8054865354330709
21
7.2012118897637798
0
LINE
8
BLACK
6
CONTINUOUS
10
-3.8054865354330709
20
7.2012118897637798
11
-3.8053748031496064
21
7.2010343307086613
0
LINE
8
BLACK
6
CONTINUOUS
10
-3.8053748031496064
20
7.2010343307086613
11
-3.8052415748031496
21
7.2008720472440944
0
LINE
8
BLACK
6
CONTINUOUS
10
-3.8052415748031496
20
7.2008720472440944
11
-3.8051818897637792
21
7.2007278346456696
0
LINE
8
BLACK
6
CONTINUOUS
10
-3.8051818897637792
20
7.2007278346456696
11
-3.8048698031496064
21
7.2002321259842521
0
LINE
8
BLACK
6
CONTINUOUS
10
-3.8048698031496064
20
7.2002321259842521
11
-3.8020576377952757
21
7.1946078740157482
0
LINE
8
BLACK
6
CONTINUOUS
10
-3.8020576377952757
20
7.1946078740157482
11
-3.8016438976377951
21
7.1935266141732281
0
LINE
8
BLACK
6
CONTINUOUS
10
-3.8016438976377951
20
7.1935266141732281
11
-3.8016288976377952
21
7.1933150000000001
0
LINE
8
BLACK
6
CONTINUOUS
10
-3.8016288976377952
20
7.1933150000000001
11
-3.8015476377952755
21
7.1931189370078741
0
LINE
8
BLACK
6
CONTINUOUS
10
-3.8015476377952755
20
7.1931189370078741
11
-3.8014341732283463
21
7.1919668110236215
0
LINE
8
BLACK
6
CONTINUOUS
10
-3.8014341732283463
20
7.1919668110236215
11
-3.8014341732283463
21
7.1891546456692907
0
LINE
8
BLACK
6
CONTINUOUS
10
-3.8014341732283463
20
7.1891546456692907
11
-3.8015476377952755
21
7.188002519685039
0
LINE
8
BLACK
6
CONTINUOUS
10
-3.8015476377952755
20
7.188002519685039
11
-3.8016288976377952
21
7.1878064173228342
0
LINE
8
BLACK
6
CONTINUOUS
10
-3.8016288976377952
20
7.1878064173228342
11
-3.8016438976377951
21
7.1875948425196849
0
LINE
8
BLACK
6
CONTINUOUS
10
-3.8016438976377951
20
7.1875948425196849
11
-3.8020576377952757
21
7.1865135826771649
0
LINE
8
BLACK
6
CONTINUOUS
10
-3.8020576377952757
20
7.1865135826771649
11
-3.8048698031496064
21
7.180889330708661
0
LINE
8
BLACK
6
CONTINUOUS
10
-3.8048698031496064
20
7.180889330708661
11
-3.805181929133858
21
7.1803935039370081
0
LINE
8
BLACK
6
CONTINUOUS
10
-3.805181929133858
20
7.1803935039370081
11
-3.8052415748031496
21
7.1802494488188975
0
LINE
8
BLACK
6
CONTINUOUS
10
-3.8052415748031496
20
7.1802494488188975
11
-3.8053747244094489
21
7.1800872047244093
0
LINE
8
BLACK
6
CONTINUOUS
10
-3.8053747244094489
20
7.1800872047244093
11
-3.8054865354330709
21
7.1799095669291333
0
LINE
8
BLACK
6
CONTINUOUS
10
-3.8054865354330709
20
7.1799095669291333
11
-3.8056044094488186
21
7.1798073228346455
0
LINE
8
BLACK
6
CONTINUOUS
10
-3.8056044094488186
20
7.1798073228346455
11
-3.8059759842519685
21
7.1793545669291339
0
LINE
8
BLACK
6
CONTINUOUS
10
-3.8059759842519685
20
7.1793545669291339
11
-3.8074244881889765
21
7.1779060236220467
0
LINE
8
BLACK
6
CONTINUOUS
10
-3.8074244881889765
20
7.1779060236220467
11
-3.8059760236220472
21
7.1764575984251966
0
LINE
8
BLACK
6
CONTINUOUS
10
-3.8059760236220472
20
7.1764575984251966
11
-3.8056043700787399
21
7.1760047244094487
0
LINE
8
BLACK
6
CONTINUOUS
10
-3.8056043700787399
20
7.1760047244094487
11
-3.8054865354330709
21
7.1759025590551175
0
LINE
8
BLACK
6
CONTINUOUS
10
-3.8054865354330709
20
7.1759025590551175
11
-3.8053748031496064
21
7.1757249999999999
0
LINE
8
BLACK
6
CONTINUOUS
10
-3.8053748031496064
20
7.1757249999999999
11
-3.8052415748031496
21
7.175562716535433
0
LINE
8
BLACK
6
CONTINUOUS
10
-3.8052415748031496
20
7.175562716535433
11
-3.8051818897637792
21
7.1754185039370073
0
LINE
8
BLACK
6
CONTINUOUS
10
-3.8051818897637792
20
7.1754185039370073
11
-3.8048698031496064
21
7.1749227952755907
0
LINE
8
BLACK
6
CONTINUOUS
10
-3.8048698031496064
20
7.1749227952755907
11
-3.8020576377952757
21
7.1692985433070868
0
LINE
8
BLACK
6
CONTINUOUS
10
-3.8020576377952757
20
7.1692985433070868
11
-3.8016438976377951
21
7.1682172834645668
0
LINE
8
BLACK
6
CONTINUOUS
10
-3.8016438976377951
20
7.1682172834645668
11
-3.8016288976377952
21
7.1680056692913388
0
LINE
8
BLACK
6
CONTINUOUS
10
-3.8016288976377952
20
7.1680056692913388
11
-3.8015476377952755
21
7.1678096062992127
0
LINE
8
BLACK
6
CONTINUOUS
10
-3.8015476377952755
20
7.1678096062992127
11
-3.8014341732283463
21
7.1666574803149601
0
LINE
8
BLACK
6
CONTINUOUS
10
-3.8014341732283463
20
7.1666574803149601
11
-3.8014341732283463
21
7.155408858267716
0
LINE
8
BLACK
6
CONTINUOUS
10
-3.8014341732283463
20
7.155408858267716
11
-3.8015476377952755
21
7.1542567322834643
0
LINE
8
BLACK
6
CONTINUOUS
10
-3.8015476377952755
20
7.1542567322834643
11
-3.8016288976377952
21
7.1540606299212595
0
LINE
8
BLACK
6
CONTINUOUS
10
-3.8016288976377952
20
7.1540606299212595
11
-3.8016438976377951
21
7.1538490551181102
0
LINE
8
BLACK
6
CONTINUOUS
10
-3.8016438976377951
20
7.1538490551181102
11
-3.8020576377952757
21
7.1527677952755901
0
LINE
8
BLACK
6
CONTINUOUS
10
-3.8020576377952757
20
7.1527677952755901
11
-3.8048698031496064
21
7.1471435433070862
0
LINE
8
BLACK
6
CONTINUOUS
10
-3.8048698031496064
20
7.1471435433070862
11
-3.8051818897637792
21
7.14664779527559
0
LINE
8
BLACK
6
CONTINUOUS
10
-3.8051818897637792
20
7.14664779527559
11
-3.8052415748031496
21
7.146503622047244
0
LINE
8
BLACK
6
CONTINUOUS
10
-3.8052415748031496
20
7.146503622047244
11
-3.8053748031496064
21
7.1463412992125983
0
LINE
8
BLACK
6
CONTINUOUS
10
-3.8053748031496064
20
7.1463412992125983
11
-3.8054865354330709
21
7.1461637795275585
0
LINE
8
BLACK
6
CONTINUOUS
10
-3.8054865354330709
20
7.1461637795275585
11
-3.8056043700787399
21
7.1460615748031495
0
LINE
8
BLACK
6
CONTINUOUS
10
-3.8056043700787399
20
7.1460615748031495
11
-3.8059760236220472
21
7.1456087401574804
0
LINE
8
BLACK
6
CONTINUOUS
10
-3.8059760236220472
20
7.1456087401574804
11
-3.8087881496062992
21
7.1427966141732284
0
LINE
8
BLACK
6
CONTINUOUS
10
-3.8087881496062992
20
7.1427966141732284
11
-3.8092409842519683
21
7.1424249606299215
0
LINE
8
BLACK
6
CONTINUOUS
10
-3.8092409842519683
20
7.1424249606299215
11
-3.8093431889763778
21
7.1423071259842521
0
LINE
8
BLACK
6
CONTINUOUS
10
-3.8093431889763778
20
7.1423071259842521
11
-3.8095209055118109
21
7.1421952755905513
0
LINE
8
BLACK
6
CONTINUOUS
10
-3.8095209055118109
20
7.1421952755905513
11
-3.8096830708661416
21
7.1420621653543304
0
LINE
8
BLACK
6
CONTINUOUS
10
-3.8096830708661416
20
7.1420621653543304
11
-3.8098271653543305
21
7.1420024803149609
0
LINE
8
BLACK
6
CONTINUOUS
10
-3.8098271653543305
20
7.1420024803149609
11
-3.8103229527559055
21
7.1416903937007872
0
LINE
8
BLACK
6
CONTINUOUS
10
-3.8103229527559055
20
7.1416903937007872
11
-3.8159472834645669
21
7.1388782283464565
0
LINE
8
BLACK
6
CONTINUOUS
10
-3.8159472834645669
20
7.1388782283464565
11
-3.8170285039370078
21
7.1384644488188975
0
LINE
8
BLACK
6
CONTINUOUS
10
-3.8170285039370078
20
7.1384644488188975
11
-3.8172402362204725
21
7.1384493700787397
0
LINE
8
BLACK
6
CONTINUOUS
10
-3.8172402362204725
20
7.1384493700787397
11
-3.8174361811023623
21
7.1383682283464562
0
LINE
8
BLACK
6
CONTINUOUS
10
-3.8174361811023623
20
7.1383682283464562
11
-3.818588307086614
21
7.1382547637795275
0
LINE
8
BLACK
6
CONTINUOUS
10
-3.818588307086614
20
7.1382547637795275
11
-3.8298368897637793
21
7.1382547637795275
0
LINE
8
BLACK
6
CONTINUOUS
10
-3.8298368897637793
20
7.1382547637795275
11
-3.8309890157480315
21
7.1383682283464562
0
LINE
8
BLACK
6
CONTINUOUS
10
-3.8309890157480315
20
7.1383682283464562
11
-3.8311851181102363
21
7.1384494488188972
0
LINE
8
BLACK
6
CONTINUOUS
10
-3.8311851181102363
20
7.1384494488188972
11
-3.8313966929133856
21
7.1384644881889763
0
LINE
8
BLACK
6
CONTINUOUS
10
-3.8313966929133856
20
7.1384644881889763
11
-3.8324779527559056
21
7.1388782283464565
0
LINE
8
BLACK
6
CONTINUOUS
10
-3.8324779527559056
20
7.1388782283464565
11
-3.8381022047244095
21
7.1416903937007872
0
LINE
8
BLACK
6
CONTINUOUS
10
-3.8381022047244095
20
7.1416903937007872
11
-3.8385980314960628
21
7.1420024803149609
0
LINE
8
BLACK
6
CONTINUOUS
10
-3.8385980314960628
20
7.1420024803149609
11
-3.838742086614173
21
7.1420621653543304
0
LINE
8
BLACK
6
CONTINUOUS
10
-3.838742086614173
20
7.1420621653543304
11
-3.8389043307086612
21
7.1421952755905513
0
LINE
8
BLACK
6
CONTINUOUS
10
-3.8389043307086612
20
7.1421952755905513
11
-3.8390819685039368
21
7.1423071259842521
0
LINE
8
BLACK
6
CONTINUOUS
10
-3.8390819685039368
20
7.1423071259842521
11
-3.839184212598425
21
7.1424249606299215
0
LINE
8
BLACK
6
CONTINUOUS
10
-3.839184212598425
20
7.1424249606299215
11
-3.8396369685039371
21
7.1427965748031497
0
LINE
8
BLACK
6
CONTINUOUS
10
-3.8396369685039371
20
7.1427965748031497
11
-3.8424491338582678
21
7.1456087007874016
0
LINE
8
BLACK
6
CONTINUOUS
10
-3.8424491338582678
20
7.1456087007874016
11
-3.8428207874015747
21
7.1460615354330708
0
LINE
8
BLACK
6
CONTINUOUS
10
-3.8428207874015747
20
7.1460615354330708
11
-3.8429386614173229
21
7.1461637795275585
0
LINE
8
BLACK
6
CONTINUOUS
10
-3.8429386614173229
20
7.1461637795275585
11
-3.8430505511811024
21
7.1463414960629921
0
LINE
8
BLACK
6
CONTINUOUS
10
-3.8430505511811024
20
7.1463414960629921
11
-3.8431835826771654
21
7.146503622047244
0
LINE
8
BLACK
6
CONTINUOUS
10
-3.8431835826771654
20
7.146503622047244
11
-3.8432432677165353
21
7.146647637795275
0
LINE
8
BLACK
6
CONTINUOUS
10
-3.8432432677165353
20
7.146647637795275
11
-3.8435553937007874
21
7.1471435433070862
0
LINE
8
BLACK
6
CONTINUOUS
10
-3.8435553937007874
20
7.1471435433070862
11
-3.8463675196850393
21
7.1527678346456689
0
LINE
8
BLACK
6
CONTINUOUS
10
-3.8463675196850393
20
7.1527678346456689
11
-3.8467812992125983
21
7.153849094488189
0
LINE
8
BLACK
6
CONTINUOUS
10
-3.8467812992125983
20
7.153849094488189
11
-3.8467963385826769
21
7.154060708661417
0
LINE
8
BLACK
6
CONTINUOUS
10
-3.8467963385826769
20
7.154060708661417
11
-3.8468775196850391
21
7.1542567322834643
0
LINE
8
BLACK
6
CONTINUOUS
10
-3.8468775196850391
20
7.1542567322834643
11
-3.8469909842519683
21
7.155408858267716
0
LINE
8
BLACK
6
CONTINUOUS
10
-3.8469909842519683
20
7.155408858267716
11
-3.8469909842519683
21
7.1666574803149601
0
LINE
8
BLACK
6
CONTINUOUS
10
-3.8469909842519683
20
7.1666574803149601
11
-3.8468775196850391
21
7.1678096062992127
0
LINE
8
BLACK
6
CONTINUOUS
10
-3.8468775196850391
20
7.1678096062992127
11
-3.8467963385826769
21
7.1680055905511812
0
LINE
8
BLACK
6
CONTINUOUS
10
-3.8467963385826769
20
7.1680055905511812
11
-3.8467812992125983
21
7.168217244094488
0
LINE
8
BLACK
6
CONTINUOUS
10
-3.8467812992125983
20
7.168217244094488
11
-3.8463675196850393
21
7.1692985039370081
0
LINE
8
BLACK
6
CONTINUOUS
10
-3.8463675196850393
20
7.1692985039370081
11
-3.8435553937007874
21
7.1749227952755907
0
LINE
8
BLACK
6
CONTINUOUS
10
-3.8435553937007874
20
7.1749227952755907
11
-3.8432432677165353
21
7.1754186614173223
0
LINE
8
BLACK
6
CONTINUOUS
10
-3.8432432677165353
20
7.1754186614173223
11
-3.8431835826771654
21
7.175562716535433
0
LINE
8
BLACK
6
CONTINUOUS
10
-3.8431835826771654
20
7.175562716535433
11
-3.8430505511811024
21
7.1757248031496061
0
LINE
8
BLACK
6
CONTINUOUS
10
-3.8430505511811024
20
7.1757248031496061
11
-3.8429386614173229
21
7.1759025590551175
0
LINE
8
BLACK
6
CONTINUOUS
10
-3.8429386614173229
20
7.1759025590551175
11
-3.8428207874015747
21
7.1760047637795275
0
LINE
8
BLACK
6
CONTINUOUS
10
-3.8428207874015747
20
7.1760047637795275
11
-3.8424491338582678
21
7.1764576377952753
0
LINE
8
BLACK
6
CONTINUOUS
10
-3.8424491338582678
20
7.1764576377952753
11
-3.8410007086614173
21
7.1779060236220467
0
LINE
8
BLACK
6
CONTINUOUS
10
-3.8410007086614173
20
7.1779060236220467
11
-3.8424491732283466
21
7.1793545275590551
0
LINE
8
BLACK
6
CONTINUOUS
10
-3.8424491732283466
20
7.1793545275590551
11
-3.8428208267716535
21
7.1798073228346455
0
LINE
8
BLACK
6
CONTINUOUS
10
-3.8428208267716535
20
7.1798073228346455
11
-3.8429386614173229
21
7.1799095669291333
0
LINE
8
BLACK
6
CONTINUOUS
10
-3.8429386614173229
20
7.1799095669291333
11
-3.8430505118110236
21
7.1800872440944881
0
LINE
8
BLACK
6
CONTINUOUS
10
-3.8430505118110236
20
7.1800872440944881
11
-3.8431836220472442
21
7.1802494488188975
0
LINE
8
BLACK
6
CONTINUOUS
10
-3.8431836220472442
20
7.1802494488188975
11
-3.8432433070866141
21
7.1803935039370081
0
LINE
8
BLACK
6
CONTINUOUS
10
-3.8432433070866141
20
7.1803935039370081
11
-3.8435553937007874
21
7.180889330708661
0
LINE
8
BLACK
6
CONTINUOUS
10
-3.8435553937007874
20
7.180889330708661
11
-3.8463675196850393
21
7.1865136220472436
0
LINE
8
BLACK
6
CONTINUOUS
10
-3.8463675196850393
20
7.1865136220472436
11
-3.8467812992125983
21
7.1875948818897637
0
LINE
8
BLACK
6
CONTINUOUS
10
-3.8467812992125983
20
7.1875948818897637
11
-3.8467963385826769
21
7.1878064960629917
0
LINE
8
BLACK
6
CONTINUOUS
10
-3.8467963385826769
20
7.1878064960629917
11
-3.8468775196850391
21
7.188002519685039
0
LINE
8
BLACK
6
CONTINUOUS
10
-3.8468775196850391
20
7.188002519685039
11
-3.8469909842519683
21
7.1891546456692907
0
LINE
8
BLACK
6
CONTINUOUS
10
-3.8469909842519683
20
7.1891546456692907
11
-3.8469909842519683
21
7.1919668110236215
0
LINE
8
BLACK
6
CONTINUOUS
10
-3.8469909842519683
20
7.1919668110236215
11
-3.8468775196850391
21
7.1931189370078741
0
LINE
8
BLACK
6
CONTINUOUS
10
-3.8468775196850391
20
7.1931189370078741
11
-3.8467963385826769
21
7.1933149212598426
0
LINE
8
BLACK
6
CONTINUOUS
10
-3.8467963385826769
20
7.1933149212598426
11
-3.8467812992125983
21
7.1935265748031494
0
LINE
8
BLACK
6
CONTINUOUS
10
-3.8467812992125983
20
7.1935265748031494
11
-3.8463675196850393
21
7.1946078346456694
0
LINE
8
BLACK
6
CONTINUOUS
10
-3.8463675196850393
20
7.1946078346456694
11
-3.8435553937007874
21
7.2002321259842521
0
LINE
8
BLACK
6
CONTINUOUS
10
-3.8435553937007874
20
7.2002321259842521
11
-3.8432432677165353
21
7.2007279921259837
0
LINE
8
BLACK
6
CONTINUOUS
10
-3.8432432677165353
20
7.2007279921259837
11
-3.8431835826771654
21
7.2008720472440944
0
LINE
8
BLACK
6
CONTINUOUS
10
-3.8431835826771654
20
7.2008720472440944
11
-3.8430505511811024
21
7.2010341338582675
0
LINE
8
BLACK
6
CONTINUOUS
10
-3.8430505511811024
20
7.2010341338582675
11
-3.8429386614173229
21
7.2012118897637798
0
LINE
8
BLACK
6
CONTINUOUS
10
-3.8429386614173229
20
7.2012118897637798
11
-3.8428207874015747
21
7.2013140944881888
0
LINE
8
BLACK
6
CONTINUOUS
10
-3.8428207874015747
20
7.2013140944881888
11
-3.8424491338582678
21
7.2017669685039367
0
LINE
8
BLACK
6
CONTINUOUS
10
-3.8424491338582678
20
7.2017669685039367
11
-3.8396369685039371
21
7.2045790944881887
0
LINE
8
BLACK
6
CONTINUOUS
10
-3.8396369685039371
20
7.2045790944881887
11
-3.839184212598425
21
7.2049506692913381
0
LINE
8
BLACK
6
CONTINUOUS
10
-3.839184212598425
20
7.2049506692913381
11
-3.8390819685039368
21
7.2050685433070862
0
LINE
8
BLACK
6
CONTINUOUS
10
-3.8390819685039368
20
7.2050685433070862
11
-3.8389043307086612
21
7.2051803543307082
0
LINE
8
BLACK
6
CONTINUOUS
10
-3.8389043307086612
20
7.2051803543307082
11
-3.838742086614173
21
7.205313503937008
0
LINE
8
BLACK
6
CONTINUOUS
10
-3.838742086614173
20
7.205313503937008
11
-3.8385980314960628
21
7.2053731496062987
0
LINE
8
BLACK
6
CONTINUOUS
10
-3.8385980314960628
20
7.2053731496062987
11
-3.8381022047244095
21
7.2056852755905512
0
LINE
8
BLACK
6
CONTINUOUS
10
-3.8381022047244095
20
7.2056852755905512
11
-3.8324779527559056
21
7.2084974409448819
0
LINE
8
BLACK
6
CONTINUOUS
10
-3.8324779527559056
20
7.2084974409448819
11
-3.8313966929133856
21
7.2089111811023621
0
LINE
8
BLACK
6
CONTINUOUS
10
-3.8313966929133856
20
7.2089111811023621
11
-3.8311851181102363
21
7.2089261811023624
0
LINE
8
BLACK
6
CONTINUOUS
10
-3.8311851181102363
20
7.2089261811023624
11
-3.8309890157480315
21
7.2090074409448821
0
LINE
8
BLACK
6
CONTINUOUS
10
-3.8309890157480315
20
7.2090074409448821
11
-3.8298368897637793
21
7.2091209055118108
0
LINE
8
BLACK
6
CONTINUOUS
10
-3.8298368897637793
20
7.2091209055118108
11
-3.818588307086614
21
7.2091209055118108
0
LINE
8
BLACK
6
CONTINUOUS
10
-3.818588307086614
20
7.2091209055118108
11
-3.8174361811023623
21
7.2090074409448821
0
LINE
8
BLACK
6
CONTINUOUS
10
-3.8319630314960631
20
7.1702403937007873
11
-3.8334199212598423
21
7.168783503937008
0
LINE
8
BLACK
6
CONTINUOUS
10
-3.8334199212598423
20
7.168783503937008
11
-3.8351799606299211
21
7.1652633858267718
0
LINE
8
BLACK
6
CONTINUOUS
10
-3.8351799606299211
20
7.1652633858267718
11
-3.8351799606299211
21
7.1568029133858264
0
LINE
8
BLACK
6
CONTINUOUS
10
-3.8351799606299211
20
7.1568029133858264
11
-3.8334199212598423
21
7.1532827952755902
0
LINE
8
BLACK
6
CONTINUOUS
10
-3.8334199212598423
20
7.1532827952755902
11
-3.8319630314960631
21
7.151825905511811
0
LINE
8
BLACK
6
CONTINUOUS
10
-3.8319630314960631
20
7.151825905511811
11
-3.8284427952755906
21
7.1500657874015747
0
LINE
8
BLACK
6
CONTINUOUS
10
-3.8284427952755906
20
7.1500657874015747
11
-3.8199824015748032
21
7.1500657874015747
0
LINE
8
BLACK
6
CONTINUOUS
10
-3.8199824015748032
20
7.1500657874015747
11
-3.8164621653543307
21
7.151825905511811
0
LINE
8
BLACK
6
CONTINUOUS
10
-3.8164621653543307
20
7.151825905511811
11
-3.8150053149606298
21
7.1532827559055114
0
LINE
8
BLACK
6
CONTINUOUS
10
-3.8150053149606298
20
7.1532827559055114
11
-3.8132451968503935
21
7.1568029527559052
0
LINE
8
BLACK
6
CONTINUOUS
10
-3.8132451968503935
20
7.1568029527559052
11
-3.8132451968503935
21
7.165263346456693
0
LINE
8
BLACK
6
CONTINUOUS
10
-3.8132451968503935
20
7.165263346456693
11
-3.8150053149606298
21
7.1687835433070868
0
LINE
8
BLACK
6
CONTINUOUS
10
-3.8150053149606298
20
7.1687835433070868
11
-3.8164621653543307
21
7.170240433070866
0
LINE
8
BLACK
6
CONTINUOUS
10
-3.8164621653543307
20
7.170240433070866
11
-3.8199824015748032
21
7.1720005511811022
0
LINE
8
BLACK
6
CONTINUOUS
10
-3.8199824015748032
20
7.1720005511811022
11
-3.8284427952755906
21
7.1720005511811022
0
LINE
8
BLACK
6
CONTINUOUS
10
-3.8284427952755906
20
7.1720005511811022
11
-3.8319630314960631
21
7.1702403937007873
0
LINE
8
BLACK
6
CONTINUOUS
10
-3.8319630314960631
20
7.1955497244094486
11
-3.8334199212598423
21
7.1940928346456694
0
LINE
8
BLACK
6
CONTINUOUS
10
-3.8334199212598423
20
7.1940928346456694
11
-3.8351799606299211
21
7.1905727165354332
0
LINE
8
BLACK
6
CONTINUOUS
10
-3.8351799606299211
20
7.1905727165354332
11
-3.8351799606299211
21
7.1905487007874012
0
LINE
8
BLACK
6
CONTINUOUS
10
-3.8351799606299211
20
7.1905487007874012
11
-3.8334199212598423
21
7.1870285433070862
0
LINE
8
BLACK
6
CONTINUOUS
10
-3.8334199212598423
20
7.1870285433070862
11
-3.8319630314960631
21
7.185571653543307
0
LINE
8
BLACK
6
CONTINUOUS
10
-3.8319630314960631
20
7.185571653543307
11
-3.8284427952755906
21
7.1838115748031495
0
LINE
8
BLACK
6
CONTINUOUS
10
-3.8284427952755906
20
7.1838115748031495
11
-3.8199823622047244
21
7.1838115748031495
0
LINE
8
BLACK
6
CONTINUOUS
10
-3.8199823622047244
20
7.1838115748031495
11
-3.8164621653543307
21
7.185571653543307
0
LINE
8
BLACK
6
CONTINUOUS
10
-3.8164621653543307
20
7.185571653543307
11
-3.8150053543307085
21
7.1870285039370074
0
LINE
8
BLACK
6
CONTINUOUS
10
-3.8150053543307085
20
7.1870285039370074
11
-3.8132451968503935
21
7.1905487401574799
0
LINE
8
BLACK
6
CONTINUOUS
10
-3.8132451968503935
20
7.1905487401574799
11
-3.8132451968503935
21
7.1905726771653544
0
LINE
8
BLACK
6
CONTINUOUS
10
-3.8132451968503935
20
7.1905726771653544
11
-3.8150053149606298
21
7.1940928740157482
0
LINE
8
BLACK
6
CONTINUOUS
10
-3.8150053149606298
20
7.1940928740157482
11
-3.8164621653543307
21
7.1955497637795274
0
LINE
8
BLACK
6
CONTINUOUS
10
-3.8164621653543307
20
7.1955497637795274
11
-3.8199824015748032
21
7.1973098818897636
0
LINE
8
BLACK
6
CONTINUOUS
10
-3.8199824015748032
20
7.1973098818897636
11
-3.8284427952755906
21
7.1973098818897636
0
LINE
8
BLACK
6
CONTINUOUS
10
-3.8284427952755906
20
7.1973098818897636
11
-3.8319630314960631
21
7.1955497244094486
0
LINE
8
BLACK
6
CONTINUOUS
10
-3.7640053543307084
20
7.2090074409448821
11
-3.7638092913385828
21
7.2089261811023624
0
LINE
8
BLACK
6
CONTINUOUS
10
-3.7638092913385828
20
7.2089261811023624
11
-3.7635976771653543
21
7.2089111811023621
0
LINE
8
BLACK
6
CONTINUOUS
10
-3.7635976771653543
20
7.2089111811023621
11
-3.7625164566929135
21
7.2084974409448819
0
LINE
8
BLACK
6
CONTINUOUS
10
-3.7625164566929135
20
7.2084974409448819
11
-3.7568921653543308
21
7.2056852755905512
0
LINE
8
BLACK
6
CONTINUOUS
10
-3.7568921653543308
20
7.2056852755905512
11
-3.7563962992125983
21
7.20537311023622
0
LINE
8
BLACK
6
CONTINUOUS
10
-3.7563962992125983
20
7.20537311023622
11
-3.7562523228346456
21
7.205313503937008
0
LINE
8
BLACK
6
CONTINUOUS
10
-3.7562523228346456
20
7.205313503937008
11
-3.7560902362204724
21
7.2051804330708658
0
LINE
8
BLACK
6
CONTINUOUS
10
-3.7560902362204724
20
7.2051804330708658
11
-3.7559124015748031
21
7.2050685433070862
0
LINE
8
BLACK
6
CONTINUOUS
10
-3.7559124015748031
20
7.2050685433070862
11
-3.7558101574803149
21
7.2049506299212593
0
LINE
8
BLACK
6
CONTINUOUS
10
-3.7558101574803149
20
7.2049506299212593
11
-3.7553574015748032
21
7.2045790944881887
0
LINE
8
BLACK
6
CONTINUOUS
10
-3.7553574015748032
20
7.2045790944881887
11
-3.7525452362204725
21
7.2017669685039367
0
LINE
8
BLACK
6
CONTINUOUS
10
-3.7525452362204725
20
7.2017669685039367
11
-3.7521735039370077
21
7.2013139763779526
0
LINE
8
BLACK
6
CONTINUOUS
10
-3.7521735039370077
20
7.2013139763779526
11
-3.752055708661417
21
7.201211850393701
0
LINE
8
BLACK
6
CONTINUOUS
10
-3.752055708661417
20
7.201211850393701
11
-3.7519439370078738
21
7.2010342519685038
0
LINE
8
BLACK
6
CONTINUOUS
10
-3.7519439370078738
20
7.2010342519685038
11
-3.7518107874015749
21
7.2008720472440944
0
LINE
8
BLACK
6
CONTINUOUS
10
-3.7518107874015749
20
7.2008720472440944
11
-3.7517511417322833
21
7.2007279527559049
0
LINE
8
BLACK
6
CONTINUOUS
10
-3.7517511417322833
20
7.2007279527559049
11
-3.7514389763779525
21
7.2002321259842521
0
LINE
8
BLACK
6
CONTINUOUS
10
-3.7514389763779525
20
7.2002321259842521
11
-3.7486268503937006
21
7.1946077952755907
0
LINE
8
BLACK
6
CONTINUOUS
10
-3.7486268503937006
20
7.1946077952755907
11
-3.7485946850393699
21
7.1945236614173229
0
LINE
8
BLACK
6
CONTINUOUS
10
-3.7485946850393699
20
7.1945236614173229
11
-3.7485692125984249
21
7.1944893307086613
0
LINE
8
BLACK
6
CONTINUOUS
10
-3.7485692125984249
20
7.1944893307086613
11
-3.7483965354330708
21
7.1940058661417323
0
LINE
8
BLACK
6
CONTINUOUS
10
-3.7483965354330708
20
7.1940058661417323
11
-3.7482130708661416
21
7.1935265748031494
0
LINE
8
BLACK
6
CONTINUOUS
10
-3.7482130708661416
20
7.1935265748031494
11
-3.7482100787401573
21
7.1934839370078736
0
LINE
8
BLACK
6
CONTINUOUS
10
-3.7482100787401573
20
7.1934839370078736
11
-3.7481797244094488
21
7.1933990944881891
0
LINE
8
BLACK
6
CONTINUOUS
10
-3.7481797244094488
20
7.1933990944881891
11
-3.7453675590551181
21
7.1821505118110238
0
LINE
8
BLACK
6
CONTINUOUS
10
-3.7453675590551181
20
7.1821505118110238
11
-3.7453380314960629
21
7.1819507874015747
0
LINE
8
BLACK
6
CONTINUOUS
10
-3.7453380314960629
20
7.1819507874015747
11
-3.7453046850393701
21
7.18187031496063
0
LINE
8
BLACK
6
CONTINUOUS
10
-3.7453046850393701
20
7.18187031496063
11
-3.7452619685039368
21
7.1814364566929134
0
LINE
8
BLACK
6
CONTINUOUS
10
-3.7452619685039368
20
7.1814364566929134
11
-3.7451981889763779
21
7.1810052755905511
0
LINE
8
BLACK
6
CONTINUOUS
10
-3.7451981889763779
20
7.1810052755905511
11
-3.7452110236220473
21
7.1809190944881891
0
LINE
8
BLACK
6
CONTINUOUS
10
-3.7452110236220473
20
7.1809190944881891
11
-3.7451912204724409
21
7.1807181889763774
0
LINE
8
BLACK
6
CONTINUOUS
10
-3.7451912204724409
20
7.1807181889763774
11
-3.7451912204724409
21
7.1666574803149601
0
LINE
8
BLACK
6
CONTINUOUS
10
-3.7451912204724409
20
7.1666574803149601
11
-3.7452110236220473
21
7.1664565354330705
0
LINE
8
BLACK
6
CONTINUOUS
10
-3.7452110236220473
20
7.1664565354330705
11
-3.7451981889763779
21
7.1663703937007872
0
LINE
8
BLACK
6
CONTINUOUS
10
-3.7451981889763779
20
7.1663703937007872
11
-3.7452619685039368
21
7.1659391732283462
0
LINE
8
BLACK
6
CONTINUOUS
10
-3.7452619685039368
20
7.1659391732283462
11
-3.7453046850393701
21
7.1655053543307083
0
LINE
8
BLACK
6
CONTINUOUS
10
-3.7453046850393701
20
7.1655053543307083
11
-3.7453380314960629
21
7.1654248425196849
0
LINE
8
BLACK
6
CONTINUOUS
10
-3.7453380314960629
20
7.1654248425196849
11
-3.7453675590551181
21
7.1652251574803145
0
LINE
8
BLACK
6
CONTINUOUS
10
-3.7453675590551181
20
7.1652251574803145
11
-3.7481797244094488
21
7.1539765748031492
0
LINE
8
BLACK
6
CONTINUOUS
10
-3.7481797244094488
20
7.1539765748031492
11
-3.7482100787401573
21
7.153891692913386
0
LINE
8
BLACK
6
CONTINUOUS
10
-3.7482100787401573
20
7.153891692913386
11
-3.7482130708661416
21
7.153849094488189
0
LINE
8
BLACK
6
CONTINUOUS
10
-3.7482130708661416
20
7.153849094488189
11
-3.7483965354330708
21
7.1533697637795273
0
LINE
8
BLACK
6
CONTINUOUS
10
-3.7483965354330708
20
7.1533697637795273
11
-3.7485692125984249
21
7.1528863385826771
0
LINE
8
BLACK
6
CONTINUOUS
10
-3.7485692125984249
20
7.1528863385826771
11
-3.7485946850393699
21
7.1528519685039367
0
LINE
8
BLACK
6
CONTINUOUS
10
-3.7485946850393699
20
7.1528519685039367
11
-3.7486268503937006
21
7.1527678740157477
0
LINE
8
BLACK
6
CONTINUOUS
10
-3.7486268503937006
20
7.1527678740157477
11
-3.7514389763779525
21
7.1471435433070862
0
LINE
8
BLACK
6
CONTINUOUS
10
-3.7514389763779525
20
7.1471435433070862
11
-3.7517511417322833
21
7.1466476771653538
0
LINE
8
BLACK
6
CONTINUOUS
10
-3.7517511417322833
20
7.1466476771653538
11
-3.7518107874015749
21
7.146503622047244
0
LINE
8
BLACK
6
CONTINUOUS
10
-3.7518107874015749
20
7.146503622047244
11
-3.7519439370078738
21
7.1463413779527558
0
LINE
8
BLACK
6
CONTINUOUS
10
-3.7519439370078738
20
7.1463413779527558
11
-3.752055708661417
21
7.1461638188976373
0
LINE
8
BLACK
6
CONTINUOUS
10
-3.752055708661417
20
7.1461638188976373
11
-3.7521735039370077
21
7.146061653543307
0
LINE
8
BLACK
6
CONTINUOUS
10
-3.7521735039370077
20
7.146061653543307
11
-3.7525452362204725
21
7.1456087007874016
0
LINE
8
BLACK
6
CONTINUOUS
10
-3.7525452362204725
20
7.1456087007874016
11
-3.7553574015748032
21
7.1427965748031497
0
LINE
8
BLACK
6
CONTINUOUS
10
-3.7553574015748032
20
7.1427965748031497
11
-3.7558101574803149
21
7.1424250000000002
0
LINE
8
BLACK
6
CONTINUOUS
10
-3.7558101574803149
20
7.1424250000000002
11
-3.7559124015748031
21
7.1423071259842521
0
LINE
8
BLACK
6
CONTINUOUS
10
-3.7559124015748031
20
7.1423071259842521
11
-3.7560902362204724
21
7.1421951968503938
0
LINE
8
BLACK
6
CONTINUOUS
10
-3.7560902362204724
20
7.1421951968503938
11
-3.7562523228346456
21
7.1420621653543304
0
LINE
8
BLACK
6
CONTINUOUS
10
-3.7562523228346456
20
7.1420621653543304
11
-3.7563962992125983
21
7.1420025196850396
0
LINE
8
BLACK
6
CONTINUOUS
10
-3.7563962992125983
20
7.1420025196850396
11
-3.7568921653543308
21
7.1416903937007872
0
LINE
8
BLACK
6
CONTINUOUS
10
-3.7568921653543308
20
7.1416903937007872
11
-3.7625164566929135
21
7.1388782283464565
0
LINE
8
BLACK
6
CONTINUOUS
10
-3.7625164566929135
20
7.1388782283464565
11
-3.7635976771653543
21
7.1384644881889763
0
LINE
8
BLACK
6
CONTINUOUS
10
-3.7635976771653543
20
7.1384644881889763
11
-3.7638092913385828
21
7.1384494488188972
0
LINE
8
BLACK
6
CONTINUOUS
10
-3.7638092913385828
20
7.1384494488188972
11
-3.7640053543307084
21
7.1383682283464562
0
LINE
8
BLACK
6
CONTINUOUS
10
-3.7640053543307084
20
7.1383682283464562
11
-3.7651574803149606
21
7.1382547637795275
0
LINE
8
BLACK
6
CONTINUOUS
10
-3.7651574803149606
20
7.1382547637795275
11
-3.7707817716535432
21
7.1382547637795275
0
LINE
8
BLACK
6
CONTINUOUS
10
-3.7707817716535432
20
7.1382547637795275
11
-3.7719338976377954
21
7.1383682283464562
0
LINE
8
BLACK
6
CONTINUOUS
10
-3.7719338976377954
20
7.1383682283464562
11
-3.7721299999999998
21
7.1384494488188972
0
LINE
8
BLACK
6
CONTINUOUS
10
-3.7721299999999998
20
7.1384494488188972
11
-3.7723415748031495
21
7.1384644881889763
0
LINE
8
BLACK
6
CONTINUOUS
10
-3.7723415748031495
20
7.1384644881889763
11
-3.7734228346456691
21
7.1388782283464565
0
LINE
8
BLACK
6
CONTINUOUS
10
-3.7734228346456691
20
7.1388782283464565
11
-3.779047086614173
21
7.1416903937007872
0
LINE
8
BLACK
6
CONTINUOUS
10
-3.779047086614173
20
7.1416903937007872
11
-3.7795429133858267
21
7.1420024803149609
0
LINE
8
BLACK
6
CONTINUOUS
10
-3.7795429133858267
20
7.1420024803149609
11
-3.7796869685039369
21
7.1420621653543304
0
LINE
8
BLACK
6
CONTINUOUS
10
-3.7796869685039369
20
7.1420621653543304
11
-3.7798492125984251
21
7.1421952755905513
0
LINE
8
BLACK
6
CONTINUOUS
10
-3.7798492125984251
20
7.1421952755905513
11
-3.7800268503937007
21
7.1423071259842521
0
LINE
8
BLACK
6
CONTINUOUS
10
-3.7800268503937007
20
7.1423071259842521
11
-3.7801290944881889
21
7.1424249606299215
0
LINE
8
BLACK
6
CONTINUOUS
10
-3.7801290944881889
20
7.1424249606299215
11
-3.7805818503937005
21
7.1427965748031497
0
LINE
8
BLACK
6
CONTINUOUS
10
-3.7805818503937005
20
7.1427965748031497
11
-3.7833940157480312
21
7.1456087007874016
0
LINE
8
BLACK
6
CONTINUOUS
10
-3.7833940157480312
20
7.1456087007874016
11
-3.7837656692913386
21
7.1460615354330708
0
LINE
8
BLACK
6
CONTINUOUS
10
-3.7837656692913386
20
7.1460615354330708
11
-3.7838835433070863
21
7.1461637795275585
0
LINE
8
BLACK
6
CONTINUOUS
10
-3.7838835433070863
20
7.1461637795275585
11
-3.7839954330708663
21
7.1463414960629921
0
LINE
8
BLACK
6
CONTINUOUS
10
-3.7839954330708663
20
7.1463414960629921
11
-3.7841284645669289
21
7.146503622047244
0
LINE
8
BLACK
6
CONTINUOUS
10
-3.7841284645669289
20
7.146503622047244
11
-3.7841881496062992
21
7.146647637795275
0
LINE
8
BLACK
6
CONTINUOUS
10
-3.7841881496062992
20
7.146647637795275
11
-3.7845002755905512
21
7.1471435433070862
0
LINE
8
BLACK
6
CONTINUOUS
10
-3.7845002755905512
20
7.1471435433070862
11
-3.787312440944882
21
7.1527678346456689
0
LINE
8
BLACK
6
CONTINUOUS
10
-3.787312440944882
20
7.1527678346456689
11
-3.7873447244094489
21
7.1528520866141729
0
LINE
8
BLACK
6
CONTINUOUS
10
-3.7873447244094489
20
7.1528520866141729
11
-3.7873700787401572
21
7.1528863779527558
0
LINE
8
BLACK
6
CONTINUOUS
10
-3.7873700787401572
20
7.1528863779527558
11
-3.7875427952755905
21
7.1533697244094485
0
LINE
8
BLACK
6
CONTINUOUS
10
-3.7875427952755905
20
7.1533697244094485
11
-3.7877261811023621
21
7.1538490551181102
0
LINE
8
BLACK
6
CONTINUOUS
10
-3.7877261811023621
20
7.1538490551181102
11
-3.7877292125984252
21
7.1538915748031497
0
LINE
8
BLACK
6
CONTINUOUS
10
-3.7877292125984252
20
7.1538915748031497
11
-3.7877595669291337
21
7.1539765748031492
0
LINE
8
BLACK
6
CONTINUOUS
10
-3.7877595669291337
20
7.1539765748031492
11
-3.7905716929133857
21
7.1652251968503933
0
LINE
8
BLACK
6
CONTINUOUS
10
-3.7905716929133857
20
7.1652251968503933
11
-3.7906012204724409
21
7.1654248425196849
0
LINE
8
BLACK
6
CONTINUOUS
10
-3.7906012204724409
20
7.1654248425196849
11
-3.7906345669291337
21
7.1655053543307083
0
LINE
8
BLACK
6
CONTINUOUS
10
-3.7906345669291337
20
7.1655053543307083
11
-3.7906773228346458
21
7.1659392913385824
0
LINE
8
BLACK
6
CONTINUOUS
10
-3.7906773228346458
20
7.1659392913385824
11
-3.7907410629921259
21
7.166370433070866
0
LINE
8
BLACK
6
CONTINUOUS
10
-3.7907410629921259
20
7.166370433070866
11
-3.7907282677165353
21
7.1664565354330705
0
LINE
8
BLACK
6
CONTINUOUS
10
-3.7907282677165353
20
7.1664565354330705
11
-3.7907480314960629
21
7.1666574803149601
0
LINE
8
BLACK
6
CONTINUOUS
10
-3.7907480314960629
20
7.1666574803149601
11
-3.7907480314960629
21
7.1807181889763774
0
LINE
8
BLACK
6
CONTINUOUS
10
-3.7907480314960629
20
7.1807181889763774
11
-3.7907282677165353
21
7.1809190944881891
0
LINE
8
BLACK
6
CONTINUOUS
10
-3.7907282677165353
20
7.1809190944881891
11
-3.7907410629921259
21
7.1810052362204724
0
LINE
8
BLACK
6
CONTINUOUS
10
-3.7907410629921259
20
7.1810052362204724
11
-3.7906773228346458
21
7.1814363385826772
0
LINE
8
BLACK
6
CONTINUOUS
10
-3.7906773228346458
20
7.1814363385826772
11
-3.7906345669291337
21
7.18187031496063
0
LINE
8
BLACK
6
CONTINUOUS
10
-3.7906345669291337
20
7.18187031496063
11
-3.7906012204724409
21
7.1819507874015747
0
LINE
8
BLACK
6
CONTINUOUS
10
-3.7906012204724409
20
7.1819507874015747
11
-3.7905716929133857
21
7.1821504724409451
0
LINE
8
BLACK
6
CONTINUOUS
10
-3.7905716929133857
20
7.1821504724409451
11
-3.7877595669291337
21
7.1933990944881891
0
LINE
8
BLACK
6
CONTINUOUS
10
-3.7877595669291337
20
7.1933990944881891
11
-3.7877292125984252
21
7.1934840551181098
0
LINE
8
BLACK
6
CONTINUOUS
10
-3.7877292125984252
20
7.1934840551181098
11
-3.7877261811023621
21
7.1935266141732281
0
LINE
8
BLACK
6
CONTINUOUS
10
-3.7877261811023621
20
7.1935266141732281
11
-3.7875427952755905
21
7.1940059055118111
0
LINE
8
BLACK
6
CONTINUOUS
10
-3.7875427952755905
20
7.1940059055118111
11
-3.7873700787401572
21
7.1944892913385825
0
LINE
8
BLACK
6
CONTINUOUS
10
-3.7873700787401572
20
7.1944892913385825
11
-3.7873447244094489
21
7.1945235433070867
0
LINE
8
BLACK
6
CONTINUOUS
10
-3.7873447244094489
20
7.1945235433070867
11
-3.787312440944882
21
7.1946078346456694
0
LINE
8
BLACK
6
CONTINUOUS
10
-3.787312440944882
20
7.1946078346456694
11
-3.7845002755905512
21
7.2002321259842521
0
LINE
8
BLACK
6
CONTINUOUS
10
-3.7845002755905512
20
7.2002321259842521
11
-3.7841881496062992
21
7.2007279921259837
0
LINE
8
BLACK
6
CONTINUOUS
10
-3.7841881496062992
20
7.2007279921259837
11
-3.7841284645669289
21
7.2008720472440944
0
LINE
8
BLACK
6
CONTINUOUS
10
-3.7841284645669289
20
7.2008720472440944
11
-3.7839954330708663
21
7.2010341338582675
0
LINE
8
BLACK
6
CONTINUOUS
10
-3.7839954330708663
20
7.2010341338582675
11
-3.7838835433070863
21
7.2012118897637798
0
LINE
8
BLACK
6
CONTINUOUS
10
-3.7838835433070863
20
7.2012118897637798
11
-3.7837656692913386
21
7.2013140944881888
0
LINE
8
BLACK
6
CONTINUOUS
10
-3.7837656692913386
20
7.2013140944881888
11
-3.7833940157480312
21
7.2017669685039367
0
LINE
8
BLACK
6
CONTINUOUS
10
-3.7833940157480312
20
7.2017669685039367
11
-3.7805818503937005
21
7.2045790944881887
0
LINE
8
BLACK
6
CONTINUOUS
10
-3.7805818503937005
20
7.2045790944881887
11
-3.7801290944881889
21
7.2049506692913381
0
LINE
8
BLACK
6
CONTINUOUS
10
-3.7801290944881889
20
7.2049506692913381
11
-3.7800268503937007
21
7.2050685433070862
0
LINE
8
BLACK
6
CONTINUOUS
10
-3.7800268503937007
20
7.2050685433070862
11
-3.7798492125984251
21
7.2051803543307082
0
LINE
8
BLACK
6
CONTINUOUS
10
-3.7798492125984251
20
7.2051803543307082
11
-3.7796869685039369
21
7.205313503937008
0
LINE
8
BLACK
6
CONTINUOUS
10
-3.7796869685039369
20
7.205313503937008
11
-3.7795429133858267
21
7.2053731496062987
0
LINE
8
BLACK
6
CONTINUOUS
10
-3.7795429133858267
20
7.2053731496062987
11
-3.779047086614173
21
7.2056852755905512
0
LINE
8
BLACK
6
CONTINUOUS
10
-3.779047086614173
20
7.2056852755905512
11
-3.7734228346456691
21
7.2084974409448819
0
LINE
8
BLACK
6
CONTINUOUS
10
-3.7734228346456691
20
7.2084974409448819
11
-3.7723415748031495
21
7.2089111811023621
0
LINE
8
BLACK
6
CONTINUOUS
10
-3.7723415748031495
20
7.2089111811023621
11
-3.7721299999999998
21
7.2089261811023624
0
LINE
8
BLACK
6
CONTINUOUS
10
-3.7721299999999998
20
7.2089261811023624
11
-3.7719338976377954
21
7.2090074409448821
0
LINE
8
BLACK
6
CONTINUOUS
10
-3.7719338976377954
20
7.2090074409448821
11
-3.7707817716535432
21
7.2091209055118108
0
LINE
8
BLACK
6
CONTINUOUS
10
-3.7707817716535432
20
7.2091209055118108
11
-3.7651574803149606
21
7.2091209055118108
0
LINE
8
BLACK
6
CONTINUOUS
10
-3.7651574803149606
20
7.2091209055118108
11
-3.7640053543307084
21
7.2090074409448821
0
LINE
8
BLACK
6
CONTINUOUS
10
-3.7729079133858265
20
7.1955497244094486
11
-3.7743647637795275
21
7.1940929133858269
0
LINE
8
BLACK
6
CONTINUOUS
10
-3.7743647637795275
20
7.1940929133858269
11
-3.776458503937008
21
7.1899055118110233
0
LINE
8
BLACK
6
CONTINUOUS
10
-3.776458503937008
20
7.1899055118110233
11
-3.7789370078740157
21
7.1799912598425193
0
LINE
8
BLACK
6
CONTINUOUS
10
-3.7789370078740157
20
7.1799912598425193
11
-3.7789370078740157
21
7.1673843700787403
0
LINE
8
BLACK
6
CONTINUOUS
10
-3.7789370078740157
20
7.1673843700787403
11
-3.776458503937008
21
7.1574701181102363
0
LINE
8
BLACK
6
CONTINUOUS
10
-3.776458503937008
20
7.1574701181102363
11
-3.7743647637795275
21
7.1532827165354327
0
LINE
8
BLACK
6
CONTINUOUS
10
-3.7743647637795275
20
7.1532827165354327
11
-3.7729079133858265
21
7.151825905511811
0
LINE
8
BLACK
6
CONTINUOUS
10
-3.7729079133858265
20
7.151825905511811
11
-3.7693876771653541
21
7.1500657874015747
0
LINE
8
BLACK
6
CONTINUOUS
10
-3.7693876771653541
20
7.1500657874015747
11
-3.7665515748031497
21
7.1500657874015747
0
LINE
8
BLACK
6
CONTINUOUS
10
-3.7665515748031497
20
7.1500657874015747
11
-3.7630313385826772
21
7.151825905511811
0
LINE
8
BLACK
6
CONTINUOUS
10
-3.7630313385826772
20
7.151825905511811
11
-3.7615744881889763
21
7.1532827559055114
0
LINE
8
BLACK
6
CONTINUOUS
10
-3.7615744881889763
20
7.1532827559055114
11
-3.759480866141732
21
7.1574700787401575
0
LINE
8
BLACK
6
CONTINUOUS
10
-3.759480866141732
20
7.1574700787401575
11
-3.7570022440944881
21
7.167384409448819
0
LINE
8
BLACK
6
CONTINUOUS
10
-3.7570022440944881
20
7.167384409448819
11
-3.7570022440944881
21
7.1799912204724405
0
LINE
8
BLACK
6
CONTINUOUS
10
-3.7570022440944881
20
7.1799912204724405
11
-3.759480866141732
21
7.1899055511811021
0
LINE
8
BLACK
6
CONTINUOUS
10
-3.759480866141732
20
7.1899055511811021
11
-3.7615744881889763
21
7.1940928740157482
0
LINE
8
BLACK
6
CONTINUOUS
10
-3.7615744881889763
20
7.1940928740157482
11
-3.7630313385826772
21
7.1955497244094486
0
LINE
8
BLACK
6
CONTINUOUS
10
-3.7630313385826772
20
7.1955497244094486
11
-3.7665515748031497
21
7.1973098818897636
0
LINE
8
BLACK
6
CONTINUOUS
10
-3.7665515748031497
20
7.1973098818897636
11
-3.7693876771653541
21
7.1973098818897636
0
LINE
8
BLACK
6
CONTINUOUS
10
-3.7693876771653541
20
7.1973098818897636
11
-3.7729079133858265
21
7.1955497244094486
0
LINE
8
BLACK
6
CONTINUOUS
10
-3.707762401574803
20
7.2090074409448821
11
-3.7075663385826769
21
7.2089261811023624
0
LINE
8
BLACK
6
CONTINUOUS
10
-3.7075663385826769
20
7.2089261811023624
11
-3.7073547244094489
21
7.2089111811023621
0
LINE
8
BLACK
6
CONTINUOUS
10
-3.7073547244094489
20
7.2089111811023621
11
-3.7062735039370076
21
7.2084974409448819
0
LINE
8
BLACK
6
CONTINUOUS
10
-3.7062735039370076
20
7.2084974409448819
11
-3.7006492125984249
21
7.2056852755905512
0
LINE
8
BLACK
6
CONTINUOUS
10
-3.7006492125984249
20
7.2056852755905512
11
-3.7001533464566929
21
7.20537311023622
0
LINE
8
BLACK
6
CONTINUOUS
10
-3.7001533464566929
20
7.20537311023622
11
-3.7000093700787402
21
7.205313503937008
0
LINE
8
BLACK
6
CONTINUOUS
10
-3.7000093700787402
20
7.205313503937008
11
-3.699847283464567
21
7.2051804330708658
0
LINE
8
BLACK
6
CONTINUOUS
10
-3.699847283464567
20
7.2051804330708658
11
-3.6996694488188977
21
7.2050685433070862
0
LINE
8
BLACK
6
CONTINUOUS
10
-3.6996694488188977
20
7.2050685433070862
11
-3.6995672047244095
21
7.2049506299212593
0
LINE
8
BLACK
6
CONTINUOUS
10
-3.6995672047244095
20
7.2049506299212593
11
-3.6991144488188974
21
7.2045790944881887
0
LINE
8
BLACK
6
CONTINUOUS
10
-3.6991144488188974
20
7.2045790944881887
11
-3.6963022834645667
21
7.2017669685039367
0
LINE
8
BLACK
6
CONTINUOUS
10
-3.6963022834645667
20
7.2017669685039367
11
-3.6959305511811023
21
7.2013139763779526
0
LINE
8
BLACK
6
CONTINUOUS
10
-3.6959305511811023
20
7.2013139763779526
11
-3.6958127559055116
21
7.201211850393701
0
LINE
8
BLACK
6
CONTINUOUS
10
-3.6958127559055116
20
7.201211850393701
11
-3.6957009842519684
21
7.2010342519685038
0
LINE
8
BLACK
6
CONTINUOUS
10
-3.6957009842519684
20
7.2010342519685038
11
-3.6955678346456691
21
7.2008720472440944
0
LINE
8
BLACK
6
CONTINUOUS
10
-3.6955678346456691
20
7.2008720472440944
11
-3.6955081889763779
21
7.2007279527559049
0
LINE
8
BLACK
6
CONTINUOUS
10
-3.6955081889763779
20
7.2007279527559049
11
-3.6951960236220471
21
7.2002321259842521
0
LINE
8
BLACK
6
CONTINUOUS
10
-3.6951960236220471
20
7.2002321259842521
11
-3.6923838976377952
21
7.1946077952755907
0
LINE
8
BLACK
6
CONTINUOUS
10
-3.6923838976377952
20
7.1946077952755907
11
-3.6923517322834645
21
7.1945236614173229
0
LINE
8
BLACK
6
CONTINUOUS
10
-3.6923517322834645
20
7.1945236614173229
11
-3.6923262598425195
21
7.1944893307086613
0
LINE
8
BLACK
6
CONTINUOUS
10
-3.6923262598425195
20
7.1944893307086613
11
-3.6921535826771654
21
7.1940058661417323
0
LINE
8
BLACK
6
CONTINUOUS
10
-3.6921535826771654
20
7.1940058661417323
11
-3.6919701181102362
21
7.1935265748031494
0
LINE
8
BLACK
6
CONTINUOUS
10
-3.6919701181102362
20
7.1935265748031494
11
-3.6919671259842519
21
7.1934839370078736
0
LINE
8
BLACK
6
CONTINUOUS
10
-3.6919671259842519
20
7.1934839370078736
11
-3.6919367716535434
21
7.1933990944881891
0
LINE
8
BLACK
6
CONTINUOUS
10
-3.6919367716535434
20
7.1933990944881891
11
-3.6891246062992127
21
7.1821505118110238
0
LINE
8
BLACK
6
CONTINUOUS
10
-3.6891246062992127
20
7.1821505118110238
11
-3.6890950787401575
21
7.1819507874015747
0
LINE
8
BLACK
6
CONTINUOUS
10
-3.6890950787401575
20
7.1819507874015747
11
-3.6890617322834647
21
7.18187031496063
0
LINE
8
BLACK
6
CONTINUOUS
10
-3.6890617322834647
20
7.18187031496063
11
-3.6890190157480314
21
7.1814364566929134
0
LINE
8
BLACK
6
CONTINUOUS
10
-3.6890190157480314
20
7.1814364566929134
11
-3.6889552362204725
21
7.1810052755905511
0
LINE
8
BLACK
6
CONTINUOUS
10
-3.6889552362204725
20
7.1810052755905511
11
-3.6889680708661419
21
7.1809190944881891
0
LINE
8
BLACK
6
CONTINUOUS
10
-3.6889680708661419
20
7.1809190944881891
11
-3.6889482677165355
21
7.1807181889763774
0
LINE
8
BLACK
6
CONTINUOUS
10
-3.6889482677165355
20
7.1807181889763774
11
-3.6889482677165355
21
7.1666574803149601
0
LINE
8
BLACK
6
CONTINUOUS
10
-3.6889482677165355
20
7.1666574803149601
11
-3.6889680708661419
21
7.1664565354330705
0
LINE
8
BLACK
6
CONTINUOUS
10
-3.6889680708661419
20
7.1664565354330705
11
-3.6889552362204725
21
7.1663703937007872
0
LINE
8
BLACK
6
CONTINUOUS
10
-3.6889552362204725
20
7.1663703937007872
11
-3.6890190157480314
21
7.1659391732283462
0
LINE
8
BLACK
6
CONTINUOUS
10
-3.6890190157480314
20
7.1659391732283462
11
-3.6890617322834647
21
7.1655053543307083
0
LINE
8
BLACK
6
CONTINUOUS
10
-3.6890617322834647
20
7.1655053543307083
11
-3.6890950787401575
21
7.1654248425196849
0
LINE
8
BLACK
6
CONTINUOUS
10
-3.6890950787401575
20
7.1654248425196849
11
-3.6891246062992127
21
7.1652251574803145
0
LINE
8
BLACK
6
CONTINUOUS
10
-3.6891246062992127
20
7.1652251574803145
11
-3.6919367716535434
21
7.1539765748031492
0
LINE
8
BLACK
6
CONTINUOUS
10
-3.6919367716535434
20
7.1539765748031492
11
-3.6919671259842519
21
7.153891692913386
0
LINE
8
BLACK
6
CONTINUOUS
10
-3.6919671259842519
20
7.153891692913386
11
-3.6919701181102362
21
7.153849094488189
0
LINE
8
BLACK
6
CONTINUOUS
10
-3.6919701181102362
20
7.153849094488189
11
-3.6921535826771654
21
7.1533697637795273
0
LINE
8
BLACK
6
CONTINUOUS
10
-3.6921535826771654
20
7.1533697637795273
11
-3.6923262598425195
21
7.1528863385826771
0
LINE
8
BLACK
6
CONTINUOUS
10
-3.6923262598425195
20
7.1528863385826771
11
-3.6923517322834645
21
7.1528519685039367
0
LINE
8
BLACK
6
CONTINUOUS
10
-3.6923517322834645
20
7.1528519685039367
11
-3.6923838976377952
21
7.1527678740157477
0
LINE
8
BLACK
6
CONTINUOUS
10
-3.6923838976377952
20
7.1527678740157477
11
-3.6951960236220471
21
7.1471435433070862
0
LINE
8
BLACK
6
CONTINUOUS
10
-3.6951960236220471
20
7.1471435433070862
11
-3.6955081889763779
21
7.1466476771653538
0
LINE
8
BLACK
6
CONTINUOUS
10
-3.6955081889763779
20
7.1466476771653538
11
-3.6955678346456691
21
7.146503622047244
0
LINE
8
BLACK
6
CONTINUOUS
10
-3.6955678346456691
20
7.146503622047244
11
-3.6957009842519684
21
7.1463413779527558
0
LINE
8
BLACK
6
CONTINUOUS
10
-3.6957009842519684
20
7.1463413779527558
11
-3.6958127559055116
21
7.1461638188976373
0
LINE
8
BLACK
6
CONTINUOUS
10
-3.6958127559055116
20
7.1461638188976373
11
-3.6959305511811023
21
7.146061653543307
0
LINE
8
BLACK
6
CONTINUOUS
10
-3.6959305511811023
20
7.146061653543307
11
-3.6963022834645667
21
7.1456087007874016
0
LINE
8
BLACK
6
CONTINUOUS
10
-3.6963022834645667
20
7.1456087007874016
11
-3.6991144488188974
21
7.1427965748031497
0
LINE
8
BLACK
6
CONTINUOUS
10
-3.6991144488188974
20
7.1427965748031497
11
-3.6995672047244095
21
7.1424250000000002
0
LINE
8
BLACK
6
CONTINUOUS
10
-3.6995672047244095
20
7.1424250000000002
11
-3.6996694488188977
21
7.1423071259842521
0
LINE
8
BLACK
6
CONTINUOUS
10
-3.6996694488188977
20
7.1423071259842521
11
-3.699847283464567
21
7.1421951968503938
0
LINE
8
BLACK
6
CONTINUOUS
10
-3.699847283464567
20
7.1421951968503938
11
-3.7000093700787402
21
7.1420621653543304
0
LINE
8
BLACK
6
CONTINUOUS
10
-3.7000093700787402
20
7.1420621653543304
11
-3.7001533464566929
21
7.1420025196850396
0
LINE
8
BLACK
6
CONTINUOUS
10
-3.7001533464566929
20
7.1420025196850396
11
-3.7006492125984249
21
7.1416903937007872
0
LINE
8
BLACK
6
CONTINUOUS
10
-3.7006492125984249
20
7.1416903937007872
11
-3.7062735039370076
21
7.1388782283464565
0
LINE
8
BLACK
6
CONTINUOUS
10
-3.7062735039370076
20
7.1388782283464565
11
-3.7073547244094489
21
7.1384644881889763
0
LINE
8
BLACK
6
CONTINUOUS
10
-3.7073547244094489
20
7.1384644881889763
11
-3.7075663385826769
21
7.1384494488188972
0
LINE
8
BLACK
6
CONTINUOUS
10
-3.7075663385826769
20
7.1384494488188972
11
-3.707762401574803
21
7.1383682283464562
0
LINE
8
BLACK
6
CONTINUOUS
10
-3.707762401574803
20
7.1383682283464562
11
-3.7089145275590552
21
7.1382547637795275
0
LINE
8
BLACK
6
CONTINUOUS
10
-3.7089145275590552
20
7.1382547637795275
11
-3.7145388188976378
21
7.1382547637795275
0
LINE
8
BLACK
6
CONTINUOUS
10
-3.7145388188976378
20
7.1382547637795275
11
-3.7156909448818896
21
7.1383682283464562
0
LINE
8
BLACK
6
CONTINUOUS
10
-3.7156909448818896
20
7.1383682283464562
11
-3.7158870472440944
21
7.1384494488188972
0
LINE
8
BLACK
6
CONTINUOUS
10
-3.7158870472440944
20
7.1384494488188972
11
-3.7160986220472441
21
7.1384644881889763
0
LINE
8
BLACK
6
CONTINUOUS
10
-3.7160986220472441
20
7.1384644881889763
11
-3.7171798818897637
21
7.1388782283464565
0
LINE
8
BLACK
6
CONTINUOUS
10
-3.7171798818897637
20
7.1388782283464565
11
-3.7228041338582676
21
7.1416903937007872
0
LINE
8
BLACK
6
CONTINUOUS
10
-3.7228041338582676
20
7.1416903937007872
11
-3.7232999606299213
21
7.1420024803149609
0
LINE
8
BLACK
6
CONTINUOUS
10
-3.7232999606299213
20
7.1420024803149609
11
-3.7234440157480315
21
7.1420621653543304
0
LINE
8
BLACK
6
CONTINUOUS
10
-3.7234440157480315
20
7.1420621653543304
11
-3.7236062598425197
21
7.1421952755905513
0
LINE
8
BLACK
6
CONTINUOUS
10
-3.7236062598425197
20
7.1421952755905513
11
-3.7237838976377953
21
7.1423071259842521
0
LINE
8
BLACK
6
CONTINUOUS
10
-3.7237838976377953
20
7.1423071259842521
11
-3.7238861417322835
21
7.1424249606299215
0
LINE
8
BLACK
6
CONTINUOUS
10
-3.7238861417322835
20
7.1424249606299215
11
-3.7243388976377951
21
7.1427965748031497
0
LINE
8
BLACK
6
CONTINUOUS
10
-3.7243388976377951
20
7.1427965748031497
11
-3.7271510629921258
21
7.1456087007874016
0
LINE
8
BLACK
6
CONTINUOUS
10
-3.7271510629921258
20
7.1456087007874016
11
-3.7275227165354328
21
7.1460615354330708
0
LINE
8
BLACK
6
CONTINUOUS
10
-3.7275227165354328
20
7.1460615354330708
11
-3.7276405905511809
21
7.1461637795275585
0
LINE
8
BLACK
6
CONTINUOUS
10
-3.7276405905511809
20
7.1461637795275585
11
-3.7277524803149604
21
7.1463414960629921
0
LINE
8
BLACK
6
CONTINUOUS
10
-3.7277524803149604
20
7.1463414960629921
11
-3.7278855118110235
21
7.146503622047244
0
LINE
8
BLACK
6
CONTINUOUS
10
-3.7278855118110235
20
7.146503622047244
11
-3.7279451968503938
21
7.146647637795275
0
LINE
8
BLACK
6
CONTINUOUS
10
-3.7279451968503938
20
7.146647637795275
11
-3.7282573228346454
21
7.1471435433070862
0
LINE
8
BLACK
6
CONTINUOUS
10
-3.7282573228346454
20
7.1471435433070862
11
-3.7310694881889761
21
7.1527678346456689
0
LINE
8
BLACK
6
CONTINUOUS
10
-3.7310694881889761
20
7.1527678346456689
11
-3.7311017716535431
21
7.1528520866141729
0
LINE
8
BLACK
6
CONTINUOUS
10
-3.7311017716535431
20
7.1528520866141729
11
-3.7311271259842518
21
7.1528863779527558
0
LINE
8
BLACK
6
CONTINUOUS
10
-3.7311271259842518
20
7.1528863779527558
11
-3.7312998425196851
21
7.1533697244094485
0
LINE
8
BLACK
6
CONTINUOUS
10
-3.7312998425196851
20
7.1533697244094485
11
-3.7314832283464567
21
7.1538490551181102
0
LINE
8
BLACK
6
CONTINUOUS
10
-3.7314832283464567
20
7.1538490551181102
11
-3.7314862598425198
21
7.1538915748031497
0
LINE
8
BLACK
6
CONTINUOUS
10
-3.7314862598425198
20
7.1538915748031497
11
-3.7315166141732283
21
7.1539765748031492
0
LINE
8
BLACK
6
CONTINUOUS
10
-3.7315166141732283
20
7.1539765748031492
11
-3.7343287401574803
21
7.1652251968503933
0
LINE
8
BLACK
6
CONTINUOUS
10
-3.7343287401574803
20
7.1652251968503933
11
-3.7343582677165355
21
7.1654248425196849
0
LINE
8
BLACK
6
CONTINUOUS
10
-3.7343582677165355
20
7.1654248425196849
11
-3.7343916141732283
21
7.1655053543307083
0
LINE
8
BLACK
6
CONTINUOUS
10
-3.7343916141732283
20
7.1655053543307083
11
-3.7344343700787399
21
7.1659392913385824
0
LINE
8
BLACK
6
CONTINUOUS
10
-3.7344343700787399
20
7.1659392913385824
11
-3.7344981102362205
21
7.166370433070866
0
LINE
8
BLACK
6
CONTINUOUS
10
-3.7344981102362205
20
7.166370433070866
11
-3.7344853149606299
21
7.1664565354330705
0
LINE
8
BLACK
6
CONTINUOUS
10
-3.7344853149606299
20
7.1664565354330705
11
-3.7345050787401575
21
7.1666574803149601
0
LINE
8
BLACK
6
CONTINUOUS
10
-3.7345050787401575
20
7.1666574803149601
11
-3.7345050787401575
21
7.1807181889763774
0
LINE
8
BLACK
6
CONTINUOUS
10
-3.7345050787401575
20
7.1807181889763774
11
-3.7344853149606299
21
7.1809190944881891
0
LINE
8
BLACK
6
CONTINUOUS
10
-3.7344853149606299
20
7.1809190944881891
11
-3.7344981102362205
21
7.1810052362204724
0
LINE
8
BLACK
6
CONTINUOUS
10
-3.7344981102362205
20
7.1810052362204724
11
-3.7344343700787399
21
7.1814363385826772
0
LINE
8
BLACK
6
CONTINUOUS
10
-3.7344343700787399
20
7.1814363385826772
11
-3.7343916141732283
21
7.18187031496063
0
LINE
8
BLACK
6
CONTINUOUS
10
-3.7343916141732283
20
7.18187031496063
11
-3.7343582677165355
21
7.1819507874015747
0
LINE
8
BLACK
6
CONTINUOUS
10
-3.7343582677165355
20
7.1819507874015747
11
-3.7343287401574803
21
7.1821504724409451
0
LINE
8
BLACK
6
CONTINUOUS
10
-3.7343287401574803
20
7.1821504724409451
11
-3.7315166141732283
21
7.1933990944881891
0
LINE
8
BLACK
6
CONTINUOUS
10
-3.7315166141732283
20
7.1933990944881891
11
-3.7314862598425198
21
7.1934840551181098
0
LINE
8
BLACK
6
CONTINUOUS
10
-3.7314862598425198
20
7.1934840551181098
11
-3.7314832283464567
21
7.1935266141732281
0
LINE
8
BLACK
6
CONTINUOUS
10
-3.7314832283464567
20
7.1935266141732281
11
-3.7312998425196851
21
7.1940059055118111
0
LINE
8
BLACK
6
CONTINUOUS
10
-3.7312998425196851
20
7.1940059055118111
11
-3.7311271259842518
21
7.1944892913385825
0
LINE
8
BLACK
6
CONTINUOUS
10
-3.7311271259842518
20
7.1944892913385825
11
-3.7311017716535431
21
7.1945235433070867
0
LINE
8
BLACK
6
CONTINUOUS
10
-3.7311017716535431
20
7.1945235433070867
11
-3.7310694881889761
21
7.1946078346456694
0
LINE
8
BLACK
6
CONTINUOUS
10
-3.7310694881889761
20
7.1946078346456694
11
-3.7282573228346454
21
7.2002321259842521
0
LINE
8
BLACK
6
CONTINUOUS
10
-3.7282573228346454
20
7.2002321259842521
11
-3.7279451968503938
21
7.2007279921259837
0
LINE
8
BLACK
6
CONTINUOUS
10
-3.7279451968503938
20
7.2007279921259837
11
-3.7278855118110235
21
7.2008720472440944
0
LINE
8
BLACK
6
CONTINUOUS
10
-3.7278855118110235
20
7.2008720472440944
11
-3.7277524803149604
21
7.2010341338582675
0
LINE
8
BLACK
6
CONTINUOUS
10
-3.7277524803149604
20
7.2010341338582675
11
-3.7276405905511809
21
7.2012118897637798
0
LINE
8
BLACK
6
CONTINUOUS
10
-3.7276405905511809
20
7.2012118897637798
11
-3.7275227165354328
21
7.2013140944881888
0
LINE
8
BLACK
6
CONTINUOUS
10
-3.7275227165354328
20
7.2013140944881888
11
-3.7271510629921258
21
7.2017669685039367
0
LINE
8
BLACK
6
CONTINUOUS
10
-3.7271510629921258
20
7.2017669685039367
11
-3.7243388976377951
21
7.2045790944881887
0
LINE
8
BLACK
6
CONTINUOUS
10
-3.7243388976377951
20
7.2045790944881887
11
-3.7238861417322835
21
7.2049506692913381
0
LINE
8
BLACK
6
CONTINUOUS
10
-3.7238861417322835
20
7.2049506692913381
11
-3.7237838976377953
21
7.2050685433070862
0
LINE
8
BLACK
6
CONTINUOUS
10
-3.7237838976377953
20
7.2050685433070862
11
-3.7236062598425197
21
7.2051803543307082
0
LINE
8
BLACK
6
CONTINUOUS
10
-3.7236062598425197
20
7.2051803543307082
11
-3.7234440157480315
21
7.205313503937008
0
LINE
8
BLACK
6
CONTINUOUS
10
-3.7234440157480315
20
7.205313503937008
11
-3.7232999606299213
21
7.2053731496062987
0
LINE
8
BLACK
6
CONTINUOUS
10
-3.7232999606299213
20
7.2053731496062987
11
-3.7228041338582676
21
7.2056852755905512
0
LINE
8
BLACK
6
CONTINUOUS
10
-3.7228041338582676
20
7.2056852755905512
11
-3.7171798818897637
21
7.2084974409448819
0
LINE
8
BLACK
6
CONTINUOUS
10
-3.7171798818897637
20
7.2084974409448819
11
-3.7160986220472441
21
7.2089111811023621
0
LINE
8
BLACK
6
CONTINUOUS
10
-3.7160986220472441
20
7.2089111811023621
11
-3.7158870472440944
21
7.2089261811023624
0
LINE
8
BLACK
6
CONTINUOUS
10
-3.7158870472440944
20
7.2089261811023624
11
-3.7156909448818896
21
7.2090074409448821
0
LINE
8
BLACK
6
CONTINUOUS
10
-3.7156909448818896
20
7.2090074409448821
11
-3.7145388188976378
21
7.2091209055118108
0
LINE
8
BLACK
6
CONTINUOUS
10
-3.7145388188976378
20
7.2091209055118108
11
-3.7089145275590552
21
7.2091209055118108
0
LINE
8
BLACK
6
CONTINUOUS
10
-3.7089145275590552
20
7.2091209055118108
11
-3.707762401574803
21
7.2090074409448821
0
LINE
8
BLACK
6
CONTINUOUS
10
-3.7166649606299211
20
7.1955497244094486
11
-3.718121811023622
21
7.1940929133858269
0
LINE
8
BLACK
6
CONTINUOUS
10
-3.718121811023622
20
7.1940929133858269
11
-3.7202155511811021
21
7.1899055118110233
0
LINE
8
BLACK
6
CONTINUOUS
10
-3.7202155511811021
20
7.1899055118110233
11
-3.7226940551181102
21
7.1799912598425193
0
LINE
8
BLACK
6
CONTINUOUS
10
-3.7226940551181102
20
7.1799912598425193
11
-3.7226940551181102
21
7.1673843700787403
0
LINE
8
BLACK
6
CONTINUOUS
10
-3.7226940551181102
20
7.1673843700787403
11
-3.7202155511811021
21
7.1574701181102363
0
LINE
8
BLACK
6
CONTINUOUS
10
-3.7202155511811021
20
7.1574701181102363
11
-3.718121811023622
21
7.1532827165354327
0
LINE
8
BLACK
6
CONTINUOUS
10
-3.718121811023622
20
7.1532827165354327
11
-3.7166649606299211
21
7.151825905511811
0
LINE
8
BLACK
6
CONTINUOUS
10
-3.7166649606299211
20
7.151825905511811
11
-3.7131447244094486
21
7.1500657874015747
0
LINE
8
BLACK
6
CONTINUOUS
10
-3.7131447244094486
20
7.1500657874015747
11
-3.7103086220472439
21
7.1500657874015747
0
LINE
8
BLACK
6
CONTINUOUS
10
-3.7103086220472439
20
7.1500657874015747
11
-3.7067883858267714
21
7.151825905511811
0
LINE
8
BLACK
6
CONTINUOUS
10
-3.7067883858267714
20
7.151825905511811
11
-3.7053315354330709
21
7.1532827559055114
0
LINE
8
BLACK
6
CONTINUOUS
10
-3.7053315354330709
20
7.1532827559055114
11
-3.7032379133858266
21
7.1574700787401575
0
LINE
8
BLACK
6
CONTINUOUS
10
-3.7032379133858266
20
7.1574700787401575
11
-3.7007592913385827
21
7.167384409448819
0
LINE
8
BLACK
6
CONTINUOUS
10
-3.7007592913385827
20
7.167384409448819
11
-3.7007592913385827
21
7.1799912204724405
0
LINE
8
BLACK
6
CONTINUOUS
10
-3.7007592913385827
20
7.1799912204724405
11
-3.7032379133858266
21
7.1899055511811021
0
LINE
8
BLACK
6
CONTINUOUS
10
-3.7032379133858266
20
7.1899055511811021
11
-3.7053315354330709
21
7.1940928740157482
0
LINE
8
BLACK
6
CONTINUOUS
10
-3.7053315354330709
20
7.1940928740157482
11
-3.7067883858267714
21
7.1955497244094486
0
LINE
8
BLACK
6
CONTINUOUS
10
-3.7067883858267714
20
7.1955497244094486
11
-3.7103086220472439
21
7.1973098818897636
0
LINE
8
BLACK
6
CONTINUOUS
10
-3.7103086220472439
20
7.1973098818897636
11
-3.7131447244094486
21
7.1973098818897636
0
LINE
8
BLACK
6
CONTINUOUS
10
-3.7131447244094486
20
7.1973098818897636
11
-3.7166649606299211
21
7.1955497244094486
0
LINE
8
BLACK
6
CONTINUOUS
10
-3.9199803937007873
20
7.1549530708661413
11
-3.9193568897637796
21
7.1546948425196852
0
LINE
8
BLACK
6
CONTINUOUS
10
-3.9193568897637796
20
7.1546948425196852
11
-3.9193567322834646
21
7.1546946456692915
0
LINE
8
BLACK
6
CONTINUOUS
10
-3.9193567322834646
20
7.1546946456692915
11
-3.9184620078740156
21
7.1539604330708659
0
LINE
8
BLACK
6
CONTINUOUS
10
-3.9184620078740156
20
7.1539604330708659
11
-3.9156498425196848
21
7.151148307086614
0
LINE
8
BLACK
6
CONTINUOUS
10
-3.9156498425196848
20
7.151148307086614
11
-3.9149153937007872
21
7.1502533858267716
0
LINE
8
BLACK
6
CONTINUOUS
10
-3.9149153937007872
20
7.1502533858267716
11
-3.9149153543307085
21
7.1502533464566929
0
LINE
8
BLACK
6
CONTINUOUS
10
-3.9149153543307085
20
7.1502533464566929
11
-3.9140335826771651
21
7.1481245275590553
0
LINE
8
BLACK
6
CONTINUOUS
10
-3.9140335826771651
20
7.1481245275590553
11
-3.9140335826771651
21
7.1458203543307084
0
LINE
8
BLACK
6
CONTINUOUS
10
-3.9140335826771651
20
7.1458203543307084
11
-3.9149153543307085
21
7.1436915354330708
0
LINE
8
BLACK
6
CONTINUOUS
10
-3.9149153543307085
20
7.1436915354330708
11
-3.9156498031496061
21
7.1427966141732284
0
LINE
8
BLACK
6
CONTINUOUS
10
-3.9156498031496061
20
7.1427966141732284
11
-3.9184619685039368
21
7.1399844488188977
0
LINE
8
BLACK
6
CONTINUOUS
10
-3.9184619685039368
20
7.1399844488188977
11
-3.9193568897637796
21
7.1392499999999997
0
LINE
8
BLACK
6
CONTINUOUS
10
-3.9193568897637796
20
7.1392499999999997
11
-3.9202544488188975
21
7.1388782283464565
0
LINE
8
BLACK
6
CONTINUOUS
10
-3.9202544488188975
20
7.1388782283464565
11
-3.9214856692913385
21
7.1383682283464562
0
LINE
8
BLACK
6
CONTINUOUS
10
-3.9214856692913385
20
7.1383682283464562
11
-3.9214857086614172
21
7.1383682283464562
0
LINE
8
BLACK
6
CONTINUOUS
10
-3.9214857086614172
20
7.1383682283464562
11
-3.921485748031496
21
7.1383682283464562
0
LINE
8
BLACK
6
CONTINUOUS
10
-3.921485748031496
20
7.1383682283464562
11
-3.9237898818897636
21
7.1383682283464562
0
LINE
8
BLACK
6
CONTINUOUS
10
-3.9237898818897636
20
7.1383682283464562
11
-3.9237899212598424
21
7.1383682283464562
0
LINE
8
BLACK
6
CONTINUOUS
10
-3.9237899212598424
20
7.1383682283464562
11
-3.9250211417322833
21
7.1388782283464565
0
LINE
8
BLACK
6
CONTINUOUS
10
-3.9250211417322833
20
7.1388782283464565
11
-3.9259187007874017
21
7.1392499999999997
0
LINE
8
BLACK
6
CONTINUOUS
10
-3.9259187007874017
20
7.1392499999999997
11
-3.9259187401574804
21
7.1392500393700784
0
LINE
8
BLACK
6
CONTINUOUS
10
-3.9259187401574804
20
7.1392500393700784
11
-3.9268136614173228
21
7.1399844881889765
0
LINE
8
BLACK
6
CONTINUOUS
10
-3.9268136614173228
20
7.1399844881889765
11
-3.9296257874015748
21
7.1427966535433072
0
LINE
8
BLACK
6
CONTINUOUS
10
-3.9296257874015748
20
7.1427966535433072
11
-3.9303600393700786
21
7.143691338582677
0
LINE
8
BLACK
6
CONTINUOUS
10
-3.9303600393700786
20
7.143691338582677
11
-3.9303601968503936
21
7.1436915354330708
0
LINE
8
BLACK
6
CONTINUOUS
10
-3.9303601968503936
20
7.1436915354330708
11
-3.931241968503937
21
7.1458203543307084
0
LINE
8
BLACK
6
CONTINUOUS
10
-3.931241968503937
20
7.1458203543307084
11
-3.931241968503937
21
7.1481245275590553
0
LINE
8
BLACK
6
CONTINUOUS
10
-3.931241968503937
20
7.1481245275590553
11
-3.9311543307086612
21
7.1483360629921258
0
LINE
8
BLACK
6
CONTINUOUS
10
-3.9311543307086612
20
7.1483360629921258
11
-3.9308501181102362
21
7.1490705118110238
0
LINE
8
BLACK
6
CONTINUOUS
10
-3.9308501181102362
20
7.1490705118110238
11
-3.9303601968503936
21
7.1502533464566929
0
LINE
8
BLACK
6
CONTINUOUS
10
-3.9303601968503936
20
7.1502533464566929
11
-3.929625748031496
21
7.1511482677165352
0
LINE
8
BLACK
6
CONTINUOUS
10
-3.929625748031496
20
7.1511482677165352
11
-3.926813622047244
21
7.1539603937007872
0
LINE
8
BLACK
6
CONTINUOUS
10
-3.926813622047244
20
7.1539603937007872
11
-3.9259187401574804
21
7.1546948425196852
0
LINE
8
BLACK
6
CONTINUOUS
10
-3.9259187401574804
20
7.1546948425196852
11
-3.925036968503937
21
7.1550600393700785
0
LINE
8
BLACK
6
CONTINUOUS
10
-3.925036968503937
20
7.1550600393700785
11
-3.9237899212598424
21
7.1555766141732278
0
LINE
8
BLACK
6
CONTINUOUS
10
-3.9237899212598424
20
7.1555766141732278
11
-3.9214856692913385
21
7.1555766141732278
0
LINE
8
BLACK
6
CONTINUOUS
10
-3.9214856692913385
20
7.1555766141732278
11
-3.9199803937007873
21
7.1549530708661413
0
LINE
8
BLACK
6
CONTINUOUS
10
-3.6212691732283462
20
7.1884405905511812
11
-3.6196398818897637
21
7.1868112992125983
0
LINE
8
BLACK
6
CONTINUOUS
10
-3.6196398818897637
20
7.1868112992125983
11
-3.6187580708661415
21
7.1846824803149607
0
LINE
8
BLACK
6
CONTINUOUS
10
-3.6187580708661415
20
7.1846824803149607
11
-3.6186446062992124
21
7.1835303543307081
0
LINE
8
BLACK
6
CONTINUOUS
10
-3.6186446062992124
20
7.1835303543307081
11
-3.6186446062992124
21
7.1441602755905507
0
LINE
8
BLACK
6
CONTINUOUS
10
-3.6186446062992124
20
7.1441602755905507
11
-3.6187580708661415
21
7.1430081496062989
0
LINE
8
BLACK
6
CONTINUOUS
10
-3.6187580708661415
20
7.1430081496062989
11
-3.6196398818897637
21
7.1408793307086613
0
LINE
8
BLACK
6
CONTINUOUS
10
-3.6196398818897637
20
7.1408793307086613
11
-3.6212691732283462
21
7.1392500393700784
0
LINE
8
BLACK
6
CONTINUOUS
10
-3.6212691732283462
20
7.1392500393700784
11
-3.6233979921259842
21
7.1383682283464562
0
LINE
8
BLACK
6
CONTINUOUS
10
-3.6233979921259842
20
7.1383682283464562
11
-3.6257022440944882
21
7.1383682283464562
0
LINE
8
BLACK
6
CONTINUOUS
10
-3.6257022440944882
20
7.1383682283464562
11
-3.6278310629921258
21
7.1392500393700784
0
LINE
8
BLACK
6
CONTINUOUS
10
-3.6278310629921258
20
7.1392500393700784
11
-3.6294603543307087
21
7.1408793307086613
0
LINE
8
BLACK
6
CONTINUOUS
10
-3.6294603543307087
20
7.1408793307086613
11
-3.6303421653543304
21
7.1430081496062989
0
LINE
8
BLACK
6
CONTINUOUS
10
-3.6303421653543304
20
7.1430081496062989
11
-3.6304556299212596
21
7.1441602755905507
0
LINE
8
BLACK
6
CONTINUOUS
10
-3.6304556299212596
20
7.1441602755905507
11
-3.6304556299212596
21
7.1835303543307081
0
LINE
8
BLACK
6
CONTINUOUS
10
-3.6304556299212596
20
7.1835303543307081
11
-3.6303421653543304
21
7.1846824803149607
0
LINE
8
BLACK
6
CONTINUOUS
10
-3.6303421653543304
20
7.1846824803149607
11
-3.6294603543307087
21
7.1868112992125983
0
LINE
8
BLACK
6
CONTINUOUS
10
-3.6294603543307087
20
7.1868112992125983
11
-3.6278310629921258
21
7.1884405905511812
0
LINE
8
BLACK
6
CONTINUOUS
10
-3.6278310629921258
20
7.1884405905511812
11
-3.6257022440944882
21
7.1893224015748034
0
LINE
8
BLACK
6
CONTINUOUS
10
-3.6257022440944882
20
7.1893224015748034
11
-3.6233979921259842
21
7.1893224015748034
0
LINE
8
BLACK
6
CONTINUOUS
10
-3.6233979921259842
20
7.1893224015748034
11
-3.6212691732283462
21
7.1884405905511812
0
LINE
8
BLACK
6
CONTINUOUS
10
-3.5784035826771654
20
7.1893224015748034
11
-3.5782075196850394
21
7.1892411417322837
0
LINE
8
BLACK
6
CONTINUOUS
10
-3.5782075196850394
20
7.1892411417322837
11
-3.5779959055118109
21
7.1892261417322834
0
LINE
8
BLACK
6
CONTINUOUS
10
-3.5779959055118109
20
7.1892261417322834
11
-3.57691468503937
21
7.1888124015748032
0
LINE
8
BLACK
6
CONTINUOUS
10
-3.57691468503937
20
7.1888124015748032
11
-3.5712903937007874
21
7.1860002362204725
0
LINE
8
BLACK
6
CONTINUOUS
10
-3.5712903937007874
20
7.1860002362204725
11
-3.5710978740157477
21
7.1858790157480312
0
LINE
8
BLACK
6
CONTINUOUS
10
-3.5710978740157477
20
7.1858790157480312
11
-3.5710068503937009
21
7.1858487007874015
0
LINE
8
BLACK
6
CONTINUOUS
10
-3.5710068503937009
20
7.1858487007874015
11
-3.5708935433070867
21
7.1857503937007872
0
LINE
8
BLACK
6
CONTINUOUS
10
-3.5708935433070867
20
7.1857503937007872
11
-3.5703106299212597
21
7.1853835039370075
0
LINE
8
BLACK
6
CONTINUOUS
10
-3.5703106299212597
20
7.1853835039370075
11
-3.5698255511811023
21
7.1848241338582675
0
LINE
8
BLACK
6
CONTINUOUS
10
-3.5698255511811023
20
7.1848241338582675
11
-3.5692661023622048
21
7.1843389763779522
0
LINE
8
BLACK
6
CONTINUOUS
10
-3.5692661023622048
20
7.1843389763779522
11
-3.5688990944881889
21
7.183755905511811
0
LINE
8
BLACK
6
CONTINUOUS
10
-3.5688990944881889
20
7.183755905511811
11
-3.5688009448818896
21
7.1836427559055114
0
LINE
8
BLACK
6
CONTINUOUS
10
-3.5688009448818896
20
7.1836427559055114
11
-3.5687706692913386
21
7.1835518897637796
0
LINE
8
BLACK
6
CONTINUOUS
10
-3.5687706692913386
20
7.1835518897637796
11
-3.5686493700787403
21
7.1833592125984254
0
LINE
8
BLACK
6
CONTINUOUS
10
-3.5686493700787403
20
7.1833592125984254
11
-3.5658372047244096
21
7.1777349606299214
0
LINE
8
BLACK
6
CONTINUOUS
10
-3.5658372047244096
20
7.1777349606299214
11
-3.5654234645669289
21
7.1766537007874014
0
LINE
8
BLACK
6
CONTINUOUS
10
-3.5654234645669289
20
7.1766537007874014
11
-3.5654084645669291
21
7.1764420866141734
0
LINE
8
BLACK
6
CONTINUOUS
10
-3.5654084645669291
20
7.1764420866141734
11
-3.5653272047244093
21
7.1762460236220473
0
LINE
8
BLACK
6
CONTINUOUS
10
-3.5653272047244093
20
7.1762460236220473
11
-3.5652137401574802
21
7.1750938976377947
0
LINE
8
BLACK
6
CONTINUOUS
10
-3.5652137401574802
20
7.1750938976377947
11
-3.5652137401574802
21
7.1441602755905507
0
LINE
8
BLACK
6
CONTINUOUS
10
-3.5652137401574802
20
7.1441602755905507
11
-3.5653272047244093
21
7.1430081496062989
0
LINE
8
BLACK
6
CONTINUOUS
10
-3.5653272047244093
20
7.1430081496062989
11
-3.5662090157480315
21
7.1408793307086613
0
LINE
8
BLACK
6
CONTINUOUS
10
-3.5662090157480315
20
7.1408793307086613
11
-3.567838307086614
21
7.1392500393700784
0
LINE
8
BLACK
6
CONTINUOUS
10
-3.567838307086614
20
7.1392500393700784
11
-3.569967125984252
21
7.1383682283464562
0
LINE
8
BLACK
6
CONTINUOUS
10
-3.569967125984252
20
7.1383682283464562
11
-3.572271377952756
21
7.1383682283464562
0
LINE
8
BLACK
6
CONTINUOUS
10
-3.572271377952756
20
7.1383682283464562
11
-3.5744001968503936
21
7.1392500393700784
0
LINE
8
BLACK
6
CONTINUOUS
10
-3.5744001968503936
20
7.1392500393700784
11
-3.5760294881889765
21
7.1408793307086613
0
LINE
8
BLACK
6
CONTINUOUS
10
-3.5760294881889765
20
7.1408793307086613
11
-3.5769112992125982
21
7.1430081496062989
0
LINE
8
BLACK
6
CONTINUOUS
10
-3.5769112992125982
20
7.1430081496062989
11
-3.5770247637795274
21
7.1441602755905507
0
LINE
8
BLACK
6
CONTINUOUS
10
-3.5770247637795274
20
7.1441602755905507
11
-3.5770247637795274
21
7.1736997637795277
0
LINE
8
BLACK
6
CONTINUOUS
10
-3.5770247637795274
20
7.1736997637795277
11
-3.5783331102362204
21
7.1763164566929136
0
LINE
8
BLACK
6
CONTINUOUS
10
-3.5783331102362204
20
7.1763164566929136
11
-3.5809498031496063
21
7.1776248425196849
0
LINE
8
BLACK
6
CONTINUOUS
10
-3.5809498031496063
20
7.1776248425196849
11
-3.5865980708661418
21
7.1776248425196849
0
LINE
8
BLACK
6
CONTINUOUS
10
-3.5865980708661418
20
7.1776248425196849
11
-3.5901183070866143
21
7.1758646850393699
0
LINE
8
BLACK
6
CONTINUOUS
10
-3.5901183070866143
20
7.1758646850393699
11
-3.5905231102362203
21
7.1754598818897639
0
LINE
8
BLACK
6
CONTINUOUS
10
-3.5905231102362203
20
7.1754598818897639
11
-3.5905231102362203
21
7.1441602755905507
0
LINE
8
BLACK
6
CONTINUOUS
10
-3.5905231102362203
20
7.1441602755905507
11
-3.5906365748031495
21
7.1430081496062989
0
LINE
8
BLACK
6
CONTINUOUS
10
-3.5906365748031495
20
7.1430081496062989
11
-3.5915183858267716
21
7.1408793307086613
0
LINE
8
BLACK
6
CONTINUOUS
10
-3.5915183858267716
20
7.1408793307086613
11
-3.5931476771653541
21
7.1392500393700784
0
LINE
8
BLACK
6
CONTINUOUS
10
-3.5931476771653541
20
7.1392500393700784
11
-3.5952764960629922
21
7.1383682283464562
0
LINE
8
BLACK
6
CONTINUOUS
10
-3.5952764960629922
20
7.1383682283464562
11
-3.5975807480314961
21
7.1383682283464562
0
LINE
8
BLACK
6
CONTINUOUS
10
-3.5975807480314961
20
7.1383682283464562
11
-3.5997095669291337
21
7.1392500393700784
0
LINE
8
BLACK
6
CONTINUOUS
10
-3.5997095669291337
20
7.1392500393700784
11
-3.6013388582677166
21
7.1408793307086613
0
LINE
8
BLACK
6
CONTINUOUS
10
-3.6013388582677166
20
7.1408793307086613
11
-3.6022206692913383
21
7.1430081496062989
0
LINE
8
BLACK
6
CONTINUOUS
10
-3.6022206692913383
20
7.1430081496062989
11
-3.6023341338582675
21
7.1441602755905507
0
LINE
8
BLACK
6
CONTINUOUS
10
-3.6023341338582675
20
7.1441602755905507
11
-3.6023341338582675
21
7.1835303543307081
0
LINE
8
BLACK
6
CONTINUOUS
10
-3.6023341338582675
20
7.1835303543307081
11
-3.6022206692913383
21
7.1846824803149607
0
LINE
8
BLACK
6
CONTINUOUS
10
-3.6022206692913383
20
7.1846824803149607
11
-3.6013388582677166
21
7.1868112992125983
0
LINE
8
BLACK
6
CONTINUOUS
10
-3.6013388582677166
20
7.1868112992125983
11
-3.5997095669291337
21
7.1884405905511812
0
LINE
8
BLACK
6
CONTINUOUS
10
-3.5997095669291337
20
7.1884405905511812
11
-3.5975807480314961
21
7.1893224015748034
0
LINE
8
BLACK
6
CONTINUOUS
10
-3.5975807480314961
20
7.1893224015748034
11
-3.5952764960629922
21
7.1893224015748034
0
LINE
8
BLACK
6
CONTINUOUS
10
-3.5952764960629922
20
7.1893224015748034
11
-3.5931476771653541
21
7.1884405905511812
0
LINE
8
BLACK
6
CONTINUOUS
10
-3.5931476771653541
20
7.1884405905511812
11
-3.592557401574803
21
7.1878502755905513
0
LINE
8
BLACK
6
CONTINUOUS
10
-3.592557401574803
20
7.1878502755905513
11
-3.5906332283464568
21
7.1888124015748032
0
LINE
8
BLACK
6
CONTINUOUS
10
-3.5906332283464568
20
7.1888124015748032
11
-3.5895519685039368
21
7.1892261417322834
0
LINE
8
BLACK
6
CONTINUOUS
10
-3.5895519685039368
20
7.1892261417322834
11
-3.5893403937007875
21
7.1892411417322837
0
LINE
8
BLACK
6
CONTINUOUS
10
-3.5893403937007875
20
7.1892411417322837
11
-3.5891442913385827
21
7.1893224015748034
0
LINE
8
BLACK
6
CONTINUOUS
10
-3.5891442913385827
20
7.1893224015748034
11
-3.5879921653543305
21
7.1894358661417321
0
LINE
8
BLACK
6
CONTINUOUS
10
-3.5879921653543305
20
7.1894358661417321
11
-3.5795557086614171
21
7.1894358661417321
0
LINE
8
BLACK
6
CONTINUOUS
10
-3.5795557086614171
20
7.1894358661417321
11
-3.5784035826771654
21
7.1893224015748034
0
LINE
8
BLACK
6
CONTINUOUS
10
-3.6225924803149607
20
7.2086737795275591
11
-3.6212692125984249
21
7.2081256692913387
0
LINE
8
BLACK
6
CONTINUOUS
10
-3.6212692125984249
20
7.2081256692913387
11
-3.6203742913385826
21
7.2073912204724406
0
LINE
8
BLACK
6
CONTINUOUS
10
-3.6203742913385826
20
7.2073912204724406
11
-3.6175621259842519
21
7.2045790551181099
0
LINE
8
BLACK
6
CONTINUOUS
10
-3.6175621259842519
20
7.2045790551181099
11
-3.6168276771653542
21
7.2036841338582676
0
LINE
8
BLACK
6
CONTINUOUS
10
-3.6168276771653542
20
7.2036841338582676
11
-3.6159459055118108
21
7.2015553149606299
0
LINE
8
BLACK
6
CONTINUOUS
10
-3.6159459055118108
20
7.2015553149606299
11
-3.6159459055118108
21
7.1992511417322831
0
LINE
8
BLACK
6
CONTINUOUS
10
-3.6159459055118108
20
7.1992511417322831
11
-3.6168276771653542
21
7.1971223228346455
0
LINE
8
BLACK
6
CONTINUOUS
10
-3.6168276771653542
20
7.1971223228346455
11
-3.616827716535433
21
7.1971222834645667
0
LINE
8
BLACK
6
CONTINUOUS
10
-3.616827716535433
20
7.1971222834645667
11
-3.6175621653543306
21
7.1962273622047244
0
LINE
8
BLACK
6
CONTINUOUS
10
-3.6175621653543306
20
7.1962273622047244
11
-3.6203743307086613
21
7.1934152362204724
0
LINE
8
BLACK
6
CONTINUOUS
10
-3.6203743307086613
20
7.1934152362204724
11
-3.6212690551181104
21
7.1926809842519681
0
LINE
8
BLACK
6
CONTINUOUS
10
-3.6212690551181104
20
7.1926809842519681
11
-3.6212692125984249
21
7.1926808267716531
0
LINE
8
BLACK
6
CONTINUOUS
10
-3.6212692125984249
20
7.1926808267716531
11
-3.6218927165354331
21
7.1924225590551183
0
LINE
8
BLACK
6
CONTINUOUS
10
-3.6218927165354331
20
7.1924225590551183
11
-3.6233979921259842
21
7.1917990551181097
0
LINE
8
BLACK
6
CONTINUOUS
10
-3.6233979921259842
20
7.1917990551181097
11
-3.6257022440944882
21
7.1917990551181097
0
LINE
8
BLACK
6
CONTINUOUS
10
-3.6257022440944882
20
7.1917990551181097
11
-3.6269492913385828
21
7.1923155905511811
0
LINE
8
BLACK
6
CONTINUOUS
10
-3.6269492913385828
20
7.1923155905511811
11
-3.6278310629921258
21
7.1926808267716531
0
LINE
8
BLACK
6
CONTINUOUS
10
-3.6278310629921258
20
7.1926808267716531
11
-3.6287259448818898
21
7.1934152755905512
0
LINE
8
BLACK
6
CONTINUOUS
10
-3.6287259448818898
20
7.1934152755905512
11
-3.6315380708661418
21
7.1962274015748031
0
LINE
8
BLACK
6
CONTINUOUS
10
-3.6315380708661418
20
7.1962274015748031
11
-3.6322725196850394
21
7.1971223228346455
0
LINE
8
BLACK
6
CONTINUOUS
10
-3.6322725196850394
20
7.1971223228346455
11
-3.6329438976377952
21
7.1987432283464567
0
LINE
8
BLACK
6
CONTINUOUS
10
-3.6329438976377952
20
7.1987432283464567
11
-3.6331542913385828
21
7.1992511023622043
0
LINE
8
BLACK
6
CONTINUOUS
10
-3.6331542913385828
20
7.1992511023622043
11
-3.6331542913385828
21
7.2015552755905512
0
LINE
8
BLACK
6
CONTINUOUS
10
-3.6331542913385828
20
7.2015552755905512
11
-3.6330666141732282
21
7.201766929133858
0
LINE
8
BLACK
6
CONTINUOUS
10
-3.6330666141732282
20
7.201766929133858
11
-3.6322725196850394
21
7.2036841338582676
0
LINE
8
BLACK
6
CONTINUOUS
10
-3.6322725196850394
20
7.2036841338582676
11
-3.6322723622047244
21
7.2036842913385826
0
LINE
8
BLACK
6
CONTINUOUS
10
-3.6322723622047244
20
7.2036842913385826
11
-3.6315381102362205
21
7.2045790157480312
0
LINE
8
BLACK
6
CONTINUOUS
10
-3.6315381102362205
20
7.2045790157480312
11
-3.6287259842519686
21
7.2073911811023619
0
LINE
8
BLACK
6
CONTINUOUS
10
-3.6287259842519686
20
7.2073911811023619
11
-3.6278310629921258
21
7.2081256299212599
0
LINE
8
BLACK
6
CONTINUOUS
10
-3.6278310629921258
20
7.2081256299212599
11
-3.627831023622047
21
7.2081256692913387
0
LINE
8
BLACK
6
CONTINUOUS
10
-3.627831023622047
20
7.2081256692913387
11
-3.6265077559055117
21
7.2086737795275591
0
LINE
8
BLACK
6
CONTINUOUS
10
-3.6265077559055117
20
7.2086737795275591
11
-3.6257022440944882
21
7.2090074409448821
0
LINE
8
BLACK
6
CONTINUOUS
10
-3.6257022440944882
20
7.2090074409448821
11
-3.6233979921259842
21
7.2090074409448821
0
LINE
8
BLACK
6
CONTINUOUS
10
-3.6233979921259842
20
7.2090074409448821
11
-3.6225924803149607
21
7.2086737795275591
0
LINE
8
BLACK
6
CONTINUOUS
10
-3.2276980314960628
20
7.2887570472440943
11
-3.2266237007874015
21
7.288325708661417
0
LINE
8
BLACK
6
CONTINUOUS
10
-3.2266237007874015
20
7.288325708661417
11
-3.1909055118110237
21
7.2697319685039368
0
LINE
8
BLACK
6
CONTINUOUS
10
-3.1909055118110237
20
7.2697319685039368
11
-3.1909055118110237
21
7.2830874015748028
0
LINE
8
BLACK
6
CONTINUOUS
10
-3.1909055118110237
20
7.2830874015748028
11
-3.1907920472440945
21
7.2842395275590546
0
LINE
8
BLACK
6
CONTINUOUS
10
-3.1907920472440945
20
7.2842395275590546
11
-3.1899102362204723
21
7.2863683464566931
0
LINE
8
BLACK
6
CONTINUOUS
10
-3.1899102362204723
20
7.2863683464566931
11
-3.1882809448818898
21
7.2879976377952751
0
LINE
8
BLACK
6
CONTINUOUS
10
-3.1882809448818898
20
7.2879976377952751
11
-3.1861521259842518
21
7.2888794488188973
0
LINE
8
BLACK
6
CONTINUOUS
10
-3.1861521259842518
20
7.2888794488188973
11
-3.1838478740157479
21
7.2888794488188973
0
LINE
8
BLACK
6
CONTINUOUS
10
-3.1838478740157479
20
7.2888794488188973
11
-3.1817190551181103
21
7.2879976377952751
0
LINE
8
BLACK
6
CONTINUOUS
10
-3.1817190551181103
20
7.2879976377952751
11
-3.1800897637795273
21
7.2863683464566931
0
LINE
8
BLACK
6
CONTINUOUS
10
-3.1800897637795273
20
7.2863683464566931
11
-3.1792079527559056
21
7.2842395275590546
0
LINE
8
BLACK
6
CONTINUOUS
10
-3.1792079527559056
20
7.2842395275590546
11
-3.1790944881889764
21
7.2830874015748028
0
LINE
8
BLACK
6
CONTINUOUS
10
-3.1790944881889764
20
7.2830874015748028
11
-3.1790944881889764
21
7.1230874015748027
0
LINE
8
BLACK
6
CONTINUOUS
10
-3.1790944881889764
20
7.1230874015748027
11
-3.1790944881889764
21
6.970905511811023
0
LINE
8
BLACK
6
CONTINUOUS
10
-3.1790944881889764
20
6.970905511811023
11
-2.8969125984251969
21
6.970905511811023
0
LINE
8
BLACK
6
CONTINUOUS
10
-2.8969125984251969
20
6.970905511811023
11
-2.8957604724409447
21
6.9707920472440943
0
LINE
8
BLACK
6
CONTINUOUS
10
-2.8957604724409447
20
6.9707920472440943
11
-2.8936316535433071
21
6.9699102362204721
0
LINE
8
BLACK
6
CONTINUOUS
10
-2.8936316535433071
20
6.9699102362204721
11
-2.8920023622047242
21
6.9682809448818892
0
LINE
8
BLACK
6
CONTINUOUS
10
-2.8920023622047242
20
6.9682809448818892
11
-2.8911205511811024
21
6.9661521259842516
0
LINE
8
BLACK
6
CONTINUOUS
10
-2.8911205511811024
20
6.9661521259842516
11
-2.8911205511811024
21
6.9638478740157481
0
LINE
8
BLACK
6
CONTINUOUS
10
-2.8911205511811024
20
6.9638478740157481
11
-2.8920023622047242
21
6.9617190551181105
0
LINE
8
BLACK
6
CONTINUOUS
10
-2.8920023622047242
20
6.9617190551181105
11
-2.8936316535433071
21
6.9600897637795276
0
LINE
8
BLACK
6
CONTINUOUS
10
-2.8936316535433071
20
6.9600897637795276
11
-2.8957604724409447
21
6.9592079527559054
0
LINE
8
BLACK
6
CONTINUOUS
10
-2.8957604724409447
20
6.9592079527559054
11
-2.8969125984251969
21
6.9590944881889758
0
LINE
8
BLACK
6
CONTINUOUS
10
-2.8969125984251969
20
6.9590944881889758
11
-2.9102679921259842
21
6.9590944881889758
0
LINE
8
BLACK
6
CONTINUOUS
10
-2.9102679921259842
20
6.9590944881889758
11
-2.8916743307086614
21
6.9233763385826768
0
LINE
8
BLACK
6
CONTINUOUS
10
-2.8916743307086614
20
6.9233763385826768
11
-2.8912429527559054
21
6.9223019685039366
0
LINE
8
BLACK
6
CONTINUOUS
10
-2.8912429527559054
20
6.9223019685039366
11
-2.8910421653543308
21
6.9200065354330711
0
LINE
8
BLACK
6
CONTINUOUS
10
-2.8910421653543308
20
6.9200065354330711
11
-2.8917350393700785
21
6.9178090157480314
0
LINE
8
BLACK
6
CONTINUOUS
10
-2.8917350393700785
20
6.9178090157480314
11
-2.8932161417322835
21
6.9160438582677166
0
LINE
8
BLACK
6
CONTINUOUS
10
-2.8932161417322835
20
6.9160438582677166
11
-2.8952600393700787
21
6.9149798425196849
0
LINE
8
BLACK
6
CONTINUOUS
10
-2.8952600393700787
20
6.9149798425196849
11
-2.8975555118110234
21
6.9147790551181103
0
LINE
8
BLACK
6
CONTINUOUS
10
-2.8975555118110234
20
6.9147790551181103
11
-2.8997530314960631
21
6.915471929133858
0
LINE
8
BLACK
6
CONTINUOUS
10
-2.8997530314960631
20
6.915471929133858
11
-2.9015181889763779
21
6.916953031496063
0
LINE
8
BLACK
6
CONTINUOUS
10
-2.9015181889763779
20
6.916953031496063
11
-2.9021508267716536
21
6.9179225984251964
0
LINE
8
BLACK
6
CONTINUOUS
10
-2.9021508267716536
20
6.9179225984251964
11
-2.9140944881889763
21
6.9408661417322834
0
LINE
8
BLACK
6
CONTINUOUS
10
-2.9140944881889763
20
6.9408661417322834
11
-2.9140944881889763
21
5.4091338188976374
0
LINE
8
BLACK
6
CONTINUOUS
10
-2.9140944881889763
20
5.4091338188976374
11
-2.9021508267716536
21
5.4320774015748032
0
LINE
8
BLACK
6
CONTINUOUS
10
-2.9021508267716536
20
5.4320774015748032
11
-2.9015181889763779
21
5.4330469685039366
0
LINE
8
BLACK
6
CONTINUOUS
10
-2.9015181889763779
20
5.4330469685039366
11
-2.8997530314960631
21
5.4345280708661416
0
LINE
8
BLACK
6
CONTINUOUS
10
-2.8997530314960631
20
5.4345280708661416
11
-2.8975555118110234
21
5.4352209448818893
0
LINE
8
BLACK
6
CONTINUOUS
10
-2.8975555118110234
20
5.4352209448818893
11
-2.8952600393700787
21
5.4350201574803148
0
LINE
8
BLACK
6
CONTINUOUS
10
-2.8952600393700787
20
5.4350201574803148
11
-2.8932161417322835
21
5.433956141732283
0
LINE
8
BLACK
6
CONTINUOUS
10
-2.8932161417322835
20
5.433956141732283
11
-2.8917350393700785
21
5.4321909842519682
0
LINE
8
BLACK
6
CONTINUOUS
10
-2.8917350393700785
20
5.4321909842519682
11
-2.8910421653543308
21
5.4299934645669294
0
LINE
8
BLACK
6
CONTINUOUS
10
-2.8910421653543308
20
5.4299934645669294
11
-2.8912429527559054
21
5.427698031496063
0
LINE
8
BLACK
6
CONTINUOUS
10
-2.8912429527559054
20
5.427698031496063
11
-2.8916743307086614
21
5.4266236614173229
0
LINE
8
BLACK
6
CONTINUOUS
10
-2.8916743307086614
20
5.4266236614173229
11
-2.9102679921259842
21
5.3909055118110238
0
LINE
8
BLACK
6
CONTINUOUS
10
-2.9102679921259842
20
5.3909055118110238
11
-2.8969125984251969
21
5.3909055118110238
0
LINE
8
BLACK
6
CONTINUOUS
10
-2.8969125984251969
20
5.3909055118110238
11
-2.8957604724409447
21
5.3907920472440942
0
LINE
8
BLACK
6
CONTINUOUS
10
-2.8957604724409447
20
5.3907920472440942
11
-2.8936316535433071
21
5.3899102362204721
0
LINE
8
BLACK
6
CONTINUOUS
10
-2.8936316535433071
20
5.3899102362204721
11
-2.8920023622047242
21
5.38828094488189
0
LINE
8
BLACK
6
CONTINUOUS
10
-2.8920023622047242
20
5.38828094488189
11
-2.8911205511811024
21
5.3861521259842515
0
LINE
8
BLACK
6
CONTINUOUS
10
-2.8911205511811024
20
5.3861521259842515
11
-2.8911205511811024
21
5.383847874015748
0
LINE
8
BLACK
6
CONTINUOUS
10
-2.8911205511811024
20
5.383847874015748
11
-2.8920023622047242
21
5.3817190551181104
0
LINE
8
BLACK
6
CONTINUOUS
10
-2.8920023622047242
20
5.3817190551181104
11
-2.8936316535433071
21
5.3800897637795275
0
LINE
8
BLACK
6
CONTINUOUS
10
-2.8936316535433071
20
5.3800897637795275
11
-2.8957604724409447
21
5.3792079527559054
0
LINE
8
BLACK
6
CONTINUOUS
10
-2.8957604724409447
20
5.3792079527559054
11
-2.8969125984251969
21
5.3790944881889766
0
LINE
8
BLACK
6
CONTINUOUS
10
-2.8969125984251969
20
5.3790944881889766
11
-3.1850000000000001
21
5.3790944881889766
0
LINE
8
BLACK
6
CONTINUOUS
10
-3.1850000000000001
20
5.3790944881889766
11
-3.1861521259842518
21
5.3792079527559054
0
LINE
8
BLACK
6
CONTINUOUS
10
-3.1861521259842518
20
5.3792079527559054
11
-3.1882809448818898
21
5.3800897637795275
0
LINE
8
BLACK
6
CONTINUOUS
10
-3.1882809448818898
20
5.3800897637795275
11
-3.1899102362204723
21
5.3817190551181104
0
LINE
8
BLACK
6
CONTINUOUS
10
-3.1899102362204723
20
5.3817190551181104
11
-3.1907920472440945
21
5.383847874015748
0
LINE
8
BLACK
6
CONTINUOUS
10
-3.1907920472440945
20
5.383847874015748
11
-3.1907920472440945
21
5.3861521259842515
0
LINE
8
BLACK
6
CONTINUOUS
10
-3.1907920472440945
20
5.3861521259842515
11
-3.1899102362204723
21
5.38828094488189
0
LINE
8
BLACK
6
CONTINUOUS
10
-3.1899102362204723
20
5.38828094488189
11
-3.1882809448818898
21
5.3899102362204721
0
LINE
8
BLACK
6
CONTINUOUS
10
-3.1882809448818898
20
5.3899102362204721
11
-3.1861521259842518
21
5.3907920472440942
0
LINE
8
BLACK
6
CONTINUOUS
10
-3.1861521259842518
20
5.3907920472440942
11
-3.1850000000000001
21
5.3909055118110238
0
LINE
8
BLACK
6
CONTINUOUS
10
-3.1850000000000001
20
5.3909055118110238
11
-3.0997320078740156
21
5.3909055118110238
0
LINE
8
BLACK
6
CONTINUOUS
10
-3.0997320078740156
20
5.3909055118110238
11
-3.1183257086614171
21
5.4266237007874016
0
LINE
8
BLACK
6
CONTINUOUS
10
-3.1183257086614171
20
5.4266237007874016
11
-3.1187570472440944
21
5.427698031496063
0
LINE
8
BLACK
6
CONTINUOUS
10
-3.1187570472440944
20
5.427698031496063
11
-3.118957834645669
21
5.4299935039370082
0
LINE
8
BLACK
6
CONTINUOUS
10
-3.118957834645669
20
5.4299935039370082
11
-3.1182649606299213
21
5.432191023622047
0
LINE
8
BLACK
6
CONTINUOUS
10
-3.1182649606299213
20
5.432191023622047
11
-3.1167838582677163
21
5.4339561811023618
0
LINE
8
BLACK
6
CONTINUOUS
10
-3.1167838582677163
20
5.4339561811023618
11
-3.1147399606299211
21
5.4350201574803148
0
LINE
8
BLACK
6
CONTINUOUS
10
-3.1147399606299211
20
5.4350201574803148
11
-3.1124444881889763
21
5.4352209448818893
0
LINE
8
BLACK
6
CONTINUOUS
10
-3.1124444881889763
20
5.4352209448818893
11
-3.1102469685039371
21
5.4345280708661416
0
LINE
8
BLACK
6
CONTINUOUS
10
-3.1102469685039371
20
5.4345280708661416
11
-3.1084818110236219
21
5.4330469685039366
0
LINE
8
BLACK
6
CONTINUOUS
10
-3.1084818110236219
20
5.4330469685039366
11
-3.1078491732283462
21
5.4320774015748032
0
LINE
8
BLACK
6
CONTINUOUS
10
-3.1078491732283462
20
5.4320774015748032
11
-3.0959055118110235
21
5.4091338188976374
0
LINE
8
BLACK
6
CONTINUOUS
10
-3.0959055118110235
20
5.4091338188976374
11
-3.0959055118110235
21
6.9408661417322834
0
LINE
8
BLACK
6
CONTINUOUS
10
-3.0959055118110235
20
6.9408661417322834
11
-3.1078491732283462
21
6.9179225984251964
0
LINE
8
BLACK
6
CONTINUOUS
10
-3.1078491732283462
20
6.9179225984251964
11
-3.1084818110236219
21
6.916953031496063
0
LINE
8
BLACK
6
CONTINUOUS
10
-3.1084818110236219
20
6.916953031496063
11
-3.1102469685039371
21
6.915471929133858
0
LINE
8
BLACK
6
CONTINUOUS
10
-3.1102469685039371
20
6.915471929133858
11
-3.1124444881889763
21
6.9147790551181103
0
LINE
8
BLACK
6
CONTINUOUS
10
-3.1124444881889763
20
6.9147790551181103
11
-3.1147399606299211
21
6.9149798425196849
0
LINE
8
BLACK
6
CONTINUOUS
10
-3.1147399606299211
20
6.9149798425196849
11
-3.1167838582677163
21
6.9160438188976379
0
LINE
8
BLACK
6
CONTINUOUS
10
-3.1167838582677163
20
6.9160438188976379
11
-3.1182649606299213
21
6.9178089763779527
0
LINE
8
BLACK
6
CONTINUOUS
10
-3.1182649606299213
20
6.9178089763779527
11
-3.118957834645669
21
6.9200064960629923
0
LINE
8
BLACK
6
CONTINUOUS
10
-3.118957834645669
20
6.9200064960629923
11
-3.1187570472440944
21
6.9223019685039366
0
LINE
8
BLACK
6
CONTINUOUS
10
-3.1187570472440944
20
6.9223019685039366
11
-3.1183257086614171
21
6.923376299212598
0
LINE
8
BLACK
6
CONTINUOUS
10
-3.1183257086614171
20
6.923376299212598
11
-3.0997320078740156
21
6.9590944881889758
0
LINE
8
BLACK
6
CONTINUOUS
10
-3.0997320078740156
20
6.9590944881889758
11
-3.1850000000000001
21
6.9590944881889758
0
LINE
8
BLACK
6
CONTINUOUS
10
-3.1850000000000001
20
6.9590944881889758
11
-3.1861521259842518
21
6.9592079527559054
0
LINE
8
BLACK
6
CONTINUOUS
10
-3.1861521259842518
20
6.9592079527559054
11
-3.1882809448818898
21
6.9600897637795276
0
LINE
8
BLACK
6
CONTINUOUS
10
-3.1882809448818898
20
6.9600897637795276
11
-3.1899102362204723
21
6.9617190551181105
0
LINE
8
BLACK
6
CONTINUOUS
10
-3.1899102362204723
20
6.9617190551181105
11
-3.1907920472440945
21
6.9638478740157481
0
LINE
8
BLACK
6
CONTINUOUS
10
-3.1907920472440945
20
6.9638478740157481
11
-3.1909055118110237
21
6.9649999999999999
0
LINE
8
BLACK
6
CONTINUOUS
10
-3.1909055118110237
20
6.9649999999999999
11
-3.1909055118110237
21
7.0902679921259839
0
LINE
8
BLACK
6
CONTINUOUS
10
-3.1909055118110237
20
7.0902679921259839
11
-3.2266237007874015
21
7.0716742913385824
0
LINE
8
BLACK
6
CONTINUOUS
10
-3.2266237007874015
20
7.0716742913385824
11
-3.2276980314960628
21
7.0712429527559051
0
LINE
8
BLACK
6
CONTINUOUS
10
-3.2276980314960628
20
7.0712429527559051
11
-3.229993503937008
21
7.0710421653543305
0
LINE
8
BLACK
6
CONTINUOUS
10
-3.229993503937008
20
7.0710421653543305
11
-3.2321910236220472
21
7.0717350393700782
0
LINE
8
BLACK
6
CONTINUOUS
10
-3.2321910236220472
20
7.0717350393700782
11
-3.233956181102362
21
7.0732161417322832
0
LINE
8
BLACK
6
CONTINUOUS
10
-3.233956181102362
20
7.0732161417322832
11
-3.235020157480315
21
7.0752600393700789
0
LINE
8
BLACK
6
CONTINUOUS
10
-3.235020157480315
20
7.0752600393700789
11
-3.2352209448818896
21
7.0775555118110232
0
LINE
8
BLACK
6
CONTINUOUS
10
-3.2352209448818896
20
7.0775555118110232
11
-3.2345280708661415
21
7.0797530314960628
0
LINE
8
BLACK
6
CONTINUOUS
10
-3.2345280708661415
20
7.0797530314960628
11
-3.2330469685039369
21
7.0815181889763776
0
LINE
8
BLACK
6
CONTINUOUS
10
-3.2330469685039369
20
7.0815181889763776
11
-3.2320774015748031
21
7.0821508267716533
0
LINE
8
BLACK
6
CONTINUOUS
10
-3.2320774015748031
20
7.0821508267716533
11
-3.2091338188976377
21
7.0940944881889765
0
LINE
8
BLACK
6
CONTINUOUS
10
-3.2091338188976377
20
7.0940944881889765
11
-4.3408661417322838
21
7.0940944881889765
0
LINE
8
BLACK
6
CONTINUOUS
10
-4.3408661417322838
20
7.0940944881889765
11
-4.3179225984251968
21
7.0821508267716533
0
LINE
8
BLACK
6
CONTINUOUS
10
-4.3179225984251968
20
7.0821508267716533
11
-4.3169530314960625
21
7.0815181889763776
0
LINE
8
BLACK
6
CONTINUOUS
10
-4.3169530314960625
20
7.0815181889763776
11
-4.3154719291338584
21
7.0797530314960628
0
LINE
8
BLACK
6
CONTINUOUS
10
-4.3154719291338584
20
7.0797530314960628
11
-4.3147790551181098
21
7.0775555118110232
0
LINE
8
BLACK
6
CONTINUOUS
10
-4.3147790551181098
20
7.0775555118110232
11
-4.3149798425196852
21
7.0752600393700789
0
LINE
8
BLACK
6
CONTINUOUS
10
-4.3149798425196852
20
7.0752600393700789
11
-4.3160438582677161
21
7.0732161417322832
0
LINE
8
BLACK
6
CONTINUOUS
10
-4.3160438582677161
20
7.0732161417322832
11
-4.3178090157480318
21
7.0717350393700782
0
LINE
8
BLACK
6
CONTINUOUS
10
-4.3178090157480318
20
7.0717350393700782
11
-4.3200065354330706
21
7.0710421653543305
0
LINE
8
BLACK
6
CONTINUOUS
10
-4.3200065354330706
20
7.0710421653543305
11
-4.322301968503937
21
7.0712429527559051
0
LINE
8
BLACK
6
CONTINUOUS
10
-4.322301968503937
20
7.0712429527559051
11
-4.3233763385826771
21
7.0716743307086611
0
LINE
8
BLACK
6
CONTINUOUS
10
-4.3233763385826771
20
7.0716743307086611
11
-4.3590944881889762
21
7.0902679921259839
0
LINE
8
BLACK
6
CONTINUOUS
10
-4.3590944881889762
20
7.0902679921259839
11
-4.3590944881889762
21
6.9649999999999999
0
LINE
8
BLACK
6
CONTINUOUS
10
-4.3590944881889762
20
6.9649999999999999
11
-4.3592079527559058
21
6.9638478740157481
0
LINE
8
BLACK
6
CONTINUOUS
10
-4.3592079527559058
20
6.9638478740157481
11
-4.3600897637795271
21
6.9617190551181105
0
LINE
8
BLACK
6
CONTINUOUS
10
-4.3600897637795271
20
6.9617190551181105
11
-4.36171905511811
21
6.9600897637795276
0
LINE
8
BLACK
6
CONTINUOUS
10
-4.36171905511811
20
6.9600897637795276
11
-4.3638478740157476
21
6.9592079527559054
0
LINE
8
BLACK
6
CONTINUOUS
10
-4.3638478740157476
20
6.9592079527559054
11
-4.366152125984252
21
6.9592079527559054
0
LINE
8
BLACK
6
CONTINUOUS
10
-4.366152125984252
20
6.9592079527559054
11
-4.3682809448818896
21
6.9600897637795276
0
LINE
8
BLACK
6
CONTINUOUS
10
-4.3682809448818896
20
6.9600897637795276
11
-4.3699102362204725
21
6.9617190551181105
0
LINE
8
BLACK
6
CONTINUOUS
10
-4.3699102362204725
20
6.9617190551181105
11
-4.3707920472440946
21
6.9638478740157481
0
LINE
8
BLACK
6
CONTINUOUS
10
-4.3707920472440946
20
6.9638478740157481
11
-4.3709055118110234
21
6.9649999999999999
0
LINE
8
BLACK
6
CONTINUOUS
10
-4.3709055118110234
20
6.9649999999999999
11
-4.3709055118110234
21
7.1230874015748027
0
LINE
8
BLACK
6
CONTINUOUS
10
-4.3709055118110234
20
7.1230874015748027
11
-4.3709055118110234
21
7.2830874015748028
0
LINE
8
BLACK
6
CONTINUOUS
10
-4.3709055118110234
20
7.2830874015748028
11
-4.3707920472440946
21
7.2842395275590546
0
LINE
8
BLACK
6
CONTINUOUS
10
-4.3707920472440946
20
7.2842395275590546
11
-4.3699102362204725
21
7.2863683464566931
0
LINE
8
BLACK
6
CONTINUOUS
10
-4.3699102362204725
20
7.2863683464566931
11
-4.3682809448818896
21
7.2879976377952751
0
LINE
8
BLACK
6
CONTINUOUS
10
-4.3682809448818896
20
7.2879976377952751
11
-4.366152125984252
21
7.2888794488188973
0
LINE
8
BLACK
6
CONTINUOUS
10
-4.366152125984252
20
7.2888794488188973
11
-4.3638478740157476
21
7.2888794488188973
0
LINE
8
BLACK
6
CONTINUOUS
10
-4.3638478740157476
20
7.2888794488188973
11
-4.36171905511811
21
7.2879976377952751
0
LINE
8
BLACK
6
CONTINUOUS
10
-4.36171905511811
20
7.2879976377952751
11
-4.3600897637795271
21
7.2863683464566931
0
LINE
8
BLACK
6
CONTINUOUS
10
-4.3600897637795271
20
7.2863683464566931
11
-4.3592079527559058
21
7.2842395275590546
0
LINE
8
BLACK
6
CONTINUOUS
10
-4.3592079527559058
20
7.2842395275590546
11
-4.3590944881889762
21
7.2830874015748028
0
LINE
8
BLACK
6
CONTINUOUS
10
-4.3590944881889762
20
7.2830874015748028
11
-4.3590944881889762
21
7.2697319685039368
0
LINE
8
BLACK
6
CONTINUOUS
10
-4.3590944881889762
20
7.2697319685039368
11
-4.3233763385826771
21
7.2883256692913383
0
LINE
8
BLACK
6
CONTINUOUS
10
-4.3233763385826771
20
7.2883256692913383
11
-4.322301968503937
21
7.2887570472440943
0
LINE
8
BLACK
6
CONTINUOUS
10
-4.322301968503937
20
7.2887570472440943
11
-4.3200065354330706
21
7.2889578346456689
0
LINE
8
BLACK
6
CONTINUOUS
10
-4.3200065354330706
20
7.2889578346456689
11
-4.3178090157480318
21
7.2882649606299212
0
LINE
8
BLACK
6
CONTINUOUS
10
-4.3178090157480318
20
7.2882649606299212
11
-4.3160438582677161
21
7.2867838582677162
0
LINE
8
BLACK
6
CONTINUOUS
10
-4.3160438582677161
20
7.2867838582677162
11
-4.3149798425196852
21
7.2847399606299215
0
LINE
8
BLACK
6
CONTINUOUS
10
-4.3149798425196852
20
7.2847399606299215
11
-4.3147790551181098
21
7.2824444881889763
0
LINE
8
BLACK
6
CONTINUOUS
10
-4.3147790551181098
20
7.2824444881889763
11
-4.3154719291338584
21
7.2802469685039366
0
LINE
8
BLACK
6
CONTINUOUS
10
-4.3154719291338584
20
7.2802469685039366
11
-4.3169530314960625
21
7.2784818110236218
0
LINE
8
BLACK
6
CONTINUOUS
10
-4.3169530314960625
20
7.2784818110236218
11
-4.3179225984251968
21
7.2778491732283461
0
LINE
8
BLACK
6
CONTINUOUS
10
-4.3179225984251968
20
7.2778491732283461
11
-4.3408661417322838
21
7.2659055118110238
0
LINE
8
BLACK
6
CONTINUOUS
10
-4.3408661417322838
20
7.2659055118110238
11
-3.2091338188976377
21
7.2659055118110238
0
LINE
8
BLACK
6
CONTINUOUS
10
-3.2091338188976377
20
7.2659055118110238
11
-3.2320774015748031
21
7.2778491732283461
0
LINE
8
BLACK
6
CONTINUOUS
10
-3.2320774015748031
20
7.2778491732283461
11
-3.2330469685039369
21
7.2784818110236218
0
LINE
8
BLACK
6
CONTINUOUS
10
-3.2330469685039369
20
7.2784818110236218
11
-3.2345280708661415
21
7.2802469685039366
0
LINE
8
BLACK
6
CONTINUOUS
10
-3.2345280708661415
20
7.2802469685039366
11
-3.2352209448818896
21
7.2824444881889763
0
LINE
8
BLACK
6
CONTINUOUS
10
-3.2352209448818896
20
7.2824444881889763
11
-3.235020157480315
21
7.2847399606299215
0
LINE
8
BLACK
6
CONTINUOUS
10
-3.235020157480315
20
7.2847399606299215
11
-3.233956181102362
21
7.2867838582677162
0
LINE
8
BLACK
6
CONTINUOUS
10
-3.233956181102362
20
7.2867838582677162
11
-3.2321910236220472
21
7.2882649606299212
0
LINE
8
BLACK
6
CONTINUOUS
10
-3.2321910236220472
20
7.2882649606299212
11
-3.229993503937008
21
7.2889578346456689
0
LINE
8
BLACK
6
CONTINUOUS
10
-3.229993503937008
20
7.2889578346456689
11
-3.2276980314960628
21
7.2887570472440943
0
LINE
8
BLACK
6
CONTINUOUS
10
-3.0802679921259841
20
6.9590944881889758
11
-3.0616743307086614
21
6.9233763385826768
0
LINE
8
BLACK
6
CONTINUOUS
10
-3.0616743307086614
20
6.9233763385826768
11
-3.0612429527559053
21
6.9223019685039366
0
LINE
8
BLACK
6
CONTINUOUS
10
-3.0612429527559053
20
6.9223019685039366
11
-3.0610421653543307
21
6.9200065354330711
0
LINE
8
BLACK
6
CONTINUOUS
10
-3.0610421653543307
20
6.9200065354330711
11
-3.0617350393700788
21
6.9178090157480314
0
LINE
8
BLACK
6
CONTINUOUS
10
-3.0617350393700788
20
6.9178090157480314
11
-3.0632161417322834
21
6.9160438582677166
0
LINE
8
BLACK
6
CONTINUOUS
10
-3.0632161417322834
20
6.9160438582677166
11
-3.0652600393700786
21
6.9149798425196849
0
LINE
8
BLACK
6
CONTINUOUS
10
-3.0652600393700786
20
6.9149798425196849
11
-3.0675555118110234
21
6.9147790551181103
0
LINE
8
BLACK
6
CONTINUOUS
10
-3.0675555118110234
20
6.9147790551181103
11
-3.069753031496063
21
6.915471929133858
0
LINE
8
BLACK
6
CONTINUOUS
10
-3.069753031496063
20
6.915471929133858
11
-3.0715181889763778
21
6.916953031496063
0
LINE
8
BLACK
6
CONTINUOUS
10
-3.0715181889763778
20
6.916953031496063
11
-3.0721508267716535
21
6.9179225984251964
0
LINE
8
BLACK
6
CONTINUOUS
10
-3.0721508267716535
20
6.9179225984251964
11
-3.0840944881889762
21
6.9408661417322834
0
LINE
8
BLACK
6
CONTINUOUS
10
-3.0840944881889762
20
6.9408661417322834
11
-3.0840944881889762
21
5.4091338188976374
0
LINE
8
BLACK
6
CONTINUOUS
10
-3.0840944881889762
20
5.4091338188976374
11
-3.0721508267716535
21
5.4320774015748032
0
LINE
8
BLACK
6
CONTINUOUS
10
-3.0721508267716535
20
5.4320774015748032
11
-3.0715181889763778
21
5.4330469685039366
0
LINE
8
BLACK
6
CONTINUOUS
10
-3.0715181889763778
20
5.4330469685039366
11
-3.069753031496063
21
5.4345280708661416
0
LINE
8
BLACK
6
CONTINUOUS
10
-3.069753031496063
20
5.4345280708661416
11
-3.0675555118110234
21
5.4352209448818893
0
LINE
8
BLACK
6
CONTINUOUS
10
-3.0675555118110234
20
5.4352209448818893
11
-3.0652600393700786
21
5.4350201574803148
0
LINE
8
BLACK
6
CONTINUOUS
10
-3.0652600393700786
20
5.4350201574803148
11
-3.0632161417322834
21
5.433956141732283
0
LINE
8
BLACK
6
CONTINUOUS
10
-3.0632161417322834
20
5.433956141732283
11
-3.0617350393700788
21
5.4321909842519682
0
LINE
8
BLACK
6
CONTINUOUS
10
-3.0617350393700788
20
5.4321909842519682
11
-3.0610421653543307
21
5.4299934645669294
0
LINE
8
BLACK
6
CONTINUOUS
10
-3.0610421653543307
20
5.4299934645669294
11
-3.0612429527559053
21
5.427698031496063
0
LINE
8
BLACK
6
CONTINUOUS
10
-3.0612429527559053
20
5.427698031496063
11
-3.0616743307086614
21
5.4266236614173229
0
LINE
8
BLACK
6
CONTINUOUS
10
-3.0616743307086614
20
5.4266236614173229
11
-3.0802679921259841
21
5.3909055118110238
0
LINE
8
BLACK
6
CONTINUOUS
10
-3.0802679921259841
20
5.3909055118110238
11
-2.9297320078740157
21
5.3909055118110238
0
LINE
8
BLACK
6
CONTINUOUS
10
-2.9297320078740157
20
5.3909055118110238
11
-2.9483257086614172
21
5.4266237007874016
0
LINE
8
BLACK
6
CONTINUOUS
10
-2.9483257086614172
20
5.4266237007874016
11
-2.9487570472440945
21
5.427698031496063
0
LINE
8
BLACK
6
CONTINUOUS
10
-2.9487570472440945
20
5.427698031496063
11
-2.9489578346456691
21
5.4299935039370082
0
LINE
8
BLACK
6
CONTINUOUS
10
-2.9489578346456691
20
5.4299935039370082
11
-2.9482649606299214
21
5.432191023622047
0
LINE
8
BLACK
6
CONTINUOUS
10
-2.9482649606299214
20
5.432191023622047
11
-2.9467838582677164
21
5.4339561811023618
0
LINE
8
BLACK
6
CONTINUOUS
10
-2.9467838582677164
20
5.4339561811023618
11
-2.9447399606299212
21
5.4350201574803148
0
LINE
8
BLACK
6
CONTINUOUS
10
-2.9447399606299212
20
5.4350201574803148
11
-2.9424444881889764
21
5.4352209448818893
0
LINE
8
BLACK
6
CONTINUOUS
10
-2.9424444881889764
20
5.4352209448818893
11
-2.9402469685039367
21
5.4345280708661416
0
LINE
8
BLACK
6
CONTINUOUS
10
-2.9402469685039367
20
5.4345280708661416
11
-2.9384818110236219
21
5.4330469685039366
0
LINE
8
BLACK
6
CONTINUOUS
10
-2.9384818110236219
20
5.4330469685039366
11
-2.9378491732283463
21
5.4320774015748032
0
LINE
8
BLACK
6
CONTINUOUS
10
-2.9378491732283463
20
5.4320774015748032
11
-2.9259055118110235
21
5.4091338188976374
0
LINE
8
BLACK
6
CONTINUOUS
10
-2.9259055118110235
20
5.4091338188976374
11
-2.9259055118110235
21
6.9408661417322834
0
LINE
8
BLACK
6
CONTINUOUS
10
-2.9259055118110235
20
6.9408661417322834
11
-2.9378491732283463
21
6.9179225984251964
0
LINE
8
BLACK
6
CONTINUOUS
10
-2.9378491732283463
20
6.9179225984251964
11
-2.9384818110236219
21
6.916953031496063
0
LINE
8
BLACK
6
CONTINUOUS
10
-2.9384818110236219
20
6.916953031496063
11
-2.9402469685039367
21
6.915471929133858
0
LINE
8
BLACK
6
CONTINUOUS
10
-2.9402469685039367
20
6.915471929133858
11
-2.9424444881889764
21
6.9147790551181103
0
LINE
8
BLACK
6
CONTINUOUS
10
-2.9424444881889764
20
6.9147790551181103
11
-2.9447399606299212
21
6.9149798425196849
0
LINE
8
BLACK
6
CONTINUOUS
10
-2.9447399606299212
20
6.9149798425196849
11
-2.9467838582677164
21
6.9160438188976379
0
LINE
8
BLACK
6
CONTINUOUS
10
-2.9467838582677164
20
6.9160438188976379
11
-2.9482649606299214
21
6.9178089763779527
0
LINE
8
BLACK
6
CONTINUOUS
10
-2.9482649606299214
20
6.9178089763779527
11
-2.9489578346456691
21
6.9200064960629923
0
LINE
8
BLACK
6
CONTINUOUS
10
-2.9489578346456691
20
6.9200064960629923
11
-2.9487570472440945
21
6.9223019685039366
0
LINE
8
BLACK
6
CONTINUOUS
10
-2.9487570472440945
20
6.9223019685039366
11
-2.9483257086614172
21
6.923376299212598
0
LINE
8
BLACK
6
CONTINUOUS
10
-2.9483257086614172
20
6.923376299212598
11
-2.9297320078740157
21
6.9590944881889758
0
LINE
8
BLACK
6
CONTINUOUS
10
-2.9297320078740157
20
6.9590944881889758
11
-3.0802679921259841
21
6.9590944881889758
0
LINE
8
BLACK
6
CONTINUOUS
10
-4.3408661417322838
20
7.2540944881889766
11
-4.3179225984251968
21
7.2421508267716534
0
LINE
8
BLACK
6
CONTINUOUS
10
-4.3179225984251968
20
7.2421508267716534
11
-4.3169530314960625
21
7.2415181889763778
0
LINE
8
BLACK
6
CONTINUOUS
10
-4.3169530314960625
20
7.2415181889763778
11
-4.3154719291338584
21
7.239753031496063
0
LINE
8
BLACK
6
CONTINUOUS
10
-4.3154719291338584
20
7.239753031496063
11
-4.3147790551181098
21
7.2375555118110233
0
LINE
8
BLACK
6
CONTINUOUS
10
-4.3147790551181098
20
7.2375555118110233
11
-4.3149798425196852
21
7.235260039370079
0
LINE
8
BLACK
6
CONTINUOUS
10
-4.3149798425196852
20
7.235260039370079
11
-4.3160438582677161
21
7.2332161417322833
0
LINE
8
BLACK
6
CONTINUOUS
10
-4.3160438582677161
20
7.2332161417322833
11
-4.3178090157480318
21
7.2317350393700783
0
LINE
8
BLACK
6
CONTINUOUS
10
-4.3178090157480318
20
7.2317350393700783
11
-4.3200065354330706
21
7.2310421653543306
0
LINE
8
BLACK
6
CONTINUOUS
10
-4.3200065354330706
20
7.2310421653543306
11
-4.322301968503937
21
7.2312429527559052
0
LINE
8
BLACK
6
CONTINUOUS
10
-4.322301968503937
20
7.2312429527559052
11
-4.3233763385826771
21
7.2316743307086613
0
LINE
8
BLACK
6
CONTINUOUS
10
-4.3233763385826771
20
7.2316743307086613
11
-4.3590944881889762
21
7.2502679921259841
0
LINE
8
BLACK
6
CONTINUOUS
10
-4.3590944881889762
20
7.2502679921259841
11
-4.3590944881889762
21
7.1230874015748027
0
LINE
8
BLACK
6
CONTINUOUS
10
-4.3590944881889762
20
7.1230874015748027
11
-4.3590944881889762
21
7.1097319685039366
0
LINE
8
BLACK
6
CONTINUOUS
10
-4.3590944881889762
20
7.1097319685039366
11
-4.3233763385826771
21
7.1283256692913382
0
LINE
8
BLACK
6
CONTINUOUS
10
-4.3233763385826771
20
7.1283256692913382
11
-4.322301968503937
21
7.1287570472440942
0
LINE
8
BLACK
6
CONTINUOUS
10
-4.322301968503937
20
7.1287570472440942
11
-4.3200065354330706
21
7.1289578346456688
0
LINE
8
BLACK
6
CONTINUOUS
10
-4.3200065354330706
20
7.1289578346456688
11
-4.3178090157480318
21
7.1282649606299211
0
LINE
8
BLACK
6
CONTINUOUS
10
-4.3178090157480318
20
7.1282649606299211
11
-4.3160438582677161
21
7.1267838582677161
0
LINE
8
BLACK
6
CONTINUOUS
10
-4.3160438582677161
20
7.1267838582677161
11
-4.3149798425196852
21
7.1247399606299213
0
LINE
8
BLACK
6
CONTINUOUS
10
-4.3149798425196852
20
7.1247399606299213
11
-4.3147790551181098
21
7.1224444881889761
0
LINE
8
BLACK
6
CONTINUOUS
10
-4.3147790551181098
20
7.1224444881889761
11
-4.3154719291338584
21
7.1202469685039365
0
LINE
8
BLACK
6
CONTINUOUS
10
-4.3154719291338584
20
7.1202469685039365
11
-4.3169530314960625
21
7.1184818110236217
0
LINE
8
BLACK
6
CONTINUOUS
10
-4.3169530314960625
20
7.1184818110236217
11
-4.3179225984251968
21
7.117849173228346
0
LINE
8
BLACK
6
CONTINUOUS
10
-4.3179225984251968
20
7.117849173228346
11
-4.3408661417322838
21
7.1059055118110237
0
LINE
8
BLACK
6
CONTINUOUS
10
-4.3408661417322838
20
7.1059055118110237
11
-3.2091338188976377
21
7.1059055118110237
0
LINE
8
BLACK
6
CONTINUOUS
10
-3.2091338188976377
20
7.1059055118110237
11
-3.2320774015748031
21
7.117849173228346
0
LINE
8
BLACK
6
CONTINUOUS
10
-3.2320774015748031
20
7.117849173228346
11
-3.2330469685039369
21
7.1184818110236217
0
LINE
8
BLACK
6
CONTINUOUS
10
-3.2330469685039369
20
7.1184818110236217
11
-3.2345280708661415
21
7.1202469685039365
0
LINE
8
BLACK
6
CONTINUOUS
10
-3.2345280708661415
20
7.1202469685039365
11
-3.2352209448818896
21
7.1224444881889761
0
LINE
8
BLACK
6
CONTINUOUS
10
-3.2352209448818896
20
7.1224444881889761
11
-3.235020157480315
21
7.1247399606299213
0
LINE
8
BLACK
6
CONTINUOUS
10
-3.235020157480315
20
7.1247399606299213
11
-3.233956181102362
21
7.1267838582677161
0
LINE
8
BLACK
6
CONTINUOUS
10
-3.233956181102362
20
7.1267838582677161
11
-3.2321910236220472
21
7.1282649606299211
0
LINE
8
BLACK
6
CONTINUOUS
10
-3.2321910236220472
20
7.1282649606299211
11
-3.229993503937008
21
7.1289578346456688
0
LINE
8
BLACK
6
CONTINUOUS
10
-3.229993503937008
20
7.1289578346456688
11
-3.2276980314960628
21
7.1287570472440942
0
LINE
8
BLACK
6
CONTINUOUS
10
-3.2276980314960628
20
7.1287570472440942
11
-3.2266237007874015
21
7.1283257086614169
0
LINE
8
BLACK
6
CONTINUOUS
10
-3.2266237007874015
20
7.1283257086614169
11
-3.1909055118110237
21
7.1097319685039366
0
LINE
8
BLACK
6
CONTINUOUS
10
-3.1909055118110237
20
7.1097319685039366
11
-3.1909055118110237
21
7.1230874015748027
0
LINE
8
BLACK
6
CONTINUOUS
10
-3.1909055118110237
20
7.1230874015748027
11
-3.1909055118110237
21
7.2502679921259841
0
LINE
8
BLACK
6
CONTINUOUS
10
-3.1909055118110237
20
7.2502679921259841
11
-3.2266237007874015
21
7.2316742913385825
0
LINE
8
BLACK
6
CONTINUOUS
10
-3.2266237007874015
20
7.2316742913385825
11
-3.2276980314960628
21
7.2312429527559052
0
LINE
8
BLACK
6
CONTINUOUS
10
-3.2276980314960628
20
7.2312429527559052
11
-3.229993503937008
21
7.2310421653543306
0
LINE
8
BLACK
6
CONTINUOUS
10
-3.229993503937008
20
7.2310421653543306
11
-3.2321910236220472
21
7.2317350393700783
0
LINE
8
BLACK
6
CONTINUOUS
10
-3.2321910236220472
20
7.2317350393700783
11
-3.233956181102362
21
7.2332161417322833
0
LINE
8
BLACK
6
CONTINUOUS
10
-3.233956181102362
20
7.2332161417322833
11
-3.235020157480315
21
7.235260039370079
0
LINE
8
BLACK
6
CONTINUOUS
10
-3.235020157480315
20
7.235260039370079
11
-3.2352209448818896
21
7.2375555118110233
0
LINE
8
BLACK
6
CONTINUOUS
10
-3.2352209448818896
20
7.2375555118110233
11
-3.2345280708661415
21
7.239753031496063
0
LINE
8
BLACK
6
CONTINUOUS
10
-3.2345280708661415
20
7.239753031496063
11
-3.2330469685039369
21
7.2415181889763778
0
LINE
8
BLACK
6
CONTINUOUS
10
-3.2330469685039369
20
7.2415181889763778
11
-3.2320774015748031
21
7.2421508267716534
0
LINE
8
BLACK
6
CONTINUOUS
10
-3.2320774015748031
20
7.2421508267716534
11
-3.2091338188976377
21
7.2540944881889766
0
LINE
8
BLACK
6
CONTINUOUS
10
-3.2091338188976377
20
7.2540944881889766
11
-4.3408661417322838
21
7.2540944881889766
0
LINE
8
BLACK
6
CONTINUOUS
10
-3.1308793700787403
20
6.0069631496062987
11
-3.1292500787401574
21
6.0053338582677167
0
LINE
8
BLACK
6
CONTINUOUS
10
-3.1292500787401574
20
6.0053338582677167
11
-3.1283682677165352
21
6.0032050393700782
0
LINE
8
BLACK
6
CONTINUOUS
10
-3.1283682677165352
20
6.0032050393700782
11
-3.128254803149606
21
6.0020529133858265
0
LINE
8
BLACK
6
CONTINUOUS
10
-3.128254803149606
20
6.0020529133858265
11
-3.128254803149606
21
5.9683071259842517
0
LINE
8
BLACK
6
CONTINUOUS
10
-3.128254803149606
20
5.9683071259842517
11
-3.1283682677165352
21
5.967155
0
LINE
8
BLACK
6
CONTINUOUS
10
-3.1283682677165352
20
5.967155
11
-3.1292500787401574
21
5.9650261811023624
0
LINE
8
BLACK
6
CONTINUOUS
10
-3.1292500787401574
20
5.9650261811023624
11
-3.1308793700787403
21
5.9633968897637795
0
LINE
8
BLACK
6
CONTINUOUS
10
-3.1308793700787403
20
5.9633968897637795
11
-3.1330081889763779
21
5.9625150787401573
0
LINE
8
BLACK
6
CONTINUOUS
10
-3.1330081889763779
20
5.9625150787401573
11
-3.1353124409448818
21
5.9625150787401573
0
LINE
8
BLACK
6
CONTINUOUS
10
-3.1353124409448818
20
5.9625150787401573
11
-3.1374412598425194
21
5.9633968897637795
0
LINE
8
BLACK
6
CONTINUOUS
10
-3.1374412598425194
20
5.9633968897637795
11
-3.1390705511811023
21
5.9650261811023624
0
LINE
8
BLACK
6
CONTINUOUS
10
-3.1390705511811023
20
5.9650261811023624
11
-3.1399523622047245
21
5.967155
0
LINE
8
BLACK
6
CONTINUOUS
10
-3.1399523622047245
20
5.967155
11
-3.1400658267716537
21
5.9683071259842517
0
LINE
8
BLACK
6
CONTINUOUS
10
-3.1400658267716537
20
5.9683071259842517
11
-3.1400658267716537
21
5.9792744881889766
0
LINE
8
BLACK
6
CONTINUOUS
10
-3.1400658267716537
20
5.9792744881889766
11
-3.1761461023622046
21
5.9792744881889766
0
LINE
8
BLACK
6
CONTINUOUS
10
-3.1761461023622046
20
5.9792744881889766
11
-3.1749788582677163
21
5.9781072440944882
0
LINE
8
BLACK
6
CONTINUOUS
10
-3.1749788582677163
20
5.9781072440944882
11
-3.1746072047244094
21
5.9776543700787403
0
LINE
8
BLACK
6
CONTINUOUS
10
-3.1746072047244094
20
5.9776543700787403
11
-3.17448937007874
21
5.9775522047244092
0
LINE
8
BLACK
6
CONTINUOUS
10
-3.17448937007874
20
5.9775522047244092
11
-3.1743776377952755
21
5.9773746456692916
0
LINE
8
BLACK
6
CONTINUOUS
10
-3.1743776377952755
20
5.9773746456692916
11
-3.1742444094488187
21
5.9772123622047246
0
LINE
8
BLACK
6
CONTINUOUS
10
-3.1742444094488187
20
5.9772123622047246
11
-3.1741847244094488
21
5.977068149606299
0
LINE
8
BLACK
6
CONTINUOUS
10
-3.1741847244094488
20
5.977068149606299
11
-3.1738726377952755
21
5.9765724409448815
0
LINE
8
BLACK
6
CONTINUOUS
10
-3.1738726377952755
20
5.9765724409448815
11
-3.1710604724409448
21
5.9709481889763776
0
LINE
8
BLACK
6
CONTINUOUS
10
-3.1710604724409448
20
5.9709481889763776
11
-3.1706467322834646
21
5.9698669291338584
0
LINE
8
BLACK
6
CONTINUOUS
10
-3.1706467322834646
20
5.9698669291338584
11
-3.1704833858267714
21
5.9675685039370077
0
LINE
8
BLACK
6
CONTINUOUS
10
-3.1704833858267714
20
5.9675685039370077
11
-3.1712120078740158
21
5.9653825984251965
0
LINE
8
BLACK
6
CONTINUOUS
10
-3.1712120078740158
20
5.9653825984251965
11
-3.1727217322834647
21
5.9636418110236216
0
LINE
8
BLACK
6
CONTINUOUS
10
-3.1727217322834647
20
5.9636418110236216
11
-3.1747827165354332
21
5.9626113385826773
0
LINE
8
BLACK
6
CONTINUOUS
10
-3.1747827165354332
20
5.9626113385826773
11
-3.1770811417322835
21
5.9624479921259841
0
LINE
8
BLACK
6
CONTINUOUS
10
-3.1770811417322835
20
5.9624479921259841
11
-3.179267086614173
21
5.9631766535433073
0
LINE
8
BLACK
6
CONTINUOUS
10
-3.179267086614173
20
5.9631766535433073
11
-3.1810078346456692
21
5.9646863385826769
0
LINE
8
BLACK
6
CONTINUOUS
10
-3.1810078346456692
20
5.9646863385826769
11
-3.1816245669291336
21
5.9656661023622046
0
LINE
8
BLACK
6
CONTINUOUS
10
-3.1816245669291336
20
5.9656661023622046
11
-3.1840081496062993
21
5.9704331889763775
0
LINE
8
BLACK
6
CONTINUOUS
10
-3.1840081496062993
20
5.9704331889763775
11
-3.1885412598425198
21
5.974966299212598
0
LINE
8
BLACK
6
CONTINUOUS
10
-3.1885412598425198
20
5.974966299212598
11
-3.1964912204724407
21
5.9802662992125981
0
LINE
8
BLACK
6
CONTINUOUS
10
-3.1964912204724407
20
5.9802662992125981
11
-3.1964945275590551
21
5.9802689763779524
0
LINE
8
BLACK
6
CONTINUOUS
10
-3.1964945275590551
20
5.9802689763779524
11
-3.196496377952756
21
5.9802697637795275
0
LINE
8
BLACK
6
CONTINUOUS
10
-3.196496377952756
20
5.9802697637795275
11
-3.1965005905511812
21
5.9802739370078735
0
LINE
8
BLACK
6
CONTINUOUS
10
-3.1965005905511812
20
5.9802739370078735
11
-3.1973868897637794
21
5.9809998031496061
0
LINE
8
BLACK
6
CONTINUOUS
10
-3.1973868897637794
20
5.9809998031496061
11
-3.1977122440944883
21
5.9814855905511806
0
LINE
8
BLACK
6
CONTINUOUS
10
-3.1977122440944883
20
5.9814855905511806
11
-3.1981256692913385
21
5.9818990551181104
0
LINE
8
BLACK
6
CONTINUOUS
10
-3.1981256692913385
20
5.9818990551181104
11
-3.198347125984252
21
5.9824335826771655
0
LINE
8
BLACK
6
CONTINUOUS
10
-3.198347125984252
20
5.9824335826771655
11
-3.1986690551181103
21
5.9829143700787402
0
LINE
8
BLACK
6
CONTINUOUS
10
-3.1986690551181103
20
5.9829143700787402
11
-3.1987837401574803
21
5.9834876771653542
0
LINE
8
BLACK
6
CONTINUOUS
10
-3.1987837401574803
20
5.9834876771653542
11
-3.1990074803149606
21
5.984027874015748
0
LINE
8
BLACK
6
CONTINUOUS
10
-3.1990074803149606
20
5.984027874015748
11
-3.1990074803149606
21
5.9846064566929131
0
LINE
8
BLACK
6
CONTINUOUS
10
-3.1990074803149606
20
5.9846064566929131
11
-3.1991209448818898
21
5.9851737795275586
0
LINE
8
BLACK
6
CONTINUOUS
10
-3.1991209448818898
20
5.9851737795275586
11
-3.1990074803149606
21
5.9857473228346452
0
LINE
8
BLACK
6
CONTINUOUS
10
-3.1990074803149606
20
5.9857473228346452
11
-3.1990074803149606
21
5.9863321259842515
0
LINE
8
BLACK
6
CONTINUOUS
10
-3.1990074803149606
20
5.9863321259842515
11
-3.1987860629921259
21
5.9868666929133854
0
LINE
8
BLACK
6
CONTINUOUS
10
-3.1987860629921259
20
5.9868666929133854
11
-3.1986737795275588
21
5.9874342125984255
0
LINE
8
BLACK
6
CONTINUOUS
10
-3.1986737795275588
20
5.9874342125984255
11
-3.1983494488188975
21
5.9879207086614175
0
LINE
8
BLACK
6
CONTINUOUS
10
-3.1983494488188975
20
5.9879207086614175
11
-3.1981256692913385
21
5.98846094488189
0
LINE
8
BLACK
6
CONTINUOUS
10
-3.1981256692913385
20
5.98846094488189
11
-3.1977165748031497
21
5.9888700393700782
0
LINE
8
BLACK
6
CONTINUOUS
10
-3.1977165748031497
20
5.9888700393700782
11
-3.1973956299212598
21
5.9893514566929129
0
LINE
8
BLACK
6
CONTINUOUS
10
-3.1973956299212598
20
5.9893514566929129
11
-3.1969098425196849
21
5.9896767716535431
0
LINE
8
BLACK
6
CONTINUOUS
10
-3.1969098425196849
20
5.9896767716535431
11
-3.196496377952756
21
5.990090236220472
0
LINE
8
BLACK
6
CONTINUOUS
10
-3.196496377952756
20
5.990090236220472
11
-3.1959618503937008
21
5.9903116535433067
0
LINE
8
BLACK
6
CONTINUOUS
10
-3.1959618503937008
20
5.9903116535433067
11
-3.1954810629921258
21
5.9906336220472438
0
LINE
8
BLACK
6
CONTINUOUS
10
-3.1954810629921258
20
5.9906336220472438
11
-3.1949077559055117
21
5.9907482677165351
0
LINE
8
BLACK
6
CONTINUOUS
10
-3.1949077559055117
20
5.9907482677165351
11
-3.1943675590551179
21
5.9909720472440942
0
LINE
8
BLACK
6
CONTINUOUS
10
-3.1943675590551179
20
5.9909720472440942
11
-3.193227716535433
21
5.9910842913385824
0
LINE
8
BLACK
6
CONTINUOUS
10
-3.193227716535433
20
5.9910842913385824
11
-3.1932216535433069
21
5.9910855118110238
0
LINE
8
BLACK
6
CONTINUOUS
10
-3.1932216535433069
20
5.9910855118110238
11
-3.1932196062992126
21
5.9910850787401575
0
LINE
8
BLACK
6
CONTINUOUS
10
-3.1932196062992126
20
5.9910850787401575
11
-3.1932154330708662
21
5.9910855118110238
0
LINE
8
BLACK
6
CONTINUOUS
10
-3.1932154330708662
20
5.9910855118110238
11
-3.1400658267716537
21
5.9910855118110238
0
LINE
8
BLACK
6
CONTINUOUS
10
-3.1400658267716537
20
5.9910855118110238
11
-3.1400658267716537
21
6.0020529133858265
0
LINE
8
BLACK
6
CONTINUOUS
10
-3.1400658267716537
20
6.0020529133858265
11
-3.1399523622047245
21
6.0032050393700782
0
LINE
8
BLACK
6
CONTINUOUS
10
-3.1399523622047245
20
6.0032050393700782
11
-3.1390705511811023
21
6.0053338582677167
0
LINE
8
BLACK
6
CONTINUOUS
10
-3.1390705511811023
20
6.0053338582677167
11
-3.1374412598425194
21
6.0069631496062987
0
LINE
8
BLACK
6
CONTINUOUS
10
-3.1374412598425194
20
6.0069631496062987
11
-3.1353124409448818
21
6.0078449606299209
0
LINE
8
BLACK
6
CONTINUOUS
10
-3.1353124409448818
20
6.0078449606299209
11
-3.1330081889763779
21
6.0078449606299209
0
LINE
8
BLACK
6
CONTINUOUS
10
-3.1330081889763779
20
6.0078449606299209
11
-3.1308793700787403
21
6.0069631496062987
0
LINE
8
BLACK
6
CONTINUOUS
10
-3.1349385433070864
20
6.0356011417322835
11
-3.133691535433071
21
6.0350846456692908
0
LINE
8
BLACK
6
CONTINUOUS
10
-3.133691535433071
20
6.0350846456692908
11
-3.1336914960629922
21
6.0350846062992121
0
LINE
8
BLACK
6
CONTINUOUS
10
-3.1336914960629922
20
6.0350846062992121
11
-3.1327965748031494
21
6.0343501574803149
0
LINE
8
BLACK
6
CONTINUOUS
10
-3.1327965748031494
20
6.0343501574803149
11
-3.1299844488188975
21
6.0315379921259842
0
LINE
8
BLACK
6
CONTINUOUS
10
-3.1299844488188975
20
6.0315379921259842
11
-3.1292500393700786
21
6.0306431102362206
0
LINE
8
BLACK
6
CONTINUOUS
10
-3.1292500393700786
20
6.0306431102362206
11
-3.1292500393700786
21
6.0306430708661418
0
LINE
8
BLACK
6
CONTINUOUS
10
-3.1292500393700786
20
6.0306430708661418
11
-3.1283682677165352
21
6.0285143307086617
0
LINE
8
BLACK
6
CONTINUOUS
10
-3.1283682677165352
20
6.0285143307086617
11
-3.1283682677165352
21
6.0262100787401573
0
LINE
8
BLACK
6
CONTINUOUS
10
-3.1283682677165352
20
6.0262100787401573
11
-3.1288848425196849
21
6.0249630314960632
0
LINE
8
BLACK
6
CONTINUOUS
10
-3.1288848425196849
20
6.0249630314960632
11
-3.1292500393700786
21
6.0240812598425197
0
LINE
8
BLACK
6
CONTINUOUS
10
-3.1292500393700786
20
6.0240812598425197
11
-3.1299844881889762
21
6.0231863779527561
0
LINE
8
BLACK
6
CONTINUOUS
10
-3.1299844881889762
20
6.0231863779527561
11
-3.1327966141732282
21
6.0203742519685042
0
LINE
8
BLACK
6
CONTINUOUS
10
-3.1327966141732282
20
6.0203742519685042
11
-3.133691535433071
21
6.0196398031496061
0
LINE
8
BLACK
6
CONTINUOUS
10
-3.133691535433071
20
6.0196398031496061
11
-3.1358203543307086
21
6.0187580314960627
0
LINE
8
BLACK
6
CONTINUOUS
10
-3.1358203543307086
20
6.0187580314960627
11
-3.1381244881889763
21
6.0187580314960627
0
LINE
8
BLACK
6
CONTINUOUS
10
-3.1381244881889763
20
6.0187580314960627
11
-3.138124527559055
21
6.0187580314960627
0
LINE
8
BLACK
6
CONTINUOUS
10
-3.138124527559055
20
6.0187580314960627
11
-3.1402533464566926
21
6.0196398031496061
0
LINE
8
BLACK
6
CONTINUOUS
10
-3.1402533464566926
20
6.0196398031496061
11
-3.1402533858267714
21
6.0196398425196849
0
LINE
8
BLACK
6
CONTINUOUS
10
-3.1402533858267714
20
6.0196398425196849
11
-3.1411482283464567
21
6.0203742125984254
0
LINE
8
BLACK
6
CONTINUOUS
10
-3.1411482283464567
20
6.0203742125984254
11
-3.1439603937007874
21
6.0231863385826774
0
LINE
8
BLACK
6
CONTINUOUS
10
-3.1439603937007874
20
6.0231863385826774
11
-3.144694842519685
21
6.0240812598425197
0
LINE
8
BLACK
6
CONTINUOUS
10
-3.144694842519685
20
6.0240812598425197
11
-3.1446948818897638
21
6.0240812992125985
0
LINE
8
BLACK
6
CONTINUOUS
10
-3.1446948818897638
20
6.0240812992125985
11
-3.1454890157480313
21
6.0259985433070868
0
LINE
8
BLACK
6
CONTINUOUS
10
-3.1454890157480313
20
6.0259985433070868
11
-3.1455766535433072
21
6.0262100787401573
0
LINE
8
BLACK
6
CONTINUOUS
10
-3.1455766535433072
20
6.0262100787401573
11
-3.1455766535433072
21
6.0285142519685042
0
LINE
8
BLACK
6
CONTINUOUS
10
-3.1455766535433072
20
6.0285142519685042
11
-3.1455766535433072
21
6.028514291338583
0
LINE
8
BLACK
6
CONTINUOUS
10
-3.1455766535433072
20
6.028514291338583
11
-3.1455766535433072
21
6.0285143307086617
0
LINE
8
BLACK
6
CONTINUOUS
10
-3.1455766535433072
20
6.0285143307086617
11
-3.1446948818897638
21
6.0306430708661418
0
LINE
8
BLACK
6
CONTINUOUS
10
-3.1446948818897638
20
6.0306430708661418
11
-3.1446948818897638
21
6.0306431102362206
0
LINE
8
BLACK
6
CONTINUOUS
10
-3.1446948818897638
20
6.0306431102362206
11
-3.1439604330708661
21
6.0315380314960629
0
LINE
8
BLACK
6
CONTINUOUS
10
-3.1439604330708661
20
6.0315380314960629
11
-3.1411482677165354
21
6.0343501968503936
0
LINE
8
BLACK
6
CONTINUOUS
10
-3.1411482677165354
20
6.0343501968503936
11
-3.1402533464566926
21
6.0350846456692908
0
LINE
8
BLACK
6
CONTINUOUS
10
-3.1402533464566926
20
6.0350846456692908
11
-3.138124527559055
21
6.0359664173228342
0
LINE
8
BLACK
6
CONTINUOUS
10
-3.138124527559055
20
6.0359664173228342
11
-3.1358203543307086
21
6.0359664173228342
0
LINE
8
BLACK
6
CONTINUOUS
10
-3.1358203543307086
20
6.0359664173228342
11
-3.1358203149606299
21
6.0359664173228342
0
LINE
8
BLACK
6
CONTINUOUS
10
-3.1358203149606299
20
6.0359664173228342
11
-3.1349385433070864
21
6.0356011417322835
0
LINE
8
BLACK
6
CONTINUOUS
10
-3.1442567716535432
20
6.0922094094488184
11
-3.1440607086614172
21
6.0921281496062987
0
LINE
8
BLACK
6
CONTINUOUS
10
-3.1440607086614172
20
6.0921281496062987
11
-3.1438490944881887
21
6.0921131496062992
0
LINE
8
BLACK
6
CONTINUOUS
10
-3.1438490944881887
20
6.0921131496062992
11
-3.1427678740157479
21
6.091699409448819
0
LINE
8
BLACK
6
CONTINUOUS
10
-3.1427678740157479
20
6.091699409448819
11
-3.1371435826771652
21
6.0888872440944883
0
LINE
8
BLACK
6
CONTINUOUS
10
-3.1371435826771652
20
6.0888872440944883
11
-3.1366477165354332
21
6.0885750787401571
0
LINE
8
BLACK
6
CONTINUOUS
10
-3.1366477165354332
20
6.0885750787401571
11
-3.1365037401574805
21
6.0885154724409452
0
LINE
8
BLACK
6
CONTINUOUS
10
-3.1365037401574805
20
6.0885154724409452
11
-3.1363416535433069
21
6.0883824015748029
0
LINE
8
BLACK
6
CONTINUOUS
10
-3.1363416535433069
20
6.0883824015748029
11
-3.1361638188976375
21
6.0882705118110234
0
LINE
8
BLACK
6
CONTINUOUS
10
-3.1361638188976375
20
6.0882705118110234
11
-3.1360615748031497
21
6.0881525984251965
0
LINE
8
BLACK
6
CONTINUOUS
10
-3.1360615748031497
20
6.0881525984251965
11
-3.1356088188976377
21
6.0877810629921258
0
LINE
8
BLACK
6
CONTINUOUS
10
-3.1356088188976377
20
6.0877810629921258
11
-3.1327966535433069
21
6.0849689370078739
0
LINE
8
BLACK
6
CONTINUOUS
10
-3.1327966535433069
20
6.0849689370078739
11
-3.1324250393700788
21
6.084516062992126
0
LINE
8
BLACK
6
CONTINUOUS
10
-3.1324250393700788
20
6.084516062992126
11
-3.1323070866141731
21
6.0844138188976373
0
LINE
8
BLACK
6
CONTINUOUS
10
-3.1323070866141731
20
6.0844138188976373
11
-3.1321952362204724
21
6.0842360629921259
0
LINE
8
BLACK
6
CONTINUOUS
10
-3.1321952362204724
20
6.0842360629921259
11
-3.1320622047244093
21
6.0840740157480315
0
LINE
8
BLACK
6
CONTINUOUS
10
-3.1320622047244093
20
6.0840740157480315
11
-3.1320025590551182
21
6.0839299606299209
0
LINE
8
BLACK
6
CONTINUOUS
10
-3.1320025590551182
20
6.0839299606299209
11
-3.1316903937007874
21
6.0834340551181105
0
LINE
8
BLACK
6
CONTINUOUS
10
-3.1316903937007874
20
6.0834340551181105
11
-3.1288782283464567
21
6.0778097244094491
0
LINE
8
BLACK
6
CONTINUOUS
10
-3.1288782283464567
20
6.0778097244094491
11
-3.1284644881889765
21
6.0767285039370078
0
LINE
8
BLACK
6
CONTINUOUS
10
-3.1284644881889765
20
6.0767285039370078
11
-3.1284494881889762
21
6.076516850393701
0
LINE
8
BLACK
6
CONTINUOUS
10
-3.1284494881889762
20
6.076516850393701
11
-3.1283682677165352
21
6.0763208661417325
0
LINE
8
BLACK
6
CONTINUOUS
10
-3.1283682677165352
20
6.0763208661417325
11
-3.128254803149606
21
6.0751687401574799
0
LINE
8
BLACK
6
CONTINUOUS
10
-3.128254803149606
20
6.0751687401574799
11
-3.128254803149606
21
6.0611080314960626
0
LINE
8
BLACK
6
CONTINUOUS
10
-3.128254803149606
20
6.0611080314960626
11
-3.1283682677165352
21
6.0599559055118108
0
LINE
8
BLACK
6
CONTINUOUS
10
-3.1283682677165352
20
6.0599559055118108
11
-3.1284494881889762
21
6.0597598818897636
0
LINE
8
BLACK
6
CONTINUOUS
10
-3.1284494881889762
20
6.0597598818897636
11
-3.1284644881889765
21
6.0595482677165355
0
LINE
8
BLACK
6
CONTINUOUS
10
-3.1284644881889765
20
6.0595482677165355
11
-3.1288782283464567
21
6.0584670472440942
0
LINE
8
BLACK
6
CONTINUOUS
10
-3.1288782283464567
20
6.0584670472440942
11
-3.1316903937007874
21
6.0528427165354328
0
LINE
8
BLACK
6
CONTINUOUS
10
-3.1316903937007874
20
6.0528427165354328
11
-3.1320025590551182
21
6.0523467716535428
0
LINE
8
BLACK
6
CONTINUOUS
10
-3.1320025590551182
20
6.0523467716535428
11
-3.1320622047244093
21
6.0522027559055118
0
LINE
8
BLACK
6
CONTINUOUS
10
-3.1320622047244093
20
6.0522027559055118
11
-3.1321952362204724
21
6.0520406692913387
0
LINE
8
BLACK
6
CONTINUOUS
10
-3.1321952362204724
20
6.0520406692913387
11
-3.1323070866141731
21
6.0518629527559051
0
LINE
8
BLACK
6
CONTINUOUS
10
-3.1323070866141731
20
6.0518629527559051
11
-3.1324250393700788
21
6.0517606692913386
0
LINE
8
BLACK
6
CONTINUOUS
10
-3.1324250393700788
20
6.0517606692913386
11
-3.1327966535433069
21
6.0513078346456695
0
LINE
8
BLACK
6
CONTINUOUS
10
-3.1327966535433069
20
6.0513078346456695
11
-3.1356088188976377
21
6.0484957086614175
0
LINE
8
BLACK
6
CONTINUOUS
10
-3.1356088188976377
20
6.0484957086614175
11
-3.1365037401574805
21
6.0477612992125982
0
LINE
8
BLACK
6
CONTINUOUS
10
-3.1365037401574805
20
6.0477612992125982
11
-3.1386325590551181
21
6.0468795275590548
0
LINE
8
BLACK
6
CONTINUOUS
10
-3.1386325590551181
20
6.0468795275590548
11
-3.1409367322834645
21
6.0468795275590548
0
LINE
8
BLACK
6
CONTINUOUS
10
-3.1409367322834645
20
6.0468795275590548
11
-3.1430655511811021
21
6.0477613385826769
0
LINE
8
BLACK
6
CONTINUOUS
10
-3.1430655511811021
20
6.0477613385826769
11
-3.1446948818897638
21
6.0493907086614174
0
LINE
8
BLACK
6
CONTINUOUS
10
-3.1446948818897638
20
6.0493907086614174
11
-3.1455766535433072
21
6.051519527559055
0
LINE
8
BLACK
6
CONTINUOUS
10
-3.1455766535433072
20
6.051519527559055
11
-3.1455766535433072
21
6.0538237007874018
0
LINE
8
BLACK
6
CONTINUOUS
10
-3.1455766535433072
20
6.0538237007874018
11
-3.144694842519685
21
6.0559525196850394
0
LINE
8
BLACK
6
CONTINUOUS
10
-3.144694842519685
20
6.0559525196850394
11
-3.1439603937007874
21
6.0568474409448818
0
LINE
8
BLACK
6
CONTINUOUS
10
-3.1439603937007874
20
6.0568474409448818
11
-3.1418259055118107
21
6.058981929133858
0
LINE
8
BLACK
6
CONTINUOUS
10
-3.1418259055118107
20
6.058981929133858
11
-3.1400658267716537
21
6.062502086614173
0
LINE
8
BLACK
6
CONTINUOUS
10
-3.1400658267716537
20
6.062502086614173
11
-3.1400658267716537
21
6.0737746456692916
0
LINE
8
BLACK
6
CONTINUOUS
10
-3.1400658267716537
20
6.0737746456692916
11
-3.1418259055118107
21
6.0772948031496066
0
LINE
8
BLACK
6
CONTINUOUS
10
-3.1418259055118107
20
6.0772948031496066
11
-3.1432827559055116
21
6.0787516929133858
0
LINE
8
BLACK
6
CONTINUOUS
10
-3.1432827559055116
20
6.0787516929133858
11
-3.1468029921259841
21
6.0805118503937008
0
LINE
8
BLACK
6
CONTINUOUS
10
-3.1468029921259841
20
6.0805118503937008
11
-3.1580755511811023
21
6.0805118503937008
0
LINE
8
BLACK
6
CONTINUOUS
10
-3.1580755511811023
20
6.0805118503937008
11
-3.1615957874015748
21
6.0787516929133858
0
LINE
8
BLACK
6
CONTINUOUS
10
-3.1615957874015748
20
6.0787516929133858
11
-3.1630526377952757
21
6.0772948818897641
0
LINE
8
BLACK
6
CONTINUOUS
10
-3.1630526377952757
20
6.0772948818897641
11
-3.1648127165354332
21
6.0737746850393703
0
LINE
8
BLACK
6
CONTINUOUS
10
-3.1648127165354332
20
6.0737746850393703
11
-3.1648127165354332
21
6.062502086614173
0
LINE
8
BLACK
6
CONTINUOUS
10
-3.1648127165354332
20
6.062502086614173
11
-3.1630526377952757
21
6.0589818503937005
0
LINE
8
BLACK
6
CONTINUOUS
10
-3.1630526377952757
20
6.0589818503937005
11
-3.160918149606299
21
6.0568474409448818
0
LINE
8
BLACK
6
CONTINUOUS
10
-3.160918149606299
20
6.0568474409448818
11
-3.1601837007874014
21
6.0559525196850394
0
LINE
8
BLACK
6
CONTINUOUS
10
-3.1601837007874014
20
6.0559525196850394
11
-3.1600699212598427
21
6.0556777559055117
0
LINE
8
BLACK
6
CONTINUOUS
10
-3.1600699212598427
20
6.0556777559055117
11
-3.1598816141732282
21
6.0554476377952753
0
LINE
8
BLACK
6
CONTINUOUS
10
-3.1598816141732282
20
6.0554476377952753
11
-3.1596322834645667
21
6.0546211811023625
0
LINE
8
BLACK
6
CONTINUOUS
10
-3.1596322834645667
20
6.0546211811023625
11
-3.159301929133858
21
6.0538237007874018
0
LINE
8
BLACK
6
CONTINUOUS
10
-3.159301929133858
20
6.0538237007874018
11
-3.159301929133858
21
6.0535263385826772
0
LINE
8
BLACK
6
CONTINUOUS
10
-3.159301929133858
20
6.0535263385826772
11
-3.1592160236220472
21
6.0532416535433073
0
LINE
8
BLACK
6
CONTINUOUS
10
-3.1592160236220472
20
6.0532416535433073
11
-3.159301929133858
21
6.0523827165354334
0
LINE
8
BLACK
6
CONTINUOUS
10
-3.159301929133858
20
6.0523827165354334
11
-3.1593018897637792
21
6.051519527559055
0
LINE
8
BLACK
6
CONTINUOUS
10
-3.1593018897637792
20
6.051519527559055
11
-3.1594157086614172
21
6.0512447637795272
0
LINE
8
BLACK
6
CONTINUOUS
10
-3.1594157086614172
20
6.0512447637795272
11
-3.1594452755905511
21
6.0509488582677164
0
LINE
8
BLACK
6
CONTINUOUS
10
-3.1594452755905511
20
6.0509488582677164
11
-3.1598533464566927
21
6.0501882283464568
0
LINE
8
BLACK
6
CONTINUOUS
10
-3.1598533464566927
20
6.0501882283464568
11
-3.1601836614173227
21
6.0493907086614174
0
LINE
8
BLACK
6
CONTINUOUS
10
-3.1601836614173227
20
6.0493907086614174
11
-3.1603940157480315
21
6.0491803543307086
0
LINE
8
BLACK
6
CONTINUOUS
10
-3.1603940157480315
20
6.0491803543307086
11
-3.1605345669291336
21
6.0489183464566931
0
LINE
8
BLACK
6
CONTINUOUS
10
-3.1605345669291336
20
6.0489183464566931
11
-3.1612025196850393
21
6.0483718503937007
0
LINE
8
BLACK
6
CONTINUOUS
10
-3.1612025196850393
20
6.0483718503937007
11
-3.1618129921259843
21
6.0477613385826769
0
LINE
8
BLACK
6
CONTINUOUS
10
-3.1618129921259843
20
6.0477613385826769
11
-3.1620877952755904
21
6.0476475196850394
0
LINE
8
BLACK
6
CONTINUOUS
10
-3.1620877952755904
20
6.0476475196850394
11
-3.162317874015748
21
6.0474592519685038
0
LINE
8
BLACK
6
CONTINUOUS
10
-3.162317874015748
20
6.0474592519685038
11
-3.1631444488188976
21
6.0472098425196847
0
LINE
8
BLACK
6
CONTINUOUS
10
-3.1631444488188976
20
6.0472098425196847
11
-3.1639418110236219
21
6.0468795669291335
0
LINE
8
BLACK
6
CONTINUOUS
10
-3.1639418110236219
20
6.0468795669291335
11
-3.1642390551181103
21
6.0468795275590548
0
LINE
8
BLACK
6
CONTINUOUS
10
-3.1642390551181103
20
6.0468795275590548
11
-3.1645238582677164
21
6.046793622047244
0
LINE
8
BLACK
6
CONTINUOUS
10
-3.1645238582677164
20
6.046793622047244
11
-3.1656815748031497
21
6.0467953543307082
0
LINE
8
BLACK
6
CONTINUOUS
10
-3.1656815748031497
20
6.0467953543307082
11
-3.193803031496063
21
6.0496074803149602
0
LINE
8
BLACK
6
CONTINUOUS
10
-3.193803031496063
20
6.0496074803149602
11
-3.1942229133858269
21
6.0496916535433067
0
LINE
8
BLACK
6
CONTINUOUS
10
-3.1942229133858269
20
6.0496916535433067
11
-3.1943675590551179
21
6.0496916535433067
0
LINE
8
BLACK
6
CONTINUOUS
10
-3.1943675590551179
20
6.0496916535433067
11
-3.1945032283464565
21
6.049747834645669
0
LINE
8
BLACK
6
CONTINUOUS
10
-3.1945032283464565
20
6.049747834645669
11
-3.194938149606299
21
6.0498350393700786
0
LINE
8
BLACK
6
CONTINUOUS
10
-3.194938149606299
20
6.0498350393700786
11
-3.1956988582677166
21
6.0502430708661414
0
LINE
8
BLACK
6
CONTINUOUS
10
-3.1956988582677166
20
6.0502430708661414
11
-3.196496377952756
21
6.0505734645669289
0
LINE
8
BLACK
6
CONTINUOUS
10
-3.196496377952756
20
6.0505734645669289
11
-3.1967066535433069
21
6.0507837007874015
0
LINE
8
BLACK
6
CONTINUOUS
10
-3.1967066535433069
20
6.0507837007874015
11
-3.1969686614173227
21
6.0509242913385828
0
LINE
8
BLACK
6
CONTINUOUS
10
-3.1969686614173227
20
6.0509242913385828
11
-3.1975152362204722
21
6.0515922834645668
0
LINE
8
BLACK
6
CONTINUOUS
10
-3.1975152362204722
20
6.0515922834645668
11
-3.1981256692913385
21
6.0522027559055118
0
LINE
8
BLACK
6
CONTINUOUS
10
-3.1981256692913385
20
6.0522027559055118
11
-3.1982395275590552
21
6.0524775196850396
0
LINE
8
BLACK
6
CONTINUOUS
10
-3.1982395275590552
20
6.0524775196850396
11
-3.1984277559055116
21
6.0527076377952751
0
LINE
8
BLACK
6
CONTINUOUS
10
-3.1984277559055116
20
6.0527076377952751
11
-3.1986771259842519
21
6.0535339370078738
0
LINE
8
BLACK
6
CONTINUOUS
10
-3.1986771259842519
20
6.0535339370078738
11
-3.1990074803149606
21
6.0543315748031494
0
LINE
8
BLACK
6
CONTINUOUS
10
-3.1990074803149606
20
6.0543315748031494
11
-3.1990509842519685
21
6.0547729527559051
0
LINE
8
BLACK
6
CONTINUOUS
10
-3.1990509842519685
20
6.0547729527559051
11
-3.1990933858267714
21
6.0549136220472439
0
LINE
8
BLACK
6
CONTINUOUS
10
-3.1990933858267714
20
6.0549136220472439
11
-3.1990790157480316
21
6.0550575984251971
0
LINE
8
BLACK
6
CONTINUOUS
10
-3.1990790157480316
20
6.0550575984251971
11
-3.1991209448818898
21
6.0554837007874012
0
LINE
8
BLACK
6
CONTINUOUS
10
-3.1991209448818898
20
6.0554837007874012
11
-3.1991209448818898
21
6.0836051968503932
0
LINE
8
BLACK
6
CONTINUOUS
10
-3.1991209448818898
20
6.0836051968503932
11
-3.1990074803149606
21
6.0847573228346459
0
LINE
8
BLACK
6
CONTINUOUS
10
-3.1990074803149606
20
6.0847573228346459
11
-3.1981256692913385
21
6.0868861417322835
0
LINE
8
BLACK
6
CONTINUOUS
10
-3.1981256692913385
20
6.0868861417322835
11
-3.196496377952756
21
6.0885154330708664
0
LINE
8
BLACK
6
CONTINUOUS
10
-3.196496377952756
20
6.0885154330708664
11
-3.1943675590551179
21
6.0893972440944877
0
LINE
8
BLACK
6
CONTINUOUS
10
-3.1943675590551179
20
6.0893972440944877
11
-3.192063307086614
21
6.0893972440944877
0
LINE
8
BLACK
6
CONTINUOUS
10
-3.192063307086614
20
6.0893972440944877
11
-3.1899344881889764
21
6.0885154330708664
0
LINE
8
BLACK
6
CONTINUOUS
10
-3.1899344881889764
20
6.0885154330708664
11
-3.1883051968503935
21
6.0868861417322835
0
LINE
8
BLACK
6
CONTINUOUS
10
-3.1883051968503935
20
6.0868861417322835
11
-3.1874233858267718
21
6.0847573228346459
0
LINE
8
BLACK
6
CONTINUOUS
10
-3.1874233858267718
20
6.0847573228346459
11
-3.1873099212598426
21
6.0836051968503932
0
LINE
8
BLACK
6
CONTINUOUS
10
-3.1873099212598426
20
6.0836051968503932
11
-3.1873099212598426
21
6.06082811023622
0
LINE
8
BLACK
6
CONTINUOUS
10
-3.1873099212598426
20
6.06082811023622
11
-3.1764276771653543
21
6.0597398818897634
0
LINE
8
BLACK
6
CONTINUOUS
10
-3.1764276771653543
20
6.0597398818897634
11
-3.176429094488189
21
6.0597598818897636
0
LINE
8
BLACK
6
CONTINUOUS
10
-3.176429094488189
20
6.0597598818897636
11
-3.1765102755905512
21
6.0599559055118108
0
LINE
8
BLACK
6
CONTINUOUS
10
-3.1765102755905512
20
6.0599559055118108
11
-3.1766237401574804
21
6.0611080314960626
0
LINE
8
BLACK
6
CONTINUOUS
10
-3.1766237401574804
20
6.0611080314960626
11
-3.1766237401574804
21
6.0751687401574799
0
LINE
8
BLACK
6
CONTINUOUS
10
-3.1766237401574804
20
6.0751687401574799
11
-3.1765102755905512
21
6.0763208661417325
0
LINE
8
BLACK
6
CONTINUOUS
10
-3.1765102755905512
20
6.0763208661417325
11
-3.176429094488189
21
6.076516850393701
0
LINE
8
BLACK
6
CONTINUOUS
10
-3.176429094488189
20
6.076516850393701
11
-3.1764140551181104
21
6.0767285039370078
0
LINE
8
BLACK
6
CONTINUOUS
10
-3.1764140551181104
20
6.0767285039370078
11
-3.176000275590551
21
6.0778097244094491
0
LINE
8
BLACK
6
CONTINUOUS
10
-3.176000275590551
20
6.0778097244094491
11
-3.173188149606299
21
6.0834340944881893
0
LINE
8
BLACK
6
CONTINUOUS
10
-3.173188149606299
20
6.0834340944881893
11
-3.172876023622047
21
6.0839299212598421
0
LINE
8
BLACK
6
CONTINUOUS
10
-3.172876023622047
20
6.0839299212598421
11
-3.1728163385826771
21
6.0840740157480315
0
LINE
8
BLACK
6
CONTINUOUS
10
-3.1728163385826771
20
6.0840740157480315
11
-3.1726832283464566
21
6.0842362204724409
0
LINE
8
BLACK
6
CONTINUOUS
10
-3.1726832283464566
20
6.0842362204724409
11
-3.1725714173228345
21
6.0844138188976373
0
LINE
8
BLACK
6
CONTINUOUS
10
-3.1725714173228345
20
6.0844138188976373
11
-3.1724536614173227
21
6.0845159448818897
0
LINE
8
BLACK
6
CONTINUOUS
10
-3.1724536614173227
20
6.0845159448818897
11
-3.1720818897637795
21
6.0849689370078739
0
LINE
8
BLACK
6
CONTINUOUS
10
-3.1720818897637795
20
6.0849689370078739
11
-3.1692697244094488
21
6.0877810629921258
0
LINE
8
BLACK
6
CONTINUOUS
10
-3.1692697244094488
20
6.0877810629921258
11
-3.1688169685039371
21
6.0881526377952753
0
LINE
8
BLACK
6
CONTINUOUS
10
-3.1688169685039371
20
6.0881526377952753
11
-3.1687147244094489
21
6.0882705118110234
0
LINE
8
BLACK
6
CONTINUOUS
10
-3.1687147244094489
20
6.0882705118110234
11
-3.1685370866141733
21
6.0883823228346454
0
LINE
8
BLACK
6
CONTINUOUS
10
-3.1685370866141733
20
6.0883823228346454
11
-3.1683748425196852
21
6.0885154724409452
0
LINE
8
BLACK
6
CONTINUOUS
10
-3.1683748425196852
20
6.0885154724409452
11
-3.1682307874015749
21
6.0885751181102359
0
LINE
8
BLACK
6
CONTINUOUS
10
-3.1682307874015749
20
6.0885751181102359
11
-3.1677349606299212
21
6.0888872440944883
0
LINE
8
BLACK
6
CONTINUOUS
10
-3.1677349606299212
20
6.0888872440944883
11
-3.1621107086614173
21
6.091699409448819
0
LINE
8
BLACK
6
CONTINUOUS
10
-3.1621107086614173
20
6.091699409448819
11
-3.1610294488188977
21
6.0921131496062992
0
LINE
8
BLACK
6
CONTINUOUS
10
-3.1610294488188977
20
6.0921131496062992
11
-3.160817874015748
21
6.0921281496062987
0
LINE
8
BLACK
6
CONTINUOUS
10
-3.160817874015748
20
6.0921281496062987
11
-3.1606217716535432
21
6.0922094094488184
0
LINE
8
BLACK
6
CONTINUOUS
10
-3.1606217716535432
20
6.0922094094488184
11
-3.1594696456692914
21
6.092322874015748
0
LINE
8
BLACK
6
CONTINUOUS
10
-3.1594696456692914
20
6.092322874015748
11
-3.1454088976377954
21
6.092322874015748
0
LINE
8
BLACK
6
CONTINUOUS
10
-3.1454088976377954
20
6.092322874015748
11
-3.1442567716535432
21
6.0922094094488184
0
LINE
8
BLACK
6
CONTINUOUS
10
-3.178002559055118
20
6.1484523622047247
11
-3.1778064960629919
21
6.148371102362205
0
LINE
8
BLACK
6
CONTINUOUS
10
-3.1778064960629919
20
6.148371102362205
11
-3.1775948818897639
21
6.1483561023622046
0
LINE
8
BLACK
6
CONTINUOUS
10
-3.1775948818897639
20
6.1483561023622046
11
-3.1765136614173226
21
6.1479423622047245
0
LINE
8
BLACK
6
CONTINUOUS
10
-3.1765136614173226
20
6.1479423622047245
11
-3.1708893700787399
21
6.1451301968503937
0
LINE
8
BLACK
6
CONTINUOUS
10
-3.1708893700787399
20
6.1451301968503937
11
-3.1703935039370079
21
6.1448180314960625
0
LINE
8
BLACK
6
CONTINUOUS
10
-3.1703935039370079
20
6.1448180314960625
11
-3.1702495275590552
21
6.1447584251968506
0
LINE
8
BLACK
6
CONTINUOUS
10
-3.1702495275590552
20
6.1447584251968506
11
-3.1700874409448816
21
6.1446253543307083
0
LINE
8
BLACK
6
CONTINUOUS
10
-3.1700874409448816
20
6.1446253543307083
11
-3.1699096062992127
21
6.1445134645669288
0
LINE
8
BLACK
6
CONTINUOUS
10
-3.1699096062992127
20
6.1445134645669288
11
-3.1698073622047245
21
6.1443955511811019
0
LINE
8
BLACK
6
CONTINUOUS
10
-3.1698073622047245
20
6.1443955511811019
11
-3.1693546062992124
21
6.1440240157480313
0
LINE
8
BLACK
6
CONTINUOUS
10
-3.1693546062992124
20
6.1440240157480313
11
-3.1679061023622048
21
6.1425755118110237
0
LINE
8
BLACK
6
CONTINUOUS
10
-3.1679061023622048
20
6.1425755118110237
11
-3.1664576377952756
21
6.1440239763779525
0
LINE
8
BLACK
6
CONTINUOUS
10
-3.1664576377952756
20
6.1440239763779525
11
-3.1660048031496064
21
6.1443956299212594
0
LINE
8
BLACK
6
CONTINUOUS
10
-3.1660048031496064
20
6.1443956299212594
11
-3.1659025984251969
21
6.1445134645669288
0
LINE
8
BLACK
6
CONTINUOUS
10
-3.1659025984251969
20
6.1445134645669288
11
-3.1657250787401576
21
6.1446251968503933
0
LINE
8
BLACK
6
CONTINUOUS
10
-3.1657250787401576
20
6.1446251968503933
11
-3.1655627559055119
21
6.1447584251968506
0
LINE
8
BLACK
6
CONTINUOUS
10
-3.1655627559055119
20
6.1447584251968506
11
-3.1654185826771655
21
6.14481811023622
0
LINE
8
BLACK
6
CONTINUOUS
10
-3.1654185826771655
20
6.14481811023622
11
-3.1649228346456693
21
6.1451301968503937
0
LINE
8
BLACK
6
CONTINUOUS
10
-3.1649228346456693
20
6.1451301968503937
11
-3.1592985039370078
21
6.1479423622047245
0
LINE
8
BLACK
6
CONTINUOUS
10
-3.1592985039370078
20
6.1479423622047245
11
-3.158217283464567
21
6.1483561417322834
0
LINE
8
BLACK
6
CONTINUOUS
10
-3.158217283464567
20
6.1483561417322834
11
-3.158005590551181
21
6.1483711811023625
0
LINE
8
BLACK
6
CONTINUOUS
10
-3.158005590551181
20
6.1483711811023625
11
-3.1578096062992125
21
6.1484523622047247
0
LINE
8
BLACK
6
CONTINUOUS
10
-3.1578096062992125
20
6.1484523622047247
11
-3.1566574803149607
21
6.1485658267716534
0
LINE
8
BLACK
6
CONTINUOUS
10
-3.1566574803149607
20
6.1485658267716534
11
-3.1454088976377954
21
6.1485658267716534
0
LINE
8
BLACK
6
CONTINUOUS
10
-3.1454088976377954
20
6.1485658267716534
11
-3.1442567716535432
21
6.1484523622047247
0
LINE
8
BLACK
6
CONTINUOUS
10
-3.1442567716535432
20
6.1484523622047247
11
-3.1440607086614172
21
6.148371102362205
0
LINE
8
BLACK
6
CONTINUOUS
10
-3.1440607086614172
20
6.148371102362205
11
-3.1438490944881887
21
6.1483561023622046
0
LINE
8
BLACK
6
CONTINUOUS
10
-3.1438490944881887
20
6.1483561023622046
11
-3.1427678740157479
21
6.1479423622047245
0
LINE
8
BLACK
6
CONTINUOUS
10
-3.1427678740157479
20
6.1479423622047245
11
-3.1371435826771652
21
6.1451301968503937
0
LINE
8
BLACK
6
CONTINUOUS
10
-3.1371435826771652
20
6.1451301968503937
11
-3.1366477165354332
21
6.1448180314960625
0
LINE
8
BLACK
6
CONTINUOUS
10
-3.1366477165354332
20
6.1448180314960625
11
-3.1365037401574805
21
6.1447584251968506
0
LINE
8
BLACK
6
CONTINUOUS
10
-3.1365037401574805
20
6.1447584251968506
11
-3.1363416535433069
21
6.1446253543307083
0
LINE
8
BLACK
6
CONTINUOUS
10
-3.1363416535433069
20
6.1446253543307083
11
-3.1361638188976375
21
6.1445134645669288
0
LINE
8
BLACK
6
CONTINUOUS
10
-3.1361638188976375
20
6.1445134645669288
11
-3.1360615748031497
21
6.1443955511811019
0
LINE
8
BLACK
6
CONTINUOUS
10
-3.1360615748031497
20
6.1443955511811019
11
-3.1356088188976377
21
6.1440240157480313
0
LINE
8
BLACK
6
CONTINUOUS
10
-3.1356088188976377
20
6.1440240157480313
11
-3.1327966535433069
21
6.1412118897637793
0
LINE
8
BLACK
6
CONTINUOUS
10
-3.1327966535433069
20
6.1412118897637793
11
-3.1324250393700788
21
6.1407590157480314
0
LINE
8
BLACK
6
CONTINUOUS
10
-3.1324250393700788
20
6.1407590157480314
11
-3.1323070866141731
21
6.1406567716535427
0
LINE
8
BLACK
6
CONTINUOUS
10
-3.1323070866141731
20
6.1406567716535427
11
-3.1321952362204724
21
6.1404790157480313
0
LINE
8
BLACK
6
CONTINUOUS
10
-3.1321952362204724
20
6.1404790157480313
11
-3.1320622047244093
21
6.1403169685039369
0
LINE
8
BLACK
6
CONTINUOUS
10
-3.1320622047244093
20
6.1403169685039369
11
-3.1320025590551182
21
6.1401729133858263
0
LINE
8
BLACK
6
CONTINUOUS
10
-3.1320025590551182
20
6.1401729133858263
11
-3.1316903937007874
21
6.1396770078740159
0
LINE
8
BLACK
6
CONTINUOUS
10
-3.1316903937007874
20
6.1396770078740159
11
-3.1288782283464567
21
6.1340526771653545
0
LINE
8
BLACK
6
CONTINUOUS
10
-3.1288782283464567
20
6.1340526771653545
11
-3.1284644881889765
21
6.1329714566929132
0
LINE
8
BLACK
6
CONTINUOUS
10
-3.1284644881889765
20
6.1329714566929132
11
-3.1284494881889762
21
6.1327598031496064
0
LINE
8
BLACK
6
CONTINUOUS
10
-3.1284494881889762
20
6.1327598031496064
11
-3.1283682677165352
21
6.1325638188976379
0
LINE
8
BLACK
6
CONTINUOUS
10
-3.1283682677165352
20
6.1325638188976379
11
-3.128254803149606
21
6.1314116929133853
0
LINE
8
BLACK
6
CONTINUOUS
10
-3.128254803149606
20
6.1314116929133853
11
-3.128254803149606
21
6.1201631102362199
0
LINE
8
BLACK
6
CONTINUOUS
10
-3.128254803149606
20
6.1201631102362199
11
-3.1283682677165352
21
6.1190109842519682
0
LINE
8
BLACK
6
CONTINUOUS
10
-3.1283682677165352
20
6.1190109842519682
11
-3.1284494881889762
21
6.1188149606299209
0
LINE
8
BLACK
6
CONTINUOUS
10
-3.1284494881889762
20
6.1188149606299209
11
-3.1284644881889765
21
6.1186033464566929
0
LINE
8
BLACK
6
CONTINUOUS
10
-3.1284644881889765
20
6.1186033464566929
11
-3.1288782677165354
21
6.1175221259842516
0
LINE
8
BLACK
6
CONTINUOUS
10
-3.1288782677165354
20
6.1175221259842516
11
-3.1316903937007874
21
6.1118977952755902
0
LINE
8
BLACK
6
CONTINUOUS
10
-3.1316903937007874
20
6.1118977952755902
11
-3.1320024803149606
21
6.111402047244094
0
LINE
8
BLACK
6
CONTINUOUS
10
-3.1320024803149606
20
6.111402047244094
11
-3.1320621653543306
21
6.1112579133858267
0
LINE
8
BLACK
6
CONTINUOUS
10
-3.1320621653543306
20
6.1112579133858267
11
-3.1321953937007874
21
6.111095590551181
0
LINE
8
BLACK
6
CONTINUOUS
10
-3.1321953937007874
20
6.111095590551181
11
-3.1323071259842519
21
6.1109180708661412
0
LINE
8
BLACK
6
CONTINUOUS
10
-3.1323071259842519
20
6.1109180708661412
11
-3.1324249212598425
21
6.110815905511811
0
LINE
8
BLACK
6
CONTINUOUS
10
-3.1324249212598425
20
6.110815905511811
11
-3.1327966141732282
21
6.1103629921259843
0
LINE
8
BLACK
6
CONTINUOUS
10
-3.1327966141732282
20
6.1103629921259843
11
-3.1356087795275589
21
6.1075508267716536
0
LINE
8
BLACK
6
CONTINUOUS
10
-3.1356087795275589
20
6.1075508267716536
11
-3.1360616141732285
21
6.1071791732283467
0
LINE
8
BLACK
6
CONTINUOUS
10
-3.1360616141732285
20
6.1071791732283467
11
-3.1361638188976375
21
6.1070613385826773
0
LINE
8
BLACK
6
CONTINUOUS
10
-3.1361638188976375
20
6.1070613385826773
11
-3.1363415354330706
21
6.1069494881889765
0
LINE
8
BLACK
6
CONTINUOUS
10
-3.1363415354330706
20
6.1069494881889765
11
-3.1365037007874017
21
6.1068163779527556
0
LINE
8
BLACK
6
CONTINUOUS
10
-3.1365037007874017
20
6.1068163779527556
11
-3.1366477952755907
21
6.1067566929133861
0
LINE
8
BLACK
6
CONTINUOUS
10
-3.1366477952755907
20
6.1067566929133861
11
-3.1371435826771652
21
6.1064446062992124
0
LINE
8
BLACK
6
CONTINUOUS
10
-3.1371435826771652
20
6.1064446062992124
11
-3.1427678740157479
21
6.1036324803149604
0
LINE
8
BLACK
6
CONTINUOUS
10
-3.1427678740157479
20
6.1036324803149604
11
-3.1438491338582675
21
6.1032187007874015
0
LINE
8
BLACK
6
CONTINUOUS
10
-3.1438491338582675
20
6.1032187007874015
11
-3.1440607874015747
21
6.1032036614173224
0
LINE
8
BLACK
6
CONTINUOUS
10
-3.1440607874015747
20
6.1032036614173224
11
-3.1442567716535432
21
6.1031224803149602
0
LINE
8
BLACK
6
CONTINUOUS
10
-3.1442567716535432
20
6.1031224803149602
11
-3.1454088976377954
21
6.1030090157480315
0
LINE
8
BLACK
6
CONTINUOUS
10
-3.1454088976377954
20
6.1030090157480315
11
-3.1566574803149607
21
6.1030090157480315
0
LINE
8
BLACK
6
CONTINUOUS
10
-3.1566574803149607
20
6.1030090157480315
11
-3.1578096062992125
21
6.1031224803149602
0
LINE
8
BLACK
6
CONTINUOUS
10
-3.1578096062992125
20
6.1031224803149602
11
-3.1580056299212598
21
6.1032036614173224
0
LINE
8
BLACK
6
CONTINUOUS
10
-3.1580056299212598
20
6.1032036614173224
11
-3.1582172440944882
21
6.1032187007874015
0
LINE
8
BLACK
6
CONTINUOUS
10
-3.1582172440944882
20
6.1032187007874015
11
-3.1592984645669291
21
6.1036324409448817
0
LINE
8
BLACK
6
CONTINUOUS
10
-3.1592984645669291
20
6.1036324409448817
11
-3.1649227952755905
21
6.1064446062992124
0
LINE
8
BLACK
6
CONTINUOUS
10
-3.1649227952755905
20
6.1064446062992124
11
-3.16541874015748
21
6.1067567322834648
0
LINE
8
BLACK
6
CONTINUOUS
10
-3.16541874015748
20
6.1067567322834648
11
-3.1655627559055119
21
6.1068164173228343
0
LINE
8
BLACK
6
CONTINUOUS
10
-3.1655627559055119
20
6.1068164173228343
11
-3.1657248425196851
21
6.106949409448819
0
LINE
8
BLACK
6
CONTINUOUS
10
-3.1657248425196851
20
6.106949409448819
11
-3.1659025590551182
21
6.1070612992125985
0
LINE
8
BLACK
6
CONTINUOUS
10
-3.1659025590551182
20
6.1070612992125985
11
-3.1660048425196852
21
6.1071792125984254
0
LINE
8
BLACK
6
CONTINUOUS
10
-3.1660048425196852
20
6.1071792125984254
11
-3.1664576771653543
21
6.1075508661417324
0
LINE
8
BLACK
6
CONTINUOUS
10
-3.1664576771653543
20
6.1075508661417324
11
-3.1679061023622048
21
6.1089992913385824
0
LINE
8
BLACK
6
CONTINUOUS
10
-3.1679061023622048
20
6.1089992913385824
11
-3.1693545669291336
21
6.1075508267716536
0
LINE
8
BLACK
6
CONTINUOUS
10
-3.1693545669291336
20
6.1075508267716536
11
-3.1698074015748032
21
6.1071791732283467
0
LINE
8
BLACK
6
CONTINUOUS
10
-3.1698074015748032
20
6.1071791732283467
11
-3.1699096062992127
21
6.1070613385826773
0
LINE
8
BLACK
6
CONTINUOUS
10
-3.1699096062992127
20
6.1070613385826773
11
-3.1700873228346458
21
6.1069494881889765
0
LINE
8
BLACK
6
CONTINUOUS
10
-3.1700873228346458
20
6.1069494881889765
11
-3.1702494881889764
21
6.1068163779527556
0
LINE
8
BLACK
6
CONTINUOUS
10
-3.1702494881889764
20
6.1068163779527556
11
-3.1703935826771654
21
6.1067566929133861
0
LINE
8
BLACK
6
CONTINUOUS
10
-3.1703935826771654
20
6.1067566929133861
11
-3.1708893700787399
21
6.1064446062992124
0
LINE
8
BLACK
6
CONTINUOUS
10
-3.1708893700787399
20
6.1064446062992124
11
-3.1765136614173226
21
6.1036324803149604
0
LINE
8
BLACK
6
CONTINUOUS
10
-3.1765136614173226
20
6.1036324803149604
11
-3.1775949212598427
21
6.1032187007874015
0
LINE
8
BLACK
6
CONTINUOUS
10
-3.1775949212598427
20
6.1032187007874015
11
-3.1778065748031494
21
6.1032036614173224
0
LINE
8
BLACK
6
CONTINUOUS
10
-3.1778065748031494
20
6.1032036614173224
11
-3.178002559055118
21
6.1031224803149602
0
LINE
8
BLACK
6
CONTINUOUS
10
-3.178002559055118
20
6.1031224803149602
11
-3.1791546850393702
21
6.1030090157480315
0
LINE
8
BLACK
6
CONTINUOUS
10
-3.1791546850393702
20
6.1030090157480315
11
-3.1819668503937009
21
6.1030090157480315
0
LINE
8
BLACK
6
CONTINUOUS
10
-3.1819668503937009
20
6.1030090157480315
11
-3.1831189763779526
21
6.1031224803149602
0
LINE
8
BLACK
6
CONTINUOUS
10
-3.1831189763779526
20
6.1031224803149602
11
-3.1833149999999999
21
6.1032036614173224
0
LINE
8
BLACK
6
CONTINUOUS
10
-3.1833149999999999
20
6.1032036614173224
11
-3.1835266141732284
21
6.1032187007874015
0
LINE
8
BLACK
6
CONTINUOUS
10
-3.1835266141732284
20
6.1032187007874015
11
-3.1846078346456692
21
6.1036324803149604
0
LINE
8
BLACK
6
CONTINUOUS
10
-3.1846078346456692
20
6.1036324803149604
11
-3.1902321653543306
21
6.1064446062992124
0
LINE
8
BLACK
6
CONTINUOUS
10
-3.1902321653543306
20
6.1064446062992124
11
-3.1907280314960631
21
6.1067567322834648
0
LINE
8
BLACK
6
CONTINUOUS
10
-3.1907280314960631
20
6.1067567322834648
11
-3.1908720866141733
21
6.1068164173228343
0
LINE
8
BLACK
6
CONTINUOUS
10
-3.1908720866141733
20
6.1068164173228343
11
-3.1910343307086615
21
6.1069495275590553
0
LINE
8
BLACK
6
CONTINUOUS
10
-3.1910343307086615
20
6.1069495275590553
11
-3.1912118897637796
21
6.1070613385826773
0
LINE
8
BLACK
6
CONTINUOUS
10
-3.1912118897637796
20
6.1070613385826773
11
-3.1913140551181103
21
6.1071790944881892
0
LINE
8
BLACK
6
CONTINUOUS
10
-3.1913140551181103
20
6.1071790944881892
11
-3.1917670078740157
21
6.1075508661417324
0
LINE
8
BLACK
6
CONTINUOUS
10
-3.1917670078740157
20
6.1075508661417324
11
-3.1945791338582676
21
6.1103630314960631
0
LINE
8
BLACK
6
CONTINUOUS
10
-3.1945791338582676
20
6.1103630314960631
11
-3.1949507086614171
21
6.110815748031496
0
LINE
8
BLACK
6
CONTINUOUS
10
-3.1949507086614171
20
6.110815748031496
11
-3.1950685826771652
21
6.1109180314960625
0
LINE
8
BLACK
6
CONTINUOUS
10
-3.1950685826771652
20
6.1109180314960625
11
-3.1951805118110235
21
6.1110958267716535
0
LINE
8
BLACK
6
CONTINUOUS
10
-3.1951805118110235
20
6.1110958267716535
11
-3.1953135433070865
21
6.1112579527559054
0
LINE
8
BLACK
6
CONTINUOUS
10
-3.1953135433070865
20
6.1112579527559054
11
-3.1953731889763777
21
6.111401889763779
0
LINE
8
BLACK
6
CONTINUOUS
10
-3.1953731889763777
20
6.111401889763779
11
-3.1956853149606297
21
6.1118977952755902
0
LINE
8
BLACK
6
CONTINUOUS
10
-3.1956853149606297
20
6.1118977952755902
11
-3.1984974803149604
21
6.1175220866141728
0
LINE
8
BLACK
6
CONTINUOUS
10
-3.1984974803149604
20
6.1175220866141728
11
-3.198911220472441
21
6.1186033070866142
0
LINE
8
BLACK
6
CONTINUOUS
10
-3.198911220472441
20
6.1186033070866142
11
-3.1989262598425197
21
6.1188148818897634
0
LINE
8
BLACK
6
CONTINUOUS
10
-3.1989262598425197
20
6.1188148818897634
11
-3.1990074803149606
21
6.1190109842519682
0
LINE
8
BLACK
6
CONTINUOUS
10
-3.1990074803149606
20
6.1190109842519682
11
-3.1991209448818898
21
6.1201631102362199
0
LINE
8
BLACK
6
CONTINUOUS
10
-3.1991209448818898
20
6.1201631102362199
11
-3.1991209448818898
21
6.1314116929133853
0
LINE
8
BLACK
6
CONTINUOUS
10
-3.1991209448818898
20
6.1314116929133853
11
-3.1990074803149606
21
6.1325638188976379
0
LINE
8
BLACK
6
CONTINUOUS
10
-3.1990074803149606
20
6.1325638188976379
11
-3.1989263385826772
21
6.1327597637795277
0
LINE
8
BLACK
6
CONTINUOUS
10
-3.1989263385826772
20
6.1327597637795277
11
-3.1989112598425198
21
6.132971496062992
0
LINE
8
BLACK
6
CONTINUOUS
10
-3.1989112598425198
20
6.132971496062992
11
-3.1984974803149604
21
6.1340527165354333
0
LINE
8
BLACK
6
CONTINUOUS
10
-3.1984974803149604
20
6.1340527165354333
11
-3.1956853149606297
21
6.1396770472440947
0
LINE
8
BLACK
6
CONTINUOUS
10
-3.1956853149606297
20
6.1396770472440947
11
-3.1953732283464564
21
6.1401728346456688
0
LINE
8
BLACK
6
CONTINUOUS
10
-3.1953732283464564
20
6.1401728346456688
11
-3.1953135433070865
21
6.1403169291338582
0
LINE
8
BLACK
6
CONTINUOUS
10
-3.1953135433070865
20
6.1403169291338582
11
-3.195180433070866
21
6.1404790944881888
0
LINE
8
BLACK
6
CONTINUOUS
10
-3.195180433070866
20
6.1404790944881888
11
-3.1950685826771652
21
6.1406568110236215
0
LINE
8
BLACK
6
CONTINUOUS
10
-3.1950685826771652
20
6.1406568110236215
11
-3.1949507480314958
21
6.1407590157480314
0
LINE
8
BLACK
6
CONTINUOUS
10
-3.1949507480314958
20
6.1407590157480314
11
-3.1945790944881889
21
6.1412118503937005
0
LINE
8
BLACK
6
CONTINUOUS
10
-3.1945790944881889
20
6.1412118503937005
11
-3.1917669685039369
21
6.1440239763779525
0
LINE
8
BLACK
6
CONTINUOUS
10
-3.1917669685039369
20
6.1440239763779525
11
-3.1913141338582678
21
6.1443956299212594
0
LINE
8
BLACK
6
CONTINUOUS
10
-3.1913141338582678
20
6.1443956299212594
11
-3.1912119291338583
21
6.1445134645669288
0
LINE
8
BLACK
6
CONTINUOUS
10
-3.1912119291338583
20
6.1445134645669288
11
-3.191034409448819
21
6.1446251968503933
0
LINE
8
BLACK
6
CONTINUOUS
10
-3.191034409448819
20
6.1446251968503933
11
-3.1908720866141733
21
6.1447584251968506
0
LINE
8
BLACK
6
CONTINUOUS
10
-3.1908720866141733
20
6.1447584251968506
11
-3.1907279133858268
21
6.14481811023622
0
LINE
8
BLACK
6
CONTINUOUS
10
-3.1907279133858268
20
6.14481811023622
11
-3.1902321653543306
21
6.1451301968503937
0
LINE
8
BLACK
6
CONTINUOUS
10
-3.1902321653543306
20
6.1451301968503937
11
-3.1846079133858267
21
6.1479423622047245
0
LINE
8
BLACK
6
CONTINUOUS
10
-3.1846079133858267
20
6.1479423622047245
11
-3.1835266535433071
21
6.1483561023622046
0
LINE
8
BLACK
6
CONTINUOUS
10
-3.1835266535433071
20
6.1483561023622046
11
-3.1833150787401574
21
6.148371102362205
0
LINE
8
BLACK
6
CONTINUOUS
10
-3.1833150787401574
20
6.148371102362205
11
-3.1831189763779526
21
6.1484523622047247
0
LINE
8
BLACK
6
CONTINUOUS
10
-3.1831189763779526
20
6.1484523622047247
11
-3.1819668503937009
21
6.1485658267716534
0
LINE
8
BLACK
6
CONTINUOUS
10
-3.1819668503937009
20
6.1485658267716534
11
-3.1791546850393702
21
6.1485658267716534
0
LINE
8
BLACK
6
CONTINUOUS
10
-3.1791546850393702
20
6.1485658267716534
11
-3.178002559055118
21
6.1484523622047247
0
LINE
8
BLACK
6
CONTINUOUS
10
-3.1840929527559054
20
6.13499468503937
11
-3.1855498031496063
21
6.1335378346456695
0
LINE
8
BLACK
6
CONTINUOUS
10
-3.1855498031496063
20
6.1335378346456695
11
-3.1873099212598426
21
6.130017598425197
0
LINE
8
BLACK
6
CONTINUOUS
10
-3.1873099212598426
20
6.130017598425197
11
-3.1873099212598426
21
6.1215572047244091
0
LINE
8
BLACK
6
CONTINUOUS
10
-3.1873099212598426
20
6.1215572047244091
11
-3.1855498031496063
21
6.1180369291338579
0
LINE
8
BLACK
6
CONTINUOUS
10
-3.1855498031496063
20
6.1180369291338579
11
-3.1840929527559054
21
6.1165800787401574
0
LINE
8
BLACK
6
CONTINUOUS
10
-3.1840929527559054
20
6.1165800787401574
11
-3.1805727559055117
21
6.1148200393700787
0
LINE
8
BLACK
6
CONTINUOUS
10
-3.1805727559055117
20
6.1148200393700787
11
-3.1805487795275589
21
6.1148200393700787
0
LINE
8
BLACK
6
CONTINUOUS
10
-3.1805487795275589
20
6.1148200393700787
11
-3.1770286220472439
21
6.1165800787401574
0
LINE
8
BLACK
6
CONTINUOUS
10
-3.1770286220472439
20
6.1165800787401574
11
-3.1755717322834647
21
6.1180369685039366
0
LINE
8
BLACK
6
CONTINUOUS
10
-3.1755717322834647
20
6.1180369685039366
11
-3.1738116141732284
21
6.1215571653543304
0
LINE
8
BLACK
6
CONTINUOUS
10
-3.1738116141732284
20
6.1215571653543304
11
-3.1738116141732284
21
6.130017598425197
0
LINE
8
BLACK
6
CONTINUOUS
10
-3.1738116141732284
20
6.130017598425197
11
-3.1755716929133859
21
6.133537755905512
0
LINE
8
BLACK
6
CONTINUOUS
10
-3.1755716929133859
20
6.133537755905512
11
-3.1770285433070864
21
6.1349946456692912
0
LINE
8
BLACK
6
CONTINUOUS
10
-3.1770285433070864
20
6.1349946456692912
11
-3.1805487795275589
21
6.1367548031496062
0
LINE
8
BLACK
6
CONTINUOUS
10
-3.1805487795275589
20
6.1367548031496062
11
-3.1805727559055117
21
6.1367548031496062
0
LINE
8
BLACK
6
CONTINUOUS
10
-3.1805727559055117
20
6.1367548031496062
11
-3.1840929527559054
21
6.13499468503937
0
LINE
8
BLACK
6
CONTINUOUS
10
-3.1587836220472441
20
6.13499468503937
11
-3.160240472440945
21
6.1335378346456695
0
LINE
8
BLACK
6
CONTINUOUS
10
-3.160240472440945
20
6.1335378346456695
11
-3.1620005905511812
21
6.130017598425197
0
LINE
8
BLACK
6
CONTINUOUS
10
-3.1620005905511812
20
6.130017598425197
11
-3.1620005905511812
21
6.1215572047244091
0
LINE
8
BLACK
6
CONTINUOUS
10
-3.1620005905511812
20
6.1215572047244091
11
-3.160240472440945
21
6.1180369291338579
0
LINE
8
BLACK
6
CONTINUOUS
10
-3.160240472440945
20
6.1180369291338579
11
-3.1587835826771653
21
6.1165800787401574
0
LINE
8
BLACK
6
CONTINUOUS
10
-3.1587835826771653
20
6.1165800787401574
11
-3.1552634251968503
21
6.1148200393700787
0
LINE
8
BLACK
6
CONTINUOUS
10
-3.1552634251968503
20
6.1148200393700787
11
-3.1468029921259841
21
6.1148200393700787
0
LINE
8
BLACK
6
CONTINUOUS
10
-3.1468029921259841
20
6.1148200393700787
11
-3.1432828346456692
21
6.1165800787401574
0
LINE
8
BLACK
6
CONTINUOUS
10
-3.1432828346456692
20
6.1165800787401574
11
-3.1418259448818895
21
6.1180369685039366
0
LINE
8
BLACK
6
CONTINUOUS
10
-3.1418259448818895
20
6.1180369685039366
11
-3.1400658267716537
21
6.1215571653543304
0
LINE
8
BLACK
6
CONTINUOUS
10
-3.1400658267716537
20
6.1215571653543304
11
-3.1400658267716537
21
6.130017598425197
0
LINE
8
BLACK
6
CONTINUOUS
10
-3.1400658267716537
20
6.130017598425197
11
-3.1418259055118107
21
6.133537755905512
0
LINE
8
BLACK
6
CONTINUOUS
10
-3.1418259055118107
20
6.133537755905512
11
-3.1432827559055116
21
6.1349946456692912
0
LINE
8
BLACK
6
CONTINUOUS
10
-3.1432827559055116
20
6.1349946456692912
11
-3.1468029921259841
21
6.1367548031496062
0
LINE
8
BLACK
6
CONTINUOUS
10
-3.1468029921259841
20
6.1367548031496062
11
-3.1552633858267716
21
6.1367548031496062
0
LINE
8
BLACK
6
CONTINUOUS
10
-3.1552633858267716
20
6.1367548031496062
11
-3.1587836220472441
21
6.13499468503937
0
LINE
8
BLACK
6
CONTINUOUS
10
-3.1564565748031495
20
6.2047889763779525
11
-3.1563704330708662
21
6.2048018110236223
0
LINE
8
BLACK
6
CONTINUOUS
10
-3.1563704330708662
20
6.2048018110236223
11
-3.1559392913385826
21
6.2047380314960625
0
LINE
8
BLACK
6
CONTINUOUS
10
-3.1559392913385826
20
6.2047380314960625
11
-3.1555053543307086
21
6.2046953149606301
0
LINE
8
BLACK
6
CONTINUOUS
10
-3.1555053543307086
20
6.2046953149606301
11
-3.1554248818897639
21
6.2046619685039373
0
LINE
8
BLACK
6
CONTINUOUS
10
-3.1554248818897639
20
6.2046619685039373
11
-3.1552251574803147
21
6.2046324409448816
0
LINE
8
BLACK
6
CONTINUOUS
10
-3.1552251574803147
20
6.2046324409448816
11
-3.1439766141732282
21
6.2018202755905509
0
LINE
8
BLACK
6
CONTINUOUS
10
-3.1439766141732282
20
6.2018202755905509
11
-3.1438917716535433
21
6.2017899212598424
0
LINE
8
BLACK
6
CONTINUOUS
10
-3.1438917716535433
20
6.2017899212598424
11
-3.1438491338582675
21
6.2017869291338581
0
LINE
8
BLACK
6
CONTINUOUS
10
-3.1438491338582675
20
6.2017869291338581
11
-3.1433692913385824
21
6.2016032677165356
0
LINE
8
BLACK
6
CONTINUOUS
10
-3.1433692913385824
20
6.2016032677165356
11
-3.1428864173228344
21
6.2014307874015744
0
LINE
8
BLACK
6
CONTINUOUS
10
-3.1428864173228344
20
6.2014307874015744
11
-3.1428521653543307
21
6.2014053937007869
0
LINE
8
BLACK
6
CONTINUOUS
10
-3.1428521653543307
20
6.2014053937007869
11
-3.1427678740157479
21
6.2013731496062992
0
LINE
8
BLACK
6
CONTINUOUS
10
-3.1427678740157479
20
6.2013731496062992
11
-3.1371435826771652
21
6.1985610236220472
0
LINE
8
BLACK
6
CONTINUOUS
10
-3.1371435826771652
20
6.1985610236220472
11
-3.1366477952755907
21
6.1982488976377947
0
LINE
8
BLACK
6
CONTINUOUS
10
-3.1366477952755907
20
6.1982488976377947
11
-3.1365037007874017
21
6.198189251968504
0
LINE
8
BLACK
6
CONTINUOUS
10
-3.1365037007874017
20
6.198189251968504
11
-3.1363415354330706
21
6.1980561023622043
0
LINE
8
BLACK
6
CONTINUOUS
10
-3.1363415354330706
20
6.1980561023622043
11
-3.1361638188976375
21
6.1979442913385823
0
LINE
8
BLACK
6
CONTINUOUS
10
-3.1361638188976375
20
6.1979442913385823
11
-3.1360616141732285
21
6.1978264173228341
0
LINE
8
BLACK
6
CONTINUOUS
10
-3.1360616141732285
20
6.1978264173228341
11
-3.1356087795275589
21
6.197454803149606
0
LINE
8
BLACK
6
CONTINUOUS
10
-3.1356087795275589
20
6.197454803149606
11
-3.1327966141732282
21
6.1946426377952752
0
LINE
8
BLACK
6
CONTINUOUS
10
-3.1327966141732282
20
6.1946426377952752
11
-3.1324249212598425
21
6.1941896850393698
0
LINE
8
BLACK
6
CONTINUOUS
10
-3.1324249212598425
20
6.1941896850393698
11
-3.1323071259842519
21
6.1940875590551183
0
LINE
8
BLACK
6
CONTINUOUS
10
-3.1323071259842519
20
6.1940875590551183
11
-3.1321953937007874
21
6.1939099999999998
0
LINE
8
BLACK
6
CONTINUOUS
10
-3.1321953937007874
20
6.1939099999999998
11
-3.1320621653543306
21
6.1937477165354329
0
LINE
8
BLACK
6
CONTINUOUS
10
-3.1320621653543306
20
6.1937477165354329
11
-3.1320024803149606
21
6.1936035433070868
0
LINE
8
BLACK
6
CONTINUOUS
10
-3.1320024803149606
20
6.1936035433070868
11
-3.1316903937007874
21
6.1931078346456694
0
LINE
8
BLACK
6
CONTINUOUS
10
-3.1316903937007874
20
6.1931078346456694
11
-3.1288782677165354
21
6.187483503937008
0
LINE
8
BLACK
6
CONTINUOUS
10
-3.1288782677165354
20
6.187483503937008
11
-3.1284644881889765
21
6.1864022834645667
0
LINE
8
BLACK
6
CONTINUOUS
10
-3.1284644881889765
20
6.1864022834645667
11
-3.1284494881889762
21
6.1861906299212599
0
LINE
8
BLACK
6
CONTINUOUS
10
-3.1284494881889762
20
6.1861906299212599
11
-3.1283682677165352
21
6.1859946456692914
0
LINE
8
BLACK
6
CONTINUOUS
10
-3.1283682677165352
20
6.1859946456692914
11
-3.128254803149606
21
6.1848425196850396
0
LINE
8
BLACK
6
CONTINUOUS
10
-3.128254803149606
20
6.1848425196850396
11
-3.128254803149606
21
6.179218228346457
0
LINE
8
BLACK
6
CONTINUOUS
10
-3.128254803149606
20
6.179218228346457
11
-3.1283682677165352
21
6.1780661023622043
0
LINE
8
BLACK
6
CONTINUOUS
10
-3.1283682677165352
20
6.1780661023622043
11
-3.1284494881889762
21
6.177870078740157
0
LINE
8
BLACK
6
CONTINUOUS
10
-3.1284494881889762
20
6.177870078740157
11
-3.1284644881889765
21
6.177658464566929
0
LINE
8
BLACK
6
CONTINUOUS
10
-3.1284644881889765
20
6.177658464566929
11
-3.1288782677165354
21
6.1765772440944877
0
LINE
8
BLACK
6
CONTINUOUS
10
-3.1288782677165354
20
6.1765772440944877
11
-3.1316903937007874
21
6.1709529133858263
0
LINE
8
BLACK
6
CONTINUOUS
10
-3.1316903937007874
20
6.1709529133858263
11
-3.1320024803149606
21
6.170457165354331
0
LINE
8
BLACK
6
CONTINUOUS
10
-3.1320024803149606
20
6.170457165354331
11
-3.1320621653543306
21
6.1703130314960628
0
LINE
8
BLACK
6
CONTINUOUS
10
-3.1320621653543306
20
6.1703130314960628
11
-3.1321953937007874
21
6.1701507086614171
0
LINE
8
BLACK
6
CONTINUOUS
10
-3.1321953937007874
20
6.1701507086614171
11
-3.1323071259842519
21
6.1699731889763783
0
LINE
8
BLACK
6
CONTINUOUS
10
-3.1323071259842519
20
6.1699731889763783
11
-3.1324249212598425
21
6.1698710236220471
0
LINE
8
BLACK
6
CONTINUOUS
10
-3.1324249212598425
20
6.1698710236220471
11
-3.1327966141732282
21
6.1694181102362204
0
LINE
8
BLACK
6
CONTINUOUS
10
-3.1327966141732282
20
6.1694181102362204
11
-3.1356087795275589
21
6.1666059448818897
0
LINE
8
BLACK
6
CONTINUOUS
10
-3.1356087795275589
20
6.1666059448818897
11
-3.1360616141732285
21
6.1662342913385828
0
LINE
8
BLACK
6
CONTINUOUS
10
-3.1360616141732285
20
6.1662342913385828
11
-3.1361638188976375
21
6.1661164566929134
0
LINE
8
BLACK
6
CONTINUOUS
10
-3.1361638188976375
20
6.1661164566929134
11
-3.1363415354330706
21
6.1660046062992127
0
LINE
8
BLACK
6
CONTINUOUS
10
-3.1363415354330706
20
6.1660046062992127
11
-3.1365037007874017
21
6.1658714960629917
0
LINE
8
BLACK
6
CONTINUOUS
10
-3.1365037007874017
20
6.1658714960629917
11
-3.1366477952755907
21
6.1658118110236222
0
LINE
8
BLACK
6
CONTINUOUS
10
-3.1366477952755907
20
6.1658118110236222
11
-3.1371435826771652
21
6.1654997244094485
0
LINE
8
BLACK
6
CONTINUOUS
10
-3.1371435826771652
20
6.1654997244094485
11
-3.1427678740157479
21
6.1626875590551178
0
LINE
8
BLACK
6
CONTINUOUS
10
-3.1427678740157479
20
6.1626875590551178
11
-3.1428521653543307
21
6.1626552755905513
0
LINE
8
BLACK
6
CONTINUOUS
10
-3.1428521653543307
20
6.1626552755905513
11
-3.1428864173228344
21
6.1626299212598425
0
LINE
8
BLACK
6
CONTINUOUS
10
-3.1428864173228344
20
6.1626299212598425
11
-3.1433698031496062
21
6.1624572047244097
0
LINE
8
BLACK
6
CONTINUOUS
10
-3.1433698031496062
20
6.1624572047244097
11
-3.1438490944881887
21
6.1622738188976376
0
LINE
8
BLACK
6
CONTINUOUS
10
-3.1438490944881887
20
6.1622738188976376
11
-3.143891653543307
21
6.1622707874015745
0
LINE
8
BLACK
6
CONTINUOUS
10
-3.143891653543307
20
6.1622707874015745
11
-3.1439766141732282
21
6.162240433070866
0
LINE
8
BLACK
6
CONTINUOUS
10
-3.1439766141732282
20
6.162240433070866
11
-3.1552251968503935
21
6.159428307086614
0
LINE
8
BLACK
6
CONTINUOUS
10
-3.1552251968503935
20
6.159428307086614
11
-3.1554248818897639
21
6.1593987795275593
0
LINE
8
BLACK
6
CONTINUOUS
10
-3.1554248818897639
20
6.1593987795275593
11
-3.1555053543307086
21
6.1593654330708656
0
LINE
8
BLACK
6
CONTINUOUS
10
-3.1555053543307086
20
6.1593654330708656
11
-3.1559393307086614
21
6.1593226771653544
0
LINE
8
BLACK
6
CONTINUOUS
10
-3.1559393307086614
20
6.1593226771653544
11
-3.1563704330708662
21
6.1592589370078743
0
LINE
8
BLACK
6
CONTINUOUS
10
-3.1563704330708662
20
6.1592589370078743
11
-3.1564565748031495
21
6.1592717322834645
0
LINE
8
BLACK
6
CONTINUOUS
10
-3.1564565748031495
20
6.1592717322834645
11
-3.1566574803149607
21
6.1592519685039369
0
LINE
8
BLACK
6
CONTINUOUS
10
-3.1566574803149607
20
6.1592519685039369
11
-3.1707182283464568
21
6.1592519685039369
0
LINE
8
BLACK
6
CONTINUOUS
10
-3.1707182283464568
20
6.1592519685039369
11
-3.1709191732283464
21
6.1592717322834645
0
LINE
8
BLACK
6
CONTINUOUS
10
-3.1709191732283464
20
6.1592717322834645
11
-3.1710052755905509
21
6.1592589370078743
0
LINE
8
BLACK
6
CONTINUOUS
10
-3.1710052755905509
20
6.1592589370078743
11
-3.1714364173228344
21
6.1593226771653544
0
LINE
8
BLACK
6
CONTINUOUS
10
-3.1714364173228344
20
6.1593226771653544
11
-3.1718703543307085
21
6.1593654330708656
0
LINE
8
BLACK
6
CONTINUOUS
10
-3.1718703543307085
20
6.1593654330708656
11
-3.1719508661417324
21
6.1593987795275593
0
LINE
8
BLACK
6
CONTINUOUS
10
-3.1719508661417324
20
6.1593987795275593
11
-3.1721505118110236
21
6.159428307086614
0
LINE
8
BLACK
6
CONTINUOUS
10
-3.1721505118110236
20
6.159428307086614
11
-3.1833991338582677
21
6.162240433070866
0
LINE
8
BLACK
6
CONTINUOUS
10
-3.1833991338582677
20
6.162240433070866
11
-3.1834841338582676
21
6.1622707874015745
0
LINE
8
BLACK
6
CONTINUOUS
10
-3.1834841338582676
20
6.1622707874015745
11
-3.1835266535433071
21
6.1622738188976376
0
LINE
8
BLACK
6
CONTINUOUS
10
-3.1835266535433071
20
6.1622738188976376
11
-3.1840062204724409
21
6.1624572834645672
0
LINE
8
BLACK
6
CONTINUOUS
10
-3.1840062204724409
20
6.1624572834645672
11
-3.1844893307086615
21
6.1626299212598425
0
LINE
8
BLACK
6
CONTINUOUS
10
-3.1844893307086615
20
6.1626299212598425
11
-3.1845235826771652
21
6.1626552755905513
0
LINE
8
BLACK
6
CONTINUOUS
10
-3.1845235826771652
20
6.1626552755905513
11
-3.1846079133858267
21
6.1626875590551178
0
LINE
8
BLACK
6
CONTINUOUS
10
-3.1846079133858267
20
6.1626875590551178
11
-3.1902321653543306
21
6.1654997244094485
0
LINE
8
BLACK
6
CONTINUOUS
10
-3.1902321653543306
20
6.1654997244094485
11
-3.1907281102362206
21
6.1658118503937009
0
LINE
8
BLACK
6
CONTINUOUS
10
-3.1907281102362206
20
6.1658118503937009
11
-3.1908720866141733
21
6.1658715354330704
0
LINE
8
BLACK
6
CONTINUOUS
10
-3.1908720866141733
20
6.1658715354330704
11
-3.1910342125984252
21
6.1660045669291339
0
LINE
8
BLACK
6
CONTINUOUS
10
-3.1910342125984252
20
6.1660045669291339
11
-3.1912119291338583
21
6.1661164566929134
0
LINE
8
BLACK
6
CONTINUOUS
10
-3.1912119291338583
20
6.1661164566929134
11
-3.1913142125984253
21
6.1662343307086616
0
LINE
8
BLACK
6
CONTINUOUS
10
-3.1913142125984253
20
6.1662343307086616
11
-3.1917670078740157
21
6.1666059842519685
0
LINE
8
BLACK
6
CONTINUOUS
10
-3.1917670078740157
20
6.1666059842519685
11
-3.1945791338582676
21
6.1694181496062992
0
LINE
8
BLACK
6
CONTINUOUS
10
-3.1945791338582676
20
6.1694181496062992
11
-3.1949507086614171
21
6.1698708661417321
0
LINE
8
BLACK
6
CONTINUOUS
10
-3.1949507086614171
20
6.1698708661417321
11
-3.1950685826771652
21
6.1699731496062995
0
LINE
8
BLACK
6
CONTINUOUS
10
-3.1950685826771652
20
6.1699731496062995
11
-3.1951805118110235
21
6.1701509448818896
0
LINE
8
BLACK
6
CONTINUOUS
10
-3.1951805118110235
20
6.1701509448818896
11
-3.1953135433070865
21
6.1703130708661416
0
LINE
8
BLACK
6
CONTINUOUS
10
-3.1953135433070865
20
6.1703130708661416
11
-3.1953731889763777
21
6.170457007874016
0
LINE
8
BLACK
6
CONTINUOUS
10
-3.1953731889763777
20
6.170457007874016
11
-3.1956853149606297
21
6.1709529133858263
0
LINE
8
BLACK
6
CONTINUOUS
10
-3.1956853149606297
20
6.1709529133858263
11
-3.1984974803149604
21
6.176577204724409
0
LINE
8
BLACK
6
CONTINUOUS
10
-3.1984974803149604
20
6.176577204724409
11
-3.198911220472441
21
6.1776584251968503
0
LINE
8
BLACK
6
CONTINUOUS
10
-3.198911220472441
20
6.1776584251968503
11
-3.1989262598425197
21
6.1778699999999995
0
LINE
8
BLACK
6
CONTINUOUS
10
-3.1989262598425197
20
6.1778699999999995
11
-3.1990074803149606
21
6.1780661023622043
0
LINE
8
BLACK
6
CONTINUOUS
10
-3.1990074803149606
20
6.1780661023622043
11
-3.1991209448818898
21
6.179218228346457
0
LINE
8
BLACK
6
CONTINUOUS
10
-3.1991209448818898
20
6.179218228346457
11
-3.1991209448818898
21
6.1848425196850396
0
LINE
8
BLACK
6
CONTINUOUS
10
-3.1991209448818898
20
6.1848425196850396
11
-3.1990074803149606
21
6.1859946456692914
0
LINE
8
BLACK
6
CONTINUOUS
10
-3.1990074803149606
20
6.1859946456692914
11
-3.1989262598425197
21
6.1861907086614174
0
LINE
8
BLACK
6
CONTINUOUS
10
-3.1989262598425197
20
6.1861907086614174
11
-3.198911220472441
21
6.1864023228346454
0
LINE
8
BLACK
6
CONTINUOUS
10
-3.198911220472441
20
6.1864023228346454
11
-3.1984974803149604
21
6.1874835433070867
0
LINE
8
BLACK
6
CONTINUOUS
10
-3.1984974803149604
20
6.1874835433070867
11
-3.1956853149606297
21
6.1931078346456694
0
LINE
8
BLACK
6
CONTINUOUS
10
-3.1956853149606297
20
6.1931078346456694
11
-3.1953731889763777
21
6.1936037007874019
0
LINE
8
BLACK
6
CONTINUOUS
10
-3.1953731889763777
20
6.1936037007874019
11
-3.1953135433070865
21
6.1937476771653541
0
LINE
8
BLACK
6
CONTINUOUS
10
-3.1953135433070865
20
6.1937476771653541
11
-3.1951805118110235
21
6.1939097637795273
0
LINE
8
BLACK
6
CONTINUOUS
10
-3.1951805118110235
20
6.1939097637795273
11
-3.1950685826771652
21
6.1940875984251971
0
LINE
8
BLACK
6
CONTINUOUS
10
-3.1950685826771652
20
6.1940875984251971
11
-3.1949507086614171
21
6.1941898425196849
0
LINE
8
BLACK
6
CONTINUOUS
10
-3.1949507086614171
20
6.1941898425196849
11
-3.1945791338582676
21
6.1946425984251965
0
LINE
8
BLACK
6
CONTINUOUS
10
-3.1945791338582676
20
6.1946425984251965
11
-3.1917670078740157
21
6.1974547637795272
0
LINE
8
BLACK
6
CONTINUOUS
10
-3.1917670078740157
20
6.1974547637795272
11
-3.1913140551181103
21
6.1978264960629916
0
LINE
8
BLACK
6
CONTINUOUS
10
-3.1913140551181103
20
6.1978264960629916
11
-3.1912118897637796
21
6.1979442913385823
0
LINE
8
BLACK
6
CONTINUOUS
10
-3.1912118897637796
20
6.1979442913385823
11
-3.1910343307086615
21
6.1980560629921255
0
LINE
8
BLACK
6
CONTINUOUS
10
-3.1910343307086615
20
6.1980560629921255
11
-3.1908720866141733
21
6.1981892125984253
0
LINE
8
BLACK
6
CONTINUOUS
10
-3.1908720866141733
20
6.1981892125984253
11
-3.1907280314960631
21
6.198248858267716
0
LINE
8
BLACK
6
CONTINUOUS
10
-3.1907280314960631
20
6.198248858267716
11
-3.1902321653543306
21
6.1985610236220472
0
LINE
8
BLACK
6
CONTINUOUS
10
-3.1902321653543306
20
6.1985610236220472
11
-3.1846078346456692
21
6.2013731496062992
0
LINE
8
BLACK
6
CONTINUOUS
10
-3.1846078346456692
20
6.2013731496062992
11
-3.1845237401574802
21
6.2014053149606294
0
LINE
8
BLACK
6
CONTINUOUS
10
-3.1845237401574802
20
6.2014053149606294
11
-3.1844893700787402
21
6.2014307874015744
0
LINE
8
BLACK
6
CONTINUOUS
10
-3.1844893700787402
20
6.2014307874015744
11
-3.1840059448818896
21
6.2016034645669293
0
LINE
8
BLACK
6
CONTINUOUS
10
-3.1840059448818896
20
6.2016034645669293
11
-3.1835266141732284
21
6.2017869291338581
0
LINE
8
BLACK
6
CONTINUOUS
10
-3.1835266141732284
20
6.2017869291338581
11
-3.1834840157480313
21
6.2017899212598424
0
LINE
8
BLACK
6
CONTINUOUS
10
-3.1834840157480313
20
6.2017899212598424
11
-3.1833991338582677
21
6.2018202755905509
0
LINE
8
BLACK
6
CONTINUOUS
10
-3.1833991338582677
20
6.2018202755905509
11
-3.1721505511811023
21
6.2046324409448816
0
LINE
8
BLACK
6
CONTINUOUS
10
-3.1721505511811023
20
6.2046324409448816
11
-3.1719508661417324
21
6.2046619685039373
0
LINE
8
BLACK
6
CONTINUOUS
10
-3.1719508661417324
20
6.2046619685039373
11
-3.1718703543307085
21
6.2046953149606301
0
LINE
8
BLACK
6
CONTINUOUS
10
-3.1718703543307085
20
6.2046953149606301
11
-3.1714365354330707
21
6.2047380314960625
0
LINE
8
BLACK
6
CONTINUOUS
10
-3.1714365354330707
20
6.2047380314960625
11
-3.1710053149606297
21
6.2048018110236223
0
LINE
8
BLACK
6
CONTINUOUS
10
-3.1710053149606297
20
6.2048018110236223
11
-3.1709191732283464
21
6.2047889763779525
0
LINE
8
BLACK
6
CONTINUOUS
10
-3.1709191732283464
20
6.2047889763779525
11
-3.1707182283464568
21
6.2048087795275588
0
LINE
8
BLACK
6
CONTINUOUS
10
-3.1707182283464568
20
6.2048087795275588
11
-3.1566574803149607
21
6.2048087795275588
0
LINE
8
BLACK
6
CONTINUOUS
10
-3.1566574803149607
20
6.2048087795275588
11
-3.1564565748031495
21
6.2047889763779525
0
LINE
8
BLACK
6
CONTINUOUS
10
-3.1799056299212598
20
6.1905191338582677
11
-3.1840929527559054
21
6.1884255118110234
0
LINE
8
BLACK
6
CONTINUOUS
10
-3.1840929527559054
20
6.1884255118110234
11
-3.1855498031496063
21
6.1869686614173229
0
LINE
8
BLACK
6
CONTINUOUS
10
-3.1855498031496063
20
6.1869686614173229
11
-3.1873099212598426
21
6.1834483858267717
0
LINE
8
BLACK
6
CONTINUOUS
10
-3.1873099212598426
20
6.1834483858267717
11
-3.1873099212598426
21
6.1806123228346452
0
LINE
8
BLACK
6
CONTINUOUS
10
-3.1873099212598426
20
6.1806123228346452
11
-3.1855498031496063
21
6.177092047244094
0
LINE
8
BLACK
6
CONTINUOUS
10
-3.1855498031496063
20
6.177092047244094
11
-3.1840929527559054
21
6.1756351968503935
0
LINE
8
BLACK
6
CONTINUOUS
10
-3.1840929527559054
20
6.1756351968503935
11
-3.179905590551181
21
6.1735415354330705
0
LINE
8
BLACK
6
CONTINUOUS
10
-3.179905590551181
20
6.1735415354330705
11
-3.1699912992125983
21
6.1710629921259841
0
LINE
8
BLACK
6
CONTINUOUS
10
-3.1699912992125983
20
6.1710629921259841
11
-3.1573844094488188
21
6.1710629921259841
0
LINE
8
BLACK
6
CONTINUOUS
10
-3.1573844094488188
20
6.1710629921259841
11
-3.1474701968503935
21
6.1735414960629917
0
LINE
8
BLACK
6
CONTINUOUS
10
-3.1474701968503935
20
6.1735414960629917
11
-3.1432827952755904
21
6.1756352362204723
0
LINE
8
BLACK
6
CONTINUOUS
10
-3.1432827952755904
20
6.1756352362204723
11
-3.1418259448818895
21
6.1770920866141728
0
LINE
8
BLACK
6
CONTINUOUS
10
-3.1418259448818895
20
6.1770920866141728
11
-3.1400658267716537
21
6.1806122834645665
0
LINE
8
BLACK
6
CONTINUOUS
10
-3.1400658267716537
20
6.1806122834645665
11
-3.1400658267716537
21
6.1834484251968505
0
LINE
8
BLACK
6
CONTINUOUS
10
-3.1400658267716537
20
6.1834484251968505
11
-3.1418259448818895
21
6.1869686220472442
0
LINE
8
BLACK
6
CONTINUOUS
10
-3.1418259448818895
20
6.1869686220472442
11
-3.1432828346456692
21
6.1884255118110234
0
LINE
8
BLACK
6
CONTINUOUS
10
-3.1432828346456692
20
6.1884255118110234
11
-3.147470118110236
21
6.1905191338582677
0
LINE
8
BLACK
6
CONTINUOUS
10
-3.147470118110236
20
6.1905191338582677
11
-3.1573844488188976
21
6.1929977559055116
0
LINE
8
BLACK
6
CONTINUOUS
10
-3.1573844488188976
20
6.1929977559055116
11
-3.1699912992125983
21
6.1929977559055116
0
LINE
8
BLACK
6
CONTINUOUS
10
-3.1699912992125983
20
6.1929977559055116
11
-3.1799056299212598
21
6.1905191338582677
0
LINE
8
BLACK
6
CONTINUOUS
10
-3.1564565748031495
20
6.2610319291338579
11
-3.1563704330708662
21
6.2610447637795277
0
LINE
8
BLACK
6
CONTINUOUS
10
-3.1563704330708662
20
6.2610447637795277
11
-3.1559392913385826
21
6.2609809842519679
0
LINE
8
BLACK
6
CONTINUOUS
10
-3.1559392913385826
20
6.2609809842519679
11
-3.1555053543307086
21
6.2609382677165355
0
LINE
8
BLACK
6
CONTINUOUS
10
-3.1555053543307086
20
6.2609382677165355
11
-3.1554248818897639
21
6.2609049212598427
0
LINE
8
BLACK
6
CONTINUOUS
10
-3.1554248818897639
20
6.2609049212598427
11
-3.1552251574803147
21
6.2608753937007871
0
LINE
8
BLACK
6
CONTINUOUS
10
-3.1552251574803147
20
6.2608753937007871
11
-3.1439766141732282
21
6.2580632283464563
0
LINE
8
BLACK
6
CONTINUOUS
10
-3.1439766141732282
20
6.2580632283464563
11
-3.1438917716535433
21
6.2580328740157478
0
LINE
8
BLACK
6
CONTINUOUS
10
-3.1438917716535433
20
6.2580328740157478
11
-3.1438491338582675
21
6.2580298818897635
0
LINE
8
BLACK
6
CONTINUOUS
10
-3.1438491338582675
20
6.2580298818897635
11
-3.1433692913385824
21
6.257846220472441
0
LINE
8
BLACK
6
CONTINUOUS
10
-3.1433692913385824
20
6.257846220472441
11
-3.1428864173228344
21
6.2576737401574798
0
LINE
8
BLACK
6
CONTINUOUS
10
-3.1428864173228344
20
6.2576737401574798
11
-3.1428521653543307
21
6.2576483464566932
0
LINE
8
BLACK
6
CONTINUOUS
10
-3.1428521653543307
20
6.2576483464566932
11
-3.1427678740157479
21
6.2576161023622046
0
LINE
8
BLACK
6
CONTINUOUS
10
-3.1427678740157479
20
6.2576161023622046
11
-3.1371435826771652
21
6.2548039763779526
0
LINE
8
BLACK
6
CONTINUOUS
10
-3.1371435826771652
20
6.2548039763779526
11
-3.1366477952755907
21
6.254491850393701
0
LINE
8
BLACK
6
CONTINUOUS
10
-3.1366477952755907
20
6.254491850393701
11
-3.1365037007874017
21
6.2544322047244094
0
LINE
8
BLACK
6
CONTINUOUS
10
-3.1365037007874017
20
6.2544322047244094
11
-3.1363415354330706
21
6.2542990551181097
0
LINE
8
BLACK
6
CONTINUOUS
10
-3.1363415354330706
20
6.2542990551181097
11
-3.1361638188976375
21
6.2541872440944877
0
LINE
8
BLACK
6
CONTINUOUS
10
-3.1361638188976375
20
6.2541872440944877
11
-3.1360616141732285
21
6.2540693700787404
0
LINE
8
BLACK
6
CONTINUOUS
10
-3.1360616141732285
20
6.2540693700787404
11
-3.1356087795275589
21
6.2536977559055114
0
LINE
8
BLACK
6
CONTINUOUS
10
-3.1356087795275589
20
6.2536977559055114
11
-3.1327966141732282
21
6.2508855905511806
0
LINE
8
BLACK
6
CONTINUOUS
10
-3.1327966141732282
20
6.2508855905511806
11
-3.1324249212598425
21
6.2504326377952752
0
LINE
8
BLACK
6
CONTINUOUS
10
-3.1324249212598425
20
6.2504326377952752
11
-3.1323071259842519
21
6.2503305118110237
0
LINE
8
BLACK
6
CONTINUOUS
10
-3.1323071259842519
20
6.2503305118110237
11
-3.1321953937007874
21
6.2501529527559052
0
LINE
8
BLACK
6
CONTINUOUS
10
-3.1321953937007874
20
6.2501529527559052
11
-3.1320621653543306
21
6.2499906692913383
0
LINE
8
BLACK
6
CONTINUOUS
10
-3.1320621653543306
20
6.2499906692913383
11
-3.1320024803149606
21
6.2498464960629923
0
LINE
8
BLACK
6
CONTINUOUS
10
-3.1320024803149606
20
6.2498464960629923
11
-3.1316903937007874
21
6.2493507874015748
0
LINE
8
BLACK
6
CONTINUOUS
10
-3.1316903937007874
20
6.2493507874015748
11
-3.1288782677165354
21
6.2437264566929134
0
LINE
8
BLACK
6
CONTINUOUS
10
-3.1288782677165354
20
6.2437264566929134
11
-3.1284644881889765
21
6.2426452362204721
0
LINE
8
BLACK
6
CONTINUOUS
10
-3.1284644881889765
20
6.2426452362204721
11
-3.1284494881889762
21
6.2424335826771653
0
LINE
8
BLACK
6
CONTINUOUS
10
-3.1284494881889762
20
6.2424335826771653
11
-3.1283682677165352
21
6.2422375984251968
0
LINE
8
BLACK
6
CONTINUOUS
10
-3.1283682677165352
20
6.2422375984251968
11
-3.128254803149606
21
6.241085472440945
0
LINE
8
BLACK
6
CONTINUOUS
10
-3.128254803149606
20
6.241085472440945
11
-3.128254803149606
21
6.2354611811023624
0
LINE
8
BLACK
6
CONTINUOUS
10
-3.128254803149606
20
6.2354611811023624
11
-3.1283682677165352
21
6.2343090551181097
0
LINE
8
BLACK
6
CONTINUOUS
10
-3.1283682677165352
20
6.2343090551181097
11
-3.1284494881889762
21
6.2341130314960624
0
LINE
8
BLACK
6
CONTINUOUS
10
-3.1284494881889762
20
6.2341130314960624
11
-3.1284644881889765
21
6.2339014173228344
0
LINE
8
BLACK
6
CONTINUOUS
10
-3.1284644881889765
20
6.2339014173228344
11
-3.1288782677165354
21
6.2328201968503931
0
LINE
8
BLACK
6
CONTINUOUS
10
-3.1288782677165354
20
6.2328201968503931
11
-3.1316903937007874
21
6.2271958661417317
0
LINE
8
BLACK
6
CONTINUOUS
10
-3.1316903937007874
20
6.2271958661417317
11
-3.1320024803149606
21
6.2267001181102364
0
LINE
8
BLACK
6
CONTINUOUS
10
-3.1320024803149606
20
6.2267001181102364
11
-3.1320621653543306
21
6.2265559842519682
0
LINE
8
BLACK
6
CONTINUOUS
10
-3.1320621653543306
20
6.2265559842519682
11
-3.1321953937007874
21
6.2263936614173225
0
LINE
8
BLACK
6
CONTINUOUS
10
-3.1321953937007874
20
6.2263936614173225
11
-3.1323071259842519
21
6.2262161417322837
0
LINE
8
BLACK
6
CONTINUOUS
10
-3.1323071259842519
20
6.2262161417322837
11
-3.1324249212598425
21
6.2261139763779525
0
LINE
8
BLACK
6
CONTINUOUS
10
-3.1324249212598425
20
6.2261139763779525
11
-3.1327966141732282
21
6.2256610629921258
0
LINE
8
BLACK
6
CONTINUOUS
10
-3.1327966141732282
20
6.2256610629921258
11
-3.1356087795275589
21
6.2228488976377951
0
LINE
8
BLACK
6
CONTINUOUS
10
-3.1356087795275589
20
6.2228488976377951
11
-3.1360616141732285
21
6.2224772440944882
0
LINE
8
BLACK
6
CONTINUOUS
10
-3.1360616141732285
20
6.2224772440944882
11
-3.1361638188976375
21
6.2223594094488188
0
LINE
8
BLACK
6
CONTINUOUS
10
-3.1361638188976375
20
6.2223594094488188
11
-3.1363415354330706
21
6.2222475590551181
0
LINE
8
BLACK
6
CONTINUOUS
10
-3.1363415354330706
20
6.2222475590551181
11
-3.1365037007874017
21
6.2221144488188971
0
LINE
8
BLACK
6
CONTINUOUS
10
-3.1365037007874017
20
6.2221144488188971
11
-3.1366477952755907
21
6.2220547637795276
0
LINE
8
BLACK
6
CONTINUOUS
10
-3.1366477952755907
20
6.2220547637795276
11
-3.1371435826771652
21
6.2217426771653539
0
LINE
8
BLACK
6
CONTINUOUS
10
-3.1371435826771652
20
6.2217426771653539
11
-3.1427678740157479
21
6.2189305118110232
0
LINE
8
BLACK
6
CONTINUOUS
10
-3.1427678740157479
20
6.2189305118110232
11
-3.1428521653543307
21
6.2188982283464567
0
LINE
8
BLACK
6
CONTINUOUS
10
-3.1428521653543307
20
6.2188982283464567
11
-3.1428864173228344
21
6.218872874015748
0
LINE
8
BLACK
6
CONTINUOUS
10
-3.1428864173228344
20
6.218872874015748
11
-3.1433698031496062
21
6.2187001574803151
0
LINE
8
BLACK
6
CONTINUOUS
10
-3.1433698031496062
20
6.2187001574803151
11
-3.1438490944881887
21
6.218516771653543
0
LINE
8
BLACK
6
CONTINUOUS
10
-3.1438490944881887
20
6.218516771653543
11
-3.143891653543307
21
6.2185137401574799
0
LINE
8
BLACK
6
CONTINUOUS
10
-3.143891653543307
20
6.2185137401574799
11
-3.1439766141732282
21
6.2184833858267714
0
LINE
8
BLACK
6
CONTINUOUS
10
-3.1439766141732282
20
6.2184833858267714
11
-3.1552251968503935
21
6.2156712598425194
0
LINE
8
BLACK
6
CONTINUOUS
10
-3.1552251968503935
20
6.2156712598425194
11
-3.1554248818897639
21
6.2156417322834647
0
LINE
8
BLACK
6
CONTINUOUS
10
-3.1554248818897639
20
6.2156417322834647
11
-3.1555053543307086
21
6.2156083858267719
0
LINE
8
BLACK
6
CONTINUOUS
10
-3.1555053543307086
20
6.2156083858267719
11
-3.1559393307086614
21
6.2155656299212598
0
LINE
8
BLACK
6
CONTINUOUS
10
-3.1559393307086614
20
6.2155656299212598
11
-3.1563704330708662
21
6.2155018897637797
0
LINE
8
BLACK
6
CONTINUOUS
10
-3.1563704330708662
20
6.2155018897637797
11
-3.1564565748031495
21
6.2155146850393699
0
LINE
8
BLACK
6
CONTINUOUS
10
-3.1564565748031495
20
6.2155146850393699
11
-3.1566574803149607
21
6.2154949212598423
0
LINE
8
BLACK
6
CONTINUOUS
10
-3.1566574803149607
20
6.2154949212598423
11
-3.1707182283464568
21
6.2154949212598423
0
LINE
8
BLACK
6
CONTINUOUS
10
-3.1707182283464568
20
6.2154949212598423
11
-3.1709191732283464
21
6.2155146850393699
0
LINE
8
BLACK
6
CONTINUOUS
10
-3.1709191732283464
20
6.2155146850393699
11
-3.1710052755905509
21
6.2155018897637797
0
LINE
8
BLACK
6
CONTINUOUS
10
-3.1710052755905509
20
6.2155018897637797
11
-3.1714364173228344
21
6.2155656299212598
0
LINE
8
BLACK
6
CONTINUOUS
10
-3.1714364173228344
20
6.2155656299212598
11
-3.1718703543307085
21
6.2156083858267719
0
LINE
8
BLACK
6
CONTINUOUS
10
-3.1718703543307085
20
6.2156083858267719
11
-3.1719508661417324
21
6.2156417322834647
0
LINE
8
BLACK
6
CONTINUOUS
10
-3.1719508661417324
20
6.2156417322834647
11
-3.1721505118110236
21
6.2156712598425194
0
LINE
8
BLACK
6
CONTINUOUS
10
-3.1721505118110236
20
6.2156712598425194
11
-3.1833991338582677
21
6.2184833858267714
0
LINE
8
BLACK
6
CONTINUOUS
10
-3.1833991338582677
20
6.2184833858267714
11
-3.1834841338582676
21
6.2185137401574799
0
LINE
8
BLACK
6
CONTINUOUS
10
-3.1834841338582676
20
6.2185137401574799
11
-3.1835266535433071
21
6.218516771653543
0
LINE
8
BLACK
6
CONTINUOUS
10
-3.1835266535433071
20
6.218516771653543
11
-3.1840062204724409
21
6.2187002362204726
0
LINE
8
BLACK
6
CONTINUOUS
10
-3.1840062204724409
20
6.2187002362204726
11
-3.1844893307086615
21
6.218872874015748
0
LINE
8
BLACK
6
CONTINUOUS
10
-3.1844893307086615
20
6.218872874015748
11
-3.1845235826771652
21
6.2188982283464567
0
LINE
8
BLACK
6
CONTINUOUS
10
-3.1845235826771652
20
6.2188982283464567
11
-3.1846079133858267
21
6.2189305118110232
0
LINE
8
BLACK
6
CONTINUOUS
10
-3.1846079133858267
20
6.2189305118110232
11
-3.1902321653543306
21
6.2217426771653539
0
LINE
8
BLACK
6
CONTINUOUS
10
-3.1902321653543306
20
6.2217426771653539
11
-3.1907281102362206
21
6.2220548031496064
0
LINE
8
BLACK
6
CONTINUOUS
10
-3.1907281102362206
20
6.2220548031496064
11
-3.1908720866141733
21
6.2221144881889758
0
LINE
8
BLACK
6
CONTINUOUS
10
-3.1908720866141733
20
6.2221144881889758
11
-3.1910342125984252
21
6.2222475196850393
0
LINE
8
BLACK
6
CONTINUOUS
10
-3.1910342125984252
20
6.2222475196850393
11
-3.1912119291338583
21
6.2223594094488188
0
LINE
8
BLACK
6
CONTINUOUS
10
-3.1912119291338583
20
6.2223594094488188
11
-3.1913142125984253
21
6.222477283464567
0
LINE
8
BLACK
6
CONTINUOUS
10
-3.1913142125984253
20
6.222477283464567
11
-3.1917670078740157
21
6.2228489370078739
0
LINE
8
BLACK
6
CONTINUOUS
10
-3.1917670078740157
20
6.2228489370078739
11
-3.1945791338582676
21
6.2256611023622046
0
LINE
8
BLACK
6
CONTINUOUS
10
-3.1945791338582676
20
6.2256611023622046
11
-3.1949507086614171
21
6.2261138188976375
0
LINE
8
BLACK
6
CONTINUOUS
10
-3.1949507086614171
20
6.2261138188976375
11
-3.1950685826771652
21
6.2262161023622049
0
LINE
8
BLACK
6
CONTINUOUS
10
-3.1950685826771652
20
6.2262161023622049
11
-3.1951805118110235
21
6.226393897637795
0
LINE
8
BLACK
6
CONTINUOUS
10
-3.1951805118110235
20
6.226393897637795
11
-3.1953135433070865
21
6.226556023622047
0
LINE
8
BLACK
6
CONTINUOUS
10
-3.1953135433070865
20
6.226556023622047
11
-3.1953731889763777
21
6.2266999606299214
0
LINE
8
BLACK
6
CONTINUOUS
10
-3.1953731889763777
20
6.2266999606299214
11
-3.1956853149606297
21
6.2271958661417317
0
LINE
8
BLACK
6
CONTINUOUS
10
-3.1956853149606297
20
6.2271958661417317
11
-3.1984974803149604
21
6.2328201574803153
0
LINE
8
BLACK
6
CONTINUOUS
10
-3.1984974803149604
20
6.2328201574803153
11
-3.198911220472441
21
6.2339013779527557
0
LINE
8
BLACK
6
CONTINUOUS
10
-3.198911220472441
20
6.2339013779527557
11
-3.1989262598425197
21
6.2341129527559049
0
LINE
8
BLACK
6
CONTINUOUS
10
-3.1989262598425197
20
6.2341129527559049
11
-3.1990074803149606
21
6.2343090551181097
0
LINE
8
BLACK
6
CONTINUOUS
10
-3.1990074803149606
20
6.2343090551181097
11
-3.1991209448818898
21
6.2354611811023624
0
LINE
8
BLACK
6
CONTINUOUS
10
-3.1991209448818898
20
6.2354611811023624
11
-3.1991209448818898
21
6.241085472440945
0
LINE
8
BLACK
6
CONTINUOUS
10
-3.1991209448818898
20
6.241085472440945
11
-3.1990074803149606
21
6.2422375984251968
0
LINE
8
BLACK
6
CONTINUOUS
10
-3.1990074803149606
20
6.2422375984251968
11
-3.1989262598425197
21
6.2424336614173228
0
LINE
8
BLACK
6
CONTINUOUS
10
-3.1989262598425197
20
6.2424336614173228
11
-3.198911220472441
21
6.2426452755905508
0
LINE
8
BLACK
6
CONTINUOUS
10
-3.198911220472441
20
6.2426452755905508
11
-3.1984974803149604
21
6.2437264960629921
0
LINE
8
BLACK
6
CONTINUOUS
10
-3.1984974803149604
20
6.2437264960629921
11
-3.1956853149606297
21
6.2493507874015748
0
LINE
8
BLACK
6
CONTINUOUS
10
-3.1956853149606297
20
6.2493507874015748
11
-3.1953731889763777
21
6.2498466535433073
0
LINE
8
BLACK
6
CONTINUOUS
10
-3.1953731889763777
20
6.2498466535433073
11
-3.1953135433070865
21
6.2499906299212595
0
LINE
8
BLACK
6
CONTINUOUS
10
-3.1953135433070865
20
6.2499906299212595
11
-3.1951805118110235
21
6.2501527165354327
0
LINE
8
BLACK
6
CONTINUOUS
10
-3.1951805118110235
20
6.2501527165354327
11
-3.1950685826771652
21
6.2503305511811025
0
LINE
8
BLACK
6
CONTINUOUS
10
-3.1950685826771652
20
6.2503305511811025
11
-3.1949507086614171
21
6.2504327952755903
0
LINE
8
BLACK
6
CONTINUOUS
10
-3.1949507086614171
20
6.2504327952755903
11
-3.1945791338582676
21
6.2508855511811019
0
LINE
8
BLACK
6
CONTINUOUS
10
-3.1945791338582676
20
6.2508855511811019
11
-3.1917670078740157
21
6.2536977165354326
0
LINE
8
BLACK
6
CONTINUOUS
10
-3.1917670078740157
20
6.2536977165354326
11
-3.1913140551181103
21
6.2540694488188979
0
LINE
8
BLACK
6
CONTINUOUS
10
-3.1913140551181103
20
6.2540694488188979
11
-3.1912118897637796
21
6.2541872440944877
0
LINE
8
BLACK
6
CONTINUOUS
10
-3.1912118897637796
20
6.2541872440944877
11
-3.1910343307086615
21
6.2542990157480309
0
LINE
8
BLACK
6
CONTINUOUS
10
-3.1910343307086615
20
6.2542990157480309
11
-3.1908720866141733
21
6.2544321653543307
0
LINE
8
BLACK
6
CONTINUOUS
10
-3.1908720866141733
20
6.2544321653543307
11
-3.1907280314960631
21
6.2544918110236223
0
LINE
8
BLACK
6
CONTINUOUS
10
-3.1907280314960631
20
6.2544918110236223
11
-3.1902321653543306
21
6.2548039763779526
0
LINE
8
BLACK
6
CONTINUOUS
10
-3.1902321653543306
20
6.2548039763779526
11
-3.1846078346456692
21
6.2576161023622046
0
LINE
8
BLACK
6
CONTINUOUS
10
-3.1846078346456692
20
6.2576161023622046
11
-3.1845237401574802
21
6.2576482677165357
0
LINE
8
BLACK
6
CONTINUOUS
10
-3.1845237401574802
20
6.2576482677165357
11
-3.1844893700787402
21
6.2576737401574798
0
LINE
8
BLACK
6
CONTINUOUS
10
-3.1844893700787402
20
6.2576737401574798
11
-3.1840059448818896
21
6.2578464173228348
0
LINE
8
BLACK
6
CONTINUOUS
10
-3.1840059448818896
20
6.2578464173228348
11
-3.1835266141732284
21
6.2580298818897635
0
LINE
8
BLACK
6
CONTINUOUS
10
-3.1835266141732284
20
6.2580298818897635
11
-3.1834840157480313
21
6.2580328740157478
0
LINE
8
BLACK
6
CONTINUOUS
10
-3.1834840157480313
20
6.2580328740157478
11
-3.1833991338582677
21
6.2580632283464563
0
LINE
8
BLACK
6
CONTINUOUS
10
-3.1833991338582677
20
6.2580632283464563
11
-3.1721505511811023
21
6.2608753937007871
0
LINE
8
BLACK
6
CONTINUOUS
10
-3.1721505511811023
20
6.2608753937007871
11
-3.1719508661417324
21
6.2609049212598427
0
LINE
8
BLACK
6
CONTINUOUS
10
-3.1719508661417324
20
6.2609049212598427
11
-3.1718703543307085
21
6.2609382677165355
0
LINE
8
BLACK
6
CONTINUOUS
10
-3.1718703543307085
20
6.2609382677165355
11
-3.1714365354330707
21
6.2609809842519679
0
LINE
8
BLACK
6
CONTINUOUS
10
-3.1714365354330707
20
6.2609809842519679
11
-3.1710053149606297
21
6.2610447637795277
0
LINE
8
BLACK
6
CONTINUOUS
10
-3.1710053149606297
20
6.2610447637795277
11
-3.1709191732283464
21
6.2610319291338579
0
LINE
8
BLACK
6
CONTINUOUS
10
-3.1709191732283464
20
6.2610319291338579
11
-3.1707182283464568
21
6.2610517322834642
0
LINE
8
BLACK
6
CONTINUOUS
10
-3.1707182283464568
20
6.2610517322834642
11
-3.1566574803149607
21
6.2610517322834642
0
LINE
8
BLACK
6
CONTINUOUS
10
-3.1566574803149607
20
6.2610517322834642
11
-3.1564565748031495
21
6.2610319291338579
0
LINE
8
BLACK
6
CONTINUOUS
10
-3.1799056299212598
20
6.2467620866141731
11
-3.1840929527559054
21
6.2446684645669288
0
LINE
8
BLACK
6
CONTINUOUS
10
-3.1840929527559054
20
6.2446684645669288
11
-3.1855498031496063
21
6.2432116141732283
0
LINE
8
BLACK
6
CONTINUOUS
10
-3.1855498031496063
20
6.2432116141732283
11
-3.1873099212598426
21
6.2396913385826771
0
LINE
8
BLACK
6
CONTINUOUS
10
-3.1873099212598426
20
6.2396913385826771
11
-3.1873099212598426
21
6.2368552755905506
0
LINE
8
BLACK
6
CONTINUOUS
10
-3.1873099212598426
20
6.2368552755905506
11
-3.1855498031496063
21
6.2333350000000003
0
LINE
8
BLACK
6
CONTINUOUS
10
-3.1855498031496063
20
6.2333350000000003
11
-3.1840929527559054
21
6.2318781496062989
0
LINE
8
BLACK
6
CONTINUOUS
10
-3.1840929527559054
20
6.2318781496062989
11
-3.179905590551181
21
6.2297844881889759
0
LINE
8
BLACK
6
CONTINUOUS
10
-3.179905590551181
20
6.2297844881889759
11
-3.1699912992125983
21
6.2273059448818895
0
LINE
8
BLACK
6
CONTINUOUS
10
-3.1699912992125983
20
6.2273059448818895
11
-3.1573844094488188
21
6.2273059448818895
0
LINE
8
BLACK
6
CONTINUOUS
10
-3.1573844094488188
20
6.2273059448818895
11
-3.1474701968503935
21
6.2297844488188971
0
LINE
8
BLACK
6
CONTINUOUS
10
-3.1474701968503935
20
6.2297844488188971
11
-3.1432827952755904
21
6.2318781889763777
0
LINE
8
BLACK
6
CONTINUOUS
10
-3.1432827952755904
20
6.2318781889763777
11
-3.1418259448818895
21
6.2333350393700782
0
LINE
8
BLACK
6
CONTINUOUS
10
-3.1418259448818895
20
6.2333350393700782
11
-3.1400658267716537
21
6.2368552362204719
0
LINE
8
BLACK
6
CONTINUOUS
10
-3.1400658267716537
20
6.2368552362204719
11
-3.1400658267716537
21
6.2396913779527559
0
LINE
8
BLACK
6
CONTINUOUS
10
-3.1400658267716537
20
6.2396913779527559
11
-3.1418259448818895
21
6.2432115748031496
0
LINE
8
BLACK
6
CONTINUOUS
10
-3.1418259448818895
20
6.2432115748031496
11
-3.1432828346456692
21
6.2446684645669288
0
LINE
8
BLACK
6
CONTINUOUS
10
-3.1432828346456692
20
6.2446684645669288
11
-3.147470118110236
21
6.2467620866141731
0
LINE
8
BLACK
6
CONTINUOUS
10
-3.147470118110236
20
6.2467620866141731
11
-3.1573844488188976
21
6.249240708661417
0
LINE
8
BLACK
6
CONTINUOUS
10
-3.1573844488188976
20
6.249240708661417
11
-3.1699912992125983
21
6.249240708661417
0
LINE
8
BLACK
6
CONTINUOUS
10
-3.1699912992125983
20
6.249240708661417
11
-3.1799056299212598
21
6.2467620866141731
0
LINE
8
BLACK
6
CONTINUOUS
10
-3.1883693700787399
20
6.3336888188976372
11
-3.1871223622047244
21
6.3331723228346455
0
LINE
8
BLACK
6
CONTINUOUS
10
-3.1871223622047244
20
6.3331723228346455
11
-3.1871223228346457
21
6.3331722834645667
0
LINE
8
BLACK
6
CONTINUOUS
10
-3.1871223228346457
20
6.3331722834645667
11
-3.1862274015748029
21
6.3324378346456696
0
LINE
8
BLACK
6
CONTINUOUS
10
-3.1862274015748029
20
6.3324378346456696
11
-3.1834152755905509
21
6.3296256692913389
0
LINE
8
BLACK
6
CONTINUOUS
10
-3.1834152755905509
20
6.3296256692913389
11
-3.1826808661417321
21
6.3287307874015744
0
LINE
8
BLACK
6
CONTINUOUS
10
-3.1826808661417321
20
6.3287307874015744
11
-3.1826808661417321
21
6.3287307480314956
0
LINE
8
BLACK
6
CONTINUOUS
10
-3.1826808661417321
20
6.3287307480314956
11
-3.1817990944881891
21
6.3266020078740155
0
LINE
8
BLACK
6
CONTINUOUS
10
-3.1817990944881891
20
6.3266020078740155
11
-3.1817990944881891
21
6.324297755905512
0
LINE
8
BLACK
6
CONTINUOUS
10
-3.1817990944881891
20
6.324297755905512
11
-3.1823156692913384
21
6.3230507086614169
0
LINE
8
BLACK
6
CONTINUOUS
10
-3.1823156692913384
20
6.3230507086614169
11
-3.1826808661417321
21
6.3221689370078735
0
LINE
8
BLACK
6
CONTINUOUS
10
-3.1826808661417321
20
6.3221689370078735
11
-3.1834153149606297
21
6.3212740551181099
0
LINE
8
BLACK
6
CONTINUOUS
10
-3.1834153149606297
20
6.3212740551181099
11
-3.1862274409448816
21
6.318461929133858
0
LINE
8
BLACK
6
CONTINUOUS
10
-3.1862274409448816
20
6.318461929133858
11
-3.1871223622047244
21
6.3177274803149608
0
LINE
8
BLACK
6
CONTINUOUS
10
-3.1871223622047244
20
6.3177274803149608
11
-3.1892511811023621
21
6.3168457086614174
0
LINE
8
BLACK
6
CONTINUOUS
10
-3.1892511811023621
20
6.3168457086614174
11
-3.1915553149606297
21
6.3168457086614174
0
LINE
8
BLACK
6
CONTINUOUS
10
-3.1915553149606297
20
6.3168457086614174
11
-3.1915553543307085
21
6.3168457086614174
0
LINE
8
BLACK
6
CONTINUOUS
10
-3.1915553543307085
20
6.3168457086614174
11
-3.1936841732283465
21
6.3177274803149608
0
LINE
8
BLACK
6
CONTINUOUS
10
-3.1936841732283465
20
6.3177274803149608
11
-3.1936842125984253
21
6.3177275196850395
0
LINE
8
BLACK
6
CONTINUOUS
10
-3.1936842125984253
20
6.3177275196850395
11
-3.1945790551181101
21
6.3184618897637792
0
LINE
8
BLACK
6
CONTINUOUS
10
-3.1945790551181101
20
6.3184618897637792
11
-3.1973912204724408
21
6.3212740157480312
0
LINE
8
BLACK
6
CONTINUOUS
10
-3.1973912204724408
20
6.3212740157480312
11
-3.1981256692913385
21
6.3221689370078735
0
LINE
8
BLACK
6
CONTINUOUS
10
-3.1981256692913385
20
6.3221689370078735
11
-3.1981257086614172
21
6.3221689763779523
0
LINE
8
BLACK
6
CONTINUOUS
10
-3.1981257086614172
20
6.3221689763779523
11
-3.1989198425196848
21
6.3240862204724406
0
LINE
8
BLACK
6
CONTINUOUS
10
-3.1989198425196848
20
6.3240862204724406
11
-3.1990074803149606
21
6.324297755905512
0
LINE
8
BLACK
6
CONTINUOUS
10
-3.1990074803149606
20
6.324297755905512
11
-3.1990074803149606
21
6.326601929133858
0
LINE
8
BLACK
6
CONTINUOUS
10
-3.1990074803149606
20
6.326601929133858
11
-3.1990074803149606
21
6.3266019685039367
0
LINE
8
BLACK
6
CONTINUOUS
10
-3.1990074803149606
20
6.3266019685039367
11
-3.1990074803149606
21
6.3266020078740155
0
LINE
8
BLACK
6
CONTINUOUS
10
-3.1990074803149606
20
6.3266020078740155
11
-3.1981257086614172
21
6.3287307480314956
0
LINE
8
BLACK
6
CONTINUOUS
10
-3.1981257086614172
20
6.3287307480314956
11
-3.1981257086614172
21
6.3287307874015744
0
LINE
8
BLACK
6
CONTINUOUS
10
-3.1981257086614172
20
6.3287307874015744
11
-3.1973912598425196
21
6.3296257086614176
0
LINE
8
BLACK
6
CONTINUOUS
10
-3.1973912598425196
20
6.3296257086614176
11
-3.1945790944881889
21
6.3324378740157483
0
LINE
8
BLACK
6
CONTINUOUS
10
-3.1945790944881889
20
6.3324378740157483
11
-3.1936841732283465
21
6.3331723228346455
0
LINE
8
BLACK
6
CONTINUOUS
10
-3.1936841732283465
20
6.3331723228346455
11
-3.1915553543307085
21
6.3340540944881889
0
LINE
8
BLACK
6
CONTINUOUS
10
-3.1915553543307085
20
6.3340540944881889
11
-3.1892511811023621
21
6.3340540944881889
0
LINE
8
BLACK
6
CONTINUOUS
10
-3.1892511811023621
20
6.3340540944881889
11
-3.1892511417322833
21
6.3340540944881889
0
LINE
8
BLACK
6
CONTINUOUS
10
-3.1892511417322833
20
6.3340540944881889
11
-3.1883693700787399
21
6.3336888188976372
0
LINE
8
BLACK
6
CONTINUOUS
10
-3.1330081889763779
20
6.3312419291338582
11
-3.1308793700787403
21
6.330360118110236
0
LINE
8
BLACK
6
CONTINUOUS
10
-3.1308793700787403
20
6.330360118110236
11
-3.1292500787401574
21
6.3287308267716531
0
LINE
8
BLACK
6
CONTINUOUS
10
-3.1292500787401574
20
6.3287308267716531
11
-3.1283682677165352
21
6.3266020078740155
0
LINE
8
BLACK
6
CONTINUOUS
10
-3.1283682677165352
20
6.3266020078740155
11
-3.1283682677165352
21
6.324297755905512
0
LINE
8
BLACK
6
CONTINUOUS
10
-3.1283682677165352
20
6.324297755905512
11
-3.1292500787401574
21
6.3221689370078735
0
LINE
8
BLACK
6
CONTINUOUS
10
-3.1292500787401574
20
6.3221689370078735
11
-3.1308793700787403
21
6.3205396456692915
0
LINE
8
BLACK
6
CONTINUOUS
10
-3.1308793700787403
20
6.3205396456692915
11
-3.1330081889763779
21
6.3196578346456693
0
LINE
8
BLACK
6
CONTINUOUS
10
-3.1330081889763779
20
6.3196578346456693
11
-3.1341603149606296
21
6.3195443700787397
0
LINE
8
BLACK
6
CONTINUOUS
10
-3.1341603149606296
20
6.3195443700787397
11
-3.1735303937007875
21
6.3195443700787397
0
LINE
8
BLACK
6
CONTINUOUS
10
-3.1735303937007875
20
6.3195443700787397
11
-3.1746825196850392
21
6.3196578346456693
0
LINE
8
BLACK
6
CONTINUOUS
10
-3.1746825196850392
20
6.3196578346456693
11
-3.1768113385826773
21
6.3205396456692915
0
LINE
8
BLACK
6
CONTINUOUS
10
-3.1768113385826773
20
6.3205396456692915
11
-3.1784406299212598
21
6.3221689370078735
0
LINE
8
BLACK
6
CONTINUOUS
10
-3.1784406299212598
20
6.3221689370078735
11
-3.1793224409448819
21
6.324297755905512
0
LINE
8
BLACK
6
CONTINUOUS
10
-3.1793224409448819
20
6.324297755905512
11
-3.1793224409448819
21
6.3266020078740155
0
LINE
8
BLACK
6
CONTINUOUS
10
-3.1793224409448819
20
6.3266020078740155
11
-3.1784406299212598
21
6.3287308267716531
0
LINE
8
BLACK
6
CONTINUOUS
10
-3.1784406299212598
20
6.3287308267716531
11
-3.1768113385826773
21
6.330360118110236
0
LINE
8
BLACK
6
CONTINUOUS
10
-3.1768113385826773
20
6.330360118110236
11
-3.1746825196850392
21
6.3312419291338582
0
LINE
8
BLACK
6
CONTINUOUS
10
-3.1746825196850392
20
6.3312419291338582
11
-3.1735303937007875
21
6.3313553937007869
0
LINE
8
BLACK
6
CONTINUOUS
10
-3.1735303937007875
20
6.3313553937007869
11
-3.1341603149606296
21
6.3313553937007869
0
LINE
8
BLACK
6
CONTINUOUS
10
-3.1341603149606296
20
6.3313553937007869
11
-3.1330081889763779
21
6.3312419291338582
0
LINE
8
BLACK
6
CONTINUOUS
10
-3.1330081889763779
20
6.3846727952755904
11
-3.1308793700787403
21
6.3837909842519682
0
LINE
8
BLACK
6
CONTINUOUS
10
-3.1308793700787403
20
6.3837909842519682
11
-3.1292500787401574
21
6.3821616929133853
0
LINE
8
BLACK
6
CONTINUOUS
10
-3.1292500787401574
20
6.3821616929133853
11
-3.1283682677165352
21
6.3800328740157477
0
LINE
8
BLACK
6
CONTINUOUS
10
-3.1283682677165352
20
6.3800328740157477
11
-3.1283682677165352
21
6.3777286220472442
0
LINE
8
BLACK
6
CONTINUOUS
10
-3.1283682677165352
20
6.3777286220472442
11
-3.1292500787401574
21
6.3755998031496057
0
LINE
8
BLACK
6
CONTINUOUS
10
-3.1292500787401574
20
6.3755998031496057
11
-3.1308793700787403
21
6.3739705118110237
0
LINE
8
BLACK
6
CONTINUOUS
10
-3.1308793700787403
20
6.3739705118110237
11
-3.1330081889763779
21
6.3730887007874015
0
LINE
8
BLACK
6
CONTINUOUS
10
-3.1330081889763779
20
6.3730887007874015
11
-3.1341603149606296
21
6.3729752362204719
0
LINE
8
BLACK
6
CONTINUOUS
10
-3.1341603149606296
20
6.3729752362204719
11
-3.1636998425196849
21
6.3729752362204719
0
LINE
8
BLACK
6
CONTINUOUS
10
-3.1636998425196849
20
6.3729752362204719
11
-3.1663165354330709
21
6.3716668897637794
0
LINE
8
BLACK
6
CONTINUOUS
10
-3.1663165354330709
20
6.3716668897637794
11
-3.1676248818897639
21
6.3690501574803147
0
LINE
8
BLACK
6
CONTINUOUS
10
-3.1676248818897639
20
6.3690501574803147
11
-3.1676248818897639
21
6.3634019291338584
0
LINE
8
BLACK
6
CONTINUOUS
10
-3.1676248818897639
20
6.3634019291338584
11
-3.1658647637795276
21
6.3598816535433071
0
LINE
8
BLACK
6
CONTINUOUS
10
-3.1658647637795276
20
6.3598816535433071
11
-3.1654599212598424
21
6.359476889763779
0
LINE
8
BLACK
6
CONTINUOUS
10
-3.1654599212598424
20
6.359476889763779
11
-3.1341603149606296
21
6.359476889763779
0
LINE
8
BLACK
6
CONTINUOUS
10
-3.1341603149606296
20
6.359476889763779
11
-3.1330081889763779
21
6.3593634251968503
0
LINE
8
BLACK
6
CONTINUOUS
10
-3.1330081889763779
20
6.3593634251968503
11
-3.1308793700787403
21
6.3584816141732281
0
LINE
8
BLACK
6
CONTINUOUS
10
-3.1308793700787403
20
6.3584816141732281
11
-3.1292500787401574
21
6.3568523228346452
0
LINE
8
BLACK
6
CONTINUOUS
10
-3.1292500787401574
20
6.3568523228346452
11
-3.1283682677165352
21
6.3547235039370076
0
LINE
8
BLACK
6
CONTINUOUS
10
-3.1283682677165352
20
6.3547235039370076
11
-3.1283682677165352
21
6.3524192519685041
0
LINE
8
BLACK
6
CONTINUOUS
10
-3.1283682677165352
20
6.3524192519685041
11
-3.1292500787401574
21
6.3502904330708656
0
LINE
8
BLACK
6
CONTINUOUS
10
-3.1292500787401574
20
6.3502904330708656
11
-3.1308793700787403
21
6.3486611417322836
0
LINE
8
BLACK
6
CONTINUOUS
10
-3.1308793700787403
20
6.3486611417322836
11
-3.1330081889763779
21
6.3477793307086614
0
LINE
8
BLACK
6
CONTINUOUS
10
-3.1330081889763779
20
6.3477793307086614
11
-3.1341603149606296
21
6.3476658661417318
0
LINE
8
BLACK
6
CONTINUOUS
10
-3.1341603149606296
20
6.3476658661417318
11
-3.1735303937007875
21
6.3476658661417318
0
LINE
8
BLACK
6
CONTINUOUS
10
-3.1735303937007875
20
6.3476658661417318
11
-3.1746825196850392
21
6.3477793307086614
0
LINE
8
BLACK
6
CONTINUOUS
10
-3.1746825196850392
20
6.3477793307086614
11
-3.1768113385826773
21
6.3486611417322836
0
LINE
8
BLACK
6
CONTINUOUS
10
-3.1768113385826773
20
6.3486611417322836
11
-3.1784406299212598
21
6.3502904330708656
0
LINE
8
BLACK
6
CONTINUOUS
10
-3.1784406299212598
20
6.3502904330708656
11
-3.1793224409448819
21
6.3524192519685041
0
LINE
8
BLACK
6
CONTINUOUS
10
-3.1793224409448819
20
6.3524192519685041
11
-3.1793224409448819
21
6.3547235039370076
0
LINE
8
BLACK
6
CONTINUOUS
10
-3.1793224409448819
20
6.3547235039370076
11
-3.1784406299212598
21
6.3568523228346452
0
LINE
8
BLACK
6
CONTINUOUS
10
-3.1784406299212598
20
6.3568523228346452
11
-3.1778503543307086
21
6.3574425984251963
0
LINE
8
BLACK
6
CONTINUOUS
10
-3.1778503543307086
20
6.3574425984251963
11
-3.1788124409448817
21
6.3593668110236221
0
LINE
8
BLACK
6
CONTINUOUS
10
-3.1788124409448817
20
6.3593668110236221
11
-3.1792261811023623
21
6.3604480314960625
0
LINE
8
BLACK
6
CONTINUOUS
10
-3.1792261811023623
20
6.3604480314960625
11
-3.179241220472441
21
6.3606596062992127
0
LINE
8
BLACK
6
CONTINUOUS
10
-3.179241220472441
20
6.3606596062992127
11
-3.1793224409448819
21
6.3608557086614175
0
LINE
8
BLACK
6
CONTINUOUS
10
-3.1793224409448819
20
6.3608557086614175
11
-3.1794359055118111
21
6.3620078346456692
0
LINE
8
BLACK
6
CONTINUOUS
10
-3.1794359055118111
20
6.3620078346456692
11
-3.1794359055118111
21
6.3704442913385826
0
LINE
8
BLACK
6
CONTINUOUS
10
-3.1794359055118111
20
6.3704442913385826
11
-3.1793224409448819
21
6.3715964173228343
0
LINE
8
BLACK
6
CONTINUOUS
10
-3.1793224409448819
20
6.3715964173228343
11
-3.179241220472441
21
6.3717924803149604
0
LINE
8
BLACK
6
CONTINUOUS
10
-3.179241220472441
20
6.3717924803149604
11
-3.1792261811023623
21
6.3720040944881893
0
LINE
8
BLACK
6
CONTINUOUS
10
-3.1792261811023623
20
6.3720040944881893
11
-3.1788124409448817
21
6.3730853149606297
0
LINE
8
BLACK
6
CONTINUOUS
10
-3.1788124409448817
20
6.3730853149606297
11
-3.176000275590551
21
6.3787096062992124
0
LINE
8
BLACK
6
CONTINUOUS
10
-3.176000275590551
20
6.3787096062992124
11
-3.1758790944881889
21
6.3789021259842515
0
LINE
8
BLACK
6
CONTINUOUS
10
-3.1758790944881889
20
6.3789021259842515
11
-3.1758487401574804
21
6.3789931496062993
0
LINE
8
BLACK
6
CONTINUOUS
10
-3.1758487401574804
20
6.3789931496062993
11
-3.1757504724409449
21
6.379106456692913
0
LINE
8
BLACK
6
CONTINUOUS
10
-3.1757504724409449
20
6.379106456692913
11
-3.1753835433070865
21
6.37968937007874
0
LINE
8
BLACK
6
CONTINUOUS
10
-3.1753835433070865
20
6.37968937007874
11
-3.1748242125984252
21
6.3801744488188978
0
LINE
8
BLACK
6
CONTINUOUS
10
-3.1748242125984252
20
6.3801744488188978
11
-3.1743390157480316
21
6.3807338976377954
0
LINE
8
BLACK
6
CONTINUOUS
10
-3.1743390157480316
20
6.3807338976377954
11
-3.1737559842519683
21
6.3811009055118113
0
LINE
8
BLACK
6
CONTINUOUS
10
-3.1737559842519683
20
6.3811009055118113
11
-3.1736427952755903
21
6.3811990551181097
0
LINE
8
BLACK
6
CONTINUOUS
10
-3.1736427952755903
20
6.3811990551181097
11
-3.1735519685039368
21
6.3812293307086616
0
LINE
8
BLACK
6
CONTINUOUS
10
-3.1735519685039368
20
6.3812293307086616
11
-3.1733592519685039
21
6.3813506299212595
0
LINE
8
BLACK
6
CONTINUOUS
10
-3.1733592519685039
20
6.3813506299212595
11
-3.167735
21
6.3841627952755902
0
LINE
8
BLACK
6
CONTINUOUS
10
-3.167735
20
6.3841627952755902
11
-3.1666537401574804
21
6.3845765354330704
0
LINE
8
BLACK
6
CONTINUOUS
10
-3.1666537401574804
20
6.3845765354330704
11
-3.1664421653543307
21
6.3845915354330707
0
LINE
8
BLACK
6
CONTINUOUS
10
-3.1664421653543307
20
6.3845915354330707
11
-3.1662460629921259
21
6.3846727952755904
0
LINE
8
BLACK
6
CONTINUOUS
10
-3.1662460629921259
20
6.3846727952755904
11
-3.1650939370078741
21
6.3847862598425191
0
LINE
8
BLACK
6
CONTINUOUS
10
-3.1650939370078741
20
6.3847862598425191
11
-3.1341603149606296
21
6.3847862598425191
0
LINE
8
BLACK
6
CONTINUOUS
10
-3.1341603149606296
20
6.3847862598425191
11
-3.1330081889763779
21
6.3846727952755904
0
LINE
8
BLACK
6
CONTINUOUS
10
-3.9642525590551179
20
7.3690074409448814
11
-3.9636678740157478
21
7.3690074409448814
0
LINE
8
BLACK
6
CONTINUOUS
10
-3.9636678740157478
20
7.3690074409448814
11
-3.9631334645669289
21
7.3687860629921262
0
LINE
8
BLACK
6
CONTINUOUS
10
-3.9631334645669289
20
7.3687860629921262
11
-3.9625657874015747
21
7.3686737795275592
0
LINE
8
BLACK
6
CONTINUOUS
10
-3.9625657874015747
20
7.3686737795275592
11
-3.9620791732283465
21
7.3683493307086616
0
LINE
8
BLACK
6
CONTINUOUS
10
-3.9620791732283465
20
7.3683493307086616
11
-3.9615390551181102
21
7.3681256299212601
0
LINE
8
BLACK
6
CONTINUOUS
10
-3.9615390551181102
20
7.3681256299212601
11
-3.9611300393700786
21
7.3677166141732284
0
LINE
8
BLACK
6
CONTINUOUS
10
-3.9611300393700786
20
7.3677166141732284
11
-3.9606485039370076
21
7.3673955905511805
0
LINE
8
BLACK
6
CONTINUOUS
10
-3.9606485039370076
20
7.3673955905511805
11
-3.9603231102362204
21
7.3669096456692911
0
LINE
8
BLACK
6
CONTINUOUS
10
-3.9603231102362204
20
7.3669096456692911
11
-3.9599097637795273
21
7.3664963385826772
0
LINE
8
BLACK
6
CONTINUOUS
10
-3.9599097637795273
20
7.3664963385826772
11
-3.9596883858267717
21
7.365961811023622
0
LINE
8
BLACK
6
CONTINUOUS
10
-3.9596883858267717
20
7.365961811023622
11
-3.9593663779527559
21
7.3654810236220474
0
LINE
8
BLACK
6
CONTINUOUS
10
-3.9593663779527559
20
7.3654810236220474
11
-3.9592517322834646
21
7.3649076771653545
0
LINE
8
BLACK
6
CONTINUOUS
10
-3.9592517322834646
20
7.3649076771653545
11
-3.9590279527559056
21
7.3643675196850396
0
LINE
8
BLACK
6
CONTINUOUS
10
-3.9590279527559056
20
7.3643675196850396
11
-3.9589157086614173
21
7.3632276377952754
0
LINE
8
BLACK
6
CONTINUOUS
10
-3.9589157086614173
20
7.3632276377952754
11
-3.9589144881889764
21
7.3632216141732281
0
LINE
8
BLACK
6
CONTINUOUS
10
-3.9589144881889764
20
7.3632216141732281
11
-3.9589149212598422
21
7.3632195275590551
0
LINE
8
BLACK
6
CONTINUOUS
10
-3.9589149212598422
20
7.3632195275590551
11
-3.9589144881889764
21
7.3632153937007869
0
LINE
8
BLACK
6
CONTINUOUS
10
-3.9589144881889764
20
7.3632153937007869
11
-3.9589144881889764
21
7.3100657874015749
0
LINE
8
BLACK
6
CONTINUOUS
10
-3.9589144881889764
20
7.3100657874015749
11
-3.9479470866141733
21
7.3100657874015749
0
LINE
8
BLACK
6
CONTINUOUS
10
-3.9479470866141733
20
7.3100657874015749
11
-3.9467949606299211
21
7.3099523228346452
0
LINE
8
BLACK
6
CONTINUOUS
10
-3.9467949606299211
20
7.3099523228346452
11
-3.9446661417322835
21
7.3090705118110231
0
LINE
8
BLACK
6
CONTINUOUS
10
-3.9446661417322835
20
7.3090705118110231
11
-3.9430368503937006
21
7.307441220472441
0
LINE
8
BLACK
6
CONTINUOUS
10
-3.9430368503937006
20
7.307441220472441
11
-3.9421550393700788
21
7.3053124015748025
0
LINE
8
BLACK
6
CONTINUOUS
10
-3.9421550393700788
20
7.3053124015748025
11
-3.9421550393700788
21
7.3030081496062991
0
LINE
8
BLACK
6
CONTINUOUS
10
-3.9421550393700788
20
7.3030081496062991
11
-3.9430368503937006
21
7.3008793307086615
0
LINE
8
BLACK
6
CONTINUOUS
10
-3.9430368503937006
20
7.3008793307086615
11
-3.9446661417322835
21
7.2992500393700785
0
LINE
8
BLACK
6
CONTINUOUS
10
-3.9446661417322835
20
7.2992500393700785
11
-3.9467949606299211
21
7.2983682283464564
0
LINE
8
BLACK
6
CONTINUOUS
10
-3.9467949606299211
20
7.2983682283464564
11
-3.9479470866141733
21
7.2982547637795276
0
LINE
8
BLACK
6
CONTINUOUS
10
-3.9479470866141733
20
7.2982547637795276
11
-3.981692874015748
21
7.2982547637795276
0
LINE
8
BLACK
6
CONTINUOUS
10
-3.981692874015748
20
7.2982547637795276
11
-3.9828449999999997
21
7.2983682283464564
0
LINE
8
BLACK
6
CONTINUOUS
10
-3.9828449999999997
20
7.2983682283464564
11
-3.9849738188976378
21
7.2992500393700785
0
LINE
8
BLACK
6
CONTINUOUS
10
-3.9849738188976378
20
7.2992500393700785
11
-3.9866031102362203
21
7.3008793307086615
0
LINE
8
BLACK
6
CONTINUOUS
10
-3.9866031102362203
20
7.3008793307086615
11
-3.9874849212598424
21
7.3030081496062991
0
LINE
8
BLACK
6
CONTINUOUS
10
-3.9874849212598424
20
7.3030081496062991
11
-3.9874849212598424
21
7.3053124015748025
0
LINE
8
BLACK
6
CONTINUOUS
10
-3.9874849212598424
20
7.3053124015748025
11
-3.9866031102362203
21
7.307441220472441
0
LINE
8
BLACK
6
CONTINUOUS
10
-3.9866031102362203
20
7.307441220472441
11
-3.9849738188976378
21
7.3090705118110231
0
LINE
8
BLACK
6
CONTINUOUS
10
-3.9849738188976378
20
7.3090705118110231
11
-3.9828449999999997
21
7.3099523228346452
0
LINE
8
BLACK
6
CONTINUOUS
10
-3.9828449999999997
20
7.3099523228346452
11
-3.981692874015748
21
7.3100657874015749
0
LINE
8
BLACK
6
CONTINUOUS
10
-3.981692874015748
20
7.3100657874015749
11
-3.9707255118110236
21
7.3100657874015749
0
LINE
8
BLACK
6
CONTINUOUS
10
-3.9707255118110236
20
7.3100657874015749
11
-3.9707255118110236
21
7.3461460629921262
0
LINE
8
BLACK
6
CONTINUOUS
10
-3.9707255118110236
20
7.3461460629921262
11
-3.9718927559055119
21
7.3449788188976379
0
LINE
8
BLACK
6
CONTINUOUS
10
-3.9718927559055119
20
7.3449788188976379
11
-3.9723455905511811
21
7.3446071653543301
0
LINE
8
BLACK
6
CONTINUOUS
10
-3.9723455905511811
20
7.3446071653543301
11
-3.9724477952755906
21
7.3444893307086616
0
LINE
8
BLACK
6
CONTINUOUS
10
-3.9724477952755906
20
7.3444893307086616
11
-3.9726255118110236
21
7.3443774803149608
0
LINE
8
BLACK
6
CONTINUOUS
10
-3.9726255118110236
20
7.3443774803149608
11
-3.9727876771653543
21
7.3442443700787399
0
LINE
8
BLACK
6
CONTINUOUS
10
-3.9727876771653543
20
7.3442443700787399
11
-3.9729317716535433
21
7.3441846850393695
0
LINE
8
BLACK
6
CONTINUOUS
10
-3.9729317716535433
20
7.3441846850393695
11
-3.9734275590551182
21
7.3438725984251967
0
LINE
8
BLACK
6
CONTINUOUS
10
-3.9734275590551182
20
7.3438725984251967
11
-3.9790518503937009
21
7.3410604724409447
0
LINE
8
BLACK
6
CONTINUOUS
10
-3.9790518503937009
20
7.3410604724409447
11
-3.9801331102362205
21
7.3406466929133858
0
LINE
8
BLACK
6
CONTINUOUS
10
-3.9801331102362205
20
7.3406466929133858
11
-3.9824315354330708
21
7.3404833858267713
0
LINE
8
BLACK
6
CONTINUOUS
10
-3.9824315354330708
20
7.3404833858267713
11
-3.984617440944882
21
7.3412120472440945
0
LINE
8
BLACK
6
CONTINUOUS
10
-3.984617440944882
20
7.3412120472440945
11
-3.9863581889763777
21
7.3427217716535429
0
LINE
8
BLACK
6
CONTINUOUS
10
-3.9863581889763777
20
7.3427217716535429
11
-3.9873887007874016
21
7.3447827559055119
0
LINE
8
BLACK
6
CONTINUOUS
10
-3.9873887007874016
20
7.3447827559055119
11
-3.9875520078740156
21
7.3470811811023617
0
LINE
8
BLACK
6
CONTINUOUS
10
-3.9875520078740156
20
7.3470811811023617
11
-3.9868233464566929
21
7.3492670866141729
0
LINE
8
BLACK
6
CONTINUOUS
10
-3.9868233464566929
20
7.3492670866141729
11
-3.985313622047244
21
7.3510078346456691
0
LINE
8
BLACK
6
CONTINUOUS
10
-3.985313622047244
20
7.3510078346456691
11
-3.9843338976377951
21
7.351624566929134
0
LINE
8
BLACK
6
CONTINUOUS
10
-3.9843338976377951
20
7.351624566929134
11
-3.9795668110236218
21
7.3540080708661417
0
LINE
8
BLACK
6
CONTINUOUS
10
-3.9795668110236218
20
7.3540080708661417
11
-3.9750336614173229
21
7.358541220472441
0
LINE
8
BLACK
6
CONTINUOUS
10
-3.9750336614173229
20
7.358541220472441
11
-3.9697336614173229
21
7.3664911811023623
0
LINE
8
BLACK
6
CONTINUOUS
10
-3.9697336614173229
20
7.3664911811023623
11
-3.9697310629921261
21
7.3664943307086617
0
LINE
8
BLACK
6
CONTINUOUS
10
-3.9697310629921261
20
7.3664943307086617
11
-3.9697302362204723
21
7.3664963385826772
0
LINE
8
BLACK
6
CONTINUOUS
10
-3.9697302362204723
20
7.3664963385826772
11
-3.9697258661417321
21
7.3665007086614169
0
LINE
8
BLACK
6
CONTINUOUS
10
-3.9697258661417321
20
7.3665007086614169
11
-3.9690001968503936
21
7.3673868897637798
0
LINE
8
BLACK
6
CONTINUOUS
10
-3.9690001968503936
20
7.3673868897637798
11
-3.9685142913385825
21
7.3677122834645665
0
LINE
8
BLACK
6
CONTINUOUS
10
-3.9685142913385825
20
7.3677122834645665
11
-3.9681009448818898
21
7.3681256299212601
0
LINE
8
BLACK
6
CONTINUOUS
10
-3.9681009448818898
20
7.3681256299212601
11
-3.9675664566929134
21
7.3683470078740152
0
LINE
8
BLACK
6
CONTINUOUS
10
-3.9675664566929134
20
7.3683470078740152
11
-3.9670856299212596
21
7.368669015748031
0
LINE
8
BLACK
6
CONTINUOUS
10
-3.9670856299212596
20
7.368669015748031
11
-3.9665123622047243
21
7.3687836614173223
0
LINE
8
BLACK
6
CONTINUOUS
10
-3.9665123622047243
20
7.3687836614173223
11
-3.9659721259842518
21
7.3690074409448814
0
LINE
8
BLACK
6
CONTINUOUS
10
-3.9659721259842518
20
7.3690074409448814
11
-3.9653935039370078
21
7.3690074409448814
0
LINE
8
BLACK
6
CONTINUOUS
10
-3.9653935039370078
20
7.3690074409448814
11
-3.964826181102362
21
7.369120905511811
0
LINE
8
BLACK
6
CONTINUOUS
10
-3.964826181102362
20
7.369120905511811
11
-3.9642525590551179
21
7.3690074409448814
0
LINE
8
BLACK
6
CONTINUOUS
10
-3.8798881102362204
20
7.3690074409448814
11
-3.8793034251968503
21
7.3690074409448814
0
LINE
8
BLACK
6
CONTINUOUS
10
-3.8793034251968503
20
7.3690074409448814
11
-3.8787690157480315
21
7.3687860629921262
0
LINE
8
BLACK
6
CONTINUOUS
10
-3.8787690157480315
20
7.3687860629921262
11
-3.8782013385826772
21
7.3686737795275592
0
LINE
8
BLACK
6
CONTINUOUS
10
-3.8782013385826772
20
7.3686737795275592
11
-3.8777147244094485
21
7.3683493307086616
0
LINE
8
BLACK
6
CONTINUOUS
10
-3.8777147244094485
20
7.3683493307086616
11
-3.8771746062992123
21
7.3681256299212601
0
LINE
8
BLACK
6
CONTINUOUS
10
-3.8771746062992123
20
7.3681256299212601
11
-3.8767655905511811
21
7.3677166141732284
0
LINE
8
BLACK
6
CONTINUOUS
10
-3.8767655905511811
20
7.3677166141732284
11
-3.8762840551181101
21
7.3673955905511805
0
LINE
8
BLACK
6
CONTINUOUS
10
-3.8762840551181101
20
7.3673955905511805
11
-3.8759586614173229
21
7.3669096456692911
0
LINE
8
BLACK
6
CONTINUOUS
10
-3.8759586614173229
20
7.3669096456692911
11
-3.8755453149606298
21
7.3664963385826772
0
LINE
8
BLACK
6
CONTINUOUS
10
-3.8755453149606298
20
7.3664963385826772
11
-3.8753239370078738
21
7.365961811023622
0
LINE
8
BLACK
6
CONTINUOUS
10
-3.8753239370078738
20
7.365961811023622
11
-3.875001929133858
21
7.3654810236220474
0
LINE
8
BLACK
6
CONTINUOUS
10
-3.875001929133858
20
7.3654810236220474
11
-3.8748872834645667
21
7.3649076771653545
0
LINE
8
BLACK
6
CONTINUOUS
10
-3.8748872834645667
20
7.3649076771653545
11
-3.8746635039370076
21
7.3643675196850396
0
LINE
8
BLACK
6
CONTINUOUS
10
-3.8746635039370076
20
7.3643675196850396
11
-3.8745512598425198
21
7.3632276377952754
0
LINE
8
BLACK
6
CONTINUOUS
10
-3.8745512598425198
20
7.3632276377952754
11
-3.8745500393700785
21
7.3632216141732281
0
LINE
8
BLACK
6
CONTINUOUS
10
-3.8745500393700785
20
7.3632216141732281
11
-3.8745504724409447
21
7.3632195275590551
0
LINE
8
BLACK
6
CONTINUOUS
10
-3.8745504724409447
20
7.3632195275590551
11
-3.8745500393700785
21
7.3632153937007869
0
LINE
8
BLACK
6
CONTINUOUS
10
-3.8745500393700785
20
7.3632153937007869
11
-3.8745500393700785
21
7.3100657874015749
0
LINE
8
BLACK
6
CONTINUOUS
10
-3.8745500393700785
20
7.3100657874015749
11
-3.8635826377952753
21
7.3100657874015749
0
LINE
8
BLACK
6
CONTINUOUS
10
-3.8635826377952753
20
7.3100657874015749
11
-3.8624305118110236
21
7.3099523228346452
0
LINE
8
BLACK
6
CONTINUOUS
10
-3.8624305118110236
20
7.3099523228346452
11
-3.8603016929133855
21
7.3090705118110231
0
LINE
8
BLACK
6
CONTINUOUS
10
-3.8603016929133855
20
7.3090705118110231
11
-3.8586724015748031
21
7.307441220472441
0
LINE
8
BLACK
6
CONTINUOUS
10
-3.8586724015748031
20
7.307441220472441
11
-3.8577905905511809
21
7.3053124015748025
0
LINE
8
BLACK
6
CONTINUOUS
10
-3.8577905905511809
20
7.3053124015748025
11
-3.8577905905511809
21
7.3030081496062991
0
LINE
8
BLACK
6
CONTINUOUS
10
-3.8577905905511809
20
7.3030081496062991
11
-3.8586724015748031
21
7.3008793307086615
0
LINE
8
BLACK
6
CONTINUOUS
10
-3.8586724015748031
20
7.3008793307086615
11
-3.8603016929133855
21
7.2992500393700785
0
LINE
8
BLACK
6
CONTINUOUS
10
-3.8603016929133855
20
7.2992500393700785
11
-3.8624305118110236
21
7.2983682283464564
0
LINE
8
BLACK
6
CONTINUOUS
10
-3.8624305118110236
20
7.2983682283464564
11
-3.8635826377952753
21
7.2982547637795276
0
LINE
8
BLACK
6
CONTINUOUS
10
-3.8635826377952753
20
7.2982547637795276
11
-3.8973284251968505
21
7.2982547637795276
0
LINE
8
BLACK
6
CONTINUOUS
10
-3.8973284251968505
20
7.2982547637795276
11
-3.8984805511811023
21
7.2983682283464564
0
LINE
8
BLACK
6
CONTINUOUS
10
-3.8984805511811023
20
7.2983682283464564
11
-3.9006093700787399
21
7.2992500393700785
0
LINE
8
BLACK
6
CONTINUOUS
10
-3.9006093700787399
20
7.2992500393700785
11
-3.9022386614173228
21
7.3008793307086615
0
LINE
8
BLACK
6
CONTINUOUS
10
-3.9022386614173228
20
7.3008793307086615
11
-3.903120472440945
21
7.3030081496062991
0
LINE
8
BLACK
6
CONTINUOUS
10
-3.903120472440945
20
7.3030081496062991
11
-3.903120472440945
21
7.3053124015748025
0
LINE
8
BLACK
6
CONTINUOUS
10
-3.903120472440945
20
7.3053124015748025
11
-3.9022386614173228
21
7.307441220472441
0
LINE
8
BLACK
6
CONTINUOUS
10
-3.9022386614173228
20
7.307441220472441
11
-3.9006093700787399
21
7.3090705118110231
0
LINE
8
BLACK
6
CONTINUOUS
10
-3.9006093700787399
20
7.3090705118110231
11
-3.8984805511811023
21
7.3099523228346452
0
LINE
8
BLACK
6
CONTINUOUS
10
-3.8984805511811023
20
7.3099523228346452
11
-3.8973284251968505
21
7.3100657874015749
0
LINE
8
BLACK
6
CONTINUOUS
10
-3.8973284251968505
20
7.3100657874015749
11
-3.8863610629921257
21
7.3100657874015749
0
LINE
8
BLACK
6
CONTINUOUS
10
-3.8863610629921257
20
7.3100657874015749
11
-3.8863610629921257
21
7.3461460629921262
0
LINE
8
BLACK
6
CONTINUOUS
10
-3.8863610629921257
20
7.3461460629921262
11
-3.887528307086614
21
7.3449788188976379
0
LINE
8
BLACK
6
CONTINUOUS
10
-3.887528307086614
20
7.3449788188976379
11
-3.8879811417322836
21
7.3446071653543301
0
LINE
8
BLACK
6
CONTINUOUS
10
-3.8879811417322836
20
7.3446071653543301
11
-3.8880833464566926
21
7.3444893307086616
0
LINE
8
BLACK
6
CONTINUOUS
10
-3.8880833464566926
20
7.3444893307086616
11
-3.8882610629921257
21
7.3443774803149608
0
LINE
8
BLACK
6
CONTINUOUS
10
-3.8882610629921257
20
7.3443774803149608
11
-3.8884232283464568
21
7.3442443700787399
0
LINE
8
BLACK
6
CONTINUOUS
10
-3.8884232283464568
20
7.3442443700787399
11
-3.8885673228346458
21
7.3441846850393695
0
LINE
8
BLACK
6
CONTINUOUS
10
-3.8885673228346458
20
7.3441846850393695
11
-3.8890631102362203
21
7.3438725984251967
0
LINE
8
BLACK
6
CONTINUOUS
10
-3.8890631102362203
20
7.3438725984251967
11
-3.894687401574803
21
7.3410604724409447
0
LINE
8
BLACK
6
CONTINUOUS
10
-3.894687401574803
20
7.3410604724409447
11
-3.8957686614173226
21
7.3406466929133858
0
LINE
8
BLACK
6
CONTINUOUS
10
-3.8957686614173226
20
7.3406466929133858
11
-3.8980670866141733
21
7.3404833858267713
0
LINE
8
BLACK
6
CONTINUOUS
10
-3.8980670866141733
20
7.3404833858267713
11
-3.9002529921259841
21
7.3412120472440945
0
LINE
8
BLACK
6
CONTINUOUS
10
-3.9002529921259841
20
7.3412120472440945
11
-3.9019937401574802
21
7.3427217716535429
0
LINE
8
BLACK
6
CONTINUOUS
10
-3.9019937401574802
20
7.3427217716535429
11
-3.9030242519685037
21
7.3447827559055119
0
LINE
8
BLACK
6
CONTINUOUS
10
-3.9030242519685037
20
7.3447827559055119
11
-3.9031875590551182
21
7.3470811811023617
0
LINE
8
BLACK
6
CONTINUOUS
10
-3.9031875590551182
20
7.3470811811023617
11
-3.902458897637795
21
7.3492670866141729
0
LINE
8
BLACK
6
CONTINUOUS
10
-3.902458897637795
20
7.3492670866141729
11
-3.9009491732283466
21
7.3510078346456691
0
LINE
8
BLACK
6
CONTINUOUS
10
-3.9009491732283466
20
7.3510078346456691
11
-3.8999694488188976
21
7.351624566929134
0
LINE
8
BLACK
6
CONTINUOUS
10
-3.8999694488188976
20
7.351624566929134
11
-3.8952023622047243
21
7.3540080708661417
0
LINE
8
BLACK
6
CONTINUOUS
10
-3.8952023622047243
20
7.3540080708661417
11
-3.890669212598425
21
7.358541220472441
0
LINE
8
BLACK
6
CONTINUOUS
10
-3.890669212598425
20
7.358541220472441
11
-3.8853692125984249
21
7.3664911811023623
0
LINE
8
BLACK
6
CONTINUOUS
10
-3.8853692125984249
20
7.3664911811023623
11
-3.8853666141732282
21
7.3664943307086617
0
LINE
8
BLACK
6
CONTINUOUS
10
-3.8853666141732282
20
7.3664943307086617
11
-3.8853657874015748
21
7.3664963385826772
0
LINE
8
BLACK
6
CONTINUOUS
10
-3.8853657874015748
20
7.3664963385826772
11
-3.8853614173228346
21
7.3665007086614169
0
LINE
8
BLACK
6
CONTINUOUS
10
-3.8853614173228346
20
7.3665007086614169
11
-3.8846357480314961
21
7.3673868897637798
0
LINE
8
BLACK
6
CONTINUOUS
10
-3.8846357480314961
20
7.3673868897637798
11
-3.884149842519685
21
7.3677122834645665
0
LINE
8
BLACK
6
CONTINUOUS
10
-3.884149842519685
20
7.3677122834645665
11
-3.8837364960629919
21
7.3681256299212601
0
LINE
8
BLACK
6
CONTINUOUS
10
-3.8837364960629919
20
7.3681256299212601
11
-3.8832020078740155
21
7.3683470078740152
0
LINE
8
BLACK
6
CONTINUOUS
10
-3.8832020078740155
20
7.3683470078740152
11
-3.8827211811023621
21
7.368669015748031
0
LINE
8
BLACK
6
CONTINUOUS
10
-3.8827211811023621
20
7.368669015748031
11
-3.8821479133858268
21
7.3687836614173223
0
LINE
8
BLACK
6
CONTINUOUS
10
-3.8821479133858268
20
7.3687836614173223
11
-3.8816076771653543
21
7.3690074409448814
0
LINE
8
BLACK
6
CONTINUOUS
10
-3.8816076771653543
20
7.3690074409448814
11
-3.8810290551181104
21
7.3690074409448814
0
LINE
8
BLACK
6
CONTINUOUS
10
-3.8810290551181104
20
7.3690074409448814
11
-3.8804617322834645
21
7.369120905511811
0
LINE
8
BLACK
6
CONTINUOUS
10
-3.8804617322834645
20
7.369120905511811
11
-3.8798881102362204
21
7.3690074409448814
0
LINE
8
BLACK
6
CONTINUOUS
10
-3.8174361811023623
20
7.3690074409448814
11
-3.8172402362204725
21
7.3689262598425191
0
LINE
8
BLACK
6
CONTINUOUS
10
-3.8172402362204725
20
7.3689262598425191
11
-3.8170285039370078
21
7.368911220472441
0
LINE
8
BLACK
6
CONTINUOUS
10
-3.8170285039370078
20
7.368911220472441
11
-3.8159472834645669
21
7.368497440944882
0
LINE
8
BLACK
6
CONTINUOUS
10
-3.8159472834645669
20
7.368497440944882
11
-3.8103229527559055
21
7.3656852755905513
0
LINE
8
BLACK
6
CONTINUOUS
10
-3.8103229527559055
20
7.3656852755905513
11
-3.8098271653543305
21
7.3653731496062989
0
LINE
8
BLACK
6
CONTINUOUS
10
-3.8098271653543305
20
7.3653731496062989
11
-3.8096830708661416
21
7.3653135039370081
0
LINE
8
BLACK
6
CONTINUOUS
10
-3.8096830708661416
20
7.3653135039370081
11
-3.8095209055118109
21
7.3651803543307084
0
LINE
8
BLACK
6
CONTINUOUS
10
-3.8095209055118109
20
7.3651803543307084
11
-3.8093431889763778
21
7.3650685433070864
0
LINE
8
BLACK
6
CONTINUOUS
10
-3.8093431889763778
20
7.3650685433070864
11
-3.8092409842519683
21
7.3649506692913382
0
LINE
8
BLACK
6
CONTINUOUS
10
-3.8092409842519683
20
7.3649506692913382
11
-3.8087881496062992
21
7.3645790551181101
0
LINE
8
BLACK
6
CONTINUOUS
10
-3.8087881496062992
20
7.3645790551181101
11
-3.8059760236220472
21
7.3617669291338581
0
LINE
8
BLACK
6
CONTINUOUS
10
-3.8059760236220472
20
7.3617669291338581
11
-3.8056043700787399
21
7.3613140551181102
0
LINE
8
BLACK
6
CONTINUOUS
10
-3.8056043700787399
20
7.3613140551181102
11
-3.8054865354330709
21
7.361211889763779
0
LINE
8
BLACK
6
CONTINUOUS
10
-3.8054865354330709
20
7.361211889763779
11
-3.8053748031496064
21
7.3610343307086614
0
LINE
8
BLACK
6
CONTINUOUS
10
-3.8053748031496064
20
7.3610343307086614
11
-3.8052415748031496
21
7.3608720472440945
0
LINE
8
BLACK
6
CONTINUOUS
10
-3.8052415748031496
20
7.3608720472440945
11
-3.8051818897637792
21
7.3607278346456688
0
LINE
8
BLACK
6
CONTINUOUS
10
-3.8051818897637792
20
7.3607278346456688
11
-3.8048698031496064
21
7.3602321259842514
0
LINE
8
BLACK
6
CONTINUOUS
10
-3.8048698031496064
20
7.3602321259842514
11
-3.8020576377952757
21
7.3546078740157474
0
LINE
8
BLACK
6
CONTINUOUS
10
-3.8020576377952757
20
7.3546078740157474
11
-3.8016438976377951
21
7.3535266141732283
0
LINE
8
BLACK
6
CONTINUOUS
10
-3.8016438976377951
20
7.3535266141732283
11
-3.8016288976377952
21
7.3533150000000003
0
LINE
8
BLACK
6
CONTINUOUS
10
-3.8016288976377952
20
7.3533150000000003
11
-3.8015476377952755
21
7.3531189370078742
0
LINE
8
BLACK
6
CONTINUOUS
10
-3.8015476377952755
20
7.3531189370078742
11
-3.8014341732283463
21
7.3519668110236216
0
LINE
8
BLACK
6
CONTINUOUS
10
-3.8014341732283463
20
7.3519668110236216
11
-3.8014341732283463
21
7.3491546456692909
0
LINE
8
BLACK
6
CONTINUOUS
10
-3.8014341732283463
20
7.3491546456692909
11
-3.8015476377952755
21
7.3480025196850391
0
LINE
8
BLACK
6
CONTINUOUS
10
-3.8015476377952755
20
7.3480025196850391
11
-3.8016288976377952
21
7.3478064173228343
0
LINE
8
BLACK
6
CONTINUOUS
10
-3.8016288976377952
20
7.3478064173228343
11
-3.8016438976377951
21
7.3475948425196851
0
LINE
8
BLACK
6
CONTINUOUS
10
-3.8016438976377951
20
7.3475948425196851
11
-3.8020576377952757
21
7.346513582677165
0
LINE
8
BLACK
6
CONTINUOUS
10
-3.8020576377952757
20
7.346513582677165
11
-3.8048698031496064
21
7.3408893307086611
0
LINE
8
BLACK
6
CONTINUOUS
10
-3.8048698031496064
20
7.3408893307086611
11
-3.805181929133858
21
7.3403935039370074
0
LINE
8
BLACK
6
CONTINUOUS
10
-3.805181929133858
20
7.3403935039370074
11
-3.8052415748031496
21
7.3402494488188976
0
LINE
8
BLACK
6
CONTINUOUS
10
-3.8052415748031496
20
7.3402494488188976
11
-3.8053747244094489
21
7.3400872047244095
0
LINE
8
BLACK
6
CONTINUOUS
10
-3.8053747244094489
20
7.3400872047244095
11
-3.8054865354330709
21
7.3399095669291334
0
LINE
8
BLACK
6
CONTINUOUS
10
-3.8054865354330709
20
7.3399095669291334
11
-3.8056044094488186
21
7.3398073228346457
0
LINE
8
BLACK
6
CONTINUOUS
10
-3.8056044094488186
20
7.3398073228346457
11
-3.8059759842519685
21
7.339354566929134
0
LINE
8
BLACK
6
CONTINUOUS
10
-3.8059759842519685
20
7.339354566929134
11
-3.8074244881889765
21
7.3379060236220468
0
LINE
8
BLACK
6
CONTINUOUS
10
-3.8074244881889765
20
7.3379060236220468
11
-3.8059760236220472
21
7.3364575984251967
0
LINE
8
BLACK
6
CONTINUOUS
10
-3.8059760236220472
20
7.3364575984251967
11
-3.8056043700787399
21
7.3360047244094488
0
LINE
8
BLACK
6
CONTINUOUS
10
-3.8056043700787399
20
7.3360047244094488
11
-3.8054865354330709
21
7.3359025590551177
0
LINE
8
BLACK
6
CONTINUOUS
10
-3.8054865354330709
20
7.3359025590551177
11
-3.8053748031496064
21
7.3357250000000001
0
LINE
8
BLACK
6
CONTINUOUS
10
-3.8053748031496064
20
7.3357250000000001
11
-3.8052415748031496
21
7.3355627165354331
0
LINE
8
BLACK
6
CONTINUOUS
10
-3.8052415748031496
20
7.3355627165354331
11
-3.8051818897637792
21
7.3354185039370075
0
LINE
8
BLACK
6
CONTINUOUS
10
-3.8051818897637792
20
7.3354185039370075
11
-3.8048698031496064
21
7.33492279527559
0
LINE
8
BLACK
6
CONTINUOUS
10
-3.8048698031496064
20
7.33492279527559
11
-3.8020576377952757
21
7.3292985433070861
0
LINE
8
BLACK
6
CONTINUOUS
10
-3.8020576377952757
20
7.3292985433070861
11
-3.8016438976377951
21
7.3282172834645669
0
LINE
8
BLACK
6
CONTINUOUS
10
-3.8016438976377951
20
7.3282172834645669
11
-3.8016288976377952
21
7.328005669291338
0
LINE
8
BLACK
6
CONTINUOUS
10
-3.8016288976377952
20
7.328005669291338
11
-3.8015476377952755
21
7.3278096062992129
0
LINE
8
BLACK
6
CONTINUOUS
10
-3.8015476377952755
20
7.3278096062992129
11
-3.8014341732283463
21
7.3266574803149602
0
LINE
8
BLACK
6
CONTINUOUS
10
-3.8014341732283463
20
7.3266574803149602
11
-3.8014341732283463
21
7.3154088582677161
0
LINE
8
BLACK
6
CONTINUOUS
10
-3.8014341732283463
20
7.3154088582677161
11
-3.8015476377952755
21
7.3142567322834644
0
LINE
8
BLACK
6
CONTINUOUS
10
-3.8015476377952755
20
7.3142567322834644
11
-3.8016288976377952
21
7.3140606299212596
0
LINE
8
BLACK
6
CONTINUOUS
10
-3.8016288976377952
20
7.3140606299212596
11
-3.8016438976377951
21
7.3138490551181103
0
LINE
8
BLACK
6
CONTINUOUS
10
-3.8016438976377951
20
7.3138490551181103
11
-3.8020576377952757
21
7.3127677952755903
0
LINE
8
BLACK
6
CONTINUOUS
10
-3.8020576377952757
20
7.3127677952755903
11
-3.8048698031496064
21
7.3071435433070864
0
LINE
8
BLACK
6
CONTINUOUS
10
-3.8048698031496064
20
7.3071435433070864
11
-3.8051818897637792
21
7.3066477952755902
0
LINE
8
BLACK
6
CONTINUOUS
10
-3.8051818897637792
20
7.3066477952755902
11
-3.8052415748031496
21
7.3065036220472441
0
LINE
8
BLACK
6
CONTINUOUS
10
-3.8052415748031496
20
7.3065036220472441
11
-3.8053748031496064
21
7.3063412992125985
0
LINE
8
BLACK
6
CONTINUOUS
10
-3.8053748031496064
20
7.3063412992125985
11
-3.8054865354330709
21
7.3061637795275587
0
LINE
8
BLACK
6
CONTINUOUS
10
-3.8054865354330709
20
7.3061637795275587
11
-3.8056043700787399
21
7.3060615748031497
0
LINE
8
BLACK
6
CONTINUOUS
10
-3.8056043700787399
20
7.3060615748031497
11
-3.8059760236220472
21
7.3056087401574805
0
LINE
8
BLACK
6
CONTINUOUS
10
-3.8059760236220472
20
7.3056087401574805
11
-3.8087881496062992
21
7.3027966141732286
0
LINE
8
BLACK
6
CONTINUOUS
10
-3.8087881496062992
20
7.3027966141732286
11
-3.8092409842519683
21
7.3024249606299207
0
LINE
8
BLACK
6
CONTINUOUS
10
-3.8092409842519683
20
7.3024249606299207
11
-3.8093431889763778
21
7.3023071259842522
0
LINE
8
BLACK
6
CONTINUOUS
10
-3.8093431889763778
20
7.3023071259842522
11
-3.8095209055118109
21
7.3021952755905506
0
LINE
8
BLACK
6
CONTINUOUS
10
-3.8095209055118109
20
7.3021952755905506
11
-3.8096830708661416
21
7.3020621653543305
0
LINE
8
BLACK
6
CONTINUOUS
10
-3.8096830708661416
20
7.3020621653543305
11
-3.8098271653543305
21
7.3020024803149601
0
LINE
8
BLACK
6
CONTINUOUS
10
-3.8098271653543305
20
7.3020024803149601
11
-3.8103229527559055
21
7.3016903937007873
0
LINE
8
BLACK
6
CONTINUOUS
10
-3.8103229527559055
20
7.3016903937007873
11
-3.8159472834645669
21
7.2988782283464566
0
LINE
8
BLACK
6
CONTINUOUS
10
-3.8159472834645669
20
7.2988782283464566
11
-3.8170285039370078
21
7.2984644488188977
0
LINE
8
BLACK
6
CONTINUOUS
10
-3.8170285039370078
20
7.2984644488188977
11
-3.8172402362204725
21
7.2984493700787398
0
LINE
8
BLACK
6
CONTINUOUS
10
-3.8172402362204725
20
7.2984493700787398
11
-3.8174361811023623
21
7.2983682283464564
0
LINE
8
BLACK
6
CONTINUOUS
10
-3.8174361811023623
20
7.2983682283464564
11
-3.818588307086614
21
7.2982547637795276
0
LINE
8
BLACK
6
CONTINUOUS
10
-3.818588307086614
20
7.2982547637795276
11
-3.8298368897637793
21
7.2982547637795276
0
LINE
8
BLACK
6
CONTINUOUS
10
-3.8298368897637793
20
7.2982547637795276
11
-3.8309890157480315
21
7.2983682283464564
0
LINE
8
BLACK
6
CONTINUOUS
10
-3.8309890157480315
20
7.2983682283464564
11
-3.8311851181102363
21
7.2984494488188973
0
LINE
8
BLACK
6
CONTINUOUS
10
-3.8311851181102363
20
7.2984494488188973
11
-3.8313966929133856
21
7.2984644881889764
0
LINE
8
BLACK
6
CONTINUOUS
10
-3.8313966929133856
20
7.2984644881889764
11
-3.8324779527559056
21
7.2988782283464566
0
LINE
8
BLACK
6
CONTINUOUS
10
-3.8324779527559056
20
7.2988782283464566
11
-3.8381022047244095
21
7.3016903937007873
0
LINE
8
BLACK
6
CONTINUOUS
10
-3.8381022047244095
20
7.3016903937007873
11
-3.8385980314960628
21
7.3020024803149601
0
LINE
8
BLACK
6
CONTINUOUS
10
-3.8385980314960628
20
7.3020024803149601
11
-3.838742086614173
21
7.3020621653543305
0
LINE
8
BLACK
6
CONTINUOUS
10
-3.838742086614173
20
7.3020621653543305
11
-3.8389043307086612
21
7.3021952755905506
0
LINE
8
BLACK
6
CONTINUOUS
10
-3.8389043307086612
20
7.3021952755905506
11
-3.8390819685039368
21
7.3023071259842522
0
LINE
8
BLACK
6
CONTINUOUS
10
-3.8390819685039368
20
7.3023071259842522
11
-3.839184212598425
21
7.3024249606299207
0
LINE
8
BLACK
6
CONTINUOUS
10
-3.839184212598425
20
7.3024249606299207
11
-3.8396369685039371
21
7.3027965748031498
0
LINE
8
BLACK
6
CONTINUOUS
10
-3.8396369685039371
20
7.3027965748031498
11
-3.8424491338582678
21
7.3056087007874018
0
LINE
8
BLACK
6
CONTINUOUS
10
-3.8424491338582678
20
7.3056087007874018
11
-3.8428207874015747
21
7.3060615354330709
0
LINE
8
BLACK
6
CONTINUOUS
10
-3.8428207874015747
20
7.3060615354330709
11
-3.8429386614173229
21
7.3061637795275587
0
LINE
8
BLACK
6
CONTINUOUS
10
-3.8429386614173229
20
7.3061637795275587
11
-3.8430505511811024
21
7.3063414960629922
0
LINE
8
BLACK
6
CONTINUOUS
10
-3.8430505511811024
20
7.3063414960629922
11
-3.8431835826771654
21
7.3065036220472441
0
LINE
8
BLACK
6
CONTINUOUS
10
-3.8431835826771654
20
7.3065036220472441
11
-3.8432432677165353
21
7.3066476377952752
0
LINE
8
BLACK
6
CONTINUOUS
10
-3.8432432677165353
20
7.3066476377952752
11
-3.8435553937007874
21
7.3071435433070864
0
LINE
8
BLACK
6
CONTINUOUS
10
-3.8435553937007874
20
7.3071435433070864
11
-3.8463675196850393
21
7.312767834645669
0
LINE
8
BLACK
6
CONTINUOUS
10
-3.8463675196850393
20
7.312767834645669
11
-3.8467812992125983
21
7.3138490944881891
0
LINE
8
BLACK
6
CONTINUOUS
10
-3.8467812992125983
20
7.3138490944881891
11
-3.8467963385826769
21
7.3140607086614171
0
LINE
8
BLACK
6
CONTINUOUS
10
-3.8467963385826769
20
7.3140607086614171
11
-3.8468775196850391
21
7.3142567322834644
0
LINE
8
BLACK
6
CONTINUOUS
10
-3.8468775196850391
20
7.3142567322834644
11
-3.8469909842519683
21
7.3154088582677161
0
LINE
8
BLACK
6
CONTINUOUS
10
-3.8469909842519683
20
7.3154088582677161
11
-3.8469909842519683
21
7.3266574803149602
0
LINE
8
BLACK
6
CONTINUOUS
10
-3.8469909842519683
20
7.3266574803149602
11
-3.8468775196850391
21
7.3278096062992129
0
LINE
8
BLACK
6
CONTINUOUS
10
-3.8468775196850391
20
7.3278096062992129
11
-3.8467963385826769
21
7.3280055905511805
0
LINE
8
BLACK
6
CONTINUOUS
10
-3.8467963385826769
20
7.3280055905511805
11
-3.8467812992125983
21
7.3282172440944882
0
LINE
8
BLACK
6
CONTINUOUS
10
-3.8467812992125983
20
7.3282172440944882
11
-3.8463675196850393
21
7.3292985039370073
0
LINE
8
BLACK
6
CONTINUOUS
10
-3.8463675196850393
20
7.3292985039370073
11
-3.8435553937007874
21
7.33492279527559
0
LINE
8
BLACK
6
CONTINUOUS
10
-3.8435553937007874
20
7.33492279527559
11
-3.8432432677165353
21
7.3354186614173225
0
LINE
8
BLACK
6
CONTINUOUS
10
-3.8432432677165353
20
7.3354186614173225
11
-3.8431835826771654
21
7.3355627165354331
0
LINE
8
BLACK
6
CONTINUOUS
10
-3.8431835826771654
20
7.3355627165354331
11
-3.8430505511811024
21
7.3357248031496063
0
LINE
8
BLACK
6
CONTINUOUS
10
-3.8430505511811024
20
7.3357248031496063
11
-3.8429386614173229
21
7.3359025590551177
0
LINE
8
BLACK
6
CONTINUOUS
10
-3.8429386614173229
20
7.3359025590551177
11
-3.8428207874015747
21
7.3360047637795276
0
LINE
8
BLACK
6
CONTINUOUS
10
-3.8428207874015747
20
7.3360047637795276
11
-3.8424491338582678
21
7.3364576377952755
0
LINE
8
BLACK
6
CONTINUOUS
10
-3.8424491338582678
20
7.3364576377952755
11
-3.8410007086614173
21
7.3379060236220468
0
LINE
8
BLACK
6
CONTINUOUS
10
-3.8410007086614173
20
7.3379060236220468
11
-3.8424491732283466
21
7.3393545275590553
0
LINE
8
BLACK
6
CONTINUOUS
10
-3.8424491732283466
20
7.3393545275590553
11
-3.8428208267716535
21
7.3398073228346457
0
LINE
8
BLACK
6
CONTINUOUS
10
-3.8428208267716535
20
7.3398073228346457
11
-3.8429386614173229
21
7.3399095669291334
0
LINE
8
BLACK
6
CONTINUOUS
10
-3.8429386614173229
20
7.3399095669291334
11
-3.8430505118110236
21
7.3400872440944882
0
LINE
8
BLACK
6
CONTINUOUS
10
-3.8430505118110236
20
7.3400872440944882
11
-3.8431836220472442
21
7.3402494488188976
0
LINE
8
BLACK
6
CONTINUOUS
10
-3.8431836220472442
20
7.3402494488188976
11
-3.8432433070866141
21
7.3403935039370074
0
LINE
8
BLACK
6
CONTINUOUS
10
-3.8432433070866141
20
7.3403935039370074
11
-3.8435553937007874
21
7.3408893307086611
0
LINE
8
BLACK
6
CONTINUOUS
10
-3.8435553937007874
20
7.3408893307086611
11
-3.8463675196850393
21
7.3465136220472438
0
LINE
8
BLACK
6
CONTINUOUS
10
-3.8463675196850393
20
7.3465136220472438
11
-3.8467812992125983
21
7.3475948818897638
0
LINE
8
BLACK
6
CONTINUOUS
10
-3.8467812992125983
20
7.3475948818897638
11
-3.8467963385826769
21
7.3478064960629919
0
LINE
8
BLACK
6
CONTINUOUS
10
-3.8467963385826769
20
7.3478064960629919
11
-3.8468775196850391
21
7.3480025196850391
0
LINE
8
BLACK
6
CONTINUOUS
10
-3.8468775196850391
20
7.3480025196850391
11
-3.8469909842519683
21
7.3491546456692909
0
LINE
8
BLACK
6
CONTINUOUS
10
-3.8469909842519683
20
7.3491546456692909
11
-3.8469909842519683
21
7.3519668110236216
0
LINE
8
BLACK
6
CONTINUOUS
10
-3.8469909842519683
20
7.3519668110236216
11
-3.8468775196850391
21
7.3531189370078742
0
LINE
8
BLACK
6
CONTINUOUS
10
-3.8468775196850391
20
7.3531189370078742
11
-3.8467963385826769
21
7.3533149212598428
0
LINE
8
BLACK
6
CONTINUOUS
10
-3.8467963385826769
20
7.3533149212598428
11
-3.8467812992125983
21
7.3535265748031495
0
LINE
8
BLACK
6
CONTINUOUS
10
-3.8467812992125983
20
7.3535265748031495
11
-3.8463675196850393
21
7.3546078346456687
0
LINE
8
BLACK
6
CONTINUOUS
10
-3.8463675196850393
20
7.3546078346456687
11
-3.8435553937007874
21
7.3602321259842514
0
LINE
8
BLACK
6
CONTINUOUS
10
-3.8435553937007874
20
7.3602321259842514
11
-3.8432432677165353
21
7.3607279921259838
0
LINE
8
BLACK
6
CONTINUOUS
10
-3.8432432677165353
20
7.3607279921259838
11
-3.8431835826771654
21
7.3608720472440945
0
LINE
8
BLACK
6
CONTINUOUS
10
-3.8431835826771654
20
7.3608720472440945
11
-3.8430505511811024
21
7.3610341338582677
0
LINE
8
BLACK
6
CONTINUOUS
10
-3.8430505511811024
20
7.3610341338582677
11
-3.8429386614173229
21
7.361211889763779
0
LINE
8
BLACK
6
CONTINUOUS
10
-3.8429386614173229
20
7.361211889763779
11
-3.8428207874015747
21
7.361314094488189
0
LINE
8
BLACK
6
CONTINUOUS
10
-3.8428207874015747
20
7.361314094488189
11
-3.8424491338582678
21
7.3617669685039369
0
LINE
8
BLACK
6
CONTINUOUS
10
-3.8424491338582678
20
7.3617669685039369
11
-3.8396369685039371
21
7.3645790944881888
0
LINE
8
BLACK
6
CONTINUOUS
10
-3.8396369685039371
20
7.3645790944881888
11
-3.839184212598425
21
7.3649506692913382
0
LINE
8
BLACK
6
CONTINUOUS
10
-3.839184212598425
20
7.3649506692913382
11
-3.8390819685039368
21
7.3650685433070864
0
LINE
8
BLACK
6
CONTINUOUS
10
-3.8390819685039368
20
7.3650685433070864
11
-3.8389043307086612
21
7.3651803543307084
0
LINE
8
BLACK
6
CONTINUOUS
10
-3.8389043307086612
20
7.3651803543307084
11
-3.838742086614173
21
7.3653135039370081
0
LINE
8
BLACK
6
CONTINUOUS
10
-3.838742086614173
20
7.3653135039370081
11
-3.8385980314960628
21
7.3653731496062989
0
LINE
8
BLACK
6
CONTINUOUS
10
-3.8385980314960628
20
7.3653731496062989
11
-3.8381022047244095
21
7.3656852755905513
0
LINE
8
BLACK
6
CONTINUOUS
10
-3.8381022047244095
20
7.3656852755905513
11
-3.8324779527559056
21
7.368497440944882
0
LINE
8
BLACK
6
CONTINUOUS
10
-3.8324779527559056
20
7.368497440944882
11
-3.8313966929133856
21
7.3689111811023622
0
LINE
8
BLACK
6
CONTINUOUS
10
-3.8313966929133856
20
7.3689111811023622
11
-3.8311851181102363
21
7.3689261811023616
0
LINE
8
BLACK
6
CONTINUOUS
10
-3.8311851181102363
20
7.3689261811023616
11
-3.8309890157480315
21
7.3690074409448814
0
LINE
8
BLACK
6
CONTINUOUS
10
-3.8309890157480315
20
7.3690074409448814
11
-3.8298368897637793
21
7.369120905511811
0
LINE
8
BLACK
6
CONTINUOUS
10
-3.8298368897637793
20
7.369120905511811
11
-3.818588307086614
21
7.369120905511811
0
LINE
8
BLACK
6
CONTINUOUS
10
-3.818588307086614
20
7.369120905511811
11
-3.8174361811023623
21
7.3690074409448814
0
LINE
8
BLACK
6
CONTINUOUS
10
-3.8319630314960631
20
7.3302403937007874
11
-3.8334199212598423
21
7.3287835039370073
0
LINE
8
BLACK
6
CONTINUOUS
10
-3.8334199212598423
20
7.3287835039370073
11
-3.8351799606299211
21
7.3252633858267711
0
LINE
8
BLACK
6
CONTINUOUS
10
-3.8351799606299211
20
7.3252633858267711
11
-3.8351799606299211
21
7.3168029133858266
0
LINE
8
BLACK
6
CONTINUOUS
10
-3.8351799606299211
20
7.3168029133858266
11
-3.8334199212598423
21
7.3132827952755903
0
LINE
8
BLACK
6
CONTINUOUS
10
-3.8334199212598423
20
7.3132827952755903
11
-3.8319630314960631
21
7.3118259055118111
0
LINE
8
BLACK
6
CONTINUOUS
10
-3.8319630314960631
20
7.3118259055118111
11
-3.8284427952755906
21
7.3100657874015749
0
LINE
8
BLACK
6
CONTINUOUS
10
-3.8284427952755906
20
7.3100657874015749
11
-3.8199824015748032
21
7.3100657874015749
0
LINE
8
BLACK
6
CONTINUOUS
10
-3.8199824015748032
20
7.3100657874015749
11
-3.8164621653543307
21
7.3118259055118111
0
LINE
8
BLACK
6
CONTINUOUS
10
-3.8164621653543307
20
7.3118259055118111
11
-3.8150053149606298
21
7.3132827559055116
0
LINE
8
BLACK
6
CONTINUOUS
10
-3.8150053149606298
20
7.3132827559055116
11
-3.8132451968503935
21
7.3168029527559053
0
LINE
8
BLACK
6
CONTINUOUS
10
-3.8132451968503935
20
7.3168029527559053
11
-3.8132451968503935
21
7.3252633464566923
0
LINE
8
BLACK
6
CONTINUOUS
10
-3.8132451968503935
20
7.3252633464566923
11
-3.8150053149606298
21
7.328783543307086
0
LINE
8
BLACK
6
CONTINUOUS
10
-3.8150053149606298
20
7.328783543307086
11
-3.8164621653543307
21
7.3302404330708661
0
LINE
8
BLACK
6
CONTINUOUS
10
-3.8164621653543307
20
7.3302404330708661
11
-3.8199824015748032
21
7.3320005511811024
0
LINE
8
BLACK
6
CONTINUOUS
10
-3.8199824015748032
20
7.3320005511811024
11
-3.8284427952755906
21
7.3320005511811024
0
LINE
8
BLACK
6
CONTINUOUS
10
-3.8284427952755906
20
7.3320005511811024
11
-3.8319630314960631
21
7.3302403937007874
0
LINE
8
BLACK
6
CONTINUOUS
10
-3.8319630314960631
20
7.3555497244094488
11
-3.8334199212598423
21
7.3540928346456695
0
LINE
8
BLACK
6
CONTINUOUS
10
-3.8334199212598423
20
7.3540928346456695
11
-3.8351799606299211
21
7.3505727165354333
0
LINE
8
BLACK
6
CONTINUOUS
10
-3.8351799606299211
20
7.3505727165354333
11
-3.8351799606299211
21
7.3505487007874013
0
LINE
8
BLACK
6
CONTINUOUS
10
-3.8351799606299211
20
7.3505487007874013
11
-3.8334199212598423
21
7.3470285433070863
0
LINE
8
BLACK
6
CONTINUOUS
10
-3.8334199212598423
20
7.3470285433070863
11
-3.8319630314960631
21
7.3455716535433071
0
LINE
8
BLACK
6
CONTINUOUS
10
-3.8319630314960631
20
7.3455716535433071
11
-3.8284427952755906
21
7.3438115748031496
0
LINE
8
BLACK
6
CONTINUOUS
10
-3.8284427952755906
20
7.3438115748031496
11
-3.8199823622047244
21
7.3438115748031496
0
LINE
8
BLACK
6
CONTINUOUS
10
-3.8199823622047244
20
7.3438115748031496
11
-3.8164621653543307
21
7.3455716535433071
0
LINE
8
BLACK
6
CONTINUOUS
10
-3.8164621653543307
20
7.3455716535433071
11
-3.8150053543307085
21
7.3470285039370076
0
LINE
8
BLACK
6
CONTINUOUS
10
-3.8150053543307085
20
7.3470285039370076
11
-3.8132451968503935
21
7.3505487401574801
0
LINE
8
BLACK
6
CONTINUOUS
10
-3.8132451968503935
20
7.3505487401574801
11
-3.8132451968503935
21
7.3505726771653546
0
LINE
8
BLACK
6
CONTINUOUS
10
-3.8132451968503935
20
7.3505726771653546
11
-3.8150053149606298
21
7.3540928740157483
0
LINE
8
BLACK
6
CONTINUOUS
10
-3.8150053149606298
20
7.3540928740157483
11
-3.8164621653543307
21
7.3555497637795275
0
LINE
8
BLACK
6
CONTINUOUS
10
-3.8164621653543307
20
7.3555497637795275
11
-3.8199824015748032
21
7.3573098818897638
0
LINE
8
BLACK
6
CONTINUOUS
10
-3.8199824015748032
20
7.3573098818897638
11
-3.8284427952755906
21
7.3573098818897638
0
LINE
8
BLACK
6
CONTINUOUS
10
-3.8284427952755906
20
7.3573098818897638
11
-3.8319630314960631
21
7.3555497244094488
0
LINE
8
BLACK
6
CONTINUOUS
10
-3.7640053543307084
20
7.3690074409448814
11
-3.7638092913385828
21
7.3689261811023616
0
LINE
8
BLACK
6
CONTINUOUS
10
-3.7638092913385828
20
7.3689261811023616
11
-3.7635976771653543
21
7.3689111811023622
0
LINE
8
BLACK
6
CONTINUOUS
10
-3.7635976771653543
20
7.3689111811023622
11
-3.7625164566929135
21
7.368497440944882
0
LINE
8
BLACK
6
CONTINUOUS
10
-3.7625164566929135
20
7.368497440944882
11
-3.7568921653543308
21
7.3656852755905513
0
LINE
8
BLACK
6
CONTINUOUS
10
-3.7568921653543308
20
7.3656852755905513
11
-3.7563962992125983
21
7.3653731102362201
0
LINE
8
BLACK
6
CONTINUOUS
10
-3.7563962992125983
20
7.3653731102362201
11
-3.7562523228346456
21
7.3653135039370081
0
LINE
8
BLACK
6
CONTINUOUS
10
-3.7562523228346456
20
7.3653135039370081
11
-3.7560902362204724
21
7.3651804330708659
0
LINE
8
BLACK
6
CONTINUOUS
10
-3.7560902362204724
20
7.3651804330708659
11
-3.7559124015748031
21
7.3650685433070864
0
LINE
8
BLACK
6
CONTINUOUS
10
-3.7559124015748031
20
7.3650685433070864
11
-3.7558101574803149
21
7.3649506299212595
0
LINE
8
BLACK
6
CONTINUOUS
10
-3.7558101574803149
20
7.3649506299212595
11
-3.7553574015748032
21
7.3645790944881888
0
LINE
8
BLACK
6
CONTINUOUS
10
-3.7553574015748032
20
7.3645790944881888
11
-3.7525452362204725
21
7.3617669685039369
0
LINE
8
BLACK
6
CONTINUOUS
10
-3.7525452362204725
20
7.3617669685039369
11
-3.7521735039370077
21
7.3613139763779527
0
LINE
8
BLACK
6
CONTINUOUS
10
-3.7521735039370077
20
7.3613139763779527
11
-3.752055708661417
21
7.3612118503937003
0
LINE
8
BLACK
6
CONTINUOUS
10
-3.752055708661417
20
7.3612118503937003
11
-3.7519439370078738
21
7.3610342519685039
0
LINE
8
BLACK
6
CONTINUOUS
10
-3.7519439370078738
20
7.3610342519685039
11
-3.7518107874015749
21
7.3608720472440945
0
LINE
8
BLACK
6
CONTINUOUS
10
-3.7518107874015749
20
7.3608720472440945
11
-3.7517511417322833
21
7.3607279527559051
0
LINE
8
BLACK
6
CONTINUOUS
10
-3.7517511417322833
20
7.3607279527559051
11
-3.7514389763779525
21
7.3602321259842514
0
LINE
8
BLACK
6
CONTINUOUS
10
-3.7514389763779525
20
7.3602321259842514
11
-3.7486268503937006
21
7.3546077952755899
0
LINE
8
BLACK
6
CONTINUOUS
10
-3.7486268503937006
20
7.3546077952755899
11
-3.7485946850393699
21
7.3545236614173231
0
LINE
8
BLACK
6
CONTINUOUS
10
-3.7485946850393699
20
7.3545236614173231
11
-3.7485692125984249
21
7.3544893307086614
0
LINE
8
BLACK
6
CONTINUOUS
10
-3.7485692125984249
20
7.3544893307086614
11
-3.7483965354330708
21
7.3540058661417325
0
LINE
8
BLACK
6
CONTINUOUS
10
-3.7483965354330708
20
7.3540058661417325
11
-3.7482130708661416
21
7.3535265748031495
0
LINE
8
BLACK
6
CONTINUOUS
10
-3.7482130708661416
20
7.3535265748031495
11
-3.7482100787401573
21
7.3534839370078737
0
LINE
8
BLACK
6
CONTINUOUS
10
-3.7482100787401573
20
7.3534839370078737
11
-3.7481797244094488
21
7.3533990944881884
0
LINE
8
BLACK
6
CONTINUOUS
10
-3.7481797244094488
20
7.3533990944881884
11
-3.7453675590551181
21
7.3421505118110231
0
LINE
8
BLACK
6
CONTINUOUS
10
-3.7453675590551181
20
7.3421505118110231
11
-3.7453380314960629
21
7.3419507874015748
0
LINE
8
BLACK
6
CONTINUOUS
10
-3.7453380314960629
20
7.3419507874015748
11
-3.7453046850393701
21
7.3418703149606301
0
LINE
8
BLACK
6
CONTINUOUS
10
-3.7453046850393701
20
7.3418703149606301
11
-3.7452619685039368
21
7.3414364566929136
0
LINE
8
BLACK
6
CONTINUOUS
10
-3.7452619685039368
20
7.3414364566929136
11
-3.7451981889763779
21
7.3410052755905513
0
LINE
8
BLACK
6
CONTINUOUS
10
-3.7451981889763779
20
7.3410052755905513
11
-3.7452110236220473
21
7.3409190944881892
0
LINE
8
BLACK
6
CONTINUOUS
10
-3.7452110236220473
20
7.3409190944881892
11
-3.7451912204724409
21
7.3407181889763775
0
LINE
8
BLACK
6
CONTINUOUS
10
-3.7451912204724409
20
7.3407181889763775
11
-3.7451912204724409
21
7.3266574803149602
0
LINE
8
BLACK
6
CONTINUOUS
10
-3.7451912204724409
20
7.3266574803149602
11
-3.7452110236220473
21
7.3264565354330706
0
LINE
8
BLACK
6
CONTINUOUS
10
-3.7452110236220473
20
7.3264565354330706
11
-3.7451981889763779
21
7.3263703937007874
0
LINE
8
BLACK
6
CONTINUOUS
10
-3.7451981889763779
20
7.3263703937007874
11
-3.7452619685039368
21
7.3259391732283463
0
LINE
8
BLACK
6
CONTINUOUS
10
-3.7452619685039368
20
7.3259391732283463
11
-3.7453046850393701
21
7.3255053543307085
0
LINE
8
BLACK
6
CONTINUOUS
10
-3.7453046850393701
20
7.3255053543307085
11
-3.7453380314960629
21
7.3254248425196851
0
LINE
8
BLACK
6
CONTINUOUS
10
-3.7453380314960629
20
7.3254248425196851
11
-3.7453675590551181
21
7.3252251574803147
0
LINE
8
BLACK
6
CONTINUOUS
10
-3.7453675590551181
20
7.3252251574803147
11
-3.7481797244094488
21
7.3139765748031493
0
LINE
8
BLACK
6
CONTINUOUS
10
-3.7481797244094488
20
7.3139765748031493
11
-3.7482100787401573
21
7.3138916929133853
0
LINE
8
BLACK
6
CONTINUOUS
10
-3.7482100787401573
20
7.3138916929133853
11
-3.7482130708661416
21
7.3138490944881891
0
LINE
8
BLACK
6
CONTINUOUS
10
-3.7482130708661416
20
7.3138490944881891
11
-3.7483965354330708
21
7.3133697637795274
0
LINE
8
BLACK
6
CONTINUOUS
10
-3.7483965354330708
20
7.3133697637795274
11
-3.7485692125984249
21
7.3128863385826772
0
LINE
8
BLACK
6
CONTINUOUS
10
-3.7485692125984249
20
7.3128863385826772
11
-3.7485946850393699
21
7.3128519685039368
0
LINE
8
BLACK
6
CONTINUOUS
10
-3.7485946850393699
20
7.3128519685039368
11
-3.7486268503937006
21
7.3127678740157478
0
LINE
8
BLACK
6
CONTINUOUS
10
-3.7486268503937006
20
7.3127678740157478
11
-3.7514389763779525
21
7.3071435433070864
0
LINE
8
BLACK
6
CONTINUOUS
10
-3.7514389763779525
20
7.3071435433070864
11
-3.7517511417322833
21
7.3066476771653539
0
LINE
8
BLACK
6
CONTINUOUS
10
-3.7517511417322833
20
7.3066476771653539
11
-3.7518107874015749
21
7.3065036220472441
0
LINE
8
BLACK
6
CONTINUOUS
10
-3.7518107874015749
20
7.3065036220472441
11
-3.7519439370078738
21
7.306341377952756
0
LINE
8
BLACK
6
CONTINUOUS
10
-3.7519439370078738
20
7.306341377952756
11
-3.752055708661417
21
7.3061638188976374
0
LINE
8
BLACK
6
CONTINUOUS
10
-3.752055708661417
20
7.3061638188976374
11
-3.7521735039370077
21
7.3060616535433072
0
LINE
8
BLACK
6
CONTINUOUS
10
-3.7521735039370077
20
7.3060616535433072
11
-3.7525452362204725
21
7.3056087007874018
0
LINE
8
BLACK
6
CONTINUOUS
10
-3.7525452362204725
20
7.3056087007874018
11
-3.7553574015748032
21
7.3027965748031498
0
LINE
8
BLACK
6
CONTINUOUS
10
-3.7553574015748032
20
7.3027965748031498
11
-3.7558101574803149
21
7.3024249999999995
0
LINE
8
BLACK
6
CONTINUOUS
10
-3.7558101574803149
20
7.3024249999999995
11
-3.7559124015748031
21
7.3023071259842522
0
LINE
8
BLACK
6
CONTINUOUS
10
-3.7559124015748031
20
7.3023071259842522
11
-3.7560902362204724
21
7.302195196850394
0
LINE
8
BLACK
6
CONTINUOUS
10
-3.7560902362204724
20
7.302195196850394
11
-3.7562523228346456
21
7.3020621653543305
0
LINE
8
BLACK
6
CONTINUOUS
10
-3.7562523228346456
20
7.3020621653543305
11
-3.7563962992125983
21
7.3020025196850389
0
LINE
8
BLACK
6
CONTINUOUS
10
-3.7563962992125983
20
7.3020025196850389
11
-3.7568921653543308
21
7.3016903937007873
0
LINE
8
BLACK
6
CONTINUOUS
10
-3.7568921653543308
20
7.3016903937007873
11
-3.7625164566929135
21
7.2988782283464566
0
LINE
8
BLACK
6
CONTINUOUS
10
-3.7625164566929135
20
7.2988782283464566
11
-3.7635976771653543
21
7.2984644881889764
0
LINE
8
BLACK
6
CONTINUOUS
10
-3.7635976771653543
20
7.2984644881889764
11
-3.7638092913385828
21
7.2984494488188973
0
LINE
8
BLACK
6
CONTINUOUS
10
-3.7638092913385828
20
7.2984494488188973
11
-3.7640053543307084
21
7.2983682283464564
0
LINE
8
BLACK
6
CONTINUOUS
10
-3.7640053543307084
20
7.2983682283464564
11
-3.7651574803149606
21
7.2982547637795276
0
LINE
8
BLACK
6
CONTINUOUS
10
-3.7651574803149606
20
7.2982547637795276
11
-3.7707817716535432
21
7.2982547637795276
0
LINE
8
BLACK
6
CONTINUOUS
10
-3.7707817716535432
20
7.2982547637795276
11
-3.7719338976377954
21
7.2983682283464564
0
LINE
8
BLACK
6
CONTINUOUS
10
-3.7719338976377954
20
7.2983682283464564
11
-3.7721299999999998
21
7.2984494488188973
0
LINE
8
BLACK
6
CONTINUOUS
10
-3.7721299999999998
20
7.2984494488188973
11
-3.7723415748031495
21
7.2984644881889764
0
LINE
8
BLACK
6
CONTINUOUS
10
-3.7723415748031495
20
7.2984644881889764
11
-3.7734228346456691
21
7.2988782283464566
0
LINE
8
BLACK
6
CONTINUOUS
10
-3.7734228346456691
20
7.2988782283464566
11
-3.779047086614173
21
7.3016903937007873
0
LINE
8
BLACK
6
CONTINUOUS
10
-3.779047086614173
20
7.3016903937007873
11
-3.7795429133858267
21
7.3020024803149601
0
LINE
8
BLACK
6
CONTINUOUS
10
-3.7795429133858267
20
7.3020024803149601
11
-3.7796869685039369
21
7.3020621653543305
0
LINE
8
BLACK
6
CONTINUOUS
10
-3.7796869685039369
20
7.3020621653543305
11
-3.7798492125984251
21
7.3021952755905506
0
LINE
8
BLACK
6
CONTINUOUS
10
-3.7798492125984251
20
7.3021952755905506
11
-3.7800268503937007
21
7.3023071259842522
0
LINE
8
BLACK
6
CONTINUOUS
10
-3.7800268503937007
20
7.3023071259842522
11
-3.7801290944881889
21
7.3024249606299207
0
LINE
8
BLACK
6
CONTINUOUS
10
-3.7801290944881889
20
7.3024249606299207
11
-3.7805818503937005
21
7.3027965748031498
0
LINE
8
BLACK
6
CONTINUOUS
10
-3.7805818503937005
20
7.3027965748031498
11
-3.7833940157480312
21
7.3056087007874018
0
LINE
8
BLACK
6
CONTINUOUS
10
-3.7833940157480312
20
7.3056087007874018
11
-3.7837656692913386
21
7.3060615354330709
0
LINE
8
BLACK
6
CONTINUOUS
10
-3.7837656692913386
20
7.3060615354330709
11
-3.7838835433070863
21
7.3061637795275587
0
LINE
8
BLACK
6
CONTINUOUS
10
-3.7838835433070863
20
7.3061637795275587
11
-3.7839954330708663
21
7.3063414960629922
0
LINE
8
BLACK
6
CONTINUOUS
10
-3.7839954330708663
20
7.3063414960629922
11
-3.7841284645669289
21
7.3065036220472441
0
LINE
8
BLACK
6
CONTINUOUS
10
-3.7841284645669289
20
7.3065036220472441
11
-3.7841881496062992
21
7.3066476377952752
0
LINE
8
BLACK
6
CONTINUOUS
10
-3.7841881496062992
20
7.3066476377952752
11
-3.7845002755905512
21
7.3071435433070864
0
LINE
8
BLACK
6
CONTINUOUS
10
-3.7845002755905512
20
7.3071435433070864
11
-3.787312440944882
21
7.312767834645669
0
LINE
8
BLACK
6
CONTINUOUS
10
-3.787312440944882
20
7.312767834645669
11
-3.7873447244094489
21
7.3128520866141731
0
LINE
8
BLACK
6
CONTINUOUS
10
-3.7873447244094489
20
7.3128520866141731
11
-3.7873700787401572
21
7.312886377952756
0
LINE
8
BLACK
6
CONTINUOUS
10
-3.7873700787401572
20
7.312886377952756
11
-3.7875427952755905
21
7.3133697244094487
0
LINE
8
BLACK
6
CONTINUOUS
10
-3.7875427952755905
20
7.3133697244094487
11
-3.7877261811023621
21
7.3138490551181103
0
LINE
8
BLACK
6
CONTINUOUS
10
-3.7877261811023621
20
7.3138490551181103
11
-3.7877292125984252
21
7.313891574803149
0
LINE
8
BLACK
6
CONTINUOUS
10
-3.7877292125984252
20
7.313891574803149
11
-3.7877595669291337
21
7.3139765748031493
0
LINE
8
BLACK
6
CONTINUOUS
10
-3.7877595669291337
20
7.3139765748031493
11
-3.7905716929133857
21
7.3252251968503934
0
LINE
8
BLACK
6
CONTINUOUS
10
-3.7905716929133857
20
7.3252251968503934
11
-3.7906012204724409
21
7.3254248425196851
0
LINE
8
BLACK
6
CONTINUOUS
10
-3.7906012204724409
20
7.3254248425196851
11
-3.7906345669291337
21
7.3255053543307085
0
LINE
8
BLACK
6
CONTINUOUS
10
-3.7906345669291337
20
7.3255053543307085
11
-3.7906773228346458
21
7.3259392913385826
0
LINE
8
BLACK
6
CONTINUOUS
10
-3.7906773228346458
20
7.3259392913385826
11
-3.7907410629921259
21
7.3263704330708661
0
LINE
8
BLACK
6
CONTINUOUS
10
-3.7907410629921259
20
7.3263704330708661
11
-3.7907282677165353
21
7.3264565354330706
0
LINE
8
BLACK
6
CONTINUOUS
10
-3.7907282677165353
20
7.3264565354330706
11
-3.7907480314960629
21
7.3266574803149602
0
LINE
8
BLACK
6
CONTINUOUS
10
-3.7907480314960629
20
7.3266574803149602
11
-3.7907480314960629
21
7.3407181889763775
0
LINE
8
BLACK
6
CONTINUOUS
10
-3.7907480314960629
20
7.3407181889763775
11
-3.7907282677165353
21
7.3409190944881892
0
LINE
8
BLACK
6
CONTINUOUS
10
-3.7907282677165353
20
7.3409190944881892
11
-3.7907410629921259
21
7.3410052362204725
0
LINE
8
BLACK
6
CONTINUOUS
10
-3.7907410629921259
20
7.3410052362204725
11
-3.7906773228346458
21
7.3414363385826773
0
LINE
8
BLACK
6
CONTINUOUS
10
-3.7906773228346458
20
7.3414363385826773
11
-3.7906345669291337
21
7.3418703149606301
0
LINE
8
BLACK
6
CONTINUOUS
10
-3.7906345669291337
20
7.3418703149606301
11
-3.7906012204724409
21
7.3419507874015748
0
LINE
8
BLACK
6
CONTINUOUS
10
-3.7906012204724409
20
7.3419507874015748
11
-3.7905716929133857
21
7.3421504724409443
0
LINE
8
BLACK
6
CONTINUOUS
10
-3.7905716929133857
20
7.3421504724409443
11
-3.7877595669291337
21
7.3533990944881884
0
LINE
8
BLACK
6
CONTINUOUS
10
-3.7877595669291337
20
7.3533990944881884
11
-3.7877292125984252
21
7.35348405511811
0
LINE
8
BLACK
6
CONTINUOUS
10
-3.7877292125984252
20
7.35348405511811
11
-3.7877261811023621
21
7.3535266141732283
0
LINE
8
BLACK
6
CONTINUOUS
10
-3.7877261811023621
20
7.3535266141732283
11
-3.7875427952755905
21
7.3540059055118112
0
LINE
8
BLACK
6
CONTINUOUS
10
-3.7875427952755905
20
7.3540059055118112
11
-3.7873700787401572
21
7.3544892913385826
0
LINE
8
BLACK
6
CONTINUOUS
10
-3.7873700787401572
20
7.3544892913385826
11
-3.7873447244094489
21
7.3545235433070868
0
LINE
8
BLACK
6
CONTINUOUS
10
-3.7873447244094489
20
7.3545235433070868
11
-3.787312440944882
21
7.3546078346456687
0
LINE
8
BLACK
6
CONTINUOUS
10
-3.787312440944882
20
7.3546078346456687
11
-3.7845002755905512
21
7.3602321259842514
0
LINE
8
BLACK
6
CONTINUOUS
10
-3.7845002755905512
20
7.3602321259842514
11
-3.7841881496062992
21
7.3607279921259838
0
LINE
8
BLACK
6
CONTINUOUS
10
-3.7841881496062992
20
7.3607279921259838
11
-3.7841284645669289
21
7.3608720472440945
0
LINE
8
BLACK
6
CONTINUOUS
10
-3.7841284645669289
20
7.3608720472440945
11
-3.7839954330708663
21
7.3610341338582677
0
LINE
8
BLACK
6
CONTINUOUS
10
-3.7839954330708663
20
7.3610341338582677
11
-3.7838835433070863
21
7.361211889763779
0
LINE
8
BLACK
6
CONTINUOUS
10
-3.7838835433070863
20
7.361211889763779
11
-3.7837656692913386
21
7.361314094488189
0
LINE
8
BLACK
6
CONTINUOUS
10
-3.7837656692913386
20
7.361314094488189
11
-3.7833940157480312
21
7.3617669685039369
0
LINE
8
BLACK
6
CONTINUOUS
10
-3.7833940157480312
20
7.3617669685039369
11
-3.7805818503937005
21
7.3645790944881888
0
LINE
8
BLACK
6
CONTINUOUS
10
-3.7805818503937005
20
7.3645790944881888
11
-3.7801290944881889
21
7.3649506692913382
0
LINE
8
BLACK
6
CONTINUOUS
10
-3.7801290944881889
20
7.3649506692913382
11
-3.7800268503937007
21
7.3650685433070864
0
LINE
8
BLACK
6
CONTINUOUS
10
-3.7800268503937007
20
7.3650685433070864
11
-3.7798492125984251
21
7.3651803543307084
0
LINE
8
BLACK
6
CONTINUOUS
10
-3.7798492125984251
20
7.3651803543307084
11
-3.7796869685039369
21
7.3653135039370081
0
LINE
8
BLACK
6
CONTINUOUS
10
-3.7796869685039369
20
7.3653135039370081
11
-3.7795429133858267
21
7.3653731496062989
0
LINE
8
BLACK
6
CONTINUOUS
10
-3.7795429133858267
20
7.3653731496062989
11
-3.779047086614173
21
7.3656852755905513
0
LINE
8
BLACK
6
CONTINUOUS
10
-3.779047086614173
20
7.3656852755905513
11
-3.7734228346456691
21
7.368497440944882
0
LINE
8
BLACK
6
CONTINUOUS
10
-3.7734228346456691
20
7.368497440944882
11
-3.7723415748031495
21
7.3689111811023622
0
LINE
8
BLACK
6
CONTINUOUS
10
-3.7723415748031495
20
7.3689111811023622
11
-3.7721299999999998
21
7.3689261811023616
0
LINE
8
BLACK
6
CONTINUOUS
10
-3.7721299999999998
20
7.3689261811023616
11
-3.7719338976377954
21
7.3690074409448814
0
LINE
8
BLACK
6
CONTINUOUS
10
-3.7719338976377954
20
7.3690074409448814
11
-3.7707817716535432
21
7.369120905511811
0
LINE
8
BLACK
6
CONTINUOUS
10
-3.7707817716535432
20
7.369120905511811
11
-3.7651574803149606
21
7.369120905511811
0
LINE
8
BLACK
6
CONTINUOUS
10
-3.7651574803149606
20
7.369120905511811
11
-3.7640053543307084
21
7.3690074409448814
0
LINE
8
BLACK
6
CONTINUOUS
10
-3.7729079133858265
20
7.3555497244094488
11
-3.7743647637795275
21
7.354092913385827
0
LINE
8
BLACK
6
CONTINUOUS
10
-3.7743647637795275
20
7.354092913385827
11
-3.776458503937008
21
7.3499055118110235
0
LINE
8
BLACK
6
CONTINUOUS
10
-3.776458503937008
20
7.3499055118110235
11
-3.7789370078740157
21
7.3399912598425194
0
LINE
8
BLACK
6
CONTINUOUS
10
-3.7789370078740157
20
7.3399912598425194
11
-3.7789370078740157
21
7.3273843700787396
0
LINE
8
BLACK
6
CONTINUOUS
10
-3.7789370078740157
20
7.3273843700787396
11
-3.776458503937008
21
7.3174701181102364
0
LINE
8
BLACK
6
CONTINUOUS
10
-3.776458503937008
20
7.3174701181102364
11
-3.7743647637795275
21
7.3132827165354328
0
LINE
8
BLACK
6
CONTINUOUS
10
-3.7743647637795275
20
7.3132827165354328
11
-3.7729079133858265
21
7.3118259055118111
0
LINE
8
BLACK
6
CONTINUOUS
10
-3.7729079133858265
20
7.3118259055118111
11
-3.7693876771653541
21
7.3100657874015749
0
LINE
8
BLACK
6
CONTINUOUS
10
-3.7693876771653541
20
7.3100657874015749
11
-3.7665515748031497
21
7.3100657874015749
0
LINE
8
BLACK
6
CONTINUOUS
10
-3.7665515748031497
20
7.3100657874015749
11
-3.7630313385826772
21
7.3118259055118111
0
LINE
8
BLACK
6
CONTINUOUS
10
-3.7630313385826772
20
7.3118259055118111
11
-3.7615744881889763
21
7.3132827559055116
0
LINE
8
BLACK
6
CONTINUOUS
10
-3.7615744881889763
20
7.3132827559055116
11
-3.759480866141732
21
7.3174700787401576
0
LINE
8
BLACK
6
CONTINUOUS
10
-3.759480866141732
20
7.3174700787401576
11
-3.7570022440944881
21
7.3273844094488183
0
LINE
8
BLACK
6
CONTINUOUS
10
-3.7570022440944881
20
7.3273844094488183
11
-3.7570022440944881
21
7.3399912204724407
0
LINE
8
BLACK
6
CONTINUOUS
10
-3.7570022440944881
20
7.3399912204724407
11
-3.759480866141732
21
7.3499055511811022
0
LINE
8
BLACK
6
CONTINUOUS
10
-3.759480866141732
20
7.3499055511811022
11
-3.7615744881889763
21
7.3540928740157483
0
LINE
8
BLACK
6
CONTINUOUS
10
-3.7615744881889763
20
7.3540928740157483
11
-3.7630313385826772
21
7.3555497244094488
0
LINE
8
BLACK
6
CONTINUOUS
10
-3.7630313385826772
20
7.3555497244094488
11
-3.7665515748031497
21
7.3573098818897638
0
LINE
8
BLACK
6
CONTINUOUS
10
-3.7665515748031497
20
7.3573098818897638
11
-3.7693876771653541
21
7.3573098818897638
0
LINE
8
BLACK
6
CONTINUOUS
10
-3.7693876771653541
20
7.3573098818897638
11
-3.7729079133858265
21
7.3555497244094488
0
LINE
8
BLACK
6
CONTINUOUS
10
-3.707762401574803
20
7.3690074409448814
11
-3.7075663385826769
21
7.3689261811023616
0
LINE
8
BLACK
6
CONTINUOUS
10
-3.7075663385826769
20
7.3689261811023616
11
-3.7073547244094489
21
7.3689111811023622
0
LINE
8
BLACK
6
CONTINUOUS
10
-3.7073547244094489
20
7.3689111811023622
11
-3.7062735039370076
21
7.368497440944882
0
LINE
8
BLACK
6
CONTINUOUS
10
-3.7062735039370076
20
7.368497440944882
11
-3.7006492125984249
21
7.3656852755905513
0
LINE
8
BLACK
6
CONTINUOUS
10
-3.7006492125984249
20
7.3656852755905513
11
-3.7001533464566929
21
7.3653731102362201
0
LINE
8
BLACK
6
CONTINUOUS
10
-3.7001533464566929
20
7.3653731102362201
11
-3.7000093700787402
21
7.3653135039370081
0
LINE
8
BLACK
6
CONTINUOUS
10
-3.7000093700787402
20
7.3653135039370081
11
-3.699847283464567
21
7.3651804330708659
0
LINE
8
BLACK
6
CONTINUOUS
10
-3.699847283464567
20
7.3651804330708659
11
-3.6996694488188977
21
7.3650685433070864
0
LINE
8
BLACK
6
CONTINUOUS
10
-3.6996694488188977
20
7.3650685433070864
11
-3.6995672047244095
21
7.3649506299212595
0
LINE
8
BLACK
6
CONTINUOUS
10
-3.6995672047244095
20
7.3649506299212595
11
-3.6991144488188974
21
7.3645790944881888
0
LINE
8
BLACK
6
CONTINUOUS
10
-3.6991144488188974
20
7.3645790944881888
11
-3.6963022834645667
21
7.3617669685039369
0
LINE
8
BLACK
6
CONTINUOUS
10
-3.6963022834645667
20
7.3617669685039369
11
-3.6959305511811023
21
7.3613139763779527
0
LINE
8
BLACK
6
CONTINUOUS
10
-3.6959305511811023
20
7.3613139763779527
11
-3.6958127559055116
21
7.3612118503937003
0
LINE
8
BLACK
6
CONTINUOUS
10
-3.6958127559055116
20
7.3612118503937003
11
-3.6957009842519684
21
7.3610342519685039
0
LINE
8
BLACK
6
CONTINUOUS
10
-3.6957009842519684
20
7.3610342519685039
11
-3.6955678346456691
21
7.3608720472440945
0
LINE
8
BLACK
6
CONTINUOUS
10
-3.6955678346456691
20
7.3608720472440945
11
-3.6955081889763779
21
7.3607279527559051
0
LINE
8
BLACK
6
CONTINUOUS
10
-3.6955081889763779
20
7.3607279527559051
11
-3.6951960236220471
21
7.3602321259842514
0
LINE
8
BLACK
6
CONTINUOUS
10
-3.6951960236220471
20
7.3602321259842514
11
-3.6923838976377952
21
7.3546077952755899
0
LINE
8
BLACK
6
CONTINUOUS
10
-3.6923838976377952
20
7.3546077952755899
11
-3.6923517322834645
21
7.3545236614173231
0
LINE
8
BLACK
6
CONTINUOUS
10
-3.6923517322834645
20
7.3545236614173231
11
-3.6923262598425195
21
7.3544893307086614
0
LINE
8
BLACK
6
CONTINUOUS
10
-3.6923262598425195
20
7.3544893307086614
11
-3.6921535826771654
21
7.3540058661417325
0
LINE
8
BLACK
6
CONTINUOUS
10
-3.6921535826771654
20
7.3540058661417325
11
-3.6919701181102362
21
7.3535265748031495
0
LINE
8
BLACK
6
CONTINUOUS
10
-3.6919701181102362
20
7.3535265748031495
11
-3.6919671259842519
21
7.3534839370078737
0
LINE
8
BLACK
6
CONTINUOUS
10
-3.6919671259842519
20
7.3534839370078737
11
-3.6919367716535434
21
7.3533990944881884
0
LINE
8
BLACK
6
CONTINUOUS
10
-3.6919367716535434
20
7.3533990944881884
11
-3.6891246062992127
21
7.3421505118110231
0
LINE
8
BLACK
6
CONTINUOUS
10
-3.6891246062992127
20
7.3421505118110231
11
-3.6890950787401575
21
7.3419507874015748
0
LINE
8
BLACK
6
CONTINUOUS
10
-3.6890950787401575
20
7.3419507874015748
11
-3.6890617322834647
21
7.3418703149606301
0
LINE
8
BLACK
6
CONTINUOUS
10
-3.6890617322834647
20
7.3418703149606301
11
-3.6890190157480314
21
7.3414364566929136
0
LINE
8
BLACK
6
CONTINUOUS
10
-3.6890190157480314
20
7.3414364566929136
11
-3.6889552362204725
21
7.3410052755905513
0
LINE
8
BLACK
6
CONTINUOUS
10
-3.6889552362204725
20
7.3410052755905513
11
-3.6889680708661419
21
7.3409190944881892
0
LINE
8
BLACK
6
CONTINUOUS
10
-3.6889680708661419
20
7.3409190944881892
11
-3.6889482677165355
21
7.3407181889763775
0
LINE
8
BLACK
6
CONTINUOUS
10
-3.6889482677165355
20
7.3407181889763775
11
-3.6889482677165355
21
7.3266574803149602
0
LINE
8
BLACK
6
CONTINUOUS
10
-3.6889482677165355
20
7.3266574803149602
11
-3.6889680708661419
21
7.3264565354330706
0
LINE
8
BLACK
6
CONTINUOUS
10
-3.6889680708661419
20
7.3264565354330706
11
-3.6889552362204725
21
7.3263703937007874
0
LINE
8
BLACK
6
CONTINUOUS
10
-3.6889552362204725
20
7.3263703937007874
11
-3.6890190157480314
21
7.3259391732283463
0
LINE
8
BLACK
6
CONTINUOUS
10
-3.6890190157480314
20
7.3259391732283463
11
-3.6890617322834647
21
7.3255053543307085
0
LINE
8
BLACK
6
CONTINUOUS
10
-3.6890617322834647
20
7.3255053543307085
11
-3.6890950787401575
21
7.3254248425196851
0
LINE
8
BLACK
6
CONTINUOUS
10
-3.6890950787401575
20
7.3254248425196851
11
-3.6891246062992127
21
7.3252251574803147
0
LINE
8
BLACK
6
CONTINUOUS
10
-3.6891246062992127
20
7.3252251574803147
11
-3.6919367716535434
21
7.3139765748031493
0
LINE
8
BLACK
6
CONTINUOUS
10
-3.6919367716535434
20
7.3139765748031493
11
-3.6919671259842519
21
7.3138916929133853
0
LINE
8
BLACK
6
CONTINUOUS
10
-3.6919671259842519
20
7.3138916929133853
11
-3.6919701181102362
21
7.3138490944881891
0
LINE
8
BLACK
6
CONTINUOUS
10
-3.6919701181102362
20
7.3138490944881891
11
-3.6921535826771654
21
7.3133697637795274
0
LINE
8
BLACK
6
CONTINUOUS
10
-3.6921535826771654
20
7.3133697637795274
11
-3.6923262598425195
21
7.3128863385826772
0
LINE
8
BLACK
6
CONTINUOUS
10
-3.6923262598425195
20
7.3128863385826772
11
-3.6923517322834645
21
7.3128519685039368
0
LINE
8
BLACK
6
CONTINUOUS
10
-3.6923517322834645
20
7.3128519685039368
11
-3.6923838976377952
21
7.3127678740157478
0
LINE
8
BLACK
6
CONTINUOUS
10
-3.6923838976377952
20
7.3127678740157478
11
-3.6951960236220471
21
7.3071435433070864
0
LINE
8
BLACK
6
CONTINUOUS
10
-3.6951960236220471
20
7.3071435433070864
11
-3.6955081889763779
21
7.3066476771653539
0
LINE
8
BLACK
6
CONTINUOUS
10
-3.6955081889763779
20
7.3066476771653539
11
-3.6955678346456691
21
7.3065036220472441
0
LINE
8
BLACK
6
CONTINUOUS
10
-3.6955678346456691
20
7.3065036220472441
11
-3.6957009842519684
21
7.306341377952756
0
LINE
8
BLACK
6
CONTINUOUS
10
-3.6957009842519684
20
7.306341377952756
11
-3.6958127559055116
21
7.3061638188976374
0
LINE
8
BLACK
6
CONTINUOUS
10
-3.6958127559055116
20
7.3061638188976374
11
-3.6959305511811023
21
7.3060616535433072
0
LINE
8
BLACK
6
CONTINUOUS
10
-3.6959305511811023
20
7.3060616535433072
11
-3.6963022834645667
21
7.3056087007874018
0
LINE
8
BLACK
6
CONTINUOUS
10
-3.6963022834645667
20
7.3056087007874018
11
-3.6991144488188974
21
7.3027965748031498
0
LINE
8
BLACK
6
CONTINUOUS
10
-3.6991144488188974
20
7.3027965748031498
11
-3.6995672047244095
21
7.3024249999999995
0
LINE
8
BLACK
6
CONTINUOUS
10
-3.6995672047244095
20
7.3024249999999995
11
-3.6996694488188977
21
7.3023071259842522
0
LINE
8
BLACK
6
CONTINUOUS
10
-3.6996694488188977
20
7.3023071259842522
11
-3.699847283464567
21
7.302195196850394
0
LINE
8
BLACK
6
CONTINUOUS
10
-3.699847283464567
20
7.302195196850394
11
-3.7000093700787402
21
7.3020621653543305
0
LINE
8
BLACK
6
CONTINUOUS
10
-3.7000093700787402
20
7.3020621653543305
11
-3.7001533464566929
21
7.3020025196850389
0
LINE
8
BLACK
6
CONTINUOUS
10
-3.7001533464566929
20
7.3020025196850389
11
-3.7006492125984249
21
7.3016903937007873
0
LINE
8
BLACK
6
CONTINUOUS
10
-3.7006492125984249
20
7.3016903937007873
11
-3.7062735039370076
21
7.2988782283464566
0
LINE
8
BLACK
6
CONTINUOUS
10
-3.7062735039370076
20
7.2988782283464566
11
-3.7073547244094489
21
7.2984644881889764
0
LINE
8
BLACK
6
CONTINUOUS
10
-3.7073547244094489
20
7.2984644881889764
11
-3.7075663385826769
21
7.2984494488188973
0
LINE
8
BLACK
6
CONTINUOUS
10
-3.7075663385826769
20
7.2984494488188973
11
-3.707762401574803
21
7.2983682283464564
0
LINE
8
BLACK
6
CONTINUOUS
10
-3.707762401574803
20
7.2983682283464564
11
-3.7089145275590552
21
7.2982547637795276
0
LINE
8
BLACK
6
CONTINUOUS
10
-3.7089145275590552
20
7.2982547637795276
11
-3.7145388188976378
21
7.2982547637795276
0
LINE
8
BLACK
6
CONTINUOUS
10
-3.7145388188976378
20
7.2982547637795276
11
-3.7156909448818896
21
7.2983682283464564
0
LINE
8
BLACK
6
CONTINUOUS
10
-3.7156909448818896
20
7.2983682283464564
11
-3.7158870472440944
21
7.2984494488188973
0
LINE
8
BLACK
6
CONTINUOUS
10
-3.7158870472440944
20
7.2984494488188973
11
-3.7160986220472441
21
7.2984644881889764
0
LINE
8
BLACK
6
CONTINUOUS
10
-3.7160986220472441
20
7.2984644881889764
11
-3.7171798818897637
21
7.2988782283464566
0
LINE
8
BLACK
6
CONTINUOUS
10
-3.7171798818897637
20
7.2988782283464566
11
-3.7228041338582676
21
7.3016903937007873
0
LINE
8
BLACK
6
CONTINUOUS
10
-3.7228041338582676
20
7.3016903937007873
11
-3.7232999606299213
21
7.3020024803149601
0
LINE
8
BLACK
6
CONTINUOUS
10
-3.7232999606299213
20
7.3020024803149601
11
-3.7234440157480315
21
7.3020621653543305
0
LINE
8
BLACK
6
CONTINUOUS
10
-3.7234440157480315
20
7.3020621653543305
11
-3.7236062598425197
21
7.3021952755905506
0
LINE
8
BLACK
6
CONTINUOUS
10
-3.7236062598425197
20
7.3021952755905506
11
-3.7237838976377953
21
7.3023071259842522
0
LINE
8
BLACK
6
CONTINUOUS
10
-3.7237838976377953
20
7.3023071259842522
11
-3.7238861417322835
21
7.3024249606299207
0
LINE
8
BLACK
6
CONTINUOUS
10
-3.7238861417322835
20
7.3024249606299207
11
-3.7243388976377951
21
7.3027965748031498
0
LINE
8
BLACK
6
CONTINUOUS
10
-3.7243388976377951
20
7.3027965748031498
11
-3.7271510629921258
21
7.3056087007874018
0
LINE
8
BLACK
6
CONTINUOUS
10
-3.7271510629921258
20
7.3056087007874018
11
-3.7275227165354328
21
7.3060615354330709
0
LINE
8
BLACK
6
CONTINUOUS
10
-3.7275227165354328
20
7.3060615354330709
11
-3.7276405905511809
21
7.3061637795275587
0
LINE
8
BLACK
6
CONTINUOUS
10
-3.7276405905511809
20
7.3061637795275587
11
-3.7277524803149604
21
7.3063414960629922
0
LINE
8
BLACK
6
CONTINUOUS
10
-3.7277524803149604
20
7.3063414960629922
11
-3.7278855118110235
21
7.3065036220472441
0
LINE
8
BLACK
6
CONTINUOUS
10
-3.7278855118110235
20
7.3065036220472441
11
-3.7279451968503938
21
7.3066476377952752
0
LINE
8
BLACK
6
CONTINUOUS
10
-3.7279451968503938
20
7.3066476377952752
11
-3.7282573228346454
21
7.3071435433070864
0
LINE
8
BLACK
6
CONTINUOUS
10
-3.7282573228346454
20
7.3071435433070864
11
-3.7310694881889761
21
7.312767834645669
0
LINE
8
BLACK
6
CONTINUOUS
10
-3.7310694881889761
20
7.312767834645669
11
-3.7311017716535431
21
7.3128520866141731
0
LINE
8
BLACK
6
CONTINUOUS
10
-3.7311017716535431
20
7.3128520866141731
11
-3.7311271259842518
21
7.312886377952756
0
LINE
8
BLACK
6
CONTINUOUS
10
-3.7311271259842518
20
7.312886377952756
11
-3.7312998425196851
21
7.3133697244094487
0
LINE
8
BLACK
6
CONTINUOUS
10
-3.7312998425196851
20
7.3133697244094487
11
-3.7314832283464567
21
7.3138490551181103
0
LINE
8
BLACK
6
CONTINUOUS
10
-3.7314832283464567
20
7.3138490551181103
11
-3.7314862598425198
21
7.313891574803149
0
LINE
8
BLACK
6
CONTINUOUS
10
-3.7314862598425198
20
7.313891574803149
11
-3.7315166141732283
21
7.3139765748031493
0
LINE
8
BLACK
6
CONTINUOUS
10
-3.7315166141732283
20
7.3139765748031493
11
-3.7343287401574803
21
7.3252251968503934
0
LINE
8
BLACK
6
CONTINUOUS
10
-3.7343287401574803
20
7.3252251968503934
11
-3.7343582677165355
21
7.3254248425196851
0
LINE
8
BLACK
6
CONTINUOUS
10
-3.7343582677165355
20
7.3254248425196851
11
-3.7343916141732283
21
7.3255053543307085
0
LINE
8
BLACK
6
CONTINUOUS
10
-3.7343916141732283
20
7.3255053543307085
11
-3.7344343700787399
21
7.3259392913385826
0
LINE
8
BLACK
6
CONTINUOUS
10
-3.7344343700787399
20
7.3259392913385826
11
-3.7344981102362205
21
7.3263704330708661
0
LINE
8
BLACK
6
CONTINUOUS
10
-3.7344981102362205
20
7.3263704330708661
11
-3.7344853149606299
21
7.3264565354330706
0
LINE
8
BLACK
6
CONTINUOUS
10
-3.7344853149606299
20
7.3264565354330706
11
-3.7345050787401575
21
7.3266574803149602
0
LINE
8
BLACK
6
CONTINUOUS
10
-3.7345050787401575
20
7.3266574803149602
11
-3.7345050787401575
21
7.3407181889763775
0
LINE
8
BLACK
6
CONTINUOUS
10
-3.7345050787401575
20
7.3407181889763775
11
-3.7344853149606299
21
7.3409190944881892
0
LINE
8
BLACK
6
CONTINUOUS
10
-3.7344853149606299
20
7.3409190944881892
11
-3.7344981102362205
21
7.3410052362204725
0
LINE
8
BLACK
6
CONTINUOUS
10
-3.7344981102362205
20
7.3410052362204725
11
-3.7344343700787399
21
7.3414363385826773
0
LINE
8
BLACK
6
CONTINUOUS
10
-3.7344343700787399
20
7.3414363385826773
11
-3.7343916141732283
21
7.3418703149606301
0
LINE
8
BLACK
6
CONTINUOUS
10
-3.7343916141732283
20
7.3418703149606301
11
-3.7343582677165355
21
7.3419507874015748
0
LINE
8
BLACK
6
CONTINUOUS
10
-3.7343582677165355
20
7.3419507874015748
11
-3.7343287401574803
21
7.3421504724409443
0
LINE
8
BLACK
6
CONTINUOUS
10
-3.7343287401574803
20
7.3421504724409443
11
-3.7315166141732283
21
7.3533990944881884
0
LINE
8
BLACK
6
CONTINUOUS
10
-3.7315166141732283
20
7.3533990944881884
11
-3.7314862598425198
21
7.35348405511811
0
LINE
8
BLACK
6
CONTINUOUS
10
-3.7314862598425198
20
7.35348405511811
11
-3.7314832283464567
21
7.3535266141732283
0
LINE
8
BLACK
6
CONTINUOUS
10
-3.7314832283464567
20
7.3535266141732283
11
-3.7312998425196851
21
7.3540059055118112
0
LINE
8
BLACK
6
CONTINUOUS
10
-3.7312998425196851
20
7.3540059055118112
11
-3.7311271259842518
21
7.3544892913385826
0
LINE
8
BLACK
6
CONTINUOUS
10
-3.7311271259842518
20
7.3544892913385826
11
-3.7311017716535431
21
7.3545235433070868
0
LINE
8
BLACK
6
CONTINUOUS
10
-3.7311017716535431
20
7.3545235433070868
11
-3.7310694881889761
21
7.3546078346456687
0
LINE
8
BLACK
6
CONTINUOUS
10
-3.7310694881889761
20
7.3546078346456687
11
-3.7282573228346454
21
7.3602321259842514
0
LINE
8
BLACK
6
CONTINUOUS
10
-3.7282573228346454
20
7.3602321259842514
11
-3.7279451968503938
21
7.3607279921259838
0
LINE
8
BLACK
6
CONTINUOUS
10
-3.7279451968503938
20
7.3607279921259838
11
-3.7278855118110235
21
7.3608720472440945
0
LINE
8
BLACK
6
CONTINUOUS
10
-3.7278855118110235
20
7.3608720472440945
11
-3.7277524803149604
21
7.3610341338582677
0
LINE
8
BLACK
6
CONTINUOUS
10
-3.7277524803149604
20
7.3610341338582677
11
-3.7276405905511809
21
7.361211889763779
0
LINE
8
BLACK
6
CONTINUOUS
10
-3.7276405905511809
20
7.361211889763779
11
-3.7275227165354328
21
7.361314094488189
0
LINE
8
BLACK
6
CONTINUOUS
10
-3.7275227165354328
20
7.361314094488189
11
-3.7271510629921258
21
7.3617669685039369
0
LINE
8
BLACK
6
CONTINUOUS
10
-3.7271510629921258
20
7.3617669685039369
11
-3.7243388976377951
21
7.3645790944881888
0
LINE
8
BLACK
6
CONTINUOUS
10
-3.7243388976377951
20
7.3645790944881888
11
-3.7238861417322835
21
7.3649506692913382
0
LINE
8
BLACK
6
CONTINUOUS
10
-3.7238861417322835
20
7.3649506692913382
11
-3.7237838976377953
21
7.3650685433070864
0
LINE
8
BLACK
6
CONTINUOUS
10
-3.7237838976377953
20
7.3650685433070864
11
-3.7236062598425197
21
7.3651803543307084
0
LINE
8
BLACK
6
CONTINUOUS
10
-3.7236062598425197
20
7.3651803543307084
11
-3.7234440157480315
21
7.3653135039370081
0
LINE
8
BLACK
6
CONTINUOUS
10
-3.7234440157480315
20
7.3653135039370081
11
-3.7232999606299213
21
7.3653731496062989
0
LINE
8
BLACK
6
CONTINUOUS
10
-3.7232999606299213
20
7.3653731496062989
11
-3.7228041338582676
21
7.3656852755905513
0
LINE
8
BLACK
6
CONTINUOUS
10
-3.7228041338582676
20
7.3656852755905513
11
-3.7171798818897637
21
7.368497440944882
0
LINE
8
BLACK
6
CONTINUOUS
10
-3.7171798818897637
20
7.368497440944882
11
-3.7160986220472441
21
7.3689111811023622
0
LINE
8
BLACK
6
CONTINUOUS
10
-3.7160986220472441
20
7.3689111811023622
11
-3.7158870472440944
21
7.3689261811023616
0
LINE
8
BLACK
6
CONTINUOUS
10
-3.7158870472440944
20
7.3689261811023616
11
-3.7156909448818896
21
7.3690074409448814
0
LINE
8
BLACK
6
CONTINUOUS
10
-3.7156909448818896
20
7.3690074409448814
11
-3.7145388188976378
21
7.369120905511811
0
LINE
8
BLACK
6
CONTINUOUS
10
-3.7145388188976378
20
7.369120905511811
11
-3.7089145275590552
21
7.369120905511811
0
LINE
8
BLACK
6
CONTINUOUS
10
-3.7089145275590552
20
7.369120905511811
11
-3.707762401574803
21
7.3690074409448814
0
LINE
8
BLACK
6
CONTINUOUS
10
-3.7166649606299211
20
7.3555497244094488
11
-3.718121811023622
21
7.354092913385827
0
LINE
8
BLACK
6
CONTINUOUS
10
-3.718121811023622
20
7.354092913385827
11
-3.7202155511811021
21
7.3499055118110235
0
LINE
8
BLACK
6
CONTINUOUS
10
-3.7202155511811021
20
7.3499055118110235
11
-3.7226940551181102
21
7.3399912598425194
0
LINE
8
BLACK
6
CONTINUOUS
10
-3.7226940551181102
20
7.3399912598425194
11
-3.7226940551181102
21
7.3273843700787396
0
LINE
8
BLACK
6
CONTINUOUS
10
-3.7226940551181102
20
7.3273843700787396
11
-3.7202155511811021
21
7.3174701181102364
0
LINE
8
BLACK
6
CONTINUOUS
10
-3.7202155511811021
20
7.3174701181102364
11
-3.718121811023622
21
7.3132827165354328
0
LINE
8
BLACK
6
CONTINUOUS
10
-3.718121811023622
20
7.3132827165354328
11
-3.7166649606299211
21
7.3118259055118111
0
LINE
8
BLACK
6
CONTINUOUS
10
-3.7166649606299211
20
7.3118259055118111
11
-3.7131447244094486
21
7.3100657874015749
0
LINE
8
BLACK
6
CONTINUOUS
10
-3.7131447244094486
20
7.3100657874015749
11
-3.7103086220472439
21
7.3100657874015749
0
LINE
8
BLACK
6
CONTINUOUS
10
-3.7103086220472439
20
7.3100657874015749
11
-3.7067883858267714
21
7.3118259055118111
0
LINE
8
BLACK
6
CONTINUOUS
10
-3.7067883858267714
20
7.3118259055118111
11
-3.7053315354330709
21
7.3132827559055116
0
LINE
8
BLACK
6
CONTINUOUS
10
-3.7053315354330709
20
7.3132827559055116
11
-3.7032379133858266
21
7.3174700787401576
0
LINE
8
BLACK
6
CONTINUOUS
10
-3.7032379133858266
20
7.3174700787401576
11
-3.7007592913385827
21
7.3273844094488183
0
LINE
8
BLACK
6
CONTINUOUS
10
-3.7007592913385827
20
7.3273844094488183
11
-3.7007592913385827
21
7.3399912204724407
0
LINE
8
BLACK
6
CONTINUOUS
10
-3.7007592913385827
20
7.3399912204724407
11
-3.7032379133858266
21
7.3499055511811022
0
LINE
8
BLACK
6
CONTINUOUS
10
-3.7032379133858266
20
7.3499055511811022
11
-3.7053315354330709
21
7.3540928740157483
0
LINE
8
BLACK
6
CONTINUOUS
10
-3.7053315354330709
20
7.3540928740157483
11
-3.7067883858267714
21
7.3555497244094488
0
LINE
8
BLACK
6
CONTINUOUS
10
-3.7067883858267714
20
7.3555497244094488
11
-3.7103086220472439
21
7.3573098818897638
0
LINE
8
BLACK
6
CONTINUOUS
10
-3.7103086220472439
20
7.3573098818897638
11
-3.7131447244094486
21
7.3573098818897638
0
LINE
8
BLACK
6
CONTINUOUS
10
-3.7131447244094486
20
7.3573098818897638
11
-3.7166649606299211
21
7.3555497244094488
0
LINE
8
BLACK
6
CONTINUOUS
10
-3.9199803937007873
20
7.3149530708661414
11
-3.9193568897637796
21
7.3146948425196845
0
LINE
8
BLACK
6
CONTINUOUS
10
-3.9193568897637796
20
7.3146948425196845
11
-3.9193567322834646
21
7.3146946456692907
0
LINE
8
BLACK
6
CONTINUOUS
10
-3.9193567322834646
20
7.3146946456692907
11
-3.9184620078740156
21
7.3139604330708661
0
LINE
8
BLACK
6
CONTINUOUS
10
-3.9184620078740156
20
7.3139604330708661
11
-3.9156498425196848
21
7.3111483070866141
0
LINE
8
BLACK
6
CONTINUOUS
10
-3.9156498425196848
20
7.3111483070866141
11
-3.9149153937007872
21
7.3102533858267718
0
LINE
8
BLACK
6
CONTINUOUS
10
-3.9149153937007872
20
7.3102533858267718
11
-3.9149153543307085
21
7.310253346456693
0
LINE
8
BLACK
6
CONTINUOUS
10
-3.9149153543307085
20
7.310253346456693
11
-3.9140335826771651
21
7.3081245275590554
0
LINE
8
BLACK
6
CONTINUOUS
10
-3.9140335826771651
20
7.3081245275590554
11
-3.9140335826771651
21
7.3058203543307085
0
LINE
8
BLACK
6
CONTINUOUS
10
-3.9140335826771651
20
7.3058203543307085
11
-3.9149153543307085
21
7.3036915354330709
0
LINE
8
BLACK
6
CONTINUOUS
10
-3.9149153543307085
20
7.3036915354330709
11
-3.9156498031496061
21
7.3027966141732286
0
LINE
8
BLACK
6
CONTINUOUS
10
-3.9156498031496061
20
7.3027966141732286
11
-3.9184619685039368
21
7.2999844488188979
0
LINE
8
BLACK
6
CONTINUOUS
10
-3.9184619685039368
20
7.2999844488188979
11
-3.9193568897637796
21
7.2992499999999998
0
LINE
8
BLACK
6
CONTINUOUS
10
-3.9193568897637796
20
7.2992499999999998
11
-3.9202544488188975
21
7.2988782283464566
0
LINE
8
BLACK
6
CONTINUOUS
10
-3.9202544488188975
20
7.2988782283464566
11
-3.9214856692913385
21
7.2983682283464564
0
LINE
8
BLACK
6
CONTINUOUS
10
-3.9214856692913385
20
7.2983682283464564
11
-3.9214857086614172
21
7.2983682283464564
0
LINE
8
BLACK
6
CONTINUOUS
10
-3.9214857086614172
20
7.2983682283464564
11
-3.921485748031496
21
7.2983682283464564
0
LINE
8
BLACK
6
CONTINUOUS
10
-3.921485748031496
20
7.2983682283464564
11
-3.9237898818897636
21
7.2983682283464564
0
LINE
8
BLACK
6
CONTINUOUS
10
-3.9237898818897636
20
7.2983682283464564
11
-3.9237899212598424
21
7.2983682283464564
0
LINE
8
BLACK
6
CONTINUOUS
10
-3.9237899212598424
20
7.2983682283464564
11
-3.9250211417322833
21
7.2988782283464566
0
LINE
8
BLACK
6
CONTINUOUS
10
-3.9250211417322833
20
7.2988782283464566
11
-3.9259187007874017
21
7.2992499999999998
0
LINE
8
BLACK
6
CONTINUOUS
10
-3.9259187007874017
20
7.2992499999999998
11
-3.9259187401574804
21
7.2992500393700785
0
LINE
8
BLACK
6
CONTINUOUS
10
-3.9259187401574804
20
7.2992500393700785
11
-3.9268136614173228
21
7.2999844881889766
0
LINE
8
BLACK
6
CONTINUOUS
10
-3.9268136614173228
20
7.2999844881889766
11
-3.9296257874015748
21
7.3027966535433073
0
LINE
8
BLACK
6
CONTINUOUS
10
-3.9296257874015748
20
7.3027966535433073
11
-3.9303600393700786
21
7.3036913385826772
0
LINE
8
BLACK
6
CONTINUOUS
10
-3.9303600393700786
20
7.3036913385826772
11
-3.9303601968503936
21
7.3036915354330709
0
LINE
8
BLACK
6
CONTINUOUS
10
-3.9303601968503936
20
7.3036915354330709
11
-3.931241968503937
21
7.3058203543307085
0
LINE
8
BLACK
6
CONTINUOUS
10
-3.931241968503937
20
7.3058203543307085
11
-3.931241968503937
21
7.3081245275590554
0
LINE
8
BLACK
6
CONTINUOUS
10
-3.931241968503937
20
7.3081245275590554
11
-3.9311543307086612
21
7.3083360629921259
0
LINE
8
BLACK
6
CONTINUOUS
10
-3.9311543307086612
20
7.3083360629921259
11
-3.9308501181102362
21
7.3090705118110231
0
LINE
8
BLACK
6
CONTINUOUS
10
-3.9308501181102362
20
7.3090705118110231
11
-3.9303601968503936
21
7.310253346456693
0
LINE
8
BLACK
6
CONTINUOUS
10
-3.9303601968503936
20
7.310253346456693
11
-3.929625748031496
21
7.3111482677165354
0
LINE
8
BLACK
6
CONTINUOUS
10
-3.929625748031496
20
7.3111482677165354
11
-3.926813622047244
21
7.3139603937007873
0
LINE
8
BLACK
6
CONTINUOUS
10
-3.926813622047244
20
7.3139603937007873
11
-3.9259187401574804
21
7.3146948425196845
0
LINE
8
BLACK
6
CONTINUOUS
10
-3.9259187401574804
20
7.3146948425196845
11
-3.925036968503937
21
7.3150600393700786
0
LINE
8
BLACK
6
CONTINUOUS
10
-3.925036968503937
20
7.3150600393700786
11
-3.9237899212598424
21
7.3155766141732279
0
LINE
8
BLACK
6
CONTINUOUS
10
-3.9237899212598424
20
7.3155766141732279
11
-3.9214856692913385
21
7.3155766141732279
0
LINE
8
BLACK
6
CONTINUOUS
10
-3.9214856692913385
20
7.3155766141732279
11
-3.9199803937007873
21
7.3149530708661414
0
LINE
8
BLACK
6
CONTINUOUS
10
-3.6212691732283462
20
7.3484405905511814
11
-3.6196398818897637
21
7.3468112992125985
0
LINE
8
BLACK
6
CONTINUOUS
10
-3.6196398818897637
20
7.3468112992125985
11
-3.6187580708661415
21
7.3446824803149608
0
LINE
8
BLACK
6
CONTINUOUS
10
-3.6187580708661415
20
7.3446824803149608
11
-3.6186446062992124
21
7.3435303543307082
0
LINE
8
BLACK
6
CONTINUOUS
10
-3.6186446062992124
20
7.3435303543307082
11
-3.6186446062992124
21
7.3041602755905508
0
LINE
8
BLACK
6
CONTINUOUS
10
-3.6186446062992124
20
7.3041602755905508
11
-3.6187580708661415
21
7.3030081496062991
0
LINE
8
BLACK
6
CONTINUOUS
10
-3.6187580708661415
20
7.3030081496062991
11
-3.6196398818897637
21
7.3008793307086615
0
LINE
8
BLACK
6
CONTINUOUS
10
-3.6196398818897637
20
7.3008793307086615
11
-3.6212691732283462
21
7.2992500393700785
0
LINE
8
BLACK
6
CONTINUOUS
10
-3.6212691732283462
20
7.2992500393700785
11
-3.6233979921259842
21
7.2983682283464564
0
LINE
8
BLACK
6
CONTINUOUS
10
-3.6233979921259842
20
7.2983682283464564
11
-3.6257022440944882
21
7.2983682283464564
0
LINE
8
BLACK
6
CONTINUOUS
10
-3.6257022440944882
20
7.2983682283464564
11
-3.6278310629921258
21
7.2992500393700785
0
LINE
8
BLACK
6
CONTINUOUS
10
-3.6278310629921258
20
7.2992500393700785
11
-3.6294603543307087
21
7.3008793307086615
0
LINE
8
BLACK
6
CONTINUOUS
10
-3.6294603543307087
20
7.3008793307086615
11
-3.6303421653543304
21
7.3030081496062991
0
LINE
8
BLACK
6
CONTINUOUS
10
-3.6303421653543304
20
7.3030081496062991
11
-3.6304556299212596
21
7.3041602755905508
0
LINE
8
BLACK
6
CONTINUOUS
10
-3.6304556299212596
20
7.3041602755905508
11
-3.6304556299212596
21
7.3435303543307082
0
LINE
8
BLACK
6
CONTINUOUS
10
-3.6304556299212596
20
7.3435303543307082
11
-3.6303421653543304
21
7.3446824803149608
0
LINE
8
BLACK
6
CONTINUOUS
10
-3.6303421653543304
20
7.3446824803149608
11
-3.6294603543307087
21
7.3468112992125985
0
LINE
8
BLACK
6
CONTINUOUS
10
-3.6294603543307087
20
7.3468112992125985
11
-3.6278310629921258
21
7.3484405905511814
0
LINE
8
BLACK
6
CONTINUOUS
10
-3.6278310629921258
20
7.3484405905511814
11
-3.6257022440944882
21
7.3493224015748027
0
LINE
8
BLACK
6
CONTINUOUS
10
-3.6257022440944882
20
7.3493224015748027
11
-3.6233979921259842
21
7.3493224015748027
0
LINE
8
BLACK
6
CONTINUOUS
10
-3.6233979921259842
20
7.3493224015748027
11
-3.6212691732283462
21
7.3484405905511814
0
LINE
8
BLACK
6
CONTINUOUS
10
-3.5784035826771654
20
7.3493224015748027
11
-3.5782075196850394
21
7.3492411417322829
0
LINE
8
BLACK
6
CONTINUOUS
10
-3.5782075196850394
20
7.3492411417322829
11
-3.5779959055118109
21
7.3492261417322835
0
LINE
8
BLACK
6
CONTINUOUS
10
-3.5779959055118109
20
7.3492261417322835
11
-3.57691468503937
21
7.3488124015748033
0
LINE
8
BLACK
6
CONTINUOUS
10
-3.57691468503937
20
7.3488124015748033
11
-3.5712903937007874
21
7.3460002362204726
0
LINE
8
BLACK
6
CONTINUOUS
10
-3.5712903937007874
20
7.3460002362204726
11
-3.5710978740157477
21
7.3458790157480314
0
LINE
8
BLACK
6
CONTINUOUS
10
-3.5710978740157477
20
7.3458790157480314
11
-3.5710068503937009
21
7.3458487007874016
0
LINE
8
BLACK
6
CONTINUOUS
10
-3.5710068503937009
20
7.3458487007874016
11
-3.5708935433070867
21
7.3457503937007873
0
LINE
8
BLACK
6
CONTINUOUS
10
-3.5708935433070867
20
7.3457503937007873
11
-3.5703106299212597
21
7.3453835039370077
0
LINE
8
BLACK
6
CONTINUOUS
10
-3.5703106299212597
20
7.3453835039370077
11
-3.5698255511811023
21
7.3448241338582676
0
LINE
8
BLACK
6
CONTINUOUS
10
-3.5698255511811023
20
7.3448241338582676
11
-3.5692661023622048
21
7.3443389763779523
0
LINE
8
BLACK
6
CONTINUOUS
10
-3.5692661023622048
20
7.3443389763779523
11
-3.5688990944881889
21
7.3437559055118111
0
LINE
8
BLACK
6
CONTINUOUS
10
-3.5688990944881889
20
7.3437559055118111
11
-3.5688009448818896
21
7.3436427559055115
0
LINE
8
BLACK
6
CONTINUOUS
10
-3.5688009448818896
20
7.3436427559055115
11
-3.5687706692913386
21
7.3435518897637797
0
LINE
8
BLACK
6
CONTINUOUS
10
-3.5687706692913386
20
7.3435518897637797
11
-3.5686493700787403
21
7.3433592125984246
0
LINE
8
BLACK
6
CONTINUOUS
10
-3.5686493700787403
20
7.3433592125984246
11
-3.5658372047244096
21
7.3377349606299207
0
LINE
8
BLACK
6
CONTINUOUS
10
-3.5658372047244096
20
7.3377349606299207
11
-3.5654234645669289
21
7.3366537007874015
0
LINE
8
BLACK
6
CONTINUOUS
10
-3.5654234645669289
20
7.3366537007874015
11
-3.5654084645669291
21
7.3364420866141726
0
LINE
8
BLACK
6
CONTINUOUS
10
-3.5654084645669291
20
7.3364420866141726
11
-3.5653272047244093
21
7.3362460236220475
0
LINE
8
BLACK
6
CONTINUOUS
10
-3.5653272047244093
20
7.3362460236220475
11
-3.5652137401574802
21
7.3350938976377948
0
LINE
8
BLACK
6
CONTINUOUS
10
-3.5652137401574802
20
7.3350938976377948
11
-3.5652137401574802
21
7.3041602755905508
0
LINE
8
BLACK
6
CONTINUOUS
10
-3.5652137401574802
20
7.3041602755905508
11
-3.5653272047244093
21
7.3030081496062991
0
LINE
8
BLACK
6
CONTINUOUS
10
-3.5653272047244093
20
7.3030081496062991
11
-3.5662090157480315
21
7.3008793307086615
0
LINE
8
BLACK
6
CONTINUOUS
10
-3.5662090157480315
20
7.3008793307086615
11
-3.567838307086614
21
7.2992500393700785
0
LINE
8
BLACK
6
CONTINUOUS
10
-3.567838307086614
20
7.2992500393700785
11
-3.569967125984252
21
7.2983682283464564
0
LINE
8
BLACK
6
CONTINUOUS
10
-3.569967125984252
20
7.2983682283464564
11
-3.572271377952756
21
7.2983682283464564
0
LINE
8
BLACK
6
CONTINUOUS
10
-3.572271377952756
20
7.2983682283464564
11
-3.5744001968503936
21
7.2992500393700785
0
LINE
8
BLACK
6
CONTINUOUS
10
-3.5744001968503936
20
7.2992500393700785
11
-3.5760294881889765
21
7.3008793307086615
0
LINE
8
BLACK
6
CONTINUOUS
10
-3.5760294881889765
20
7.3008793307086615
11
-3.5769112992125982
21
7.3030081496062991
0
LINE
8
BLACK
6
CONTINUOUS
10
-3.5769112992125982
20
7.3030081496062991
11
-3.5770247637795274
21
7.3041602755905508
0
LINE
8
BLACK
6
CONTINUOUS
10
-3.5770247637795274
20
7.3041602755905508
11
-3.5770247637795274
21
7.3336997637795278
0
LINE
8
BLACK
6
CONTINUOUS
10
-3.5770247637795274
20
7.3336997637795278
11
-3.5783331102362204
21
7.3363164566929129
0
LINE
8
BLACK
6
CONTINUOUS
10
-3.5783331102362204
20
7.3363164566929129
11
-3.5809498031496063
21
7.3376248425196851
0
LINE
8
BLACK
6
CONTINUOUS
10
-3.5809498031496063
20
7.3376248425196851
11
-3.5865980708661418
21
7.3376248425196851
0
LINE
8
BLACK
6
CONTINUOUS
10
-3.5865980708661418
20
7.3376248425196851
11
-3.5901183070866143
21
7.3358646850393701
0
LINE
8
BLACK
6
CONTINUOUS
10
-3.5901183070866143
20
7.3358646850393701
11
-3.5905231102362203
21
7.3354598818897641
0
LINE
8
BLACK
6
CONTINUOUS
10
-3.5905231102362203
20
7.3354598818897641
11
-3.5905231102362203
21
7.3041602755905508
0
LINE
8
BLACK
6
CONTINUOUS
10
-3.5905231102362203
20
7.3041602755905508
11
-3.5906365748031495
21
7.3030081496062991
0
LINE
8
BLACK
6
CONTINUOUS
10
-3.5906365748031495
20
7.3030081496062991
11
-3.5915183858267716
21
7.3008793307086615
0
LINE
8
BLACK
6
CONTINUOUS
10
-3.5915183858267716
20
7.3008793307086615
11
-3.5931476771653541
21
7.2992500393700785
0
LINE
8
BLACK
6
CONTINUOUS
10
-3.5931476771653541
20
7.2992500393700785
11
-3.5952764960629922
21
7.2983682283464564
0
LINE
8
BLACK
6
CONTINUOUS
10
-3.5952764960629922
20
7.2983682283464564
11
-3.5975807480314961
21
7.2983682283464564
0
LINE
8
BLACK
6
CONTINUOUS
10
-3.5975807480314961
20
7.2983682283464564
11
-3.5997095669291337
21
7.2992500393700785
0
LINE
8
BLACK
6
CONTINUOUS
10
-3.5997095669291337
20
7.2992500393700785
11
-3.6013388582677166
21
7.3008793307086615
0
LINE
8
BLACK
6
CONTINUOUS
10
-3.6013388582677166
20
7.3008793307086615
11
-3.6022206692913383
21
7.3030081496062991
0
LINE
8
BLACK
6
CONTINUOUS
10
-3.6022206692913383
20
7.3030081496062991
11
-3.6023341338582675
21
7.3041602755905508
0
LINE
8
BLACK
6
CONTINUOUS
10
-3.6023341338582675
20
7.3041602755905508
11
-3.6023341338582675
21
7.3435303543307082
0
LINE
8
BLACK
6
CONTINUOUS
10
-3.6023341338582675
20
7.3435303543307082
11
-3.6022206692913383
21
7.3446824803149608
0
LINE
8
BLACK
6
CONTINUOUS
10
-3.6022206692913383
20
7.3446824803149608
11
-3.6013388582677166
21
7.3468112992125985
0
LINE
8
BLACK
6
CONTINUOUS
10
-3.6013388582677166
20
7.3468112992125985
11
-3.5997095669291337
21
7.3484405905511814
0
LINE
8
BLACK
6
CONTINUOUS
10
-3.5997095669291337
20
7.3484405905511814
11
-3.5975807480314961
21
7.3493224015748027
0
LINE
8
BLACK
6
CONTINUOUS
10
-3.5975807480314961
20
7.3493224015748027
11
-3.5952764960629922
21
7.3493224015748027
0
LINE
8
BLACK
6
CONTINUOUS
10
-3.5952764960629922
20
7.3493224015748027
11
-3.5931476771653541
21
7.3484405905511814
0
LINE
8
BLACK
6
CONTINUOUS
10
-3.5931476771653541
20
7.3484405905511814
11
-3.592557401574803
21
7.3478502755905506
0
LINE
8
BLACK
6
CONTINUOUS
10
-3.592557401574803
20
7.3478502755905506
11
-3.5906332283464568
21
7.3488124015748033
0
LINE
8
BLACK
6
CONTINUOUS
10
-3.5906332283464568
20
7.3488124015748033
11
-3.5895519685039368
21
7.3492261417322835
0
LINE
8
BLACK
6
CONTINUOUS
10
-3.5895519685039368
20
7.3492261417322835
11
-3.5893403937007875
21
7.3492411417322829
0
LINE
8
BLACK
6
CONTINUOUS
10
-3.5893403937007875
20
7.3492411417322829
11
-3.5891442913385827
21
7.3493224015748027
0
LINE
8
BLACK
6
CONTINUOUS
10
-3.5891442913385827
20
7.3493224015748027
11
-3.5879921653543305
21
7.3494358661417323
0
LINE
8
BLACK
6
CONTINUOUS
10
-3.5879921653543305
20
7.3494358661417323
11
-3.5795557086614171
21
7.3494358661417323
0
LINE
8
BLACK
6
CONTINUOUS
10
-3.5795557086614171
20
7.3494358661417323
11
-3.5784035826771654
21
7.3493224015748027
0
LINE
8
BLACK
6
CONTINUOUS
10
-3.6225924803149607
20
7.3686737795275592
11
-3.6212692125984249
21
7.3681256692913388
0
LINE
8
BLACK
6
CONTINUOUS
10
-3.6212692125984249
20
7.3681256692913388
11
-3.6203742913385826
21
7.3673912204724408
0
LINE
8
BLACK
6
CONTINUOUS
10
-3.6203742913385826
20
7.3673912204724408
11
-3.6175621259842519
21
7.3645790551181101
0
LINE
8
BLACK
6
CONTINUOUS
10
-3.6175621259842519
20
7.3645790551181101
11
-3.6168276771653542
21
7.3636841338582677
0
LINE
8
BLACK
6
CONTINUOUS
10
-3.6168276771653542
20
7.3636841338582677
11
-3.6159459055118108
21
7.3615553149606301
0
LINE
8
BLACK
6
CONTINUOUS
10
-3.6159459055118108
20
7.3615553149606301
11
-3.6159459055118108
21
7.3592511417322832
0
LINE
8
BLACK
6
CONTINUOUS
10
-3.6159459055118108
20
7.3592511417322832
11
-3.6168276771653542
21
7.3571223228346456
0
LINE
8
BLACK
6
CONTINUOUS
10
-3.6168276771653542
20
7.3571223228346456
11
-3.616827716535433
21
7.3571222834645669
0
LINE
8
BLACK
6
CONTINUOUS
10
-3.616827716535433
20
7.3571222834645669
11
-3.6175621653543306
21
7.3562273622047245
0
LINE
8
BLACK
6
CONTINUOUS
10
-3.6175621653543306
20
7.3562273622047245
11
-3.6203743307086613
21
7.3534152362204726
0
LINE
8
BLACK
6
CONTINUOUS
10
-3.6203743307086613
20
7.3534152362204726
11
-3.6212690551181104
21
7.3526809842519683
0
LINE
8
BLACK
6
CONTINUOUS
10
-3.6212690551181104
20
7.3526809842519683
11
-3.6212692125984249
21
7.3526808267716532
0
LINE
8
BLACK
6
CONTINUOUS
10
-3.6212692125984249
20
7.3526808267716532
11
-3.6218927165354331
21
7.3524225590551175
0
LINE
8
BLACK
6
CONTINUOUS
10
-3.6218927165354331
20
7.3524225590551175
11
-3.6233979921259842
21
7.3517990551181098
0
LINE
8
BLACK
6
CONTINUOUS
10
-3.6233979921259842
20
7.3517990551181098
11
-3.6257022440944882
21
7.3517990551181098
0
LINE
8
BLACK
6
CONTINUOUS
10
-3.6257022440944882
20
7.3517990551181098
11
-3.6269492913385828
21
7.3523155905511812
0
LINE
8
BLACK
6
CONTINUOUS
10
-3.6269492913385828
20
7.3523155905511812
11
-3.6278310629921258
21
7.3526808267716532
0
LINE
8
BLACK
6
CONTINUOUS
10
-3.6278310629921258
20
7.3526808267716532
11
-3.6287259448818898
21
7.3534152755905513
0
LINE
8
BLACK
6
CONTINUOUS
10
-3.6287259448818898
20
7.3534152755905513
11
-3.6315380708661418
21
7.3562274015748033
0
LINE
8
BLACK
6
CONTINUOUS
10
-3.6315380708661418
20
7.3562274015748033
11
-3.6322725196850394
21
7.3571223228346456
0
LINE
8
BLACK
6
CONTINUOUS
10
-3.6322725196850394
20
7.3571223228346456
11
-3.6329438976377952
21
7.3587432283464569
0
LINE
8
BLACK
6
CONTINUOUS
10
-3.6329438976377952
20
7.3587432283464569
11
-3.6331542913385828
21
7.3592511023622045
0
LINE
8
BLACK
6
CONTINUOUS
10
-3.6331542913385828
20
7.3592511023622045
11
-3.6331542913385828
21
7.3615552755905513
0
LINE
8
BLACK
6
CONTINUOUS
10
-3.6331542913385828
20
7.3615552755905513
11
-3.6330666141732282
21
7.3617669291338581
0
LINE
8
BLACK
6
CONTINUOUS
10
-3.6330666141732282
20
7.3617669291338581
11
-3.6322725196850394
21
7.3636841338582677
0
LINE
8
BLACK
6
CONTINUOUS
10
-3.6322725196850394
20
7.3636841338582677
11
-3.6322723622047244
21
7.3636842913385827
0
LINE
8
BLACK
6
CONTINUOUS
10
-3.6322723622047244
20
7.3636842913385827
11
-3.6315381102362205
21
7.3645790157480313
0
LINE
8
BLACK
6
CONTINUOUS
10
-3.6315381102362205
20
7.3645790157480313
11
-3.6287259842519686
21
7.367391181102362
0
LINE
8
BLACK
6
CONTINUOUS
10
-3.6287259842519686
20
7.367391181102362
11
-3.6278310629921258
21
7.3681256299212601
0
LINE
8
BLACK
6
CONTINUOUS
10
-3.6278310629921258
20
7.3681256299212601
11
-3.627831023622047
21
7.3681256692913388
0
LINE
8
BLACK
6
CONTINUOUS
10
-3.627831023622047
20
7.3681256692913388
11
-3.6265077559055117
21
7.3686737795275592
0
LINE
8
BLACK
6
CONTINUOUS
10
-3.6265077559055117
20
7.3686737795275592
11
-3.6257022440944882
21
7.3690074409448814
0
LINE
8
BLACK
6
CONTINUOUS
10
-3.6257022440944882
20
7.3690074409448814
11
-3.6233979921259842
21
7.3690074409448814
0
LINE
8
BLACK
6
CONTINUOUS
10
-3.6233979921259842
20
7.3690074409448814
11
-3.6225924803149607
21
7.3686737795275592
0
CIRCLE
8
BLACK
10
-3.3249999999999997
20
6.1699999999999999
40
0.0068897637795276
0
CIRCLE
8
BLACK
10
-3.3249999999999997
20
6.2699999999999996
40
0.0068897637795276
0
CIRCLE
8
BLACK
10
-3.3249999999999997
20
6.3700000000000001
40
0.0068897637795276
0
CIRCLE
8
BLACK
10
-3.4249999999999998
20
6.3700000000000001
40
0.0068897637795276
0
CIRCLE
8
BLACK
10
-3.4249999999999998
20
6.2699999999999996
40
0.0068897637795276
0
CIRCLE
8
BLACK
10
-3.4249999999999998
20
6.1699999999999999
40
0.0068897637795276
0
CIRCLE
8
BLACK
10
-3.3249999999999997
20
5.7999999999999998
40
0.0068897637795276
0
CIRCLE
8
BLACK
10
-3.3249999999999997
20
5.8999999999999995
40
0.0068897637795276
0
CIRCLE
8
BLACK
10
-3.3249999999999997
20
6.
40
0.0068897637795276
0
CIRCLE
8
BLACK
10
-3.4249999999999998
20
6.
40
0.0068897637795276
0
CIRCLE
8
BLACK
10
-3.4249999999999998
20
5.8999999999999995
40
0.0068897637795276
0
CIRCLE
8
BLACK
10
-3.4249999999999998
20
5.7999999999999998
40
0.0068897637795276
0
CIRCLE
8
BLACK
10
-4.1200000000000001
20
5.8849999999999998
40
0.0068897637795276
0
CIRCLE
8
BLACK
10
-4.1200000000000001
20
5.9849999999999994
40
0.0068897637795276
0
CIRCLE
8
BLACK
10
-4.1200000000000001
20
6.085
40
0.0068897637795276
0
CIRCLE
8
BLACK
10
-4.1200000000000001
20
6.1849999999999996
40
0.0068897637795276
0
CIRCLE
8
BLACK
10
-4.1200000000000001
20
6.2850000000000001
40
0.0068897637795276
0
CIRCLE
8
BLACK
10
-4.1200000000000001
20
6.3849999999999998
40
0.0068897637795276
0
CIRCLE
8
BLACK
10
-4.1200000000000001
20
6.4849999999999994
40
0.0068897637795276
0
CIRCLE
8
BLACK
10
-4.2199999999999998
20
6.4849999999999994
40
0.0068897637795276
0
CIRCLE
8
BLACK
10
-4.2199999999999998
20
6.3849999999999998
40
0.0068897637795276
0
CIRCLE
8
BLACK
10
-4.2199999999999998
20
6.2850000000000001
40
0.0068897637795276
0
CIRCLE
8
BLACK
10
-4.2199999999999998
20
6.1849999999999996
40
0.0068897637795276
0
CIRCLE
8
BLACK
10
-4.2199999999999998
20
6.085
40
0.0068897637795276
0
CIRCLE
8
BLACK
10
-4.2199999999999998
20
5.9849999999999994
40
0.0068897637795276
0
CIRCLE
8
BLACK
10
-4.2199999999999998
20
5.8849999999999998
40
0.0068897637795276
0
CIRCLE
8
BLACK
10
-3.5749999999999997
20
6.8300000000000001
40
0.0068897637795276
0
CIRCLE
8
BLACK
10
-3.6749999999999998
20
6.8300000000000001
40
0.0068897637795276
0
CIRCLE
8
BLACK
10
-3.7749999999999999
20
6.8300000000000001
40
0.0068897637795276
0
CIRCLE
8
BLACK
10
-3.875
20
6.8300000000000001
40
0.0068897637795276
0
CIRCLE
8
BLACK
10
-3.9750000000000001
20
6.8300000000000001
40
0.0068897637795276
0
CIRCLE
8
BLACK
10
-3.9750000000000001
20
6.7299999999999995
40
0.0068897637795276
0
CIRCLE
8
BLACK
10
-3.875
20
6.7299999999999995
40
0.0068897637795276
0
CIRCLE
8
BLACK
10
-3.7749999999999999
20
6.7299999999999995
40
0.0068897637795276
0
CIRCLE
8
BLACK
10
-3.6749999999999998
20
6.7299999999999995
40
0.0068897637795276
0
CIRCLE
8
BLACK
10
-3.5749999999999997
20
6.7299999999999995
40
0.0068897637795276
0
CIRCLE
8
BLACK
10
-3.375
20
5.5750000000000002
40
0.0068897637795276
0
CIRCLE
8
BLACK
10
-4.1749999999999998
20
6.7749999999999995
40
0.0068897637795276
0
CIRCLE
8
BLACK
10
-4.1749999999999998
20
5.5750000000000002
40
0.0068897637795276
0
CIRCLE
8
BLACK
10
-3.375
20
6.7749999999999995
40
0.0068897637795276
0
CIRCLE
8
BLACK
10
-3.7149999999999999
20
6.4749999999999996
40
0.0068897637795276
0
CIRCLE
8
BLACK
10
-3.6149999999999998
20
6.4749999999999996
40
0.0068897637795276
0
CIRCLE
8
BLACK
10
-3.8799999999999999
20
5.6299999999999999
40
0.0068897637795276
0
CIRCLE
8
BLACK
10
-3.8799999999999999
20
5.5300000000000002
40
0.0068897637795276
0
CIRCLE
8
BLACK
10
-3.7799999999999998
20
5.5300000000000002
40
0.0068897637795276
0
CIRCLE
8
BLACK
10
-3.7799999999999998
20
5.6299999999999999
40
0.0068897637795276
0
CIRCLE
8
BLACK
10
-3.3249999999999997
20
6.1699999999999999
40
0.0068897637795276
0
CIRCLE
8
BLACK
10
-3.3249999999999997
20
6.2699999999999996
40
0.0068897637795276
0
CIRCLE
8
BLACK
10
-3.3249999999999997
20
6.3700000000000001
40
0.0068897637795276
0
CIRCLE
8
BLACK
10
-3.4249999999999998
20
6.3700000000000001
40
0.0068897637795276
0
CIRCLE
8
BLACK
10
-3.4249999999999998
20
6.2699999999999996
40
0.0068897637795276
0
CIRCLE
8
BLACK
10
-3.4249999999999998
20
6.1699999999999999
40
0.0068897637795276
0
CIRCLE
8
BLACK
10
-3.3249999999999997
20
5.7999999999999998
40
0.0068897637795276
0
CIRCLE
8
BLACK
10
-3.3249999999999997
20
5.8999999999999995
40
0.0068897637795276
0
CIRCLE
8
BLACK
10
-3.3249999999999997
20
6.
40
0.0068897637795276
0
CIRCLE
8
BLACK
10
-3.4249999999999998
20
6.
40
0.0068897637795276
0
CIRCLE
8
BLACK
10
-3.4249999999999998
20
5.8999999999999995
40
0.0068897637795276
0
CIRCLE
8
BLACK
10
-3.4249999999999998
20
5.7999999999999998
40
0.0068897637795276
0
CIRCLE
8
BLACK
10
-4.1200000000000001
20
5.8849999999999998
40
0.0068897637795276
0
CIRCLE
8
BLACK
10
-4.1200000000000001
20
5.9849999999999994
40
0.0068897637795276
0
CIRCLE
8
BLACK
10
-4.1200000000000001
20
6.085
40
0.0068897637795276
0
CIRCLE
8
BLACK
10
-4.1200000000000001
20
6.1849999999999996
40
0.0068897637795276
0
CIRCLE
8
BLACK
10
-4.1200000000000001
20
6.2850000000000001
40
0.0068897637795276
0
CIRCLE
8
BLACK
10
-4.1200000000000001
20
6.3849999999999998
40
0.0068897637795276
0
CIRCLE
8
BLACK
10
-4.1200000000000001
20
6.4849999999999994
40
0.0068897637795276
0
CIRCLE
8
BLACK
10
-4.2199999999999998
20
6.4849999999999994
40
0.0068897637795276
0
CIRCLE
8
BLACK
10
-4.2199999999999998
20
6.3849999999999998
40
0.0068897637795276
0
CIRCLE
8
BLACK
10
-4.2199999999999998
20
6.2850000000000001
40
0.0068897637795276
0
CIRCLE
8
BLACK
10
-4.2199999999999998
20
6.1849999999999996
40
0.0068897637795276
0
CIRCLE
8
BLACK
10
-4.2199999999999998
20
6.085
40
0.0068897637795276
0
CIRCLE
8
BLACK
10
-4.2199999999999998
20
5.9849999999999994
40
0.0068897637795276
0
CIRCLE
8
BLACK
10
-4.2199999999999998
20
5.8849999999999998
40
0.0068897637795276
0
CIRCLE
8
BLACK
10
-3.5749999999999997
20
6.8300000000000001
40
0.0068897637795276
0
CIRCLE
8
BLACK
10
-3.6749999999999998
20
6.8300000000000001
40
0.0068897637795276
0
CIRCLE
8
BLACK
10
-3.7749999999999999
20
6.8300000000000001
40
0.0068897637795276
0
CIRCLE
8
BLACK
10
-3.875
20
6.8300000000000001
40
0.0068897637795276
0
CIRCLE
8
BLACK
10
-3.9750000000000001
20
6.8300000000000001
40
0.0068897637795276
0
CIRCLE
8
BLACK
10
-3.9750000000000001
20
6.7299999999999995
40
0.0068897637795276
0
CIRCLE
8
BLACK
10
-3.875
20
6.7299999999999995
40
0.0068897637795276
0
CIRCLE
8
BLACK
10
-3.7749999999999999
20
6.7299999999999995
40
0.0068897637795276
0
CIRCLE
8
BLACK
10
-3.6749999999999998
20
6.7299999999999995
40
0.0068897637795276
0
CIRCLE
8
BLACK
10
-3.5749999999999997
20
6.7299999999999995
40
0.0068897637795276
0
CIRCLE
8
BLACK
10
-3.375
20
5.5750000000000002
40
0.0068897637795276
0
CIRCLE
8
BLACK
10
-4.1749999999999998
20
6.7749999999999995
40
0.0068897637795276
0
CIRCLE
8
BLACK
10
-4.1749999999999998
20
5.5750000000000002
40
0.0068897637795276
0
CIRCLE
8
BLACK
10
-3.375
20
6.7749999999999995
40
0.0068897637795276
0
CIRCLE
8
BLACK
10
-3.7149999999999999
20
6.4749999999999996
40
0.0068897637795276
0
CIRCLE
8
BLACK
10
-3.6149999999999998
20
6.4749999999999996
40
0.0068897637795276
0
CIRCLE
8
BLACK
10
-3.8799999999999999
20
5.6299999999999999
40
0.0068897637795276
0
CIRCLE
8
BLACK
10
-3.8799999999999999
20
5.5300000000000002
40
0.0068897637795276
0
CIRCLE
8
BLACK
10
-3.7799999999999998
20
5.5300000000000002
40
0.0068897637795276
0
CIRCLE
8
BLACK
10
-3.7799999999999998
20
5.6299999999999999
40
0.0068897637795276
  0
ENDSEC
  0
EOF
