  0
SECTION
  2
HEADER
  9
$ANGBASE
  50
0.0
  9
$ANGDIR
  70
1
  9
$MEASUREMENT
  70
0
  0
ENDSEC
  0
SECTION
  2
TABLES
  0
TABLE
  2
LTYPE
  70
4
  0
LTYPE
  5
40F
  2
CONTINUOUS
  70
0
  3
Solid line
  72
65
  73
0
  40
0.0
  0
LTYPE
  5
410
  2
DASHDOT
 70
0
  3
Dash Dot ____ _ ____ _
 72
65
 73
4
 40
2.0
 49
1.25
 49
-0.25
 49
0.25
 49
-0.25
  0
LTYPE
  5
411
  2
DASHED
 70
0
  3
Dashed __ __ __ __ __
 72
65
 73
2
 40
0.75
 49
0.5
 49
-0.25
  0
LTYPE
  5
43B
  2
DOTTED
 70
0
  3
Dotted .  .  .  .
 72
65
 73
2
 40
0.2
 49
0.0
 49
-0.2
  0
ENDTAB
  0
TABLE
  2
STYLE
  70
4
  0
STYLE
  2
KICAD
  70
0
  40
0
  41
1
  42
1
  50
0
  71
0
  3
isocp.shx
  0
STYLE
  2
KICADB
  70
0
  40
0
  41
1
  42
1
  50
0
  71
0
  3
isocp.shx
  0
STYLE
  2
KICADI
  70
0
  40
0
  41
1
  42
1
  50
15
  71
0
  3
isocp.shx
  0
STYLE
  2
KICADBI
  70
0
  40
0
  41
1
  42
1
  50
15
  71
0
  3
isocp.shx
  0
ENDTAB
  0
TABLE
  2
LAYER
  70
1
  0
LAYER
  2
BLACK
  70
0
  62
7
  6
CONTINUOUS
  0
ENDTAB
  0
ENDSEC
  0
SECTION
  2
ENTITIES
0
LINE
8
BLACK
6
CONTINUOUS
10
-3.7331354724409449
20
5.4704275196850389
11
-3.7317162598425195
21
5.4698396456692908
0
LINE
8
BLACK
6
CONTINUOUS
10
-3.7317162598425195
20
5.4698396456692908
11
-3.7306300393700789
21
5.4687534251968506
0
LINE
8
BLACK
6
CONTINUOUS
10
-3.7306300393700789
20
5.4687534251968506
11
-3.7300421653543308
21
5.4673342125984252
0
LINE
8
BLACK
6
CONTINUOUS
10
-3.7300421653543308
20
5.4673342125984252
11
-3.7300421653543308
21
5.4657980708661418
0
LINE
8
BLACK
6
CONTINUOUS
10
-3.7300421653543308
20
5.4657980708661418
11
-3.7306300393700789
21
5.4643788582677164
0
LINE
8
BLACK
6
CONTINUOUS
10
-3.7306300393700789
20
5.4643788582677164
11
-3.7317162598425195
21
5.4632926377952753
0
LINE
8
BLACK
6
CONTINUOUS
10
-3.7317162598425195
20
5.4632926377952753
11
-3.7331354724409449
21
5.4627047637795272
0
LINE
8
BLACK
6
CONTINUOUS
10
-3.7331354724409449
20
5.4627047637795272
11
-3.7339035433070866
21
5.4626291338582673
0
LINE
8
BLACK
6
CONTINUOUS
10
-3.7339035433070866
20
5.4626291338582673
11
-3.7527938582677165
21
5.4626291338582673
0
LINE
8
BLACK
6
CONTINUOUS
10
-3.7527938582677165
20
5.4626291338582673
11
-3.7306277559055117
21
5.4293799212598426
0
LINE
8
BLACK
6
CONTINUOUS
10
-3.7306277559055117
20
5.4293799212598426
11
-3.7302646456692914
21
5.428698897637795
0
LINE
8
BLACK
6
CONTINUOUS
10
-3.7302646456692914
20
5.428698897637795
11
-3.7301898031496061
21
5.4283205118110232
0
LINE
8
BLACK
6
CONTINUOUS
10
-3.7301898031496061
20
5.4283205118110232
11
-3.7300421653543308
21
5.4279641338582678
0
LINE
8
BLACK
6
CONTINUOUS
10
-3.7300421653543308
20
5.4279641338582678
11
-3.7300421653543308
21
5.427574212598425
0
LINE
8
BLACK
6
CONTINUOUS
10
-3.7300421653543308
20
5.427574212598425
11
-3.7299665354330709
21
5.4271919291338584
0
LINE
8
BLACK
6
CONTINUOUS
10
-3.7299665354330709
20
5.4271919291338584
11
-3.7300421653543308
21
5.4268137795275591
0
LINE
8
BLACK
6
CONTINUOUS
10
-3.7300421653543308
20
5.4268137795275591
11
-3.7300421653543308
21
5.4264279921259844
0
LINE
8
BLACK
6
CONTINUOUS
10
-3.7300421653543308
20
5.4264279921259844
11
-3.7301913779527558
21
5.42606779527559
0
LINE
8
BLACK
6
CONTINUOUS
10
-3.7301913779527558
20
5.42606779527559
11
-3.7302677952755903
21
5.4256856299212597
0
LINE
8
BLACK
6
CONTINUOUS
10
-3.7302677952755903
20
5.4256856299212597
11
-3.7304824409448818
21
5.4253651181102365
0
LINE
8
BLACK
6
CONTINUOUS
10
-3.7304824409448818
20
5.4253651181102365
11
-3.7306300393700789
21
5.425008779527559
0
LINE
8
BLACK
6
CONTINUOUS
10
-3.7306300393700789
20
5.425008779527559
11
-3.73090562992126
21
5.4247331889763775
0
LINE
8
BLACK
6
CONTINUOUS
10
-3.73090562992126
20
5.4247331889763775
11
-3.7311225590551178
21
5.4244092519685037
0
LINE
8
BLACK
6
CONTINUOUS
10
-3.7311225590551178
20
5.4244092519685037
11
-3.7314435826771652
21
5.4241952362204726
0
LINE
8
BLACK
6
CONTINUOUS
10
-3.7314435826771652
20
5.4241952362204726
11
-3.7317162598425195
21
5.4239225590551179
0
LINE
8
BLACK
6
CONTINUOUS
10
-3.7317162598425195
20
5.4239225590551179
11
-3.7320763779527559
21
5.4237733858267712
0
LINE
8
BLACK
6
CONTINUOUS
10
-3.7320763779527559
20
5.4237733858267712
11
-3.7324007086614173
21
5.4235571653543309
0
LINE
8
BLACK
6
CONTINUOUS
10
-3.7324007086614173
20
5.4235571653543309
11
-3.7327790944881887
21
5.4234822834645664
0
LINE
8
BLACK
6
CONTINUOUS
10
-3.7327790944881887
20
5.4234822834645664
11
-3.7331354724409449
21
5.4233346850393698
0
LINE
8
BLACK
6
CONTINUOUS
10
-3.7331354724409449
20
5.4233346850393698
11
-3.7339035433070866
21
5.4232590551181099
0
LINE
8
BLACK
6
CONTINUOUS
10
-3.7339035433070866
20
5.4232590551181099
11
-3.7339076771653543
21
5.4232590551181099
0
LINE
8
BLACK
6
CONTINUOUS
10
-3.7339076771653543
20
5.4232590551181099
11
-3.7601502362204724
21
5.4232590551181099
0
LINE
8
BLACK
6
CONTINUOUS
10
-3.7601502362204724
20
5.4232590551181099
11
-3.7609183070866141
21
5.4233346850393698
0
LINE
8
BLACK
6
CONTINUOUS
10
-3.7609183070866141
20
5.4233346850393698
11
-3.7623375196850395
21
5.4239225590551179
0
LINE
8
BLACK
6
CONTINUOUS
10
-3.7623375196850395
20
5.4239225590551179
11
-3.7634237401574802
21
5.425008779527559
0
LINE
8
BLACK
6
CONTINUOUS
10
-3.7634237401574802
20
5.425008779527559
11
-3.7640116141732283
21
5.4264279921259844
0
LINE
8
BLACK
6
CONTINUOUS
10
-3.7640116141732283
20
5.4264279921259844
11
-3.7640116141732283
21
5.4279641338582678
0
LINE
8
BLACK
6
CONTINUOUS
10
-3.7640116141732283
20
5.4279641338582678
11
-3.7634237401574802
21
5.4293833464566932
0
LINE
8
BLACK
6
CONTINUOUS
10
-3.7634237401574802
20
5.4293833464566932
11
-3.7623375196850395
21
5.4304695669291334
0
LINE
8
BLACK
6
CONTINUOUS
10
-3.7623375196850395
20
5.4304695669291334
11
-3.7609183070866141
21
5.4310574409448815
0
LINE
8
BLACK
6
CONTINUOUS
10
-3.7609183070866141
20
5.4310574409448815
11
-3.7601502362204724
21
5.4311330708661414
0
LINE
8
BLACK
6
CONTINUOUS
10
-3.7601502362204724
20
5.4311330708661414
11
-3.7412599212598425
21
5.4311330708661414
0
LINE
8
BLACK
6
CONTINUOUS
10
-3.7412599212598425
20
5.4311330708661414
11
-3.7634260236220474
21
5.464382283464567
0
LINE
8
BLACK
6
CONTINUOUS
10
-3.7634260236220474
20
5.464382283464567
11
-3.7637891338582676
21
5.4650633070866137
0
LINE
8
BLACK
6
CONTINUOUS
10
-3.7637891338582676
20
5.4650633070866137
11
-3.7638640157480312
21
5.4654416535433068
0
LINE
8
BLACK
6
CONTINUOUS
10
-3.7638640157480312
20
5.4654416535433068
11
-3.7640116141732283
21
5.4657980708661418
0
LINE
8
BLACK
6
CONTINUOUS
10
-3.7640116141732283
20
5.4657980708661418
11
-3.7640116141732283
21
5.466187952755905
0
LINE
8
BLACK
6
CONTINUOUS
10
-3.7640116141732283
20
5.466187952755905
11
-3.7640872440944881
21
5.4665702755905512
0
LINE
8
BLACK
6
CONTINUOUS
10
-3.7640872440944881
20
5.4665702755905512
11
-3.7640116141732283
21
5.4669484251968505
0
LINE
8
BLACK
6
CONTINUOUS
10
-3.7640116141732283
20
5.4669484251968505
11
-3.7640116141732283
21
5.4673342125984252
0
LINE
8
BLACK
6
CONTINUOUS
10
-3.7640116141732283
20
5.4673342125984252
11
-3.763862440944882
21
5.4676943700787399
0
LINE
8
BLACK
6
CONTINUOUS
10
-3.763862440944882
20
5.4676943700787399
11
-3.7637859842519683
21
5.4680765748031499
0
LINE
8
BLACK
6
CONTINUOUS
10
-3.7637859842519683
20
5.4680765748031499
11
-3.763571377952756
21
5.4683970472440944
0
LINE
8
BLACK
6
CONTINUOUS
10
-3.763571377952756
20
5.4683970472440944
11
-3.7634237401574802
21
5.4687534251968506
0
LINE
8
BLACK
6
CONTINUOUS
10
-3.7634237401574802
20
5.4687534251968506
11
-3.7631481889763778
21
5.4690289763779525
0
LINE
8
BLACK
6
CONTINUOUS
10
-3.7631481889763778
20
5.4690289763779525
11
-3.7629312204724408
21
5.4693529527559051
0
LINE
8
BLACK
6
CONTINUOUS
10
-3.7629312204724408
20
5.4693529527559051
11
-3.7626102362204725
21
5.4695669291338582
0
LINE
8
BLACK
6
CONTINUOUS
10
-3.7626102362204725
20
5.4695669291338582
11
-3.7623375196850395
21
5.4698396456692908
0
LINE
8
BLACK
6
CONTINUOUS
10
-3.7623375196850395
20
5.4698396456692908
11
-3.7619774409448818
21
5.4699887795275588
0
LINE
8
BLACK
6
CONTINUOUS
10
-3.7619774409448818
20
5.4699887795275588
11
-3.7616530708661418
21
5.4702050393700787
0
LINE
8
BLACK
6
CONTINUOUS
10
-3.7616530708661418
20
5.4702050393700787
11
-3.7612747244094487
21
5.4702798818897636
0
LINE
8
BLACK
6
CONTINUOUS
10
-3.7612747244094487
20
5.4702798818897636
11
-3.7609183070866141
21
5.4704275196850389
0
LINE
8
BLACK
6
CONTINUOUS
10
-3.7609183070866141
20
5.4704275196850389
11
-3.7601502362204724
21
5.4705031496062988
0
LINE
8
BLACK
6
CONTINUOUS
10
-3.7601502362204724
20
5.4705031496062988
11
-3.7339035433070866
21
5.4705031496062988
0
LINE
8
BLACK
6
CONTINUOUS
10
-3.7339035433070866
20
5.4705031496062988
11
-3.7331354724409449
21
5.4704275196850389
0
LINE
8
BLACK
6
CONTINUOUS
10
-3.7091428740157482
20
5.4704648425196849
11
-3.7090391732283465
21
5.4704722440944877
0
LINE
8
BLACK
6
CONTINUOUS
10
-3.7090391732283465
20
5.4704722440944877
11
-3.7089028346456692
21
5.4704412204724404
0
LINE
8
BLACK
6
CONTINUOUS
10
-3.7089028346456692
20
5.4704412204724404
11
-3.7087635039370079
21
5.4704275196850389
0
LINE
8
BLACK
6
CONTINUOUS
10
-3.7087635039370079
20
5.4704275196850389
11
-3.7086673622047241
21
5.4703876771653546
0
LINE
8
BLACK
6
CONTINUOUS
10
-3.7086673622047241
20
5.4703876771653546
11
-3.7082865748031497
21
5.470301102362205
0
LINE
8
BLACK
6
CONTINUOUS
10
-3.7082865748031497
20
5.470301102362205
11
-3.7026623228346458
21
5.4684263385826775
0
LINE
8
BLACK
6
CONTINUOUS
10
-3.7026623228346458
20
5.4684263385826775
11
-3.7019575590551179
21
5.4681117322834645
0
LINE
8
BLACK
6
CONTINUOUS
10
-3.7019575590551179
20
5.4681117322834645
11
-3.7018506692913387
21
5.4680189763779525
0
LINE
8
BLACK
6
CONTINUOUS
10
-3.7018506692913387
20
5.4680189763779525
11
-3.7017199999999999
21
5.4679648818897633
0
LINE
8
BLACK
6
CONTINUOUS
10
-3.7017199999999999
20
5.4679648818897633
11
-3.7011233858267714
21
5.4674752755905507
0
LINE
8
BLACK
6
CONTINUOUS
10
-3.7011233858267714
20
5.4674752755905507
11
-3.6973738582677163
21
5.4637257480314956
0
LINE
8
BLACK
6
CONTINUOUS
10
-3.6973738582677163
20
5.4637257480314956
11
-3.6971261811023619
21
5.4634238976377949
0
LINE
8
BLACK
6
CONTINUOUS
10
-3.6971261811023619
20
5.4634238976377949
11
-3.6970475196850394
21
5.4633557086614175
0
LINE
8
BLACK
6
CONTINUOUS
10
-3.6970475196850394
20
5.4633557086614175
11
-3.6969729133858267
21
5.4632371259842518
0
LINE
8
BLACK
6
CONTINUOUS
10
-3.6969729133858267
20
5.4632371259842518
11
-3.6968842519685037
21
5.4631291338582679
0
LINE
8
BLACK
6
CONTINUOUS
10
-3.6968842519685037
20
5.4631291338582679
11
-3.6968445275590551
21
5.4630331496062992
0
LINE
8
BLACK
6
CONTINUOUS
10
-3.6968445275590551
20
5.4630331496062992
11
-3.696636377952756
21
5.4627025196850392
0
LINE
8
BLACK
6
CONTINUOUS
10
-3.696636377952756
20
5.4627025196850392
11
-3.6947616141732285
21
5.4589530314960628
0
LINE
8
BLACK
6
CONTINUOUS
10
-3.6947616141732285
20
5.4589530314960628
11
-3.6947401181102362
21
5.458896771653543
0
LINE
8
BLACK
6
CONTINUOUS
10
-3.6947401181102362
20
5.458896771653543
11
-3.6947231889763779
21
5.4588739763779524
0
LINE
8
BLACK
6
CONTINUOUS
10
-3.6947231889763779
20
5.4588739763779524
11
-3.6946081889763778
21
5.458552047244094
0
LINE
8
BLACK
6
CONTINUOUS
10
-3.6946081889763778
20
5.458552047244094
11
-3.6944857874015749
21
5.4582322047244096
0
LINE
8
BLACK
6
CONTINUOUS
10
-3.6944857874015749
20
5.4582322047244096
11
-3.6944837795275589
21
5.4582038188976378
0
LINE
8
BLACK
6
CONTINUOUS
10
-3.6944837795275589
20
5.4582038188976378
11
-3.6944635433070867
21
5.4581472047244093
0
LINE
8
BLACK
6
CONTINUOUS
10
-3.6944635433070867
20
5.4581472047244093
11
-3.6925887795275592
21
5.4506481496062991
0
LINE
8
BLACK
6
CONTINUOUS
10
-3.6925887795275592
20
5.4506481496062991
11
-3.692569094488189
21
5.4505150000000002
0
LINE
8
BLACK
6
CONTINUOUS
10
-3.692569094488189
20
5.4505150000000002
11
-3.6925468503937009
21
5.4504613385826772
0
LINE
8
BLACK
6
CONTINUOUS
10
-3.6925468503937009
20
5.4504613385826772
11
-3.6925183858267716
21
5.450171929133858
0
LINE
8
BLACK
6
CONTINUOUS
10
-3.6925183858267716
20
5.450171929133858
11
-3.6924758661417321
21
5.4498846456692913
0
LINE
8
BLACK
6
CONTINUOUS
10
-3.6924758661417321
20
5.4498846456692913
11
-3.6924844488188975
21
5.449827204724409
0
LINE
8
BLACK
6
CONTINUOUS
10
-3.6924844488188975
20
5.449827204724409
11
-3.692471220472441
21
5.4496932677165351
0
LINE
8
BLACK
6
CONTINUOUS
10
-3.692471220472441
20
5.4496932677165351
11
-3.692471220472441
21
5.4440689763779524
0
LINE
8
BLACK
6
CONTINUOUS
10
-3.692471220472441
20
5.4440689763779524
11
-3.6924844488188975
21
5.4439349999999997
0
LINE
8
BLACK
6
CONTINUOUS
10
-3.6924844488188975
20
5.4439349999999997
11
-3.6924758661417321
21
5.443877598425197
0
LINE
8
BLACK
6
CONTINUOUS
10
-3.6924758661417321
20
5.443877598425197
11
-3.6925183858267716
21
5.4435902755905508
0
LINE
8
BLACK
6
CONTINUOUS
10
-3.6925183858267716
20
5.4435902755905508
11
-3.6925468503937009
21
5.4433009055118111
0
LINE
8
BLACK
6
CONTINUOUS
10
-3.6925468503937009
20
5.4433009055118111
11
-3.692569094488189
21
5.4432472047244094
0
LINE
8
BLACK
6
CONTINUOUS
10
-3.692569094488189
20
5.4432472047244094
11
-3.6925887795275592
21
5.4431140944881893
0
LINE
8
BLACK
6
CONTINUOUS
10
-3.6925887795275592
20
5.4431140944881893
11
-3.6944635433070867
21
5.4356150393700791
0
LINE
8
BLACK
6
CONTINUOUS
10
-3.6944635433070867
20
5.4356150393700791
11
-3.6944837795275589
21
5.4355583858267718
0
LINE
8
BLACK
6
CONTINUOUS
10
-3.6944837795275589
20
5.4355583858267718
11
-3.6944857874015749
21
5.4355300393700787
0
LINE
8
BLACK
6
CONTINUOUS
10
-3.6944857874015749
20
5.4355300393700787
11
-3.6946081889763778
21
5.4352101574803147
0
LINE
8
BLACK
6
CONTINUOUS
10
-3.6946081889763778
20
5.4352101574803147
11
-3.6947231889763779
21
5.4348882677165351
0
LINE
8
BLACK
6
CONTINUOUS
10
-3.6947231889763779
20
5.4348882677165351
11
-3.6947401181102362
21
5.4348654330708657
0
LINE
8
BLACK
6
CONTINUOUS
10
-3.6947401181102362
20
5.4348654330708657
11
-3.6947616141732285
21
5.4348092125984246
0
LINE
8
BLACK
6
CONTINUOUS
10
-3.6947616141732285
20
5.4348092125984246
11
-3.696636377952756
21
5.4310597244094483
0
LINE
8
BLACK
6
CONTINUOUS
10
-3.696636377952756
20
5.4310597244094483
11
-3.6968445275590551
21
5.4307290551181104
0
LINE
8
BLACK
6
CONTINUOUS
10
-3.6968445275590551
20
5.4307290551181104
11
-3.6968842519685037
21
5.4306331102362204
0
LINE
8
BLACK
6
CONTINUOUS
10
-3.6968842519685037
20
5.4306331102362204
11
-3.6969729133858267
21
5.4305250787401578
0
LINE
8
BLACK
6
CONTINUOUS
10
-3.6969729133858267
20
5.4305250787401578
11
-3.6970475196850394
21
5.4304065354330708
0
LINE
8
BLACK
6
CONTINUOUS
10
-3.6970475196850394
20
5.4304065354330708
11
-3.6971261811023619
21
5.4303383070866138
0
LINE
8
BLACK
6
CONTINUOUS
10
-3.6971261811023619
20
5.4303383070866138
11
-3.6973738582677163
21
5.4300364960629919
0
LINE
8
BLACK
6
CONTINUOUS
10
-3.6973738582677163
20
5.4300364960629919
11
-3.7011233858267714
21
5.4262869685039368
0
LINE
8
BLACK
6
CONTINUOUS
10
-3.7011233858267714
20
5.4262869685039368
11
-3.7017199999999999
21
5.4257973622047242
0
LINE
8
BLACK
6
CONTINUOUS
10
-3.7017199999999999
20
5.4257973622047242
11
-3.7018506692913387
21
5.4257432283464562
0
LINE
8
BLACK
6
CONTINUOUS
10
-3.7018506692913387
20
5.4257432283464562
11
-3.7019575196850392
21
5.4256505511811026
0
LINE
8
BLACK
6
CONTINUOUS
10
-3.7019575196850392
20
5.4256505511811026
11
-3.7026622440944883
21
5.4253359055118109
0
LINE
8
BLACK
6
CONTINUOUS
10
-3.7026622440944883
20
5.4253359055118109
11
-3.7082865748031497
21
5.4234611023622046
0
LINE
8
BLACK
6
CONTINUOUS
10
-3.7082865748031497
20
5.4234611023622046
11
-3.7086674015748029
21
5.4233744881889763
0
LINE
8
BLACK
6
CONTINUOUS
10
-3.7086674015748029
20
5.4233744881889763
11
-3.7087635039370079
21
5.4233346850393698
0
LINE
8
BLACK
6
CONTINUOUS
10
-3.7087635039370079
20
5.4233346850393698
11
-3.7089027952755904
21
5.4233209448818895
0
LINE
8
BLACK
6
CONTINUOUS
10
-3.7089027952755904
20
5.4233209448818895
11
-3.7090391338582678
21
5.423289960629921
0
LINE
8
BLACK
6
CONTINUOUS
10
-3.7090391338582678
20
5.423289960629921
11
-3.7091428740157482
21
5.4232973228346459
0
LINE
8
BLACK
6
CONTINUOUS
10
-3.7091428740157482
20
5.4232973228346459
11
-3.7095315748031497
21
5.4232590551181099
0
LINE
8
BLACK
6
CONTINUOUS
10
-3.7095315748031497
20
5.4232590551181099
11
-3.7132811023622048
21
5.4232590551181099
0
LINE
8
BLACK
6
CONTINUOUS
10
-3.7132811023622048
20
5.4232590551181099
11
-3.713669842519685
21
5.4232973228346459
0
LINE
8
BLACK
6
CONTINUOUS
10
-3.713669842519685
20
5.4232973228346459
11
-3.7137735433070866
21
5.423289960629921
0
LINE
8
BLACK
6
CONTINUOUS
10
-3.7137735433070866
20
5.423289960629921
11
-3.7139099212598423
21
5.4233209448818895
0
LINE
8
BLACK
6
CONTINUOUS
10
-3.7139099212598423
20
5.4233209448818895
11
-3.7140491732283465
21
5.4233346850393698
0
LINE
8
BLACK
6
CONTINUOUS
10
-3.7140491732283465
20
5.4233346850393698
11
-3.7141453149606298
21
5.4233744881889763
0
LINE
8
BLACK
6
CONTINUOUS
10
-3.7141453149606298
20
5.4233744881889763
11
-3.7145261023622047
21
5.4234611023622046
0
LINE
8
BLACK
6
CONTINUOUS
10
-3.7145261023622047
20
5.4234611023622046
11
-3.7201503937007874
21
5.4253359055118109
0
LINE
8
BLACK
6
CONTINUOUS
10
-3.7201503937007874
20
5.4253359055118109
11
-3.7208551574803148
21
5.4256505511811026
0
LINE
8
BLACK
6
CONTINUOUS
10
-3.7208551574803148
20
5.4256505511811026
11
-3.7209620472440945
21
5.4257431889763774
0
LINE
8
BLACK
6
CONTINUOUS
10
-3.7209620472440945
20
5.4257431889763774
11
-3.7210927165354328
21
5.4257973622047242
0
LINE
8
BLACK
6
CONTINUOUS
10
-3.7210927165354328
20
5.4257973622047242
11
-3.7216892913385826
21
5.4262870078740155
0
LINE
8
BLACK
6
CONTINUOUS
10
-3.7216892913385826
20
5.4262870078740155
11
-3.7235640551181102
21
5.4281617322834643
0
LINE
8
BLACK
6
CONTINUOUS
10
-3.7235640551181102
20
5.4281617322834643
11
-3.7240536614173227
21
5.4287583464566929
0
LINE
8
BLACK
6
CONTINUOUS
10
-3.7240536614173227
20
5.4287583464566929
11
-3.7246415354330709
21
5.4301775590551182
0
LINE
8
BLACK
6
CONTINUOUS
10
-3.7246415354330709
20
5.4301775590551182
11
-3.7246415354330709
21
5.4317137007874017
0
LINE
8
BLACK
6
CONTINUOUS
10
-3.7246415354330709
20
5.4317137007874017
11
-3.7240536614173227
21
5.433132913385827
0
LINE
8
BLACK
6
CONTINUOUS
10
-3.7240536614173227
20
5.433132913385827
11
-3.7229674409448816
21
5.4342191338582673
0
LINE
8
BLACK
6
CONTINUOUS
10
-3.7229674409448816
20
5.4342191338582673
11
-3.7215482283464567
21
5.4348070078740154
0
LINE
8
BLACK
6
CONTINUOUS
10
-3.7215482283464567
20
5.4348070078740154
11
-3.7200120866141733
21
5.4348070078740154
0
LINE
8
BLACK
6
CONTINUOUS
10
-3.7200120866141733
20
5.4348070078740154
11
-3.7185928740157479
21
5.4342191338582673
0
LINE
8
BLACK
6
CONTINUOUS
10
-3.7185928740157479
20
5.4342191338582673
11
-3.7179962598425198
21
5.4337295275590547
0
LINE
8
BLACK
6
CONTINUOUS
10
-3.7179962598425198
20
5.4337295275590547
11
-3.7167787007874016
21
5.432511889763779
0
LINE
8
BLACK
6
CONTINUOUS
10
-3.7167787007874016
20
5.432511889763779
11
-3.7126422047244092
21
5.4311330708661414
0
LINE
8
BLACK
6
CONTINUOUS
10
-3.7126422047244092
20
5.4311330708661414
11
-3.710170433070866
21
5.4311330708661414
0
LINE
8
BLACK
6
CONTINUOUS
10
-3.710170433070866
20
5.4311330708661414
11
-3.7060340551181103
21
5.432511889763779
0
LINE
8
BLACK
6
CONTINUOUS
10
-3.7060340551181103
20
5.432511889763779
11
-3.7033933858267716
21
5.4351525590551182
0
LINE
8
BLACK
6
CONTINUOUS
10
-3.7033933858267716
20
5.4351525590551182
11
-3.7019976377952757
21
5.4379440944881887
0
LINE
8
BLACK
6
CONTINUOUS
10
-3.7019976377952757
20
5.4379440944881887
11
-3.7003452362204725
21
5.4445535826771652
0
LINE
8
BLACK
6
CONTINUOUS
10
-3.7003452362204725
20
5.4445535826771652
11
-3.7003452362204725
21
5.4492086220472435
0
LINE
8
BLACK
6
CONTINUOUS
10
-3.7003452362204725
20
5.4492086220472435
11
-3.7019976377952757
21
5.45581811023622
0
LINE
8
BLACK
6
CONTINUOUS
10
-3.7019976377952757
20
5.45581811023622
11
-3.7033933858267716
21
5.4586096850393702
0
LINE
8
BLACK
6
CONTINUOUS
10
-3.7033933858267716
20
5.4586096850393702
11
-3.7060340551181103
21
5.4612503149606297
0
LINE
8
BLACK
6
CONTINUOUS
10
-3.7060340551181103
20
5.4612503149606297
11
-3.710170433070866
21
5.4626291338582673
0
LINE
8
BLACK
6
CONTINUOUS
10
-3.710170433070866
20
5.4626291338582673
11
-3.7126422834645667
21
5.4626291338582673
0
LINE
8
BLACK
6
CONTINUOUS
10
-3.7126422834645667
20
5.4626291338582673
11
-3.7167787007874016
21
5.4612503149606297
0
LINE
8
BLACK
6
CONTINUOUS
10
-3.7167787007874016
20
5.4612503149606297
11
-3.7179962598425198
21
5.4600327165354328
0
LINE
8
BLACK
6
CONTINUOUS
10
-3.7179962598425198
20
5.4600327165354328
11
-3.7185928740157479
21
5.4595431102362202
0
LINE
8
BLACK
6
CONTINUOUS
10
-3.7185928740157479
20
5.4595431102362202
11
-3.7200120866141733
21
5.4589552362204721
0
LINE
8
BLACK
6
CONTINUOUS
10
-3.7200120866141733
20
5.4589552362204721
11
-3.7215482283464567
21
5.4589552362204721
0
LINE
8
BLACK
6
CONTINUOUS
10
-3.7215482283464567
20
5.4589552362204721
11
-3.7229674409448816
21
5.4595431102362202
0
LINE
8
BLACK
6
CONTINUOUS
10
-3.7229674409448816
20
5.4595431102362202
11
-3.7240536614173227
21
5.4606293307086613
0
LINE
8
BLACK
6
CONTINUOUS
10
-3.7240536614173227
20
5.4606293307086613
11
-3.7246415354330709
21
5.4620485433070867
0
LINE
8
BLACK
6
CONTINUOUS
10
-3.7246415354330709
20
5.4620485433070867
11
-3.7246415354330709
21
5.4635846850393701
0
LINE
8
BLACK
6
CONTINUOUS
10
-3.7246415354330709
20
5.4635846850393701
11
-3.7240536614173227
21
5.4650038976377955
0
LINE
8
BLACK
6
CONTINUOUS
10
-3.7240536614173227
20
5.4650038976377955
11
-3.7235640551181102
21
5.4656005118110231
0
LINE
8
BLACK
6
CONTINUOUS
10
-3.7235640551181102
20
5.4656005118110231
11
-3.7216892913385826
21
5.4674752362204719
0
LINE
8
BLACK
6
CONTINUOUS
10
-3.7216892913385826
20
5.4674752362204719
11
-3.7210927165354328
21
5.4679648818897633
0
LINE
8
BLACK
6
CONTINUOUS
10
-3.7210927165354328
20
5.4679648818897633
11
-3.7209620472440945
21
5.4680189763779525
0
LINE
8
BLACK
6
CONTINUOUS
10
-3.7209620472440945
20
5.4680189763779525
11
-3.7208551181102361
21
5.4681117322834645
0
LINE
8
BLACK
6
CONTINUOUS
10
-3.7208551181102361
20
5.4681117322834645
11
-3.7201503937007874
21
5.4684263385826775
0
LINE
8
BLACK
6
CONTINUOUS
10
-3.7201503937007874
20
5.4684263385826775
11
-3.7145261023622047
21
5.470301102362205
0
LINE
8
BLACK
6
CONTINUOUS
10
-3.7145261023622047
20
5.470301102362205
11
-3.7141453149606298
21
5.4703876771653546
0
LINE
8
BLACK
6
CONTINUOUS
10
-3.7141453149606298
20
5.4703876771653546
11
-3.7140491732283465
21
5.4704275196850389
0
LINE
8
BLACK
6
CONTINUOUS
10
-3.7140491732283465
20
5.4704275196850389
11
-3.7139099212598423
21
5.4704412204724404
0
LINE
8
BLACK
6
CONTINUOUS
10
-3.7139099212598423
20
5.4704412204724404
11
-3.7137735433070866
21
5.4704722440944877
0
LINE
8
BLACK
6
CONTINUOUS
10
-3.7137735433070866
20
5.4704722440944877
11
-3.713669842519685
21
5.4704648425196849
0
LINE
8
BLACK
6
CONTINUOUS
10
-3.713669842519685
20
5.4704648425196849
11
-3.7132811023622048
21
5.4705031496062988
0
LINE
8
BLACK
6
CONTINUOUS
10
-3.7132811023622048
20
5.4705031496062988
11
-3.7095315748031497
21
5.4705031496062988
0
LINE
8
BLACK
6
CONTINUOUS
10
-3.7095315748031497
20
5.4705031496062988
11
-3.7091428740157482
21
5.4704648425196849
0
LINE
8
BLACK
6
CONTINUOUS
10
-3.6393972047244092
20
5.4704275196850389
11
-3.6379779921259843
21
5.4698396456692908
0
LINE
8
BLACK
6
CONTINUOUS
10
-3.6379779921259843
20
5.4698396456692908
11
-3.6368917716535432
21
5.4687534251968506
0
LINE
8
BLACK
6
CONTINUOUS
10
-3.6368917716535432
20
5.4687534251968506
11
-3.636303897637795
21
5.4673342125984252
0
LINE
8
BLACK
6
CONTINUOUS
10
-3.636303897637795
20
5.4673342125984252
11
-3.6362282677165352
21
5.4665661417322831
0
LINE
8
BLACK
6
CONTINUOUS
10
-3.6362282677165352
20
5.4665661417322831
11
-3.6362282677165352
21
5.4271960629921256
0
LINE
8
BLACK
6
CONTINUOUS
10
-3.6362282677165352
20
5.4271960629921256
11
-3.636303897637795
21
5.4264279921259844
0
LINE
8
BLACK
6
CONTINUOUS
10
-3.636303897637795
20
5.4264279921259844
11
-3.6368917716535432
21
5.425008779527559
0
LINE
8
BLACK
6
CONTINUOUS
10
-3.6368917716535432
20
5.425008779527559
11
-3.6379779921259843
21
5.4239225590551179
0
LINE
8
BLACK
6
CONTINUOUS
10
-3.6379779921259843
20
5.4239225590551179
11
-3.6393972047244092
21
5.4233346850393698
0
LINE
8
BLACK
6
CONTINUOUS
10
-3.6393972047244092
20
5.4233346850393698
11
-3.6401652755905509
21
5.4232590551181099
0
LINE
8
BLACK
6
CONTINUOUS
10
-3.6401652755905509
20
5.4232590551181099
11
-3.6551633858267714
21
5.4232590551181099
0
LINE
8
BLACK
6
CONTINUOUS
10
-3.6551633858267714
20
5.4232590551181099
11
-3.6559314566929131
21
5.4233346850393698
0
LINE
8
BLACK
6
CONTINUOUS
10
-3.6559314566929131
20
5.4233346850393698
11
-3.6560622047244093
21
5.4233888188976378
0
LINE
8
BLACK
6
CONTINUOUS
10
-3.6560622047244093
20
5.4233888188976378
11
-3.6562032677165353
21
5.4233988582677162
0
LINE
8
BLACK
6
CONTINUOUS
10
-3.6562032677165353
20
5.4233988582677162
11
-3.6569240944881889
21
5.423674724409449
0
LINE
8
BLACK
6
CONTINUOUS
10
-3.6569240944881889
20
5.423674724409449
11
-3.660673622047244
21
5.4255495275590553
0
LINE
8
BLACK
6
CONTINUOUS
10
-3.660673622047244
20
5.4255495275590553
11
-3.6610040551181102
21
5.4257575196850389
0
LINE
8
BLACK
6
CONTINUOUS
10
-3.6610040551181102
20
5.4257575196850389
11
-3.6611002362204723
21
5.4257973622047242
0
LINE
8
BLACK
6
CONTINUOUS
10
-3.6611002362204723
20
5.4257973622047242
11
-3.6612085039370079
21
5.4258861811023618
0
LINE
8
BLACK
6
CONTINUOUS
10
-3.6612085039370079
20
5.4258861811023618
11
-3.6613267716535431
21
5.4259606692913387
0
LINE
8
BLACK
6
CONTINUOUS
10
-3.6613267716535431
20
5.4259606692913387
11
-3.6613948818897635
21
5.4260391732283466
0
LINE
8
BLACK
6
CONTINUOUS
10
-3.6613948818897635
20
5.4260391732283466
11
-3.6616968110236221
21
5.4262870078740155
0
LINE
8
BLACK
6
CONTINUOUS
10
-3.6616968110236221
20
5.4262870078740155
11
-3.6635715748031497
21
5.4281617322834643
0
LINE
8
BLACK
6
CONTINUOUS
10
-3.6635715748031497
20
5.4281617322834643
11
-3.663819409448819
21
5.4284637007874013
0
LINE
8
BLACK
6
CONTINUOUS
10
-3.663819409448819
20
5.4284637007874013
11
-3.6638979133858265
21
5.428531811023622
0
LINE
8
BLACK
6
CONTINUOUS
10
-3.6638979133858265
20
5.428531811023622
11
-3.6639724803149605
21
5.428650196850394
0
LINE
8
BLACK
6
CONTINUOUS
10
-3.6639724803149605
20
5.428650196850394
11
-3.6640611811023622
21
5.4287583464566929
0
LINE
8
BLACK
6
CONTINUOUS
10
-3.6640611811023622
20
5.4287583464566929
11
-3.6641009842519683
21
5.4288543700787404
0
LINE
8
BLACK
6
CONTINUOUS
10
-3.6641009842519683
20
5.4288543700787404
11
-3.6643090551181103
21
5.4291849606299207
0
LINE
8
BLACK
6
CONTINUOUS
10
-3.6643090551181103
20
5.4291849606299207
11
-3.6661838188976379
21
5.4329344881889758
0
LINE
8
BLACK
6
CONTINUOUS
10
-3.6661838188976379
20
5.4329344881889758
11
-3.6664596456692911
21
5.4336552755905512
0
LINE
8
BLACK
6
CONTINUOUS
10
-3.6664596456692911
20
5.4336552755905512
11
-3.6664696850393699
21
5.4337963385826766
0
LINE
8
BLACK
6
CONTINUOUS
10
-3.6664696850393699
20
5.4337963385826766
11
-3.6665238188976379
21
5.4339270866141733
0
LINE
8
BLACK
6
CONTINUOUS
10
-3.6665238188976379
20
5.4339270866141733
11
-3.6665994488188978
21
5.4346951574803146
0
LINE
8
BLACK
6
CONTINUOUS
10
-3.6665994488188978
20
5.4346951574803146
11
-3.6665994488188978
21
5.4403194488188973
0
LINE
8
BLACK
6
CONTINUOUS
10
-3.6665994488188978
20
5.4403194488188973
11
-3.6665238188976379
21
5.4410875196850395
0
LINE
8
BLACK
6
CONTINUOUS
10
-3.6665238188976379
20
5.4410875196850395
11
-3.6664696850393699
21
5.4412182283464565
0
LINE
8
BLACK
6
CONTINUOUS
10
-3.6664696850393699
20
5.4412182283464565
11
-3.6664596456692911
21
5.4413593307086616
0
LINE
8
BLACK
6
CONTINUOUS
10
-3.6664596456692911
20
5.4413593307086616
11
-3.6661838188976379
21
5.4420801181102361
0
LINE
8
BLACK
6
CONTINUOUS
10
-3.6661838188976379
20
5.4420801181102361
11
-3.6643090551181103
21
5.4458296456692912
0
LINE
8
BLACK
6
CONTINUOUS
10
-3.6643090551181103
20
5.4458296456692912
11
-3.6641009842519683
21
5.4461601968503937
0
LINE
8
BLACK
6
CONTINUOUS
10
-3.6641009842519683
20
5.4461601968503937
11
-3.6640611811023622
21
5.4462562598425199
0
LINE
8
BLACK
6
CONTINUOUS
10
-3.6640611811023622
20
5.4462562598425199
11
-3.6639724803149605
21
5.4463643700787401
0
LINE
8
BLACK
6
CONTINUOUS
10
-3.6639724803149605
20
5.4463643700787401
11
-3.6638979133858265
21
5.4464827952755908
0
LINE
8
BLACK
6
CONTINUOUS
10
-3.6638979133858265
20
5.4464827952755908
11
-3.663819409448819
21
5.4465508661417319
0
LINE
8
BLACK
6
CONTINUOUS
10
-3.663819409448819
20
5.4465508661417319
11
-3.6635715748031497
21
5.4468528740157476
0
LINE
8
BLACK
6
CONTINUOUS
10
-3.6635715748031497
20
5.4468528740157476
11
-3.6616968110236221
21
5.4487275984251964
0
LINE
8
BLACK
6
CONTINUOUS
10
-3.6616968110236221
20
5.4487275984251964
11
-3.6616657874015748
21
5.4487530708661414
0
LINE
8
BLACK
6
CONTINUOUS
10
-3.6616657874015748
20
5.4487530708661414
11
-3.6616968110236221
21
5.4487841338582674
0
LINE
8
BLACK
6
CONTINUOUS
10
-3.6616968110236221
20
5.4487841338582674
11
-3.6619446456692915
21
5.4490861023622044
0
LINE
8
BLACK
6
CONTINUOUS
10
-3.6619446456692915
20
5.4490861023622044
11
-3.6620231496062989
21
5.4491542125984251
0
LINE
8
BLACK
6
CONTINUOUS
10
-3.6620231496062989
20
5.4491542125984251
11
-3.6620977165354329
21
5.4492725984251971
0
LINE
8
BLACK
6
CONTINUOUS
10
-3.6620977165354329
20
5.4492725984251971
11
-3.6621864173228347
21
5.449380748031496
0
LINE
8
BLACK
6
CONTINUOUS
10
-3.6621864173228347
20
5.449380748031496
11
-3.6622262204724407
21
5.4494767716535435
0
LINE
8
BLACK
6
CONTINUOUS
10
-3.6622262204724407
20
5.4494767716535435
11
-3.6624342913385828
21
5.4498073622047247
0
LINE
8
BLACK
6
CONTINUOUS
10
-3.6624342913385828
20
5.4498073622047247
11
-3.6643090551181103
21
5.4535568897637798
0
LINE
8
BLACK
6
CONTINUOUS
10
-3.6643090551181103
20
5.4535568897637798
11
-3.6645848818897635
21
5.4542776771653543
0
LINE
8
BLACK
6
CONTINUOUS
10
-3.6645848818897635
20
5.4542776771653543
11
-3.6645949212598423
21
5.4544187401574806
0
LINE
8
BLACK
6
CONTINUOUS
10
-3.6645949212598423
20
5.4544187401574806
11
-3.6646490551181103
21
5.4545494881889764
0
LINE
8
BLACK
6
CONTINUOUS
10
-3.6646490551181103
20
5.4545494881889764
11
-3.6647246850393702
21
5.4553175590551177
0
LINE
8
BLACK
6
CONTINUOUS
10
-3.6647246850393702
20
5.4553175590551177
11
-3.6647246850393702
21
5.4590670866141728
0
LINE
8
BLACK
6
CONTINUOUS
10
-3.6647246850393702
20
5.4590670866141728
11
-3.6646490551181103
21
5.459835157480315
0
LINE
8
BLACK
6
CONTINUOUS
10
-3.6646490551181103
20
5.459835157480315
11
-3.6645949212598423
21
5.4599658661417321
0
LINE
8
BLACK
6
CONTINUOUS
10
-3.6645949212598423
20
5.4599658661417321
11
-3.6645848818897635
21
5.4601069685039372
0
LINE
8
BLACK
6
CONTINUOUS
10
-3.6645848818897635
20
5.4601069685039372
11
-3.6643090551181103
21
5.4608277559055116
0
LINE
8
BLACK
6
CONTINUOUS
10
-3.6643090551181103
20
5.4608277559055116
11
-3.6624342913385828
21
5.4645772834645667
0
LINE
8
BLACK
6
CONTINUOUS
10
-3.6624342913385828
20
5.4645772834645667
11
-3.6622262204724407
21
5.4649078346456692
0
LINE
8
BLACK
6
CONTINUOUS
10
-3.6622262204724407
20
5.4649078346456692
11
-3.6621864173228347
21
5.4650038976377955
0
LINE
8
BLACK
6
CONTINUOUS
10
-3.6621864173228347
20
5.4650038976377955
11
-3.6620977165354329
21
5.4651120078740156
0
LINE
8
BLACK
6
CONTINUOUS
10
-3.6620977165354329
20
5.4651120078740156
11
-3.6620231496062989
21
5.4652304330708663
0
LINE
8
BLACK
6
CONTINUOUS
10
-3.6620231496062989
20
5.4652304330708663
11
-3.6619446456692915
21
5.4652985039370074
0
LINE
8
BLACK
6
CONTINUOUS
10
-3.6619446456692915
20
5.4652985039370074
11
-3.6616968110236221
21
5.4656005118110231
0
LINE
8
BLACK
6
CONTINUOUS
10
-3.6616968110236221
20
5.4656005118110231
11
-3.6598220472440945
21
5.4674752362204719
0
LINE
8
BLACK
6
CONTINUOUS
10
-3.6598220472440945
20
5.4674752362204719
11
-3.6595202362204722
21
5.4677229527559055
0
LINE
8
BLACK
6
CONTINUOUS
10
-3.6595202362204722
20
5.4677229527559055
11
-3.6594520078740156
21
5.4678016141732284
0
LINE
8
BLACK
6
CONTINUOUS
10
-3.6594520078740156
20
5.4678016141732284
11
-3.6593335826771654
21
5.4678761417322832
0
LINE
8
BLACK
6
CONTINUOUS
10
-3.6593335826771654
20
5.4678761417322832
11
-3.6592254724409448
21
5.4679648818897633
0
LINE
8
BLACK
6
CONTINUOUS
10
-3.6592254724409448
20
5.4679648818897633
11
-3.6591294094488189
21
5.468004645669291
0
LINE
8
BLACK
6
CONTINUOUS
10
-3.6591294094488189
20
5.468004645669291
11
-3.6587988188976377
21
5.4682127559055118
0
LINE
8
BLACK
6
CONTINUOUS
10
-3.6587988188976377
20
5.4682127559055118
11
-3.6550493307086613
21
5.4700875196850394
0
LINE
8
BLACK
6
CONTINUOUS
10
-3.6550493307086613
20
5.4700875196850394
11
-3.6543285039370077
21
5.4703633464566925
0
LINE
8
BLACK
6
CONTINUOUS
10
-3.6543285039370077
20
5.4703633464566925
11
-3.6541874409448818
21
5.470373346456693
0
LINE
8
BLACK
6
CONTINUOUS
10
-3.6541874409448818
20
5.470373346456693
11
-3.6540566929133855
21
5.4704275196850389
0
LINE
8
BLACK
6
CONTINUOUS
10
-3.6540566929133855
20
5.4704275196850389
11
-3.6532886220472438
21
5.4705031496062988
0
LINE
8
BLACK
6
CONTINUOUS
10
-3.6532886220472438
20
5.4705031496062988
11
-3.6401652755905509
21
5.4705031496062988
0
LINE
8
BLACK
6
CONTINUOUS
10
-3.6401652755905509
20
5.4705031496062988
11
-3.6393972047244092
21
5.4704275196850389
0
LINE
8
BLACK
6
CONTINUOUS
10
-3.6567862204724411
20
5.4425026771653542
11
-3.6575520078740156
21
5.4417368503937009
0
LINE
8
BLACK
6
CONTINUOUS
10
-3.6575520078740156
20
5.4417368503937009
11
-3.6587254330708658
21
5.4393899999999995
0
LINE
8
BLACK
6
CONTINUOUS
10
-3.6587254330708658
20
5.4393899999999995
11
-3.6587254330708658
21
5.4356245669291336
0
LINE
8
BLACK
6
CONTINUOUS
10
-3.6587254330708658
20
5.4356245669291336
11
-3.6575520078740156
21
5.4332777165354331
0
LINE
8
BLACK
6
CONTINUOUS
10
-3.6575520078740156
20
5.4332777165354331
11
-3.6565807874015746
21
5.4323064566929133
0
LINE
8
BLACK
6
CONTINUOUS
10
-3.6565807874015746
20
5.4323064566929133
11
-3.6542340157480315
21
5.4311330708661414
0
LINE
8
BLACK
6
CONTINUOUS
10
-3.6542340157480315
20
5.4311330708661414
11
-3.6441022834645667
21
5.4311330708661414
0
LINE
8
BLACK
6
CONTINUOUS
10
-3.6441022834645667
20
5.4311330708661414
11
-3.6441022834645667
21
5.4438814960629918
0
LINE
8
BLACK
6
CONTINUOUS
10
-3.6441022834645667
20
5.4438814960629918
11
-3.6526498031496062
21
5.4438814960629918
0
LINE
8
BLACK
6
CONTINUOUS
10
-3.6526498031496062
20
5.4438814960629918
11
-3.6567862204724411
21
5.4425026771653542
0
LINE
8
BLACK
6
CONTINUOUS
10
-3.6547060629921257
20
5.4614557086614175
11
-3.655677244094488
21
5.4604844881889765
0
LINE
8
BLACK
6
CONTINUOUS
10
-3.655677244094488
20
5.4604844881889765
11
-3.6568506692913383
21
5.4581376377952751
0
LINE
8
BLACK
6
CONTINUOUS
10
-3.6568506692913383
20
5.4581376377952751
11
-3.6568506692913383
21
5.4562469685039368
0
LINE
8
BLACK
6
CONTINUOUS
10
-3.6568506692913383
20
5.4562469685039368
11
-3.655677244094488
21
5.4539001181102362
0
LINE
8
BLACK
6
CONTINUOUS
10
-3.655677244094488
20
5.4539001181102362
11
-3.6547060629921257
21
5.4529288976377952
0
LINE
8
BLACK
6
CONTINUOUS
10
-3.6547060629921257
20
5.4529288976377952
11
-3.6523592125984252
21
5.4517555118110232
0
LINE
8
BLACK
6
CONTINUOUS
10
-3.6523592125984252
20
5.4517555118110232
11
-3.6441022834645667
21
5.4517555118110232
0
LINE
8
BLACK
6
CONTINUOUS
10
-3.6441022834645667
20
5.4517555118110232
11
-3.6441022834645667
21
5.4626291338582673
0
LINE
8
BLACK
6
CONTINUOUS
10
-3.6441022834645667
20
5.4626291338582673
11
-3.6523592125984252
21
5.4626291338582673
0
LINE
8
BLACK
6
CONTINUOUS
10
-3.6523592125984252
20
5.4626291338582673
11
-3.6547060629921257
21
5.4614557086614175
0
LINE
8
BLACK
6
CONTINUOUS
10
-3.6131592913385826
20
5.4703832677165352
11
-3.6128786614173229
21
5.4703633464566925
0
LINE
8
BLACK
6
CONTINUOUS
10
-3.6128786614173229
20
5.4703633464566925
11
-3.6124370866141731
21
5.4701425196850391
0
LINE
8
BLACK
6
CONTINUOUS
10
-3.6124370866141731
20
5.4701425196850391
11
-3.6119688188976378
21
5.4699864566929133
0
LINE
8
BLACK
6
CONTINUOUS
10
-3.6119688188976378
20
5.4699864566929133
11
-3.6117563385826772
21
5.4698021653543307
0
LINE
8
BLACK
6
CONTINUOUS
10
-3.6117563385826772
20
5.4698021653543307
11
-3.6115046850393702
21
5.4696763385826772
0
LINE
8
BLACK
6
CONTINUOUS
10
-3.6115046850393702
20
5.4696763385826772
11
-3.6111811417322834
21
5.4693032677165352
0
LINE
8
BLACK
6
CONTINUOUS
10
-3.6111811417322834
20
5.4693032677165352
11
-3.6108083464566927
21
5.4689799606299214
0
LINE
8
BLACK
6
CONTINUOUS
10
-3.6108083464566927
20
5.4689799606299214
11
-3.6106826377952754
21
5.4687285039370082
0
LINE
8
BLACK
6
CONTINUOUS
10
-3.6106826377952754
20
5.4687285039370082
11
-3.6104981889763779
21
5.4685158661417326
0
LINE
8
BLACK
6
CONTINUOUS
10
-3.6104981889763779
20
5.4685158661417326
11
-3.6101835826771653
21
5.467811141732283
0
LINE
8
BLACK
6
CONTINUOUS
10
-3.6101835826771653
20
5.467811141732283
11
-3.5970602362204724
21
5.4284410629921256
0
LINE
8
BLACK
6
CONTINUOUS
10
-3.5970602362204724
20
5.4284410629921256
11
-3.5970246850393699
21
5.4282847244094485
0
LINE
8
BLACK
6
CONTINUOUS
10
-3.5970246850393699
20
5.4282847244094485
11
-3.5965696062992123
21
5.4293833464566932
0
LINE
8
BLACK
6
CONTINUOUS
10
-3.5965696062992123
20
5.4293833464566932
11
-3.5954833858267716
21
5.4304695669291334
0
LINE
8
BLACK
6
CONTINUOUS
10
-3.5954833858267716
20
5.4304695669291334
11
-3.5940641732283463
21
5.4310574409448815
0
LINE
8
BLACK
6
CONTINUOUS
10
-3.5940641732283463
20
5.4310574409448815
11
-3.5932961023622045
21
5.4311330708661414
0
LINE
8
BLACK
6
CONTINUOUS
10
-3.5932961023622045
20
5.4311330708661414
11
-3.5784854724409447
21
5.4311330708661414
0
LINE
8
BLACK
6
CONTINUOUS
10
-3.5784854724409447
20
5.4311330708661414
11
-3.5784854724409447
21
5.4665661417322831
0
LINE
8
BLACK
6
CONTINUOUS
10
-3.5784854724409447
20
5.4665661417322831
11
-3.5784098425196849
21
5.4673342125984252
0
LINE
8
BLACK
6
CONTINUOUS
10
-3.5784098425196849
20
5.4673342125984252
11
-3.5778219685039367
21
5.4687534251968506
0
LINE
8
BLACK
6
CONTINUOUS
10
-3.5778219685039367
20
5.4687534251968506
11
-3.5767357480314961
21
5.4698396456692908
0
LINE
8
BLACK
6
CONTINUOUS
10
-3.5767357480314961
20
5.4698396456692908
11
-3.5753165354330707
21
5.4704275196850389
0
LINE
8
BLACK
6
CONTINUOUS
10
-3.5753165354330707
20
5.4704275196850389
11
-3.5737803937007873
21
5.4704275196850389
0
LINE
8
BLACK
6
CONTINUOUS
10
-3.5737803937007873
20
5.4704275196850389
11
-3.5723611811023623
21
5.4698396456692908
0
LINE
8
BLACK
6
CONTINUOUS
10
-3.5723611811023623
20
5.4698396456692908
11
-3.5712749606299212
21
5.4687534251968506
0
LINE
8
BLACK
6
CONTINUOUS
10
-3.5712749606299212
20
5.4687534251968506
11
-3.5706870866141731
21
5.4673342125984252
0
LINE
8
BLACK
6
CONTINUOUS
10
-3.5706870866141731
20
5.4673342125984252
11
-3.5706114566929132
21
5.4665661417322831
0
LINE
8
BLACK
6
CONTINUOUS
10
-3.5706114566929132
20
5.4665661417322831
11
-3.5706114566929132
21
5.4271960629921256
0
LINE
8
BLACK
6
CONTINUOUS
10
-3.5706114566929132
20
5.4271960629921256
11
-3.5706870866141731
21
5.4264279921259844
0
LINE
8
BLACK
6
CONTINUOUS
10
-3.5706870866141731
20
5.4264279921259844
11
-3.5712749606299212
21
5.425008779527559
0
LINE
8
BLACK
6
CONTINUOUS
10
-3.5712749606299212
20
5.425008779527559
11
-3.5723611811023623
21
5.4239225590551179
0
LINE
8
BLACK
6
CONTINUOUS
10
-3.5723611811023623
20
5.4239225590551179
11
-3.5737803937007873
21
5.4233346850393698
0
LINE
8
BLACK
6
CONTINUOUS
10
-3.5737803937007873
20
5.4233346850393698
11
-3.574548464566929
21
5.4232590551181099
0
LINE
8
BLACK
6
CONTINUOUS
10
-3.574548464566929
20
5.4232590551181099
11
-3.5932961023622045
21
5.4232590551181099
0
LINE
8
BLACK
6
CONTINUOUS
10
-3.5932961023622045
20
5.4232590551181099
11
-3.5940641732283463
21
5.4233346850393698
0
LINE
8
BLACK
6
CONTINUOUS
10
-3.5940641732283463
20
5.4233346850393698
11
-3.5954833858267716
21
5.4239225590551179
0
LINE
8
BLACK
6
CONTINUOUS
10
-3.5954833858267716
20
5.4239225590551179
11
-3.5965696062992123
21
5.425008779527559
0
LINE
8
BLACK
6
CONTINUOUS
10
-3.5965696062992123
20
5.425008779527559
11
-3.5970236614173228
21
5.4261048818897635
0
LINE
8
BLACK
6
CONTINUOUS
10
-3.5970236614173228
20
5.4261048818897635
11
-3.5976849999999998
21
5.4247822440944882
0
LINE
8
BLACK
6
CONTINUOUS
10
-3.5976849999999998
20
5.4247822440944882
11
-3.5988454724409449
21
5.4237757480314963
0
LINE
8
BLACK
6
CONTINUOUS
10
-3.5988454724409449
20
5.4237757480314963
11
-3.6003027952755904
21
5.423289960629921
0
LINE
8
BLACK
6
CONTINUOUS
10
-3.6003027952755904
20
5.423289960629921
11
-3.6018350787401574
21
5.4233988976377949
0
LINE
8
BLACK
6
CONTINUOUS
10
-3.6018350787401574
20
5.4233988976377949
11
-3.6032090551181102
21
5.4240858661417324
0
LINE
8
BLACK
6
CONTINUOUS
10
-3.6032090551181102
20
5.4240858661417324
11
-3.6042155511811025
21
5.425246338582677
0
LINE
8
BLACK
6
CONTINUOUS
10
-3.6042155511811025
20
5.425246338582677
11
-3.604530157480315
21
5.4259511023622045
0
LINE
8
BLACK
6
CONTINUOUS
10
-3.604530157480315
20
5.4259511023622045
11
-3.6073823622047243
21
5.434507677165354
0
LINE
8
BLACK
6
CONTINUOUS
10
-3.6073823622047243
20
5.434507677165354
11
-3.6204547244094489
21
5.434507677165354
0
LINE
8
BLACK
6
CONTINUOUS
10
-3.6204547244094489
20
5.434507677165354
11
-3.6233069291338582
21
5.4259510629921257
0
LINE
8
BLACK
6
CONTINUOUS
10
-3.6233069291338582
20
5.4259510629921257
11
-3.6236215354330708
21
5.425246338582677
0
LINE
8
BLACK
6
CONTINUOUS
10
-3.6236215354330708
20
5.425246338582677
11
-3.6246280314960631
21
5.4240858661417324
0
LINE
8
BLACK
6
CONTINUOUS
10
-3.6246280314960631
20
5.4240858661417324
11
-3.6260020078740158
21
5.4233988582677162
0
LINE
8
BLACK
6
CONTINUOUS
10
-3.6260020078740158
20
5.4233988582677162
11
-3.6275342913385824
21
5.423289960629921
0
LINE
8
BLACK
6
CONTINUOUS
10
-3.6275342913385824
20
5.423289960629921
11
-3.6289916141732284
21
5.4237757086614176
0
LINE
8
BLACK
6
CONTINUOUS
10
-3.6289916141732284
20
5.4237757086614176
11
-3.630152086614173
21
5.4247822047244094
0
LINE
8
BLACK
6
CONTINUOUS
10
-3.630152086614173
20
5.4247822047244094
11
-3.6308390944881888
21
5.4261561811023622
0
LINE
8
BLACK
6
CONTINUOUS
10
-3.6308390944881888
20
5.4261561811023622
11
-3.630947992125984
21
5.4276884645669288
0
LINE
8
BLACK
6
CONTINUOUS
10
-3.630947992125984
20
5.4276884645669288
11
-3.6307768503937008
21
5.4284410629921256
0
LINE
8
BLACK
6
CONTINUOUS
10
-3.6307768503937008
20
5.4284410629921256
11
-3.6176535039370079
21
5.4678111023622042
0
LINE
8
BLACK
6
CONTINUOUS
10
-3.6176535039370079
20
5.4678111023622042
11
-3.6173388976377954
21
5.4685158661417326
0
LINE
8
BLACK
6
CONTINUOUS
10
-3.6173388976377954
20
5.4685158661417326
11
-3.6171545275590549
21
5.4687284251968507
0
LINE
8
BLACK
6
CONTINUOUS
10
-3.6171545275590549
20
5.4687284251968507
11
-3.6170287401574801
21
5.4689800000000002
0
LINE
8
BLACK
6
CONTINUOUS
10
-3.6170287401574801
20
5.4689800000000002
11
-3.6166558661417323
21
5.4693034251968502
0
LINE
8
BLACK
6
CONTINUOUS
10
-3.6166558661417323
20
5.4693034251968502
11
-3.6163324015748031
21
5.4696763385826772
0
LINE
8
BLACK
6
CONTINUOUS
10
-3.6163324015748031
20
5.4696763385826772
11
-3.616080905511811
21
5.4698020866141732
0
LINE
8
BLACK
6
CONTINUOUS
10
-3.616080905511811
20
5.4698020866141732
11
-3.6158682677165355
21
5.469986496062992
0
LINE
8
BLACK
6
CONTINUOUS
10
-3.6158682677165355
20
5.469986496062992
11
-3.6153997244094489
21
5.4701426771653541
0
LINE
8
BLACK
6
CONTINUOUS
10
-3.6153997244094489
20
5.4701426771653541
11
-3.6149584251968503
21
5.4703633070866138
0
LINE
8
BLACK
6
CONTINUOUS
10
-3.6149584251968503
20
5.4703633070866138
11
-3.6146779527559056
21
5.4703832283464564
0
LINE
8
BLACK
6
CONTINUOUS
10
-3.6146779527559056
20
5.4703832283464564
11
-3.6144109448818895
21
5.4704722440944877
0
LINE
8
BLACK
6
CONTINUOUS
10
-3.6144109448818895
20
5.4704722440944877
11
-3.6139184645669289
21
5.4704372047244094
0
LINE
8
BLACK
6
CONTINUOUS
10
-3.6139184645669289
20
5.4704372047244094
11
-3.6134261417322833
21
5.4704722440944877
0
LINE
8
BLACK
6
CONTINUOUS
10
-3.6134261417322833
20
5.4704722440944877
11
-3.6131592913385826
21
5.4703832677165352
0
LINE
8
BLACK
6
CONTINUOUS
10
-3.6178300393700789
20
5.4423816929133855
11
-3.6100070078740156
21
5.4423816929133855
0
LINE
8
BLACK
6
CONTINUOUS
10
-3.6100070078740156
20
5.4423816929133855
11
-3.6139185433070864
21
5.4541162204724412
0
LINE
8
BLACK
6
CONTINUOUS
10
-3.6139185433070864
20
5.4541162204724412
11
-3.6178300393700789
21
5.4423816929133855
0
LINE
8
BLACK
6
CONTINUOUS
10
-3.6773480708661417
20
5.4342191338582673
11
-3.6767514566929131
21
5.4337295275590547
0
LINE
8
BLACK
6
CONTINUOUS
10
-3.6767514566929131
20
5.4337295275590547
11
-3.6748767322834643
21
5.4318547637795271
0
LINE
8
BLACK
6
CONTINUOUS
10
-3.6748767322834643
20
5.4318547637795271
11
-3.674387086614173
21
5.4312581889763782
0
LINE
8
BLACK
6
CONTINUOUS
10
-3.674387086614173
20
5.4312581889763782
11
-3.6737992519685037
21
5.4298389763779529
0
LINE
8
BLACK
6
CONTINUOUS
10
-3.6737992519685037
20
5.4298389763779529
11
-3.6737992125984249
21
5.4283028346456694
0
LINE
8
BLACK
6
CONTINUOUS
10
-3.6737992125984249
20
5.4283028346456694
11
-3.6743870472440943
21
5.4268835826771653
0
LINE
8
BLACK
6
CONTINUOUS
10
-3.6743870472440943
20
5.4268835826771653
11
-3.6748766929133856
21
5.4262870078740155
0
LINE
8
BLACK
6
CONTINUOUS
10
-3.6748766929133856
20
5.4262870078740155
11
-3.6767514566929131
21
5.4244122047244092
0
LINE
8
BLACK
6
CONTINUOUS
10
-3.6767514566929131
20
5.4244122047244092
11
-3.6773480314960629
21
5.4239225590551179
0
LINE
8
BLACK
6
CONTINUOUS
10
-3.6773480314960629
20
5.4239225590551179
11
-3.6773481102362204
21
5.4239225196850391
0
LINE
8
BLACK
6
CONTINUOUS
10
-3.6773481102362204
20
5.4239225196850391
11
-3.6779463779527557
21
5.423674724409449
0
LINE
8
BLACK
6
CONTINUOUS
10
-3.6779463779527557
20
5.423674724409449
11
-3.6787672834645671
21
5.4233346850393698
0
LINE
8
BLACK
6
CONTINUOUS
10
-3.6787672834645671
20
5.4233346850393698
11
-3.6787673228346458
21
5.4233346850393698
0
LINE
8
BLACK
6
CONTINUOUS
10
-3.6787673228346458
20
5.4233346850393698
11
-3.6803033858267717
21
5.4233346850393698
0
LINE
8
BLACK
6
CONTINUOUS
10
-3.6803033858267717
20
5.4233346850393698
11
-3.6803034251968505
21
5.4233346850393698
0
LINE
8
BLACK
6
CONTINUOUS
10
-3.6803034251968505
20
5.4233346850393698
11
-3.6807190944881887
21
5.423506850393701
0
LINE
8
BLACK
6
CONTINUOUS
10
-3.6807190944881887
20
5.423506850393701
11
-3.6817226377952754
21
5.4239225196850391
0
LINE
8
BLACK
6
CONTINUOUS
10
-3.6817226377952754
20
5.4239225196850391
11
-3.6817226771653542
21
5.4239225590551179
0
LINE
8
BLACK
6
CONTINUOUS
10
-3.6817226771653542
20
5.4239225590551179
11
-3.6823192913385827
21
5.4244122047244092
0
LINE
8
BLACK
6
CONTINUOUS
10
-3.6823192913385827
20
5.4244122047244092
11
-3.6841940157480315
21
5.4262870078740155
0
LINE
8
BLACK
6
CONTINUOUS
10
-3.6841940157480315
20
5.4262870078740155
11
-3.6846836614173228
21
5.4268835826771653
0
LINE
8
BLACK
6
CONTINUOUS
10
-3.6846836614173228
20
5.4268835826771653
11
-3.6851312204724409
21
5.4279641338582678
0
LINE
8
BLACK
6
CONTINUOUS
10
-3.6851312204724409
20
5.4279641338582678
11
-3.6852714960629922
21
5.4283027952755907
0
LINE
8
BLACK
6
CONTINUOUS
10
-3.6852714960629922
20
5.4283027952755907
11
-3.6852714960629922
21
5.4298389370078741
0
LINE
8
BLACK
6
CONTINUOUS
10
-3.6852714960629922
20
5.4298389370078741
11
-3.6846836220472441
21
5.4312581496062995
0
LINE
8
BLACK
6
CONTINUOUS
10
-3.6846836220472441
20
5.4312581496062995
11
-3.6846836220472441
21
5.4312581889763782
0
LINE
8
BLACK
6
CONTINUOUS
10
-3.6846836220472441
20
5.4312581889763782
11
-3.6846834645669291
21
5.4312583464566924
0
LINE
8
BLACK
6
CONTINUOUS
10
-3.6846834645669291
20
5.4312583464566924
11
-3.6841940157480315
21
5.4318547637795271
0
LINE
8
BLACK
6
CONTINUOUS
10
-3.6841940157480315
20
5.4318547637795271
11
-3.682319251968504
21
5.4337294881889759
0
LINE
8
BLACK
6
CONTINUOUS
10
-3.682319251968504
20
5.4337294881889759
11
-3.6817226771653542
21
5.4342191338582673
0
LINE
8
BLACK
6
CONTINUOUS
10
-3.6817226771653542
20
5.4342191338582673
11
-3.6813070078740155
21
5.4343912992125984
0
LINE
8
BLACK
6
CONTINUOUS
10
-3.6813070078740155
20
5.4343912992125984
11
-3.6803034251968505
21
5.4348070078740154
0
LINE
8
BLACK
6
CONTINUOUS
10
-3.6803034251968505
20
5.4348070078740154
11
-3.6787672834645671
21
5.4348070078740154
0
LINE
8
BLACK
6
CONTINUOUS
10
-3.6787672834645671
20
5.4348070078740154
11
-3.6773480708661417
21
5.4342191338582673
0
LINE
8
BLACK
6
CONTINUOUS
10
-3.5294691732283465
20
5.4704275196850389
11
-3.5287860236220472
21
5.4704275196850389
0
LINE
8
BLACK
6
CONTINUOUS
10
-3.5287860236220472
20
5.4704275196850389
11
-3.5287049606299212
21
5.4703938976377948
0
LINE
8
BLACK
6
CONTINUOUS
10
-3.5287049606299212
20
5.4703938976377948
11
-3.5286171653543308
21
5.4703900787401576
0
LINE
8
BLACK
6
CONTINUOUS
10
-3.5286171653543308
20
5.4703900787401576
11
-3.5279973622047245
21
5.4701008267716533
0
LINE
8
BLACK
6
CONTINUOUS
10
-3.5279973622047245
20
5.4701008267716533
11
-3.5273668110236218
21
5.4698396456692908
0
LINE
8
BLACK
6
CONTINUOUS
10
-3.5273668110236218
20
5.4698396456692908
11
-3.5273048425196851
21
5.4697776377952758
0
LINE
8
BLACK
6
CONTINUOUS
10
-3.5273048425196851
20
5.4697776377952758
11
-3.5272251574803151
21
5.4697404724409449
0
LINE
8
BLACK
6
CONTINUOUS
10
-3.5272251574803151
20
5.4697404724409449
11
-3.526763346456693
21
5.4692361417322832
0
LINE
8
BLACK
6
CONTINUOUS
10
-3.526763346456693
20
5.4692361417322832
11
-3.5262805905511811
21
5.4687534251968506
0
LINE
8
BLACK
6
CONTINUOUS
10
-3.5262805905511811
20
5.4687534251968506
11
-3.5262470078740158
21
5.4686723228346459
0
LINE
8
BLACK
6
CONTINUOUS
10
-3.5262470078740158
20
5.4686723228346459
11
-3.5261876771653542
21
5.4686075590551182
0
LINE
8
BLACK
6
CONTINUOUS
10
-3.5261876771653542
20
5.4686075590551182
11
-3.5259541732283464
21
5.4679653149606295
0
LINE
8
BLACK
6
CONTINUOUS
10
-3.5259541732283464
20
5.4679653149606295
11
-3.525692716535433
21
5.4673342125984252
0
LINE
8
BLACK
6
CONTINUOUS
10
-3.525692716535433
20
5.4673342125984252
11
-3.525680866141732
21
5.467213779527559
0
LINE
8
BLACK
6
CONTINUOUS
10
-3.525680866141732
20
5.467213779527559
11
-3.5256627165354328
21
5.4671638976377954
0
LINE
8
BLACK
6
CONTINUOUS
10
-3.5256627165354328
20
5.4671638976377954
11
-3.5256668110236218
21
5.4670709842519685
0
LINE
8
BLACK
6
CONTINUOUS
10
-3.5256668110236218
20
5.4670709842519685
11
-3.5256170866141732
21
5.4665661417322831
0
LINE
8
BLACK
6
CONTINUOUS
10
-3.5256170866141732
20
5.4665661417322831
11
-3.5256170866141732
21
5.4271960629921256
0
LINE
8
BLACK
6
CONTINUOUS
10
-3.5256170866141732
20
5.4271960629921256
11
-3.525692716535433
21
5.4264279921259844
0
LINE
8
BLACK
6
CONTINUOUS
10
-3.525692716535433
20
5.4264279921259844
11
-3.5262805905511811
21
5.425008779527559
0
LINE
8
BLACK
6
CONTINUOUS
10
-3.5262805905511811
20
5.425008779527559
11
-3.5273668110236218
21
5.4239225590551179
0
LINE
8
BLACK
6
CONTINUOUS
10
-3.5273668110236218
20
5.4239225590551179
11
-3.5287860236220472
21
5.4233346850393698
0
LINE
8
BLACK
6
CONTINUOUS
10
-3.5287860236220472
20
5.4233346850393698
11
-3.5303221653543306
21
5.4233346850393698
0
LINE
8
BLACK
6
CONTINUOUS
10
-3.5303221653543306
20
5.4233346850393698
11
-3.531741377952756
21
5.4239225590551179
0
LINE
8
BLACK
6
CONTINUOUS
10
-3.531741377952756
20
5.4239225590551179
11
-3.5328275984251967
21
5.425008779527559
0
LINE
8
BLACK
6
CONTINUOUS
10
-3.5328275984251967
20
5.425008779527559
11
-3.5334154724409448
21
5.4264279921259844
0
LINE
8
BLACK
6
CONTINUOUS
10
-3.5334154724409448
20
5.4264279921259844
11
-3.5334911023622046
21
5.4271960629921256
0
LINE
8
BLACK
6
CONTINUOUS
10
-3.5334911023622046
20
5.4271960629921256
11
-3.5334911023622046
21
5.4488198425196845
0
LINE
8
BLACK
6
CONTINUOUS
10
-3.5334911023622046
20
5.4488198425196845
11
-3.5391098031496062
21
5.4367797637795272
0
LINE
8
BLACK
6
CONTINUOUS
10
-3.5391098031496062
20
5.4367797637795272
11
-3.5392763779527558
21
5.4364985826771655
0
LINE
8
BLACK
6
CONTINUOUS
10
-3.5392763779527558
20
5.4364985826771655
11
-3.5393110236220471
21
5.4364032677165355
0
LINE
8
BLACK
6
CONTINUOUS
10
-3.5393110236220471
20
5.4364032677165355
11
-3.5393727952755905
21
5.4363358267716535
0
LINE
8
BLACK
6
CONTINUOUS
10
-3.5393727952755905
20
5.4363358267716535
11
-3.5395031496062992
21
5.4361157480314963
0
LINE
8
BLACK
6
CONTINUOUS
10
-3.5395031496062992
20
5.4361157480314963
11
-3.5399442125984253
21
5.4357118503937008
0
LINE
8
BLACK
6
CONTINUOUS
10
-3.5399442125984253
20
5.4357118503937008
11
-3.540348503937008
21
5.4352703543307088
0
LINE
8
BLACK
6
CONTINUOUS
10
-3.540348503937008
20
5.4352703543307088
11
-3.5405071653543305
21
5.4351962992125982
0
LINE
8
BLACK
6
CONTINUOUS
10
-3.5405071653543305
20
5.4351962992125982
11
-3.5406360236220471
21
5.4350783070866138
0
LINE
8
BLACK
6
CONTINUOUS
10
-3.5406360236220471
20
5.4350783070866138
11
-3.5411978346456694
21
5.4348739763779523
0
LINE
8
BLACK
6
CONTINUOUS
10
-3.5411978346456694
20
5.4348739763779523
11
-3.5417405118110237
21
5.4346207480314961
0
LINE
8
BLACK
6
CONTINUOUS
10
-3.5417405118110237
20
5.4346207480314961
11
-3.5419153937007875
21
5.4346130314960632
0
LINE
8
BLACK
6
CONTINUOUS
10
-3.5419153937007875
20
5.4346130314960632
11
-3.5420796850393699
21
5.4345533070866141
0
LINE
8
BLACK
6
CONTINUOUS
10
-3.5420796850393699
20
5.4345533070866141
11
-3.5426774409448818
21
5.4345795669291341
0
LINE
8
BLACK
6
CONTINUOUS
10
-3.5426774409448818
20
5.4345795669291341
11
-3.5432751968503937
21
5.4345533070866141
0
LINE
8
BLACK
6
CONTINUOUS
10
-3.5432751968503937
20
5.4345533070866141
11
-3.5434395669291336
21
5.4346130314960632
0
LINE
8
BLACK
6
CONTINUOUS
10
-3.5434395669291336
20
5.4346130314960632
11
-3.5436143307086612
21
5.4346207480314961
0
LINE
8
BLACK
6
CONTINUOUS
10
-3.5436143307086612
20
5.4346207480314961
11
-3.5441565748031496
21
5.4348737795275586
0
LINE
8
BLACK
6
CONTINUOUS
10
-3.5441565748031496
20
5.4348737795275586
11
-3.5447188582677165
21
5.435078267716535
0
LINE
8
BLACK
6
CONTINUOUS
10
-3.5447188582677165
20
5.435078267716535
11
-3.5448479133858268
21
5.4351964173228344
0
LINE
8
BLACK
6
CONTINUOUS
10
-3.5448479133858268
20
5.4351964173228344
11
-3.5450063779527556
21
5.4352703937007876
0
LINE
8
BLACK
6
CONTINUOUS
10
-3.5450063779527556
20
5.4352703937007876
11
-3.5454103937007875
21
5.4357115354330707
0
LINE
8
BLACK
6
CONTINUOUS
10
-3.5454103937007875
20
5.4357115354330707
11
-3.5458517322834644
21
5.4361157480314963
0
LINE
8
BLACK
6
CONTINUOUS
10
-3.5458517322834644
20
5.4361157480314963
11
-3.5459822047244094
21
5.4363359448818898
0
LINE
8
BLACK
6
CONTINUOUS
10
-3.5459822047244094
20
5.4363359448818898
11
-3.5460438188976378
21
5.4364032677165355
0
LINE
8
BLACK
6
CONTINUOUS
10
-3.5460438188976378
20
5.4364032677165355
11
-3.546078464566929
21
5.4364984251968504
0
LINE
8
BLACK
6
CONTINUOUS
10
-3.546078464566929
20
5.4364984251968504
11
-3.5462450787401574
21
5.4367797637795272
0
LINE
8
BLACK
6
CONTINUOUS
10
-3.5462450787401574
20
5.4367797637795272
11
-3.5518637795275589
21
5.4488198031496058
0
LINE
8
BLACK
6
CONTINUOUS
10
-3.5518637795275589
20
5.4488198031496058
11
-3.5518637795275589
21
5.4271960629921256
0
LINE
8
BLACK
6
CONTINUOUS
10
-3.5518637795275589
20
5.4271960629921256
11
-3.5519394094488188
21
5.4264279921259844
0
LINE
8
BLACK
6
CONTINUOUS
10
-3.5519394094488188
20
5.4264279921259844
11
-3.5525272834645669
21
5.425008779527559
0
LINE
8
BLACK
6
CONTINUOUS
10
-3.5525272834645669
20
5.425008779527559
11
-3.5536135039370076
21
5.4239225590551179
0
LINE
8
BLACK
6
CONTINUOUS
10
-3.5536135039370076
20
5.4239225590551179
11
-3.555032716535433
21
5.4233346850393698
0
LINE
8
BLACK
6
CONTINUOUS
10
-3.555032716535433
20
5.4233346850393698
11
-3.5565688582677164
21
5.4233346850393698
0
LINE
8
BLACK
6
CONTINUOUS
10
-3.5565688582677164
20
5.4233346850393698
11
-3.5579880708661418
21
5.4239225590551179
0
LINE
8
BLACK
6
CONTINUOUS
10
-3.5579880708661418
20
5.4239225590551179
11
-3.5590742913385824
21
5.425008779527559
0
LINE
8
BLACK
6
CONTINUOUS
10
-3.5590742913385824
20
5.425008779527559
11
-3.5596621653543306
21
5.4264279921259844
0
LINE
8
BLACK
6
CONTINUOUS
10
-3.5596621653543306
20
5.4264279921259844
11
-3.5597377952755904
21
5.4271960629921256
0
LINE
8
BLACK
6
CONTINUOUS
10
-3.5597377952755904
20
5.4271960629921256
11
-3.5597377952755904
21
5.4665661417322831
0
LINE
8
BLACK
6
CONTINUOUS
10
-3.5597377952755904
20
5.4665661417322831
11
-3.5596881102362206
21
5.4670709842519685
0
LINE
8
BLACK
6
CONTINUOUS
10
-3.5596881102362206
20
5.4670709842519685
11
-3.5596921653543308
21
5.4671638976377954
0
LINE
8
BLACK
6
CONTINUOUS
10
-3.5596921653543308
20
5.4671638976377954
11
-3.5596740551181103
21
5.467213779527559
0
LINE
8
BLACK
6
CONTINUOUS
10
-3.5596740551181103
20
5.467213779527559
11
-3.5596621653543306
21
5.4673342125984252
0
LINE
8
BLACK
6
CONTINUOUS
10
-3.5596621653543306
20
5.4673342125984252
11
-3.559400590551181
21
5.4679657480314958
0
LINE
8
BLACK
6
CONTINUOUS
10
-3.559400590551181
20
5.4679657480314958
11
-3.5591671653543306
21
5.4686075590551182
0
LINE
8
BLACK
6
CONTINUOUS
10
-3.5591671653543306
20
5.4686075590551182
11
-3.5591079133858265
21
5.4686722440944884
0
LINE
8
BLACK
6
CONTINUOUS
10
-3.5591079133858265
20
5.4686722440944884
11
-3.5590742913385824
21
5.4687534251968506
0
LINE
8
BLACK
6
CONTINUOUS
10
-3.5590742913385824
20
5.4687534251968506
11
-3.5585911023622048
21
5.4692366141732283
0
LINE
8
BLACK
6
CONTINUOUS
10
-3.5585911023622048
20
5.4692366141732283
11
-3.5581297244094485
21
5.4697404330708661
0
LINE
8
BLACK
6
CONTINUOUS
10
-3.5581297244094485
20
5.4697404330708661
11
-3.5580501574803147
21
5.4697775590551183
0
LINE
8
BLACK
6
CONTINUOUS
10
-3.5580501574803147
20
5.4697775590551183
11
-3.5579880708661418
21
5.4698396456692908
0
LINE
8
BLACK
6
CONTINUOUS
10
-3.5579880708661418
20
5.4698396456692908
11
-3.5573570078740158
21
5.4701010236220471
0
LINE
8
BLACK
6
CONTINUOUS
10
-3.5573570078740158
20
5.4701010236220471
11
-3.5567376771653541
21
5.4703900787401576
0
LINE
8
BLACK
6
CONTINUOUS
10
-3.5567376771653541
20
5.4703900787401576
11
-3.5566499606299211
21
5.4703938976377948
0
LINE
8
BLACK
6
CONTINUOUS
10
-3.5566499606299211
20
5.4703938976377948
11
-3.5565688582677164
21
5.4704275196850389
0
LINE
8
BLACK
6
CONTINUOUS
10
-3.5565688582677164
20
5.4704275196850389
11
-3.5558857086614171
21
5.4704275196850389
0
LINE
8
BLACK
6
CONTINUOUS
10
-3.5558857086614171
20
5.4704275196850389
11
-3.5552030314960628
21
5.4704575196850396
0
LINE
8
BLACK
6
CONTINUOUS
10
-3.5552030314960628
20
5.4704575196850396
11
-3.5551205511811022
21
5.4704275196850389
0
LINE
8
BLACK
6
CONTINUOUS
10
-3.5551205511811022
20
5.4704275196850389
11
-3.555032716535433
21
5.4704275196850389
0
LINE
8
BLACK
6
CONTINUOUS
10
-3.555032716535433
20
5.4704275196850389
11
-3.5544011811023619
21
5.470165905511811
0
LINE
8
BLACK
6
CONTINUOUS
10
-3.5544011811023619
20
5.470165905511811
11
-3.55375937007874
21
5.469932519685039
0
LINE
8
BLACK
6
CONTINUOUS
10
-3.55375937007874
20
5.469932519685039
11
-3.5536946850393698
21
5.4698732283464562
0
LINE
8
BLACK
6
CONTINUOUS
10
-3.5536946850393698
20
5.4698732283464562
11
-3.5536135039370076
21
5.4698396456692908
0
LINE
8
BLACK
6
CONTINUOUS
10
-3.5536135039370076
20
5.4698396456692908
11
-3.5531303149606299
21
5.4693564173228344
0
LINE
8
BLACK
6
CONTINUOUS
10
-3.5531303149606299
20
5.4693564173228344
11
-3.5526264960629921
21
5.4688950787401573
0
LINE
8
BLACK
6
CONTINUOUS
10
-3.5526264960629921
20
5.4688950787401573
11
-3.552564842519685
21
5.4687909448818894
0
LINE
8
BLACK
6
CONTINUOUS
10
-3.552564842519685
20
5.4687909448818894
11
-3.5525272834645669
21
5.4687534251968506
0
LINE
8
BLACK
6
CONTINUOUS
10
-3.5525272834645669
20
5.4687534251968506
11
-3.5524917322834644
21
5.4686675196850389
0
LINE
8
BLACK
6
CONTINUOUS
10
-3.5524917322834644
20
5.4686675196850389
11
-3.5522331496062991
21
5.4682310629921256
0
LINE
8
BLACK
6
CONTINUOUS
10
-3.5522331496062991
20
5.4682310629921256
11
-3.5426774803149605
21
5.4477545275590549
0
LINE
8
BLACK
6
CONTINUOUS
10
-3.5426774803149605
20
5.4477545275590549
11
-3.5331217322834645
21
5.4682310629921256
0
LINE
8
BLACK
6
CONTINUOUS
10
-3.5331217322834645
20
5.4682310629921256
11
-3.532863188976378
21
5.4686675196850389
0
LINE
8
BLACK
6
CONTINUOUS
10
-3.532863188976378
20
5.4686675196850389
11
-3.5328275984251967
21
5.4687534251968506
0
LINE
8
BLACK
6
CONTINUOUS
10
-3.5328275984251967
20
5.4687534251968506
11
-3.5327900787401574
21
5.4687909448818894
0
LINE
8
BLACK
6
CONTINUOUS
10
-3.5327900787401574
20
5.4687909448818894
11
-3.5327283858267715
21
5.4688950787401573
0
LINE
8
BLACK
6
CONTINUOUS
10
-3.5327283858267715
20
5.4688950787401573
11
-3.5322243700787399
21
5.4693566535433069
0
LINE
8
BLACK
6
CONTINUOUS
10
-3.5322243700787399
20
5.4693566535433069
11
-3.531741377952756
21
5.4698396456692908
0
LINE
8
BLACK
6
CONTINUOUS
10
-3.531741377952756
20
5.4698396456692908
11
-3.53166031496063
21
5.4698732283464562
0
LINE
8
BLACK
6
CONTINUOUS
10
-3.53166031496063
20
5.4698732283464562
11
-3.5315955118110236
21
5.4699325590551178
0
LINE
8
BLACK
6
CONTINUOUS
10
-3.5315955118110236
20
5.4699325590551178
11
-3.5309533070866141
21
5.470166062992126
0
LINE
8
BLACK
6
CONTINUOUS
10
-3.5309533070866141
20
5.470166062992126
11
-3.5303221653543306
21
5.4704275196850389
0
LINE
8
BLACK
6
CONTINUOUS
10
-3.5303221653543306
20
5.4704275196850389
11
-3.5302343700787402
21
5.4704275196850389
0
LINE
8
BLACK
6
CONTINUOUS
10
-3.5302343700787402
20
5.4704275196850389
11
-3.5301518503937008
21
5.4704575196850396
0
LINE
8
BLACK
6
CONTINUOUS
10
-3.5301518503937008
20
5.4704575196850396
11
-3.5294691732283465
21
5.4704275196850389
0
LINE
8
BLACK
6
CONTINUOUS
10
-3.8605999999999998
20
6.0237999999999996
11
-3.8649933858267715
21
6.0237999999999996
0
LINE
8
BLACK
6
CONTINUOUS
10
-3.8649933858267715
20
6.0237999999999996
11
-3.9699999999999998
21
5.9187933858267714
0
LINE
8
BLACK
6
CONTINUOUS
10
-3.9699999999999998
20
5.9187933858267714
11
-3.9699999999999998
21
5.7774999999999999
0
LINE
8
BLACK
6
CONTINUOUS
10
-3.9699999999999998
20
5.7774999999999999
11
-3.9699999999999998
21
5.7625000000000002
0
LINE
8
BLACK
6
CONTINUOUS
10
-3.9699999999999998
20
5.7625000000000002
11
-3.96
21
5.7625000000000002
0
LINE
8
BLACK
6
CONTINUOUS
10
-3.96
20
5.7625000000000002
11
-3.96
21
5.7074999999999996
0
LINE
8
BLACK
6
CONTINUOUS
10
-3.96
20
5.7074999999999996
11
-3.9699999999999998
21
5.7074999999999996
0
LINE
8
BLACK
6
CONTINUOUS
10
-3.9699999999999998
20
5.7074999999999996
11
-3.9699999999999998
21
5.6831066141732283
0
LINE
8
BLACK
6
CONTINUOUS
10
-3.9699999999999998
20
5.6831066141732283
11
-3.9243933858267717
21
5.6375000000000002
0
LINE
8
BLACK
6
CONTINUOUS
10
-3.9243933858267717
20
5.6375000000000002
11
-3.9125000000000001
21
5.6375000000000002
0
LINE
8
BLACK
6
CONTINUOUS
10
-3.9125000000000001
20
5.6375000000000002
11
-3.9125000000000001
21
5.6624999999999996
0
LINE
8
BLACK
6
CONTINUOUS
10
-3.9125000000000001
20
5.6624999999999996
11
-3.8474999999999997
21
5.6624999999999996
0
LINE
8
BLACK
6
CONTINUOUS
10
-3.8474999999999997
20
5.6624999999999996
11
-3.8474999999999997
21
5.5975000000000001
0
LINE
8
BLACK
6
CONTINUOUS
10
-3.8474999999999997
20
5.5975000000000001
11
-3.9125000000000001
21
5.5975000000000001
0
LINE
8
BLACK
6
CONTINUOUS
10
-3.9125000000000001
20
5.5975000000000001
11
-3.9125000000000001
21
5.6224999999999996
0
LINE
8
BLACK
6
CONTINUOUS
10
-3.9125000000000001
20
5.6224999999999996
11
-3.9274999999999998
21
5.6224999999999996
0
LINE
8
BLACK
6
CONTINUOUS
10
-3.9274999999999998
20
5.6224999999999996
11
-3.9289631889763781
21
5.622644094488189
0
LINE
8
BLACK
6
CONTINUOUS
10
-3.9289631889763781
20
5.622644094488189
11
-3.9316667716535432
21
5.623763976377953
0
LINE
8
BLACK
6
CONTINUOUS
10
-3.9316667716535432
20
5.623763976377953
11
-3.9328033070866142
21
5.6246966929133855
0
LINE
8
BLACK
6
CONTINUOUS
10
-3.9328033070866142
20
5.6246966929133855
11
-3.982803307086614
21
5.6746966929133853
0
LINE
8
BLACK
6
CONTINUOUS
10
-3.982803307086614
20
5.6746966929133853
11
-3.9837360236220474
21
5.6758332283464563
0
LINE
8
BLACK
6
CONTINUOUS
10
-3.9837360236220474
20
5.6758332283464563
11
-3.9848559055118109
21
5.6785368110236218
0
LINE
8
BLACK
6
CONTINUOUS
10
-3.9848559055118109
20
5.6785368110236218
11
-3.9849999999999999
21
5.6799999999999997
0
LINE
8
BLACK
6
CONTINUOUS
10
-3.9849999999999999
20
5.6799999999999997
11
-3.9849999999999999
21
5.7074999999999996
0
LINE
8
BLACK
6
CONTINUOUS
10
-3.9849999999999999
20
5.7074999999999996
11
-3.9950000000000001
21
5.7074999999999996
0
LINE
8
BLACK
6
CONTINUOUS
10
-3.9950000000000001
20
5.7074999999999996
11
-3.9950000000000001
21
5.7625000000000002
0
LINE
8
BLACK
6
CONTINUOUS
10
-3.9950000000000001
20
5.7625000000000002
11
-3.9849999999999999
21
5.7625000000000002
0
LINE
8
BLACK
6
CONTINUOUS
10
-3.9849999999999999
20
5.7625000000000002
11
-3.9849999999999999
21
5.7774999999999999
0
LINE
8
BLACK
6
CONTINUOUS
10
-3.9849999999999999
20
5.7774999999999999
11
-3.9849999999999999
21
5.9218999999999999
0
LINE
8
BLACK
6
CONTINUOUS
10
-3.9849999999999999
20
5.9218999999999999
11
-3.9848559055118109
21
5.9233631889763778
0
LINE
8
BLACK
6
CONTINUOUS
10
-3.9848559055118109
20
5.9233631889763778
11
-3.9837360236220474
21
5.9260667716535433
0
LINE
8
BLACK
6
CONTINUOUS
10
-3.9837360236220474
20
5.9260667716535433
11
-3.982803307086614
21
5.9272033070866144
0
LINE
8
BLACK
6
CONTINUOUS
10
-3.982803307086614
20
5.9272033070866144
11
-3.8755999999999999
21
6.0344066141732284
0
LINE
8
BLACK
6
CONTINUOUS
10
-3.8755999999999999
20
6.0344066141732284
11
-3.8755999999999999
21
6.0737999999999994
0
LINE
8
BLACK
6
CONTINUOUS
10
-3.8755999999999999
20
6.0737999999999994
11
-3.8605999999999998
21
6.0737999999999994
0
LINE
8
BLACK
6
CONTINUOUS
10
-3.8605999999999998
20
6.0737999999999994
11
-3.8605999999999998
21
6.0237999999999996
0
LINE
8
BLACK
6
CONTINUOUS
10
-3.835
20
6.0488
11
-3.835
21
6.0175000000000001
0
LINE
8
BLACK
6
CONTINUOUS
10
-3.835
20
6.0175000000000001
11
-3.8351440944881889
21
6.0160368110236222
0
LINE
8
BLACK
6
CONTINUOUS
10
-3.8351440944881889
20
6.0160368110236222
11
-3.8362639370078737
21
6.0133332283464567
0
LINE
8
BLACK
6
CONTINUOUS
10
-3.8362639370078737
20
6.0133332283464567
11
-3.8371966929133858
21
6.0121966929133857
0
LINE
8
BLACK
6
CONTINUOUS
10
-3.8371966929133858
20
6.0121966929133857
11
-3.9300000393700785
21
5.919393346456693
0
LINE
8
BLACK
6
CONTINUOUS
10
-3.9300000393700785
20
5.919393346456693
11
-3.9300000393700785
21
5.6966065748031491
0
LINE
8
BLACK
6
CONTINUOUS
10
-3.9300000393700785
20
5.6966065748031491
11
-3.9187675196850393
21
5.6853740551181104
0
LINE
8
BLACK
6
CONTINUOUS
10
-3.9187675196850393
20
5.6853740551181104
11
-3.8278740551181101
21
5.6853740551181104
0
LINE
8
BLACK
6
CONTINUOUS
10
-3.8278740551181101
20
5.6853740551181104
11
-3.8264108661417322
21
5.685229960629921
0
LINE
8
BLACK
6
CONTINUOUS
10
-3.8264108661417322
20
5.685229960629921
11
-3.8237072834645667
21
5.6841100787401571
0
LINE
8
BLACK
6
CONTINUOUS
10
-3.8237072834645667
20
5.6841100787401571
11
-3.8225707480314961
21
5.6831773622047246
0
LINE
8
BLACK
6
CONTINUOUS
10
-3.8225707480314961
20
5.6831773622047246
11
-3.8018933858267716
21
5.6624999999999996
0
LINE
8
BLACK
6
CONTINUOUS
10
-3.8018933858267716
20
5.6624999999999996
11
-3.7581066141732284
21
5.6624999999999996
0
LINE
8
BLACK
6
CONTINUOUS
10
-3.7581066141732284
20
5.6624999999999996
11
-3.7131066141732281
21
5.7074999999999996
0
LINE
8
BLACK
6
CONTINUOUS
10
-3.7131066141732281
20
5.7074999999999996
11
-3.7199999999999998
21
5.7074999999999996
0
LINE
8
BLACK
6
CONTINUOUS
10
-3.7199999999999998
20
5.7074999999999996
11
-3.7199999999999998
21
5.7625000000000002
0
LINE
8
BLACK
6
CONTINUOUS
10
-3.7199999999999998
20
5.7625000000000002
11
-3.6850000000000001
21
5.7625000000000002
0
LINE
8
BLACK
6
CONTINUOUS
10
-3.6850000000000001
20
5.7625000000000002
11
-3.6850000000000001
21
5.7074999999999996
0
LINE
8
BLACK
6
CONTINUOUS
10
-3.6850000000000001
20
5.7074999999999996
11
-3.6949999999999998
21
5.7074999999999996
0
LINE
8
BLACK
6
CONTINUOUS
10
-3.6949999999999998
20
5.7074999999999996
11
-3.6951440944881888
21
5.7060368110236217
0
LINE
8
BLACK
6
CONTINUOUS
10
-3.6951440944881888
20
5.7060368110236217
11
-3.6962639763779528
21
5.7033332283464562
0
LINE
8
BLACK
6
CONTINUOUS
10
-3.6962639763779528
20
5.7033332283464562
11
-3.6971966929133857
21
5.702196692913386
0
LINE
8
BLACK
6
CONTINUOUS
10
-3.6971966929133857
20
5.702196692913386
11
-3.7475000000000001
21
5.6518933858267717
0
LINE
8
BLACK
6
CONTINUOUS
10
-3.7475000000000001
20
5.6518933858267717
11
-3.7475000000000001
21
5.5975000000000001
0
LINE
8
BLACK
6
CONTINUOUS
10
-3.7475000000000001
20
5.5975000000000001
11
-3.8125
21
5.5975000000000001
0
LINE
8
BLACK
6
CONTINUOUS
10
-3.8125
20
5.5975000000000001
11
-3.8125
21
5.6518933858267717
0
LINE
8
BLACK
6
CONTINUOUS
10
-3.8125
20
5.6518933858267717
11
-3.8309806692913386
21
5.6703740551181099
0
LINE
8
BLACK
6
CONTINUOUS
10
-3.8309806692913386
20
5.6703740551181099
11
-3.9218741338582674
21
5.6703740551181099
0
LINE
8
BLACK
6
CONTINUOUS
10
-3.9218741338582674
20
5.6703740551181099
11
-3.9233373228346458
21
5.6705181496062993
0
LINE
8
BLACK
6
CONTINUOUS
10
-3.9233373228346458
20
5.6705181496062993
11
-3.9241291732283465
21
5.6708461417322837
0
LINE
8
BLACK
6
CONTINUOUS
10
-3.9241291732283465
20
5.6708461417322837
11
-3.9260409055118108
21
5.6716379921259845
0
LINE
8
BLACK
6
CONTINUOUS
10
-3.9260409055118108
20
5.6716379921259845
11
-3.9271774409448819
21
5.6725707480314957
0
LINE
8
BLACK
6
CONTINUOUS
10
-3.9271774409448819
20
5.6725707480314957
11
-3.9428033464566927
21
5.6881966535433071
0
LINE
8
BLACK
6
CONTINUOUS
10
-3.9428033464566927
20
5.6881966535433071
11
-3.9437360629921261
21
5.6893331889763781
0
LINE
8
BLACK
6
CONTINUOUS
10
-3.9437360629921261
20
5.6893331889763781
11
-3.9448559448818896
21
5.6920367716535436
0
LINE
8
BLACK
6
CONTINUOUS
10
-3.9448559448818896
20
5.6920367716535436
11
-3.9450000393700786
21
5.6934999606299215
0
LINE
8
BLACK
6
CONTINUOUS
10
-3.9450000393700786
20
5.6934999606299215
11
-3.9450000393700786
21
5.9224999606299216
0
LINE
8
BLACK
6
CONTINUOUS
10
-3.9450000393700786
20
5.9224999606299216
11
-3.9448559448818896
21
5.9239631496062994
0
LINE
8
BLACK
6
CONTINUOUS
10
-3.9448559448818896
20
5.9239631496062994
11
-3.9437360629921261
21
5.9266667322834641
0
LINE
8
BLACK
6
CONTINUOUS
10
-3.9437360629921261
20
5.9266667322834641
11
-3.9428033464566927
21
5.9278032677165351
0
LINE
8
BLACK
6
CONTINUOUS
10
-3.9428033464566927
20
5.9278032677165351
11
-3.8500000000000001
21
6.0206066141732286
0
LINE
8
BLACK
6
CONTINUOUS
10
-3.8500000000000001
20
6.0206066141732286
11
-3.8500000000000001
21
6.0237999999999996
0
LINE
8
BLACK
6
CONTINUOUS
10
-3.8500000000000001
20
6.0237999999999996
11
-3.8500000000000001
21
6.0737999999999994
0
LINE
8
BLACK
6
CONTINUOUS
10
-3.8500000000000001
20
6.0737999999999994
11
-3.835
21
6.0737999999999994
0
LINE
8
BLACK
6
CONTINUOUS
10
-3.835
20
6.0737999999999994
11
-3.835
21
6.0488
0
LINE
8
BLACK
6
CONTINUOUS
10
-3.7582
20
6.0488
11
-3.7582
21
5.9913066141732285
0
LINE
8
BLACK
6
CONTINUOUS
10
-3.7582
20
5.9913066141732285
11
-3.7318933858267718
21
5.9649999999999999
0
LINE
8
BLACK
6
CONTINUOUS
10
-3.7318933858267718
20
5.9649999999999999
11
-3.6974999999999998
21
5.9649999999999999
0
LINE
8
BLACK
6
CONTINUOUS
10
-3.6974999999999998
20
5.9649999999999999
11
-3.6974999999999998
21
5.9574999999999996
0
LINE
8
BLACK
6
CONTINUOUS
10
-3.6974999999999998
20
5.9574999999999996
11
-3.6425000000000001
21
5.9574999999999996
0
LINE
8
BLACK
6
CONTINUOUS
10
-3.6425000000000001
20
5.9574999999999996
11
-3.6425000000000001
21
5.9649999999999999
0
LINE
8
BLACK
6
CONTINUOUS
10
-3.6425000000000001
20
5.9649999999999999
11
-3.5874999999999999
21
5.9649999999999999
0
LINE
8
BLACK
6
CONTINUOUS
10
-3.5874999999999999
20
5.9649999999999999
11
-3.5874999999999999
21
5.9574999999999996
0
LINE
8
BLACK
6
CONTINUOUS
10
-3.5874999999999999
20
5.9574999999999996
11
-3.5699999999999998
21
5.9574999999999996
0
LINE
8
BLACK
6
CONTINUOUS
10
-3.5699999999999998
20
5.9574999999999996
11
-3.5699999999999998
21
6.0199999999999996
0
LINE
8
BLACK
6
CONTINUOUS
10
-3.5699999999999998
20
6.0199999999999996
11
-3.5874999999999999
21
6.0199999999999996
0
LINE
8
BLACK
6
CONTINUOUS
10
-3.5874999999999999
20
6.0199999999999996
11
-3.5874999999999999
21
6.0549999999999997
0
LINE
8
BLACK
6
CONTINUOUS
10
-3.5874999999999999
20
6.0549999999999997
11
-3.5324999999999998
21
6.0549999999999997
0
LINE
8
BLACK
6
CONTINUOUS
10
-3.5324999999999998
20
6.0549999999999997
11
-3.5324999999999998
21
6.0474999999999994
0
LINE
8
BLACK
6
CONTINUOUS
10
-3.5324999999999998
20
6.0474999999999994
11
-3.5122924409448819
21
6.0474999999999994
0
LINE
8
BLACK
6
CONTINUOUS
10
-3.5122924409448819
20
6.0474999999999994
11
-3.5111678740157481
21
6.0516969685039372
0
LINE
8
BLACK
6
CONTINUOUS
10
-3.5111678740157481
20
6.0516969685039372
11
-3.5088837007874014
21
6.0556533070866143
0
LINE
8
BLACK
6
CONTINUOUS
10
-3.5088837007874014
20
6.0556533070866143
11
-3.505653307086614
21
6.0588837007874012
0
LINE
8
BLACK
6
CONTINUOUS
10
-3.505653307086614
20
6.0588837007874012
11
-3.501696968503937
21
6.061167874015748
0
LINE
8
BLACK
6
CONTINUOUS
10
-3.501696968503937
20
6.061167874015748
11
-3.4972842125984251
21
6.0623502755905507
0
LINE
8
BLACK
6
CONTINUOUS
10
-3.4972842125984251
20
6.0623502755905507
11
-3.4927157874015746
21
6.0623502755905507
0
LINE
8
BLACK
6
CONTINUOUS
10
-3.4927157874015746
20
6.0623502755905507
11
-3.4883030314960628
21
6.061167874015748
0
LINE
8
BLACK
6
CONTINUOUS
10
-3.4883030314960628
20
6.061167874015748
11
-3.4843466929133857
21
6.0588837007874012
0
LINE
8
BLACK
6
CONTINUOUS
10
-3.4843466929133857
20
6.0588837007874012
11
-3.4811162992125984
21
6.0556533070866143
0
LINE
8
BLACK
6
CONTINUOUS
10
-3.4811162992125984
20
6.0556533070866143
11
-3.4788321259842521
21
6.0516969685039372
0
LINE
8
BLACK
6
CONTINUOUS
10
-3.4788321259842521
20
6.0516969685039372
11
-3.4776497244094489
21
6.0472842125984254
0
LINE
8
BLACK
6
CONTINUOUS
10
-3.4776497244094489
20
6.0472842125984254
11
-3.4776497244094489
21
6.0427157874015744
0
LINE
8
BLACK
6
CONTINUOUS
10
-3.4776497244094489
20
6.0427157874015744
11
-3.4788321259842521
21
6.0383030314960626
0
LINE
8
BLACK
6
CONTINUOUS
10
-3.4788321259842521
20
6.0383030314960626
11
-3.4811162992125984
21
6.0343466929133855
0
LINE
8
BLACK
6
CONTINUOUS
10
-3.4811162992125984
20
6.0343466929133855
11
-3.4843466929133857
21
6.0311162992125986
0
LINE
8
BLACK
6
CONTINUOUS
10
-3.4843466929133857
20
6.0311162992125986
11
-3.4883030314960628
21
6.0288321259842519
0
LINE
8
BLACK
6
CONTINUOUS
10
-3.4883030314960628
20
6.0288321259842519
11
-3.4927157874015746
21
6.0276497244094482
0
LINE
8
BLACK
6
CONTINUOUS
10
-3.4927157874015746
20
6.0276497244094482
11
-3.4972842125984251
21
6.0276497244094482
0
LINE
8
BLACK
6
CONTINUOUS
10
-3.4972842125984251
20
6.0276497244094482
11
-3.499328897637795
21
6.0281975590551182
0
LINE
8
BLACK
6
CONTINUOUS
10
-3.499328897637795
20
6.0281975590551182
11
-3.5005490944881887
21
6.0276921653543303
0
LINE
8
BLACK
6
CONTINUOUS
10
-3.5005490944881887
20
6.0276921653543303
11
-3.5024999999999999
21
6.0274999999999999
0
LINE
8
BLACK
6
CONTINUOUS
10
-3.5024999999999999
20
6.0274999999999999
11
-3.5324999999999998
21
6.0274999999999999
0
LINE
8
BLACK
6
CONTINUOUS
10
-3.5324999999999998
20
6.0274999999999999
11
-3.5324999999999998
21
6.0199999999999996
0
LINE
8
BLACK
6
CONTINUOUS
10
-3.5324999999999998
20
6.0199999999999996
11
-3.5499999999999998
21
6.0199999999999996
0
LINE
8
BLACK
6
CONTINUOUS
10
-3.5499999999999998
20
6.0199999999999996
11
-3.5499999999999998
21
5.9574999999999996
0
LINE
8
BLACK
6
CONTINUOUS
10
-3.5499999999999998
20
5.9574999999999996
11
-3.5285500000000001
21
5.9574999999999996
0
LINE
8
BLACK
6
CONTINUOUS
10
-3.5285500000000001
20
5.9574999999999996
11
-3.5265990944881889
21
5.9573078346456692
0
LINE
8
BLACK
6
CONTINUOUS
10
-3.5265990944881889
20
5.9573078346456692
11
-3.5229942913385828
21
5.9558146850393703
0
LINE
8
BLACK
6
CONTINUOUS
10
-3.5229942913385828
20
5.9558146850393703
11
-3.5229941338582678
21
5.9558144881889765
0
LINE
8
BLACK
6
CONTINUOUS
10
-3.5229941338582678
20
5.9558144881889765
11
-3.5214789370078741
21
5.9545710629921258
0
LINE
8
BLACK
6
CONTINUOUS
10
-3.5214789370078741
20
5.9545710629921258
11
-3.476907874015748
21
5.9100000000000001
0
LINE
8
BLACK
6
CONTINUOUS
10
-3.476907874015748
20
5.9100000000000001
11
-3.4674999999999998
21
5.9100000000000001
0
LINE
8
BLACK
6
CONTINUOUS
10
-3.4674999999999998
20
5.9100000000000001
11
-3.4575
21
5.9100000000000001
0
LINE
8
BLACK
6
CONTINUOUS
10
-3.4575
20
5.9100000000000001
11
-3.4575
21
5.9325000000000001
0
LINE
8
BLACK
6
CONTINUOUS
10
-3.4575
20
5.9325000000000001
11
-3.3925000000000001
21
5.9325000000000001
0
LINE
8
BLACK
6
CONTINUOUS
10
-3.3925000000000001
20
5.9325000000000001
11
-3.3925000000000001
21
5.9100000000000001
0
LINE
8
BLACK
6
CONTINUOUS
10
-3.3925000000000001
20
5.9100000000000001
11
-3.3574999999999999
21
5.9100000000000001
0
LINE
8
BLACK
6
CONTINUOUS
10
-3.3574999999999999
20
5.9100000000000001
11
-3.3574999999999999
21
5.9325000000000001
0
LINE
8
BLACK
6
CONTINUOUS
10
-3.3574999999999999
20
5.9325000000000001
11
-3.2925
21
5.9325000000000001
0
LINE
8
BLACK
6
CONTINUOUS
10
-3.2925
20
5.9325000000000001
11
-3.2925
21
5.8674999999999997
0
LINE
8
BLACK
6
CONTINUOUS
10
-3.2925
20
5.8674999999999997
11
-3.3574999999999999
21
5.8674999999999997
0
LINE
8
BLACK
6
CONTINUOUS
10
-3.3574999999999999
20
5.8674999999999997
11
-3.3574999999999999
21
5.8899999999999997
0
LINE
8
BLACK
6
CONTINUOUS
10
-3.3574999999999999
20
5.8899999999999997
11
-3.3925000000000001
21
5.8899999999999997
0
LINE
8
BLACK
6
CONTINUOUS
10
-3.3925000000000001
20
5.8899999999999997
11
-3.3925000000000001
21
5.8674999999999997
0
LINE
8
BLACK
6
CONTINUOUS
10
-3.3925000000000001
20
5.8674999999999997
11
-3.4575
21
5.8674999999999997
0
LINE
8
BLACK
6
CONTINUOUS
10
-3.4575
20
5.8674999999999997
11
-3.4575
21
5.8899999999999997
0
LINE
8
BLACK
6
CONTINUOUS
10
-3.4575
20
5.8899999999999997
11
-3.4674999999999998
21
5.8899999999999997
0
LINE
8
BLACK
6
CONTINUOUS
10
-3.4674999999999998
20
5.8899999999999997
11
-3.476907874015748
21
5.8899999999999997
0
LINE
8
BLACK
6
CONTINUOUS
10
-3.476907874015748
20
5.8899999999999997
11
-3.5515499999999998
21
5.8153578740157483
0
LINE
8
BLACK
6
CONTINUOUS
10
-3.5515499999999998
20
5.8153578740157483
11
-3.5515499999999998
21
5.7782999999999998
0
LINE
8
BLACK
6
CONTINUOUS
10
-3.5515499999999998
20
5.7782999999999998
11
-3.6184499999999997
21
5.7782999999999998
0
LINE
8
BLACK
6
CONTINUOUS
10
-3.6184499999999997
20
5.7782999999999998
11
-3.6184499999999997
21
5.8294999999999995
0
LINE
8
BLACK
6
CONTINUOUS
10
-3.6184499999999997
20
5.8294999999999995
11
-3.5656921259842518
21
5.8294999999999995
0
LINE
8
BLACK
6
CONTINUOUS
10
-3.5656921259842518
20
5.8294999999999995
11
-3.4951921259842518
21
5.8999999999999995
0
LINE
8
BLACK
6
CONTINUOUS
10
-3.4951921259842518
20
5.8999999999999995
11
-3.5326921259842519
21
5.9375
0
LINE
8
BLACK
6
CONTINUOUS
10
-3.5326921259842519
20
5.9375
11
-3.5618732677165355
21
5.9375
0
LINE
8
BLACK
6
CONTINUOUS
10
-3.5618732677165355
20
5.9375
11
-3.5874999999999999
21
5.9375
0
LINE
8
BLACK
6
CONTINUOUS
10
-3.5874999999999999
20
5.9375
11
-3.5874999999999999
21
5.9299999999999997
0
LINE
8
BLACK
6
CONTINUOUS
10
-3.5874999999999999
20
5.9299999999999997
11
-3.6425000000000001
21
5.9299999999999997
0
LINE
8
BLACK
6
CONTINUOUS
10
-3.6425000000000001
20
5.9299999999999997
11
-3.6425000000000001
21
5.9375
0
LINE
8
BLACK
6
CONTINUOUS
10
-3.6425000000000001
20
5.9375
11
-3.6974999999999998
21
5.9375
0
LINE
8
BLACK
6
CONTINUOUS
10
-3.6974999999999998
20
5.9375
11
-3.6974999999999998
21
5.9299999999999997
0
LINE
8
BLACK
6
CONTINUOUS
10
-3.6974999999999998
20
5.9299999999999997
11
-3.7283578740157481
21
5.9299999999999997
0
LINE
8
BLACK
6
CONTINUOUS
10
-3.7283578740157481
20
5.9299999999999997
11
-3.765428937007874
21
5.8929289370078735
0
LINE
8
BLACK
6
CONTINUOUS
10
-3.765428937007874
20
5.8929289370078735
11
-3.7669441338582677
21
5.8916854724409449
0
LINE
8
BLACK
6
CONTINUOUS
10
-3.7669441338582677
20
5.8916854724409449
11
-3.7669442913385827
21
5.8916853149606299
0
LINE
8
BLACK
6
CONTINUOUS
10
-3.7669442913385827
20
5.8916853149606299
11
-3.7705490944881888
21
5.890192165354331
0
LINE
8
BLACK
6
CONTINUOUS
10
-3.7705490944881888
20
5.890192165354331
11
-3.7725
21
5.8899999999999997
0
LINE
8
BLACK
6
CONTINUOUS
10
-3.7725
20
5.8899999999999997
11
-3.7849999999999997
21
5.8899999999999997
0
LINE
8
BLACK
6
CONTINUOUS
10
-3.7849999999999997
20
5.8899999999999997
11
-3.7849999999999997
21
5.8875000000000002
0
LINE
8
BLACK
6
CONTINUOUS
10
-3.7849999999999997
20
5.8875000000000002
11
-3.8093933858267714
21
5.8875000000000002
0
LINE
8
BLACK
6
CONTINUOUS
10
-3.8093933858267714
20
5.8875000000000002
11
-3.8278740551181101
21
5.8690193307086611
0
LINE
8
BLACK
6
CONTINUOUS
10
-3.8278740551181101
20
5.8690193307086611
11
-3.8278740551181101
21
5.7634806692913383
0
LINE
8
BLACK
6
CONTINUOUS
10
-3.8278740551181101
20
5.7634806692913383
11
-3.8068933858267715
21
5.7424999999999997
0
LINE
8
BLACK
6
CONTINUOUS
10
-3.8068933858267715
20
5.7424999999999997
11
-3.7949999999999999
21
5.7424999999999997
0
LINE
8
BLACK
6
CONTINUOUS
10
-3.7949999999999999
20
5.7424999999999997
11
-3.7949999999999999
21
5.7625000000000002
0
LINE
8
BLACK
6
CONTINUOUS
10
-3.7949999999999999
20
5.7625000000000002
11
-3.7599999999999998
21
5.7625000000000002
0
LINE
8
BLACK
6
CONTINUOUS
10
-3.7599999999999998
20
5.7625000000000002
11
-3.7599999999999998
21
5.7074999999999996
0
LINE
8
BLACK
6
CONTINUOUS
10
-3.7599999999999998
20
5.7074999999999996
11
-3.7949999999999999
21
5.7074999999999996
0
LINE
8
BLACK
6
CONTINUOUS
10
-3.7949999999999999
20
5.7074999999999996
11
-3.7949999999999999
21
5.7275
0
LINE
8
BLACK
6
CONTINUOUS
10
-3.7949999999999999
20
5.7275
11
-3.8100000000000001
21
5.7275
0
LINE
8
BLACK
6
CONTINUOUS
10
-3.8100000000000001
20
5.7275
11
-3.8114631889763779
21
5.7276440944881886
0
LINE
8
BLACK
6
CONTINUOUS
10
-3.8114631889763779
20
5.7276440944881886
11
-3.814166771653543
21
5.7287639763779525
0
LINE
8
BLACK
6
CONTINUOUS
10
-3.814166771653543
20
5.7287639763779525
11
-3.815303307086614
21
5.7296966929133859
0
LINE
8
BLACK
6
CONTINUOUS
10
-3.815303307086614
20
5.7296966929133859
11
-3.8353740551181104
21
5.7497674409448818
0
LINE
8
BLACK
6
CONTINUOUS
10
-3.8353740551181104
20
5.7497674409448818
11
-3.8554448031496062
21
5.7296966929133859
0
LINE
8
BLACK
6
CONTINUOUS
10
-3.8554448031496062
20
5.7296966929133859
11
-3.8565813385826773
21
5.7287639763779525
0
LINE
8
BLACK
6
CONTINUOUS
10
-3.8565813385826773
20
5.7287639763779525
11
-3.8592849212598423
21
5.7276440944881886
0
LINE
8
BLACK
6
CONTINUOUS
10
-3.8592849212598423
20
5.7276440944881886
11
-3.8607481102362202
21
5.7275
0
LINE
8
BLACK
6
CONTINUOUS
10
-3.8607481102362202
20
5.7275
11
-3.8849999999999998
21
5.7275
0
LINE
8
BLACK
6
CONTINUOUS
10
-3.8849999999999998
20
5.7275
11
-3.8849999999999998
21
5.7074999999999996
0
LINE
8
BLACK
6
CONTINUOUS
10
-3.8849999999999998
20
5.7074999999999996
11
-3.9199999999999999
21
5.7074999999999996
0
LINE
8
BLACK
6
CONTINUOUS
10
-3.9199999999999999
20
5.7074999999999996
11
-3.9199999999999999
21
5.7625000000000002
0
LINE
8
BLACK
6
CONTINUOUS
10
-3.9199999999999999
20
5.7625000000000002
11
-3.8849999999999998
21
5.7625000000000002
0
LINE
8
BLACK
6
CONTINUOUS
10
-3.8849999999999998
20
5.7625000000000002
11
-3.8849999999999998
21
5.7424999999999997
0
LINE
8
BLACK
6
CONTINUOUS
10
-3.8849999999999998
20
5.7424999999999997
11
-3.8638547244094488
21
5.7424999999999997
0
LINE
8
BLACK
6
CONTINUOUS
10
-3.8638547244094488
20
5.7424999999999997
11
-3.8428740551181102
21
5.7634806692913383
0
LINE
8
BLACK
6
CONTINUOUS
10
-3.8428740551181102
20
5.7634806692913383
11
-3.8428740551181102
21
5.8721259448818897
0
LINE
8
BLACK
6
CONTINUOUS
10
-3.8428740551181102
20
5.8721259448818897
11
-3.8427299606299212
21
5.8735891338582675
0
LINE
8
BLACK
6
CONTINUOUS
10
-3.8427299606299212
20
5.8735891338582675
11
-3.8416100787401573
21
5.8762927165354331
0
LINE
8
BLACK
6
CONTINUOUS
10
-3.8416100787401573
20
5.8762927165354331
11
-3.8406773622047243
21
5.8774292519685041
0
LINE
8
BLACK
6
CONTINUOUS
10
-3.8406773622047243
20
5.8774292519685041
11
-3.8199999999999998
21
5.8981066141732281
0
LINE
8
BLACK
6
CONTINUOUS
10
-3.8199999999999998
20
5.8981066141732281
11
-3.8199999999999998
21
5.9424999999999999
0
LINE
8
BLACK
6
CONTINUOUS
10
-3.8199999999999998
20
5.9424999999999999
11
-3.7849999999999997
21
5.9424999999999999
0
LINE
8
BLACK
6
CONTINUOUS
10
-3.7849999999999997
20
5.9424999999999999
11
-3.7849999999999997
21
5.9100000000000001
0
LINE
8
BLACK
6
CONTINUOUS
10
-3.7849999999999997
20
5.9100000000000001
11
-3.7766421259842518
21
5.9100000000000001
0
LINE
8
BLACK
6
CONTINUOUS
10
-3.7766421259842518
20
5.9100000000000001
11
-3.7524999999999999
21
5.9341421259842519
0
LINE
8
BLACK
6
CONTINUOUS
10
-3.7524999999999999
20
5.9341421259842519
11
-3.7524999999999999
21
5.9643933858267717
0
LINE
8
BLACK
6
CONTINUOUS
10
-3.7524999999999999
20
5.9643933858267717
11
-3.7710033070866142
21
5.9828966929133856
0
LINE
8
BLACK
6
CONTINUOUS
10
-3.7710033070866142
20
5.9828966929133856
11
-3.7719360236220472
21
5.9840332283464566
0
LINE
8
BLACK
6
CONTINUOUS
10
-3.7719360236220472
20
5.9840332283464566
11
-3.7730559055118111
21
5.9867368110236221
0
LINE
8
BLACK
6
CONTINUOUS
10
-3.7730559055118111
20
5.9867368110236221
11
-3.7732000000000001
21
5.9882
0
LINE
8
BLACK
6
CONTINUOUS
10
-3.7732000000000001
20
5.9882
11
-3.7732000000000001
21
6.0237999999999996
0
LINE
8
BLACK
6
CONTINUOUS
10
-3.7732000000000001
20
6.0237999999999996
11
-3.7732000000000001
21
6.0737999999999994
0
LINE
8
BLACK
6
CONTINUOUS
10
-3.7732000000000001
20
6.0737999999999994
11
-3.7582
21
6.0737999999999994
0
LINE
8
BLACK
6
CONTINUOUS
10
-3.7582
20
6.0737999999999994
11
-3.7582
21
6.0488
0
LINE
8
BLACK
6
CONTINUOUS
10
-3.8094000000000001
20
6.0488
11
-3.8094000000000001
21
6.0087999999999999
0
LINE
8
BLACK
6
CONTINUOUS
10
-3.8094000000000001
20
6.0087999999999999
11
-3.8094000000000001
21
5.9706000000000001
0
LINE
8
BLACK
6
CONTINUOUS
10
-3.8094000000000001
20
5.9706000000000001
11
-3.8095440944881891
21
5.9691368110236223
0
LINE
8
BLACK
6
CONTINUOUS
10
-3.8095440944881891
20
5.9691368110236223
11
-3.8106639763779526
21
5.9664332283464567
0
LINE
8
BLACK
6
CONTINUOUS
10
-3.8106639763779526
20
5.9664332283464567
11
-3.8115966929133855
21
5.9652966929133857
0
LINE
8
BLACK
6
CONTINUOUS
10
-3.8115966929133855
20
5.9652966929133857
11
-3.8599999999999999
21
5.9168933858267714
0
LINE
8
BLACK
6
CONTINUOUS
10
-3.8599999999999999
20
5.9168933858267714
11
-3.8599999999999999
21
5.8875000000000002
0
LINE
8
BLACK
6
CONTINUOUS
10
-3.8599999999999999
20
5.8875000000000002
11
-3.8700000000000001
21
5.8875000000000002
0
LINE
8
BLACK
6
CONTINUOUS
10
-3.8700000000000001
20
5.8875000000000002
11
-3.8700000000000001
21
5.8475000000000001
0
LINE
8
BLACK
6
CONTINUOUS
10
-3.8700000000000001
20
5.8475000000000001
11
-3.8599999999999999
21
5.8475000000000001
0
LINE
8
BLACK
6
CONTINUOUS
10
-3.8599999999999999
20
5.8475000000000001
11
-3.8599999999999999
21
5.7924999999999995
0
LINE
8
BLACK
6
CONTINUOUS
10
-3.8599999999999999
20
5.7924999999999995
11
-3.895
21
5.7924999999999995
0
LINE
8
BLACK
6
CONTINUOUS
10
-3.895
20
5.7924999999999995
11
-3.895
21
5.8475000000000001
0
LINE
8
BLACK
6
CONTINUOUS
10
-3.895
20
5.8475000000000001
11
-3.8849999999999998
21
5.8475000000000001
0
LINE
8
BLACK
6
CONTINUOUS
10
-3.8849999999999998
20
5.8475000000000001
11
-3.8849999999999998
21
5.8875000000000002
0
LINE
8
BLACK
6
CONTINUOUS
10
-3.8849999999999998
20
5.8875000000000002
11
-3.895
21
5.8875000000000002
0
LINE
8
BLACK
6
CONTINUOUS
10
-3.895
20
5.8875000000000002
11
-3.895
21
5.9424999999999999
0
LINE
8
BLACK
6
CONTINUOUS
10
-3.895
20
5.9424999999999999
11
-3.8599999999999999
21
5.9424999999999999
0
LINE
8
BLACK
6
CONTINUOUS
10
-3.8599999999999999
20
5.9424999999999999
11
-3.8599999999999999
21
5.9381066141732282
0
LINE
8
BLACK
6
CONTINUOUS
10
-3.8599999999999999
20
5.9381066141732282
11
-3.8243999999999998
21
5.9737066141732278
0
LINE
8
BLACK
6
CONTINUOUS
10
-3.8243999999999998
20
5.9737066141732278
11
-3.8243999999999998
21
6.0087999999999999
0
LINE
8
BLACK
6
CONTINUOUS
10
-3.8243999999999998
20
6.0087999999999999
11
-3.8243999999999998
21
6.0237999999999996
0
LINE
8
BLACK
6
CONTINUOUS
10
-3.8243999999999998
20
6.0237999999999996
11
-3.8243999999999998
21
6.0737999999999994
0
LINE
8
BLACK
6
CONTINUOUS
10
-3.8243999999999998
20
6.0737999999999994
11
-3.8094000000000001
21
6.0737999999999994
0
LINE
8
BLACK
6
CONTINUOUS
10
-3.8094000000000001
20
6.0737999999999994
11
-3.8094000000000001
21
6.0488
0
LINE
8
BLACK
6
CONTINUOUS
10
-3.7902108661417322
20
6.0965299606299208
11
-3.7875072834645667
21
6.0954100787401577
0
LINE
8
BLACK
6
CONTINUOUS
10
-3.7875072834645667
20
6.0954100787401577
11
-3.7863707480314961
21
6.0944773622047244
0
LINE
8
BLACK
6
CONTINUOUS
10
-3.7863707480314961
20
6.0944773622047244
11
-3.7859966929133857
21
6.0941033070866144
0
LINE
8
BLACK
6
CONTINUOUS
10
-3.7859966929133857
20
6.0941033070866144
11
-3.7850639763779528
21
6.0929668110236221
0
LINE
8
BLACK
6
CONTINUOUS
10
-3.7850639763779528
20
6.0929668110236221
11
-3.7850639763779528
21
6.0929667716535434
0
LINE
8
BLACK
6
CONTINUOUS
10
-3.7850639763779528
20
6.0929667716535434
11
-3.7839440944881888
21
6.0902631889763779
0
LINE
8
BLACK
6
CONTINUOUS
10
-3.7839440944881888
20
6.0902631889763779
11
-3.7837999999999998
21
6.0888
0
LINE
8
BLACK
6
CONTINUOUS
10
-3.7837999999999998
20
6.0888
11
-3.7837999999999998
21
6.0737999999999994
0
LINE
8
BLACK
6
CONTINUOUS
10
-3.7837999999999998
20
6.0737999999999994
11
-3.7837999999999998
21
6.0237999999999996
0
LINE
8
BLACK
6
CONTINUOUS
10
-3.7837999999999998
20
6.0237999999999996
11
-3.7988
21
6.0237999999999996
0
LINE
8
BLACK
6
CONTINUOUS
10
-3.7988
20
6.0237999999999996
11
-3.7988
21
6.0737999999999994
0
LINE
8
BLACK
6
CONTINUOUS
10
-3.7988
20
6.0737999999999994
11
-3.7988
21
6.0816740551181097
0
LINE
8
BLACK
6
CONTINUOUS
10
-3.7988
20
6.0816740551181097
11
-3.9127193307086614
21
6.0816740551181097
0
LINE
8
BLACK
6
CONTINUOUS
10
-3.9127193307086614
20
6.0816740551181097
11
-4.0874999999999995
21
5.9068933858267716
0
LINE
8
BLACK
6
CONTINUOUS
10
-4.0874999999999995
20
5.9068933858267716
11
-4.0874999999999995
21
5.8525
0
LINE
8
BLACK
6
CONTINUOUS
10
-4.0874999999999995
20
5.8525
11
-4.1524999999999999
21
5.8525
0
LINE
8
BLACK
6
CONTINUOUS
10
-4.1524999999999999
20
5.8525
11
-4.1524999999999999
21
5.8774999999999995
0
LINE
8
BLACK
6
CONTINUOUS
10
-4.1524999999999999
20
5.8774999999999995
11
-4.1875
21
5.8774999999999995
0
LINE
8
BLACK
6
CONTINUOUS
10
-4.1875
20
5.8774999999999995
11
-4.1875
21
5.8525
0
LINE
8
BLACK
6
CONTINUOUS
10
-4.1875
20
5.8525
11
-4.2524999999999995
21
5.8525
0
LINE
8
BLACK
6
CONTINUOUS
10
-4.2524999999999995
20
5.8525
11
-4.2524999999999995
21
5.9174999999999995
0
LINE
8
BLACK
6
CONTINUOUS
10
-4.2524999999999995
20
5.9174999999999995
11
-4.1875
21
5.9174999999999995
0
LINE
8
BLACK
6
CONTINUOUS
10
-4.1875
20
5.9174999999999995
11
-4.1875
21
5.8925000000000001
0
LINE
8
BLACK
6
CONTINUOUS
10
-4.1875
20
5.8925000000000001
11
-4.1524999999999999
21
5.8925000000000001
0
LINE
8
BLACK
6
CONTINUOUS
10
-4.1524999999999999
20
5.8925000000000001
11
-4.1524999999999999
21
5.9174999999999995
0
LINE
8
BLACK
6
CONTINUOUS
10
-4.1524999999999999
20
5.9174999999999995
11
-4.0981066141732283
21
5.9174999999999995
0
LINE
8
BLACK
6
CONTINUOUS
10
-4.0981066141732283
20
5.9174999999999995
11
-3.9211292519685039
21
6.0944773622047244
0
LINE
8
BLACK
6
CONTINUOUS
10
-3.9211292519685039
20
6.0944773622047244
11
-3.9199927165354329
21
6.0954100787401577
0
LINE
8
BLACK
6
CONTINUOUS
10
-3.9199927165354329
20
6.0954100787401577
11
-3.9172891338582678
21
6.0965299606299208
0
LINE
8
BLACK
6
CONTINUOUS
10
-3.9172891338582678
20
6.0965299606299208
11
-3.9158259448818895
21
6.0966740551181102
0
LINE
8
BLACK
6
CONTINUOUS
10
-3.9158259448818895
20
6.0966740551181102
11
-3.7916740551181101
21
6.0966740551181102
0
LINE
8
BLACK
6
CONTINUOUS
10
-3.7916740551181101
20
6.0966740551181102
11
-3.7902108661417322
21
6.0965299606299208
0
LINE
8
BLACK
6
CONTINUOUS
10
-3.7417119685039371
20
6.1194043700787404
11
-3.7390083858267715
21
6.1182844881889764
0
LINE
8
BLACK
6
CONTINUOUS
10
-3.7390083858267715
20
6.1182844881889764
11
-3.7378718503937005
21
6.117351771653543
0
LINE
8
BLACK
6
CONTINUOUS
10
-3.7378718503937005
20
6.117351771653543
11
-3.7091966929133857
21
6.0886766141732283
0
LINE
8
BLACK
6
CONTINUOUS
10
-3.7091966929133857
20
6.0886766141732283
11
-3.7082639763779528
21
6.0875400787401572
0
LINE
8
BLACK
6
CONTINUOUS
10
-3.7082639763779528
20
6.0875400787401572
11
-3.7071440944881888
21
6.0848364960629917
0
LINE
8
BLACK
6
CONTINUOUS
10
-3.7071440944881888
20
6.0848364960629917
11
-3.7069999999999999
21
6.0833733070866138
0
LINE
8
BLACK
6
CONTINUOUS
10
-3.7069999999999999
20
6.0833733070866138
11
-3.7069999999999999
21
6.0737999999999994
0
LINE
8
BLACK
6
CONTINUOUS
10
-3.7069999999999999
20
6.0737999999999994
11
-3.7069999999999999
21
6.0237999999999996
0
LINE
8
BLACK
6
CONTINUOUS
10
-3.7069999999999999
20
6.0237999999999996
11
-3.722
21
6.0237999999999996
0
LINE
8
BLACK
6
CONTINUOUS
10
-3.722
20
6.0237999999999996
11
-3.722
21
6.0737999999999994
0
LINE
8
BLACK
6
CONTINUOUS
10
-3.722
20
6.0737999999999994
11
-3.722
21
6.0802666929133853
0
LINE
8
BLACK
6
CONTINUOUS
10
-3.722
20
6.0802666929133853
11
-3.746281771653543
21
6.1045484645669292
0
LINE
8
BLACK
6
CONTINUOUS
10
-3.746281771653543
20
6.1045484645669292
11
-3.9423449212598425
21
6.1045484645669292
0
LINE
8
BLACK
6
CONTINUOUS
10
-3.9423449212598425
20
6.1045484645669292
11
-4.0671966929133854
21
5.9796966929133859
0
LINE
8
BLACK
6
CONTINUOUS
10
-4.0671966929133854
20
5.9796966929133859
11
-4.0683332283464564
21
5.9787639763779525
0
LINE
8
BLACK
6
CONTINUOUS
10
-4.0683332283464564
20
5.9787639763779525
11
-4.0710368110236219
21
5.9776440944881886
0
LINE
8
BLACK
6
CONTINUOUS
10
-4.0710368110236219
20
5.9776440944881886
11
-4.0724999999999998
21
5.9775
0
LINE
8
BLACK
6
CONTINUOUS
10
-4.0724999999999998
20
5.9775
11
-4.0874999999999995
21
5.9775
0
LINE
8
BLACK
6
CONTINUOUS
10
-4.0874999999999995
20
5.9775
11
-4.0874999999999995
21
5.9524999999999997
0
LINE
8
BLACK
6
CONTINUOUS
10
-4.0874999999999995
20
5.9524999999999997
11
-4.1524999999999999
21
5.9524999999999997
0
LINE
8
BLACK
6
CONTINUOUS
10
-4.1524999999999999
20
5.9524999999999997
11
-4.1524999999999999
21
5.9775
0
LINE
8
BLACK
6
CONTINUOUS
10
-4.1524999999999999
20
5.9775
11
-4.1875
21
5.9775
0
LINE
8
BLACK
6
CONTINUOUS
10
-4.1875
20
5.9775
11
-4.1875
21
5.9524999999999997
0
LINE
8
BLACK
6
CONTINUOUS
10
-4.1875
20
5.9524999999999997
11
-4.2524999999999995
21
5.9524999999999997
0
LINE
8
BLACK
6
CONTINUOUS
10
-4.2524999999999995
20
5.9524999999999997
11
-4.2524999999999995
21
6.0175000000000001
0
LINE
8
BLACK
6
CONTINUOUS
10
-4.2524999999999995
20
6.0175000000000001
11
-4.1875
21
6.0175000000000001
0
LINE
8
BLACK
6
CONTINUOUS
10
-4.1875
20
6.0175000000000001
11
-4.1875
21
5.9924999999999997
0
LINE
8
BLACK
6
CONTINUOUS
10
-4.1875
20
5.9924999999999997
11
-4.1524999999999999
21
5.9924999999999997
0
LINE
8
BLACK
6
CONTINUOUS
10
-4.1524999999999999
20
5.9924999999999997
11
-4.1524999999999999
21
6.0175000000000001
0
LINE
8
BLACK
6
CONTINUOUS
10
-4.1524999999999999
20
6.0175000000000001
11
-4.0874999999999995
21
6.0175000000000001
0
LINE
8
BLACK
6
CONTINUOUS
10
-4.0874999999999995
20
6.0175000000000001
11
-4.0874999999999995
21
5.9924999999999997
0
LINE
8
BLACK
6
CONTINUOUS
10
-4.0874999999999995
20
5.9924999999999997
11
-4.0756066141732283
21
5.9924999999999997
0
LINE
8
BLACK
6
CONTINUOUS
10
-4.0756066141732283
20
5.9924999999999997
11
-3.950754842519685
21
6.117351771653543
0
LINE
8
BLACK
6
CONTINUOUS
10
-3.950754842519685
20
6.117351771653543
11
-3.949618307086614
21
6.1182844881889764
0
LINE
8
BLACK
6
CONTINUOUS
10
-3.949618307086614
20
6.1182844881889764
11
-3.9469147244094489
21
6.1194043700787404
0
LINE
8
BLACK
6
CONTINUOUS
10
-3.9469147244094489
20
6.1194043700787404
11
-3.9454515354330706
21
6.1195484645669289
0
LINE
8
BLACK
6
CONTINUOUS
10
-3.9454515354330706
20
6.1195484645669289
11
-3.7431751574803149
21
6.1195484645669289
0
LINE
8
BLACK
6
CONTINUOUS
10
-3.7431751574803149
20
6.1195484645669289
11
-3.7417119685039371
21
6.1194043700787404
0
LINE
8
BLACK
6
CONTINUOUS
10
-3.3925000000000001
20
6.1775000000000002
11
-3.3574999999999999
21
6.1775000000000002
0
LINE
8
BLACK
6
CONTINUOUS
10
-3.3574999999999999
20
6.1775000000000002
11
-3.3574999999999999
21
6.2024999999999997
0
LINE
8
BLACK
6
CONTINUOUS
10
-3.3574999999999999
20
6.2024999999999997
11
-3.2925
21
6.2024999999999997
0
LINE
8
BLACK
6
CONTINUOUS
10
-3.2925
20
6.2024999999999997
11
-3.2925
21
6.1375000000000002
0
LINE
8
BLACK
6
CONTINUOUS
10
-3.2925
20
6.1375000000000002
11
-3.3574999999999999
21
6.1375000000000002
0
LINE
8
BLACK
6
CONTINUOUS
10
-3.3574999999999999
20
6.1375000000000002
11
-3.3574999999999999
21
6.1624999999999996
0
LINE
8
BLACK
6
CONTINUOUS
10
-3.3574999999999999
20
6.1624999999999996
11
-3.3925000000000001
21
6.1624999999999996
0
LINE
8
BLACK
6
CONTINUOUS
10
-3.3925000000000001
20
6.1624999999999996
11
-3.3925000000000001
21
6.1375000000000002
0
LINE
8
BLACK
6
CONTINUOUS
10
-3.3925000000000001
20
6.1375000000000002
11
-3.4468933858267716
21
6.1375000000000002
0
LINE
8
BLACK
6
CONTINUOUS
10
-3.4468933858267716
20
6.1375000000000002
11
-3.5100707480314961
21
6.0743226377952757
0
LINE
8
BLACK
6
CONTINUOUS
10
-3.5100707480314961
20
6.0743226377952757
11
-3.5112072834645667
21
6.0733899212598423
0
LINE
8
BLACK
6
CONTINUOUS
10
-3.5112072834645667
20
6.0733899212598423
11
-3.5139108661417322
21
6.0722700393700784
0
LINE
8
BLACK
6
CONTINUOUS
10
-3.5139108661417322
20
6.0722700393700784
11
-3.5153740551181101
21
6.0721259448818898
0
LINE
8
BLACK
6
CONTINUOUS
10
-3.5153740551181101
20
6.0721259448818898
11
-3.5912675196850392
21
6.0721259448818898
0
LINE
8
BLACK
6
CONTINUOUS
10
-3.5912675196850392
20
6.0721259448818898
11
-3.6602708267716535
21
6.0031226377952756
0
LINE
8
BLACK
6
CONTINUOUS
10
-3.6602708267716535
20
6.0031226377952756
11
-3.6614073622047245
21
6.0021899212598422
0
LINE
8
BLACK
6
CONTINUOUS
10
-3.6614073622047245
20
6.0021899212598422
11
-3.6641109448818896
21
6.0010700393700782
0
LINE
8
BLACK
6
CONTINUOUS
10
-3.6641109448818896
20
6.0010700393700782
11
-3.6655741338582675
21
6.0009259448818897
0
LINE
8
BLACK
6
CONTINUOUS
10
-3.6655741338582675
20
6.0009259448818897
11
-3.7342992519685039
21
6.0009259448818897
0
LINE
8
BLACK
6
CONTINUOUS
10
-3.7342992519685039
20
6.0009259448818897
11
-3.7357624409448817
21
6.0010700393700782
0
LINE
8
BLACK
6
CONTINUOUS
10
-3.7357624409448817
20
6.0010700393700782
11
-3.7384660236220473
21
6.0021898818897634
0
LINE
8
BLACK
6
CONTINUOUS
10
-3.7384660236220473
20
6.0021898818897634
11
-3.7396025590551178
21
6.0031226377952756
0
LINE
8
BLACK
6
CONTINUOUS
10
-3.7396025590551178
20
6.0031226377952756
11
-3.745403307086614
21
6.0089233858267717
0
LINE
8
BLACK
6
CONTINUOUS
10
-3.745403307086614
20
6.0089233858267717
11
-3.7463360236220473
21
6.0100599212598427
0
LINE
8
BLACK
6
CONTINUOUS
10
-3.7463360236220473
20
6.0100599212598427
11
-3.7474559055118108
21
6.0127635039370073
0
LINE
8
BLACK
6
CONTINUOUS
10
-3.7474559055118108
20
6.0127635039370073
11
-3.7475999999999998
21
6.0142266929133861
0
LINE
8
BLACK
6
CONTINUOUS
10
-3.7475999999999998
20
6.0142266929133861
11
-3.7475999999999998
21
6.0237999999999996
0
LINE
8
BLACK
6
CONTINUOUS
10
-3.7475999999999998
20
6.0237999999999996
11
-3.7475999999999998
21
6.0737999999999994
0
LINE
8
BLACK
6
CONTINUOUS
10
-3.7475999999999998
20
6.0737999999999994
11
-3.7325999999999997
21
6.0737999999999994
0
LINE
8
BLACK
6
CONTINUOUS
10
-3.7325999999999997
20
6.0737999999999994
11
-3.7325999999999997
21
6.0488
0
LINE
8
BLACK
6
CONTINUOUS
10
-3.7325999999999997
20
6.0488
11
-3.7325999999999997
21
6.0173333070866137
0
LINE
8
BLACK
6
CONTINUOUS
10
-3.7325999999999997
20
6.0173333070866137
11
-3.7311926377952753
21
6.0159259448818894
0
LINE
8
BLACK
6
CONTINUOUS
10
-3.7311926377952753
20
6.0159259448818894
11
-3.668680748031496
21
6.0159259448818894
0
LINE
8
BLACK
6
CONTINUOUS
10
-3.668680748031496
20
6.0159259448818894
11
-3.5996774409448817
21
6.0849292519685036
0
LINE
8
BLACK
6
CONTINUOUS
10
-3.5996774409448817
20
6.0849292519685036
11
-3.5985409055118112
21
6.085861968503937
0
LINE
8
BLACK
6
CONTINUOUS
10
-3.5985409055118112
20
6.085861968503937
11
-3.5958373228346456
21
6.086981850393701
0
LINE
8
BLACK
6
CONTINUOUS
10
-3.5958373228346456
20
6.086981850393701
11
-3.5943741338582678
21
6.0871259448818895
0
LINE
8
BLACK
6
CONTINUOUS
10
-3.5943741338582678
20
6.0871259448818895
11
-3.5184806692913386
21
6.0871259448818895
0
LINE
8
BLACK
6
CONTINUOUS
10
-3.5184806692913386
20
6.0871259448818895
11
-3.4575
21
6.1481066141732281
0
LINE
8
BLACK
6
CONTINUOUS
10
-3.4575
20
6.1481066141732281
11
-3.4575
21
6.2024999999999997
0
LINE
8
BLACK
6
CONTINUOUS
10
-3.4575
20
6.2024999999999997
11
-3.3925000000000001
21
6.2024999999999997
0
LINE
8
BLACK
6
CONTINUOUS
10
-3.3925000000000001
20
6.2024999999999997
11
-3.3925000000000001
21
6.1775000000000002
0
LINE
8
BLACK
6
CONTINUOUS
10
-3.7322370866141732
20
6.1422787795275591
11
-3.7295335039370077
21
6.1411588976377951
0
LINE
8
BLACK
6
CONTINUOUS
10
-3.7295335039370077
20
6.1411588976377951
11
-3.7283969685039371
21
6.1402261811023617
0
LINE
8
BLACK
6
CONTINUOUS
10
-3.7283969685039371
20
6.1402261811023617
11
-3.6835966929133859
21
6.095425905511811
0
LINE
8
BLACK
6
CONTINUOUS
10
-3.6835966929133859
20
6.095425905511811
11
-3.6826639370078738
21
6.0942893700787399
0
LINE
8
BLACK
6
CONTINUOUS
10
-3.6826639370078738
20
6.0942893700787399
11
-3.681544094488189
21
6.0915857874015744
0
LINE
8
BLACK
6
CONTINUOUS
10
-3.681544094488189
20
6.0915857874015744
11
-3.6814
21
6.0901225984251965
0
LINE
8
BLACK
6
CONTINUOUS
10
-3.6814
20
6.0901225984251965
11
-3.6814
21
6.0737999999999994
0
LINE
8
BLACK
6
CONTINUOUS
10
-3.6814
20
6.0737999999999994
11
-3.6814
21
6.0237999999999996
0
LINE
8
BLACK
6
CONTINUOUS
10
-3.6814
20
6.0237999999999996
11
-3.6964000000000001
21
6.0237999999999996
0
LINE
8
BLACK
6
CONTINUOUS
10
-3.6964000000000001
20
6.0237999999999996
11
-3.6964000000000001
21
6.0737999999999994
0
LINE
8
BLACK
6
CONTINUOUS
10
-3.6964000000000001
20
6.0737999999999994
11
-3.6964000000000001
21
6.087015984251968
0
LINE
8
BLACK
6
CONTINUOUS
10
-3.6964000000000001
20
6.087015984251968
11
-3.7368068897637796
21
6.1274228740157479
0
LINE
8
BLACK
6
CONTINUOUS
10
-3.7368068897637796
20
6.1274228740157479
11
-4.0194705118110239
21
6.1274228740157479
0
LINE
8
BLACK
6
CONTINUOUS
10
-4.0194705118110239
20
6.1274228740157479
11
-4.0671966929133854
21
6.0796966929133855
0
LINE
8
BLACK
6
CONTINUOUS
10
-4.0671966929133854
20
6.0796966929133855
11
-4.0683332283464564
21
6.0787639763779522
0
LINE
8
BLACK
6
CONTINUOUS
10
-4.0683332283464564
20
6.0787639763779522
11
-4.0710368110236219
21
6.0776440944881891
0
LINE
8
BLACK
6
CONTINUOUS
10
-4.0710368110236219
20
6.0776440944881891
11
-4.0724999999999998
21
6.0774999999999997
0
LINE
8
BLACK
6
CONTINUOUS
10
-4.0724999999999998
20
6.0774999999999997
11
-4.0874999999999995
21
6.0774999999999997
0
LINE
8
BLACK
6
CONTINUOUS
10
-4.0874999999999995
20
6.0774999999999997
11
-4.0874999999999995
21
6.0525000000000002
0
LINE
8
BLACK
6
CONTINUOUS
10
-4.0874999999999995
20
6.0525000000000002
11
-4.1524999999999999
21
6.0525000000000002
0
LINE
8
BLACK
6
CONTINUOUS
10
-4.1524999999999999
20
6.0525000000000002
11
-4.1524999999999999
21
6.0774999999999997
0
LINE
8
BLACK
6
CONTINUOUS
10
-4.1524999999999999
20
6.0774999999999997
11
-4.1875
21
6.0774999999999997
0
LINE
8
BLACK
6
CONTINUOUS
10
-4.1875
20
6.0774999999999997
11
-4.1875
21
6.0525000000000002
0
LINE
8
BLACK
6
CONTINUOUS
10
-4.1875
20
6.0525000000000002
11
-4.2524999999999995
21
6.0525000000000002
0
LINE
8
BLACK
6
CONTINUOUS
10
-4.2524999999999995
20
6.0525000000000002
11
-4.2524999999999995
21
6.1174999999999997
0
LINE
8
BLACK
6
CONTINUOUS
10
-4.2524999999999995
20
6.1174999999999997
11
-4.1875
21
6.1174999999999997
0
LINE
8
BLACK
6
CONTINUOUS
10
-4.1875
20
6.1174999999999997
11
-4.1875
21
6.0925000000000002
0
LINE
8
BLACK
6
CONTINUOUS
10
-4.1875
20
6.0925000000000002
11
-4.1524999999999999
21
6.0925000000000002
0
LINE
8
BLACK
6
CONTINUOUS
10
-4.1524999999999999
20
6.0925000000000002
11
-4.1524999999999999
21
6.1174999999999997
0
LINE
8
BLACK
6
CONTINUOUS
10
-4.1524999999999999
20
6.1174999999999997
11
-4.0874999999999995
21
6.1174999999999997
0
LINE
8
BLACK
6
CONTINUOUS
10
-4.0874999999999995
20
6.1174999999999997
11
-4.0874999999999995
21
6.0925000000000002
0
LINE
8
BLACK
6
CONTINUOUS
10
-4.0874999999999995
20
6.0925000000000002
11
-4.0756066141732283
21
6.0925000000000002
0
LINE
8
BLACK
6
CONTINUOUS
10
-4.0756066141732283
20
6.0925000000000002
11
-4.027880433070866
21
6.1402261811023617
0
LINE
8
BLACK
6
CONTINUOUS
10
-4.027880433070866
20
6.1402261811023617
11
-4.0267438976377949
21
6.1411589370078739
0
LINE
8
BLACK
6
CONTINUOUS
10
-4.0267438976377949
20
6.1411589370078739
11
-4.0240403149606294
21
6.1422787795275591
0
LINE
8
BLACK
6
CONTINUOUS
10
-4.0240403149606294
20
6.1422787795275591
11
-4.0225771259842515
21
6.1424228740157476
0
LINE
8
BLACK
6
CONTINUOUS
10
-4.0225771259842515
20
6.1424228740157476
11
-3.7337002755905511
21
6.1424228740157476
0
LINE
8
BLACK
6
CONTINUOUS
10
-3.7337002755905511
20
6.1424228740157476
11
-3.7322370866141732
21
6.1422787795275591
0
LINE
8
BLACK
6
CONTINUOUS
10
-4.1875
20
6.3925000000000001
11
-4.1524999999999999
21
6.3925000000000001
0
LINE
8
BLACK
6
CONTINUOUS
10
-4.1524999999999999
20
6.3925000000000001
11
-4.1524999999999999
21
6.4174999999999995
0
LINE
8
BLACK
6
CONTINUOUS
10
-4.1524999999999999
20
6.4174999999999995
11
-4.0874999999999995
21
6.4174999999999995
0
LINE
8
BLACK
6
CONTINUOUS
10
-4.0874999999999995
20
6.4174999999999995
11
-4.0874999999999995
21
6.3925000000000001
0
LINE
8
BLACK
6
CONTINUOUS
10
-4.0874999999999995
20
6.3925000000000001
11
-4.0724999999999998
21
6.3925000000000001
0
LINE
8
BLACK
6
CONTINUOUS
10
-4.0724999999999998
20
6.3925000000000001
11
-3.8913774015748031
21
6.3925000000000001
0
LINE
8
BLACK
6
CONTINUOUS
10
-3.8913774015748031
20
6.3925000000000001
11
-3.8899142125984252
21
6.3923559055118107
0
LINE
8
BLACK
6
CONTINUOUS
10
-3.8899142125984252
20
6.3923559055118107
11
-3.8872106299212597
21
6.3912360236220467
0
LINE
8
BLACK
6
CONTINUOUS
10
-3.8872106299212597
20
6.3912360236220467
11
-3.8860740944881891
21
6.3903033070866142
0
LINE
8
BLACK
6
CONTINUOUS
10
-3.8860740944881891
20
6.3903033070866142
11
-3.8115966929133855
21
6.3158259055118107
0
LINE
8
BLACK
6
CONTINUOUS
10
-3.8115966929133855
20
6.3158259055118107
11
-3.8106639370078739
21
6.3146893700787396
0
LINE
8
BLACK
6
CONTINUOUS
10
-3.8106639370078739
20
6.3146893700787396
11
-3.8096299606299211
21
6.312193070866142
0
LINE
8
BLACK
6
CONTINUOUS
10
-3.8096299606299211
20
6.312193070866142
11
-3.8095440944881891
21
6.311985787401575
0
LINE
8
BLACK
6
CONTINUOUS
10
-3.8095440944881891
20
6.311985787401575
11
-3.8094000000000001
21
6.3105225984251971
0
LINE
8
BLACK
6
CONTINUOUS
10
-3.8094000000000001
20
6.3105225984251971
11
-3.8094000000000001
21
6.2942
0
LINE
8
BLACK
6
CONTINUOUS
10
-3.8094000000000001
20
6.2942
11
-3.8094000000000001
21
6.2691999999999997
0
LINE
8
BLACK
6
CONTINUOUS
10
-3.8094000000000001
20
6.2691999999999997
11
-3.8094000000000001
21
6.2323066141732282
0
LINE
8
BLACK
6
CONTINUOUS
10
-3.8094000000000001
20
6.2323066141732282
11
-3.7423906692913387
21
6.1652972834645672
0
LINE
8
BLACK
6
CONTINUOUS
10
-3.7423906692913387
20
6.1652972834645672
11
-3.6477972834645667
21
6.1652972834645672
0
LINE
8
BLACK
6
CONTINUOUS
10
-3.6477972834645667
20
6.1652972834645672
11
-3.6463340944881888
21
6.1651531889763778
0
LINE
8
BLACK
6
CONTINUOUS
10
-3.6463340944881888
20
6.1651531889763778
11
-3.6436305118110237
21
6.1640333070866138
0
LINE
8
BLACK
6
CONTINUOUS
10
-3.6436305118110237
20
6.1640333070866138
11
-3.6424939763779527
21
6.1631005905511813
0
LINE
8
BLACK
6
CONTINUOUS
10
-3.6424939763779527
20
6.1631005905511813
11
-3.5993933858267715
21
6.1200000000000001
0
LINE
8
BLACK
6
CONTINUOUS
10
-3.5993933858267715
20
6.1200000000000001
11
-3.5874999999999999
21
6.1200000000000001
0
LINE
8
BLACK
6
CONTINUOUS
10
-3.5874999999999999
20
6.1200000000000001
11
-3.5874999999999999
21
6.1299999999999999
0
LINE
8
BLACK
6
CONTINUOUS
10
-3.5874999999999999
20
6.1299999999999999
11
-3.5324999999999998
21
6.1299999999999999
0
LINE
8
BLACK
6
CONTINUOUS
10
-3.5324999999999998
20
6.1299999999999999
11
-3.5324999999999998
21
6.0949999999999998
0
LINE
8
BLACK
6
CONTINUOUS
10
-3.5324999999999998
20
6.0949999999999998
11
-3.5874999999999999
21
6.0949999999999998
0
LINE
8
BLACK
6
CONTINUOUS
10
-3.5874999999999999
20
6.0949999999999998
11
-3.5874999999999999
21
6.1049999999999995
0
LINE
8
BLACK
6
CONTINUOUS
10
-3.5874999999999999
20
6.1049999999999995
11
-3.6025
21
6.1049999999999995
0
LINE
8
BLACK
6
CONTINUOUS
10
-3.6025
20
6.1049999999999995
11
-3.6039631889763779
21
6.105144094488189
0
LINE
8
BLACK
6
CONTINUOUS
10
-3.6039631889763779
20
6.105144094488189
11
-3.6066667716535434
21
6.1062639370078742
0
LINE
8
BLACK
6
CONTINUOUS
10
-3.6066667716535434
20
6.1062639370078742
11
-3.607803307086614
21
6.1071966929133854
0
LINE
8
BLACK
6
CONTINUOUS
10
-3.607803307086614
20
6.1071966929133854
11
-3.6509038976377952
21
6.1502972834645666
0
LINE
8
BLACK
6
CONTINUOUS
10
-3.6509038976377952
20
6.1502972834645666
11
-3.7454972834645668
21
6.1502972834645666
0
LINE
8
BLACK
6
CONTINUOUS
10
-3.7454972834645668
20
6.1502972834645666
11
-3.7469604724409447
21
6.150441377952756
0
LINE
8
BLACK
6
CONTINUOUS
10
-3.7469604724409447
20
6.150441377952756
11
-3.7496640551181102
21
6.1515612204724404
0
LINE
8
BLACK
6
CONTINUOUS
10
-3.7496640551181102
20
6.1515612204724404
11
-3.7508005905511812
21
6.1524939763779525
0
LINE
8
BLACK
6
CONTINUOUS
10
-3.7508005905511812
20
6.1524939763779525
11
-3.8222033070866139
21
6.2238966929133861
0
LINE
8
BLACK
6
CONTINUOUS
10
-3.8222033070866139
20
6.2238966929133861
11
-3.8231360236220473
21
6.2250332283464562
0
LINE
8
BLACK
6
CONTINUOUS
10
-3.8231360236220473
20
6.2250332283464562
11
-3.8242559055118108
21
6.2277368110236218
0
LINE
8
BLACK
6
CONTINUOUS
10
-3.8242559055118108
20
6.2277368110236218
11
-3.8243999999999998
21
6.2291999999999996
0
LINE
8
BLACK
6
CONTINUOUS
10
-3.8243999999999998
20
6.2291999999999996
11
-3.8243999999999998
21
6.2442000000000002
0
LINE
8
BLACK
6
CONTINUOUS
10
-3.8243999999999998
20
6.2442000000000002
11
-3.8243999999999998
21
6.2942
0
LINE
8
BLACK
6
CONTINUOUS
10
-3.8243999999999998
20
6.2942
11
-3.8243999999999998
21
6.3074159842519686
0
LINE
8
BLACK
6
CONTINUOUS
10
-3.8243999999999998
20
6.3074159842519686
11
-3.8944840157480316
21
6.3774999999999995
0
LINE
8
BLACK
6
CONTINUOUS
10
-3.8944840157480316
20
6.3774999999999995
11
-4.0724999999999998
21
6.3774999999999995
0
LINE
8
BLACK
6
CONTINUOUS
10
-4.0724999999999998
20
6.3774999999999995
11
-4.0874999999999995
21
6.3774999999999995
0
LINE
8
BLACK
6
CONTINUOUS
10
-4.0874999999999995
20
6.3774999999999995
11
-4.0874999999999995
21
6.3525
0
LINE
8
BLACK
6
CONTINUOUS
10
-4.0874999999999995
20
6.3525
11
-4.1524999999999999
21
6.3525
0
LINE
8
BLACK
6
CONTINUOUS
10
-4.1524999999999999
20
6.3525
11
-4.1524999999999999
21
6.3774999999999995
0
LINE
8
BLACK
6
CONTINUOUS
10
-4.1524999999999999
20
6.3774999999999995
11
-4.1875
21
6.3774999999999995
0
LINE
8
BLACK
6
CONTINUOUS
10
-4.1875
20
6.3774999999999995
11
-4.1875
21
6.3525
0
LINE
8
BLACK
6
CONTINUOUS
10
-4.1875
20
6.3525
11
-4.2524999999999995
21
6.3525
0
LINE
8
BLACK
6
CONTINUOUS
10
-4.2524999999999995
20
6.3525
11
-4.2524999999999995
21
6.4174999999999995
0
LINE
8
BLACK
6
CONTINUOUS
10
-4.2524999999999995
20
6.4174999999999995
11
-4.1875
21
6.4174999999999995
0
LINE
8
BLACK
6
CONTINUOUS
10
-4.1875
20
6.4174999999999995
11
-4.1875
21
6.3925000000000001
0
LINE
8
BLACK
6
CONTINUOUS
10
-3.8605999999999998
20
6.2442000000000002
11
-3.8755999999999999
21
6.2442000000000002
0
LINE
8
BLACK
6
CONTINUOUS
10
-3.8755999999999999
20
6.2442000000000002
11
-3.8755999999999999
21
6.2617000000000003
0
LINE
8
BLACK
6
CONTINUOUS
10
-3.8755999999999999
20
6.2617000000000003
11
-4.0326933858267715
21
6.2617000000000003
0
LINE
8
BLACK
6
CONTINUOUS
10
-4.0326933858267715
20
6.2617000000000003
11
-4.0874999999999995
21
6.2068933858267714
0
LINE
8
BLACK
6
CONTINUOUS
10
-4.0874999999999995
20
6.2068933858267714
11
-4.0874999999999995
21
6.1524999999999999
0
LINE
8
BLACK
6
CONTINUOUS
10
-4.0874999999999995
20
6.1524999999999999
11
-4.1524999999999999
21
6.1524999999999999
0
LINE
8
BLACK
6
CONTINUOUS
10
-4.1524999999999999
20
6.1524999999999999
11
-4.1524999999999999
21
6.1775000000000002
0
LINE
8
BLACK
6
CONTINUOUS
10
-4.1524999999999999
20
6.1775000000000002
11
-4.1875
21
6.1775000000000002
0
LINE
8
BLACK
6
CONTINUOUS
10
-4.1875
20
6.1775000000000002
11
-4.1875
21
6.1524999999999999
0
LINE
8
BLACK
6
CONTINUOUS
10
-4.1875
20
6.1524999999999999
11
-4.2524999999999995
21
6.1524999999999999
0
LINE
8
BLACK
6
CONTINUOUS
10
-4.2524999999999995
20
6.1524999999999999
11
-4.2524999999999995
21
6.2175000000000002
0
LINE
8
BLACK
6
CONTINUOUS
10
-4.2524999999999995
20
6.2175000000000002
11
-4.1875
21
6.2175000000000002
0
LINE
8
BLACK
6
CONTINUOUS
10
-4.1875
20
6.2175000000000002
11
-4.1875
21
6.1924999999999999
0
LINE
8
BLACK
6
CONTINUOUS
10
-4.1875
20
6.1924999999999999
11
-4.1524999999999999
21
6.1924999999999999
0
LINE
8
BLACK
6
CONTINUOUS
10
-4.1524999999999999
20
6.1924999999999999
11
-4.1524999999999999
21
6.2175000000000002
0
LINE
8
BLACK
6
CONTINUOUS
10
-4.1524999999999999
20
6.2175000000000002
11
-4.0981066141732283
21
6.2175000000000002
0
LINE
8
BLACK
6
CONTINUOUS
10
-4.0981066141732283
20
6.2175000000000002
11
-4.0411033070866145
21
6.2745033070866141
0
LINE
8
BLACK
6
CONTINUOUS
10
-4.0411033070866145
20
6.2745033070866141
11
-4.0399667716535435
21
6.2754360236220474
0
LINE
8
BLACK
6
CONTINUOUS
10
-4.0399667716535435
20
6.2754360236220474
11
-4.0372631889763779
21
6.2765559055118105
0
LINE
8
BLACK
6
CONTINUOUS
10
-4.0372631889763779
20
6.2765559055118105
11
-4.0358000000000001
21
6.2766999999999999
0
LINE
8
BLACK
6
CONTINUOUS
10
-4.0358000000000001
20
6.2766999999999999
11
-3.8755999999999999
21
6.2766999999999999
0
LINE
8
BLACK
6
CONTINUOUS
10
-3.8755999999999999
20
6.2766999999999999
11
-3.8755999999999999
21
6.2942
0
LINE
8
BLACK
6
CONTINUOUS
10
-3.8755999999999999
20
6.2942
11
-3.8605999999999998
21
6.2942
0
LINE
8
BLACK
6
CONTINUOUS
10
-3.8605999999999998
20
6.2942
11
-3.8605999999999998
21
6.2442000000000002
0
LINE
8
BLACK
6
CONTINUOUS
10
-3.3925000000000001
20
6.2774999999999999
11
-3.3574999999999999
21
6.2774999999999999
0
LINE
8
BLACK
6
CONTINUOUS
10
-3.3574999999999999
20
6.2774999999999999
11
-3.3574999999999999
21
6.3025000000000002
0
LINE
8
BLACK
6
CONTINUOUS
10
-3.3574999999999999
20
6.3025000000000002
11
-3.2925
21
6.3025000000000002
0
LINE
8
BLACK
6
CONTINUOUS
10
-3.2925
20
6.3025000000000002
11
-3.2925
21
6.2374999999999998
0
LINE
8
BLACK
6
CONTINUOUS
10
-3.2925
20
6.2374999999999998
11
-3.3574999999999999
21
6.2374999999999998
0
LINE
8
BLACK
6
CONTINUOUS
10
-3.3574999999999999
20
6.2374999999999998
11
-3.3574999999999999
21
6.2625000000000002
0
LINE
8
BLACK
6
CONTINUOUS
10
-3.3574999999999999
20
6.2625000000000002
11
-3.3925000000000001
21
6.2625000000000002
0
LINE
8
BLACK
6
CONTINUOUS
10
-3.3925000000000001
20
6.2625000000000002
11
-3.3925000000000001
21
6.2374999999999998
0
LINE
8
BLACK
6
CONTINUOUS
10
-3.3925000000000001
20
6.2374999999999998
11
-3.4575
21
6.2374999999999998
0
LINE
8
BLACK
6
CONTINUOUS
10
-3.4575
20
6.2374999999999998
11
-3.4575
21
6.2625000000000002
0
LINE
8
BLACK
6
CONTINUOUS
10
-3.4575
20
6.2625000000000002
11
-3.4593933858267714
21
6.2625000000000002
0
LINE
8
BLACK
6
CONTINUOUS
10
-3.4593933858267714
20
6.2625000000000002
11
-3.521245157480315
21
6.2006482283464566
0
LINE
8
BLACK
6
CONTINUOUS
10
-3.521245157480315
20
6.2006482283464566
11
-3.5223816929133855
21
6.1997155118110232
0
LINE
8
BLACK
6
CONTINUOUS
10
-3.5223816929133855
20
6.1997155118110232
11
-3.5250852755905511
21
6.1985956299212601
0
LINE
8
BLACK
6
CONTINUOUS
10
-3.5250852755905511
20
6.1985956299212601
11
-3.5265484645669289
21
6.1984515354330707
0
LINE
8
BLACK
6
CONTINUOUS
10
-3.5265484645669289
20
6.1984515354330707
11
-3.7492008267716534
21
6.1984515354330707
0
LINE
8
BLACK
6
CONTINUOUS
10
-3.7492008267716534
20
6.1984515354330707
11
-3.7506640157480313
21
6.1985956299212601
0
LINE
8
BLACK
6
CONTINUOUS
10
-3.7506640157480313
20
6.1985956299212601
11
-3.7533675984251968
21
6.1997155118110232
0
LINE
8
BLACK
6
CONTINUOUS
10
-3.7533675984251968
20
6.1997155118110232
11
-3.7545041338582674
21
6.2006482283464566
0
LINE
8
BLACK
6
CONTINUOUS
10
-3.7545041338582674
20
6.2006482283464566
11
-3.7710033070866142
21
6.2171474015748034
0
LINE
8
BLACK
6
CONTINUOUS
10
-3.7710033070866142
20
6.2171474015748034
11
-3.7719360236220472
21
6.2182839370078735
0
LINE
8
BLACK
6
CONTINUOUS
10
-3.7719360236220472
20
6.2182839370078735
11
-3.7730559055118111
21
6.220987519685039
0
LINE
8
BLACK
6
CONTINUOUS
10
-3.7730559055118111
20
6.220987519685039
11
-3.7732000000000001
21
6.2224507086614169
0
LINE
8
BLACK
6
CONTINUOUS
10
-3.7732000000000001
20
6.2224507086614169
11
-3.7732000000000001
21
6.2442000000000002
0
LINE
8
BLACK
6
CONTINUOUS
10
-3.7732000000000001
20
6.2442000000000002
11
-3.7732000000000001
21
6.2942
0
LINE
8
BLACK
6
CONTINUOUS
10
-3.7732000000000001
20
6.2942
11
-3.7582
21
6.2942
0
LINE
8
BLACK
6
CONTINUOUS
10
-3.7582
20
6.2942
11
-3.7582
21
6.2691999999999997
0
LINE
8
BLACK
6
CONTINUOUS
10
-3.7582
20
6.2691999999999997
11
-3.7582
21
6.2255573228346455
0
LINE
8
BLACK
6
CONTINUOUS
10
-3.7582
20
6.2255573228346455
11
-3.7460942125984249
21
6.2134515354330704
0
LINE
8
BLACK
6
CONTINUOUS
10
-3.7460942125984249
20
6.2134515354330704
11
-3.5296550787401575
21
6.2134515354330704
0
LINE
8
BLACK
6
CONTINUOUS
10
-3.5296550787401575
20
6.2134515354330704
11
-3.4678033070866139
21
6.275303307086614
0
LINE
8
BLACK
6
CONTINUOUS
10
-3.4678033070866139
20
6.275303307086614
11
-3.4666668110236221
21
6.2762360236220474
0
LINE
8
BLACK
6
CONTINUOUS
10
-3.4666668110236221
20
6.2762360236220474
11
-3.4655466535433068
21
6.2766999999999999
0
LINE
8
BLACK
6
CONTINUOUS
10
-3.4655466535433068
20
6.2766999999999999
11
-3.4639631889763778
21
6.2773559055118104
0
LINE
8
BLACK
6
CONTINUOUS
10
-3.4639631889763778
20
6.2773559055118104
11
-3.4624999999999999
21
6.2774999999999999
0
LINE
8
BLACK
6
CONTINUOUS
10
-3.4624999999999999
20
6.2774999999999999
11
-3.4575
21
6.2774999999999999
0
LINE
8
BLACK
6
CONTINUOUS
10
-3.4575
20
6.2774999999999999
11
-3.4575
21
6.3025000000000002
0
LINE
8
BLACK
6
CONTINUOUS
10
-3.4575
20
6.3025000000000002
11
-3.3925000000000001
21
6.3025000000000002
0
LINE
8
BLACK
6
CONTINUOUS
10
-3.3925000000000001
20
6.3025000000000002
11
-3.3925000000000001
21
6.2774999999999999
0
LINE
8
BLACK
6
CONTINUOUS
10
-3.3925000000000001
20
6.3774999999999995
11
-3.3574999999999999
21
6.3774999999999995
0
LINE
8
BLACK
6
CONTINUOUS
10
-3.3574999999999999
20
6.3774999999999995
11
-3.3574999999999999
21
6.4024999999999999
0
LINE
8
BLACK
6
CONTINUOUS
10
-3.3574999999999999
20
6.4024999999999999
11
-3.2925
21
6.4024999999999999
0
LINE
8
BLACK
6
CONTINUOUS
10
-3.2925
20
6.4024999999999999
11
-3.2925
21
6.3374999999999995
0
LINE
8
BLACK
6
CONTINUOUS
10
-3.2925
20
6.3374999999999995
11
-3.3574999999999999
21
6.3374999999999995
0
LINE
8
BLACK
6
CONTINUOUS
10
-3.3574999999999999
20
6.3374999999999995
11
-3.3574999999999999
21
6.3624999999999998
0
LINE
8
BLACK
6
CONTINUOUS
10
-3.3574999999999999
20
6.3624999999999998
11
-3.3925000000000001
21
6.3624999999999998
0
LINE
8
BLACK
6
CONTINUOUS
10
-3.3925000000000001
20
6.3624999999999998
11
-3.3925000000000001
21
6.3374999999999995
0
LINE
8
BLACK
6
CONTINUOUS
10
-3.3925000000000001
20
6.3374999999999995
11
-3.4575
21
6.3374999999999995
0
LINE
8
BLACK
6
CONTINUOUS
10
-3.4575
20
6.3374999999999995
11
-3.4575
21
6.3624999999999998
0
LINE
8
BLACK
6
CONTINUOUS
10
-3.4575
20
6.3624999999999998
11
-3.4593933858267714
21
6.3624999999999998
0
LINE
8
BLACK
6
CONTINUOUS
10
-3.4593933858267714
20
6.3624999999999998
11
-3.5983707480314959
21
6.2235226377952753
0
LINE
8
BLACK
6
CONTINUOUS
10
-3.5983707480314959
20
6.2235226377952753
11
-3.5995072834645669
21
6.2225899212598428
0
LINE
8
BLACK
6
CONTINUOUS
10
-3.5995072834645669
20
6.2225899212598428
11
-3.602210866141732
21
6.2214700393700788
0
LINE
8
BLACK
6
CONTINUOUS
10
-3.602210866141732
20
6.2214700393700788
11
-3.6036740551181103
21
6.2213259448818894
0
LINE
8
BLACK
6
CONTINUOUS
10
-3.6036740551181103
20
6.2213259448818894
11
-3.7397259448818896
21
6.2213259448818894
0
LINE
8
BLACK
6
CONTINUOUS
10
-3.7397259448818896
20
6.2213259448818894
11
-3.7411891338582675
21
6.2214700393700788
0
LINE
8
BLACK
6
CONTINUOUS
10
-3.7411891338582675
20
6.2214700393700788
11
-3.7435566535433069
21
6.2224507086614169
0
LINE
8
BLACK
6
CONTINUOUS
10
-3.7435566535433069
20
6.2224507086614169
11
-3.7438927559055117
21
6.2225899212598428
0
LINE
8
BLACK
6
CONTINUOUS
10
-3.7438927559055117
20
6.2225899212598428
11
-3.745029251968504
21
6.2235226377952753
0
LINE
8
BLACK
6
CONTINUOUS
10
-3.745029251968504
20
6.2235226377952753
11
-3.745403307086614
21
6.2238966929133861
0
LINE
8
BLACK
6
CONTINUOUS
10
-3.745403307086614
20
6.2238966929133861
11
-3.7463360236220473
21
6.2250332283464562
0
LINE
8
BLACK
6
CONTINUOUS
10
-3.7463360236220473
20
6.2250332283464562
11
-3.7474559055118108
21
6.2277368110236218
0
LINE
8
BLACK
6
CONTINUOUS
10
-3.7474559055118108
20
6.2277368110236218
11
-3.7475999999999998
21
6.2291999999999996
0
LINE
8
BLACK
6
CONTINUOUS
10
-3.7475999999999998
20
6.2291999999999996
11
-3.7475999999999998
21
6.2442000000000002
0
LINE
8
BLACK
6
CONTINUOUS
10
-3.7475999999999998
20
6.2442000000000002
11
-3.7475999999999998
21
6.2942
0
LINE
8
BLACK
6
CONTINUOUS
10
-3.7475999999999998
20
6.2942
11
-3.7325999999999997
21
6.2942
0
LINE
8
BLACK
6
CONTINUOUS
10
-3.7325999999999997
20
6.2942
11
-3.7325999999999997
21
6.2691999999999997
0
LINE
8
BLACK
6
CONTINUOUS
10
-3.7325999999999997
20
6.2691999999999997
11
-3.7325999999999997
21
6.23632594488189
0
LINE
8
BLACK
6
CONTINUOUS
10
-3.7325999999999997
20
6.23632594488189
11
-3.6067806692913384
21
6.23632594488189
0
LINE
8
BLACK
6
CONTINUOUS
10
-3.6067806692913384
20
6.23632594488189
11
-3.4678033070866139
21
6.3753033070866136
0
LINE
8
BLACK
6
CONTINUOUS
10
-3.4678033070866139
20
6.3753033070866136
11
-3.4666667716535433
21
6.3762360629921258
0
LINE
8
BLACK
6
CONTINUOUS
10
-3.4666667716535433
20
6.3762360629921258
11
-3.4639631889763778
21
6.377355905511811
0
LINE
8
BLACK
6
CONTINUOUS
10
-3.4639631889763778
20
6.377355905511811
11
-3.4624999999999999
21
6.3774999999999995
0
LINE
8
BLACK
6
CONTINUOUS
10
-3.4624999999999999
20
6.3774999999999995
11
-3.4575
21
6.3774999999999995
0
LINE
8
BLACK
6
CONTINUOUS
10
-3.4575
20
6.3774999999999995
11
-3.4575
21
6.4024999999999999
0
LINE
8
BLACK
6
CONTINUOUS
10
-3.4575
20
6.4024999999999999
11
-3.3925000000000001
21
6.4024999999999999
0
LINE
8
BLACK
6
CONTINUOUS
10
-3.3925000000000001
20
6.4024999999999999
11
-3.3925000000000001
21
6.3774999999999995
0
LINE
8
BLACK
6
CONTINUOUS
10
-4.1875
20
6.2924999999999995
11
-4.1524999999999999
21
6.2924999999999995
0
LINE
8
BLACK
6
CONTINUOUS
10
-4.1524999999999999
20
6.2924999999999995
11
-4.1524999999999999
21
6.3174999999999999
0
LINE
8
BLACK
6
CONTINUOUS
10
-4.1524999999999999
20
6.3174999999999999
11
-4.0874999999999995
21
6.3174999999999999
0
LINE
8
BLACK
6
CONTINUOUS
10
-4.0874999999999995
20
6.3174999999999999
11
-4.0874999999999995
21
6.2924999999999995
0
LINE
8
BLACK
6
CONTINUOUS
10
-4.0874999999999995
20
6.2924999999999995
11
-4.0756066141732283
21
6.2924999999999995
0
LINE
8
BLACK
6
CONTINUOUS
10
-4.0756066141732283
20
6.2924999999999995
11
-4.0532292519685038
21
6.3148773622047241
0
LINE
8
BLACK
6
CONTINUOUS
10
-4.0532292519685038
20
6.3148773622047241
11
-4.0520927165354328
21
6.3158100787401574
0
LINE
8
BLACK
6
CONTINUOUS
10
-4.0520927165354328
20
6.3158100787401574
11
-4.0493891338582673
21
6.3169299606299214
0
LINE
8
BLACK
6
CONTINUOUS
10
-4.0493891338582673
20
6.3169299606299214
11
-4.0479259448818894
21
6.3170740551181099
0
LINE
8
BLACK
6
CONTINUOUS
10
-4.0479259448818894
20
6.3170740551181099
11
-3.8483007480314959
21
6.3170740551181099
0
LINE
8
BLACK
6
CONTINUOUS
10
-3.8483007480314959
20
6.3170740551181099
11
-3.846837559055118
21
6.3169299606299214
0
LINE
8
BLACK
6
CONTINUOUS
10
-3.846837559055118
20
6.3169299606299214
11
-3.8441339763779525
21
6.3158100787401574
0
LINE
8
BLACK
6
CONTINUOUS
10
-3.8441339763779525
20
6.3158100787401574
11
-3.8429974409448819
21
6.3148773622047241
0
LINE
8
BLACK
6
CONTINUOUS
10
-3.8429974409448819
20
6.3148773622047241
11
-3.8371966929133858
21
6.309076614173228
0
LINE
8
BLACK
6
CONTINUOUS
10
-3.8371966929133858
20
6.309076614173228
11
-3.8362639370078737
21
6.3079400787401569
0
LINE
8
BLACK
6
CONTINUOUS
10
-3.8362639370078737
20
6.3079400787401569
11
-3.8356630708661417
21
6.3064894094488189
0
LINE
8
BLACK
6
CONTINUOUS
10
-3.8356630708661417
20
6.3064894094488189
11
-3.8351440944881889
21
6.3052364960629923
0
LINE
8
BLACK
6
CONTINUOUS
10
-3.8351440944881889
20
6.3052364960629923
11
-3.835
21
6.3037733070866144
0
LINE
8
BLACK
6
CONTINUOUS
10
-3.835
20
6.3037733070866144
11
-3.835
21
6.2942
0
LINE
8
BLACK
6
CONTINUOUS
10
-3.835
20
6.2942
11
-3.835
21
6.2442000000000002
0
LINE
8
BLACK
6
CONTINUOUS
10
-3.835
20
6.2442000000000002
11
-3.8500000000000001
21
6.2442000000000002
0
LINE
8
BLACK
6
CONTINUOUS
10
-3.8500000000000001
20
6.2442000000000002
11
-3.8500000000000001
21
6.2942
0
LINE
8
BLACK
6
CONTINUOUS
10
-3.8500000000000001
20
6.2942
11
-3.8500000000000001
21
6.3006666929133859
0
LINE
8
BLACK
6
CONTINUOUS
10
-3.8500000000000001
20
6.3006666929133859
11
-3.8514073622047245
21
6.3020740551181103
0
LINE
8
BLACK
6
CONTINUOUS
10
-3.8514073622047245
20
6.3020740551181103
11
-4.0448193307086617
21
6.3020740551181103
0
LINE
8
BLACK
6
CONTINUOUS
10
-4.0448193307086617
20
6.3020740551181103
11
-4.0671966929133854
21
6.2796966929133857
0
LINE
8
BLACK
6
CONTINUOUS
10
-4.0671966929133854
20
6.2796966929133857
11
-4.0683332283464564
21
6.2787639763779524
0
LINE
8
BLACK
6
CONTINUOUS
10
-4.0683332283464564
20
6.2787639763779524
11
-4.0710368110236219
21
6.2776440944881893
0
LINE
8
BLACK
6
CONTINUOUS
10
-4.0710368110236219
20
6.2776440944881893
11
-4.0724999999999998
21
6.2774999999999999
0
LINE
8
BLACK
6
CONTINUOUS
10
-4.0724999999999998
20
6.2774999999999999
11
-4.0874999999999995
21
6.2774999999999999
0
LINE
8
BLACK
6
CONTINUOUS
10
-4.0874999999999995
20
6.2774999999999999
11
-4.0874999999999995
21
6.2524999999999995
0
LINE
8
BLACK
6
CONTINUOUS
10
-4.0874999999999995
20
6.2524999999999995
11
-4.1524999999999999
21
6.2524999999999995
0
LINE
8
BLACK
6
CONTINUOUS
10
-4.1524999999999999
20
6.2524999999999995
11
-4.1524999999999999
21
6.2774999999999999
0
LINE
8
BLACK
6
CONTINUOUS
10
-4.1524999999999999
20
6.2774999999999999
11
-4.1875
21
6.2774999999999999
0
LINE
8
BLACK
6
CONTINUOUS
10
-4.1875
20
6.2774999999999999
11
-4.1875
21
6.2524999999999995
0
LINE
8
BLACK
6
CONTINUOUS
10
-4.1875
20
6.2524999999999995
11
-4.2524999999999995
21
6.2524999999999995
0
LINE
8
BLACK
6
CONTINUOUS
10
-4.2524999999999995
20
6.2524999999999995
11
-4.2524999999999995
21
6.3174999999999999
0
LINE
8
BLACK
6
CONTINUOUS
10
-4.2524999999999995
20
6.3174999999999999
11
-4.1875
21
6.3174999999999999
0
LINE
8
BLACK
6
CONTINUOUS
10
-4.1875
20
6.3174999999999999
11
-4.1875
21
6.2924999999999995
0
LINE
8
BLACK
6
CONTINUOUS
10
-3.8424999999999998
20
6.7974999999999994
11
-3.8674999999999997
21
6.7974999999999994
0
LINE
8
BLACK
6
CONTINUOUS
10
-3.8674999999999997
20
6.7974999999999994
11
-3.8674999999999997
21
6.7625000000000002
0
LINE
8
BLACK
6
CONTINUOUS
10
-3.8674999999999997
20
6.7625000000000002
11
-3.8424999999999998
21
6.7625000000000002
0
LINE
8
BLACK
6
CONTINUOUS
10
-3.8424999999999998
20
6.7625000000000002
11
-3.8424999999999998
21
6.6974999999999998
0
LINE
8
BLACK
6
CONTINUOUS
10
-3.8424999999999998
20
6.6974999999999998
11
-3.8799999999999999
21
6.6974999999999998
0
LINE
8
BLACK
6
CONTINUOUS
10
-3.8799999999999999
20
6.6974999999999998
11
-3.8799999999999999
21
6.6325000000000003
0
LINE
8
BLACK
6
CONTINUOUS
10
-3.8799999999999999
20
6.6325000000000003
11
-3.8700000000000001
21
6.6325000000000003
0
LINE
8
BLACK
6
CONTINUOUS
10
-3.8700000000000001
20
6.6325000000000003
11
-3.8700000000000001
21
6.5774999999999997
0
LINE
8
BLACK
6
CONTINUOUS
10
-3.8700000000000001
20
6.5774999999999997
11
-3.8799999999999999
21
6.5774999999999997
0
LINE
8
BLACK
6
CONTINUOUS
10
-3.8799999999999999
20
6.5774999999999997
11
-3.8799999999999999
21
6.5206066141732286
0
LINE
8
BLACK
6
CONTINUOUS
10
-3.8799999999999999
20
6.5206066141732286
11
-3.7091966929133857
21
6.3498033070866144
0
LINE
8
BLACK
6
CONTINUOUS
10
-3.7091966929133857
20
6.3498033070866144
11
-3.7082639763779528
21
6.3486667716535434
0
LINE
8
BLACK
6
CONTINUOUS
10
-3.7082639763779528
20
6.3486667716535434
11
-3.7071440944881888
21
6.3459631889763779
0
LINE
8
BLACK
6
CONTINUOUS
10
-3.7071440944881888
20
6.3459631889763779
11
-3.7069999999999999
21
6.3445
0
LINE
8
BLACK
6
CONTINUOUS
10
-3.7069999999999999
20
6.3445
11
-3.7069999999999999
21
6.2942
0
LINE
8
BLACK
6
CONTINUOUS
10
-3.7069999999999999
20
6.2942
11
-3.7069999999999999
21
6.2442000000000002
0
LINE
8
BLACK
6
CONTINUOUS
10
-3.7069999999999999
20
6.2442000000000002
11
-3.722
21
6.2442000000000002
0
LINE
8
BLACK
6
CONTINUOUS
10
-3.722
20
6.2442000000000002
11
-3.722
21
6.2942
0
LINE
8
BLACK
6
CONTINUOUS
10
-3.722
20
6.2942
11
-3.722
21
6.3413933858267715
0
LINE
8
BLACK
6
CONTINUOUS
10
-3.722
20
6.3413933858267715
11
-3.8928033070866142
21
6.5121966929133857
0
LINE
8
BLACK
6
CONTINUOUS
10
-3.8928033070866142
20
6.5121966929133857
11
-3.8937360236220471
21
6.5133332283464567
0
LINE
8
BLACK
6
CONTINUOUS
10
-3.8937360236220471
20
6.5133332283464567
11
-3.894855905511811
21
6.5160368110236222
0
LINE
8
BLACK
6
CONTINUOUS
10
-3.894855905511811
20
6.5160368110236222
11
-3.895
21
6.5175000000000001
0
LINE
8
BLACK
6
CONTINUOUS
10
-3.895
20
6.5175000000000001
11
-3.895
21
6.5774999999999997
0
LINE
8
BLACK
6
CONTINUOUS
10
-3.895
20
6.5774999999999997
11
-3.9049999999999998
21
6.5774999999999997
0
LINE
8
BLACK
6
CONTINUOUS
10
-3.9049999999999998
20
6.5774999999999997
11
-3.9049999999999998
21
6.6325000000000003
0
LINE
8
BLACK
6
CONTINUOUS
10
-3.9049999999999998
20
6.6325000000000003
11
-3.895
21
6.6325000000000003
0
LINE
8
BLACK
6
CONTINUOUS
10
-3.895
20
6.6325000000000003
11
-3.895
21
6.6974999999999998
0
LINE
8
BLACK
6
CONTINUOUS
10
-3.895
20
6.6974999999999998
11
-3.9074999999999998
21
6.6974999999999998
0
LINE
8
BLACK
6
CONTINUOUS
10
-3.9074999999999998
20
6.6974999999999998
11
-3.9074999999999998
21
6.7625000000000002
0
LINE
8
BLACK
6
CONTINUOUS
10
-3.9074999999999998
20
6.7625000000000002
11
-3.8824999999999998
21
6.7625000000000002
0
LINE
8
BLACK
6
CONTINUOUS
10
-3.8824999999999998
20
6.7625000000000002
11
-3.8824999999999998
21
6.7974999999999994
0
LINE
8
BLACK
6
CONTINUOUS
10
-3.8824999999999998
20
6.7974999999999994
11
-3.9074999999999998
21
6.7974999999999994
0
LINE
8
BLACK
6
CONTINUOUS
10
-3.9074999999999998
20
6.7974999999999994
11
-3.9074999999999998
21
6.8624999999999998
0
LINE
8
BLACK
6
CONTINUOUS
10
-3.9074999999999998
20
6.8624999999999998
11
-3.8424999999999998
21
6.8624999999999998
0
LINE
8
BLACK
6
CONTINUOUS
10
-3.8424999999999998
20
6.8624999999999998
11
-3.8424999999999998
21
6.7974999999999994
0
LINE
8
BLACK
6
CONTINUOUS
10
-3.6425000000000001
20
6.7974999999999994
11
-3.6675
21
6.7974999999999994
0
LINE
8
BLACK
6
CONTINUOUS
10
-3.6675
20
6.7974999999999994
11
-3.6675
21
6.7625000000000002
0
LINE
8
BLACK
6
CONTINUOUS
10
-3.6675
20
6.7625000000000002
11
-3.6425000000000001
21
6.7625000000000002
0
LINE
8
BLACK
6
CONTINUOUS
10
-3.6425000000000001
20
6.7625000000000002
11
-3.6425000000000001
21
6.6974999999999998
0
LINE
8
BLACK
6
CONTINUOUS
10
-3.6425000000000001
20
6.6974999999999998
11
-3.6599999999999997
21
6.6974999999999998
0
LINE
8
BLACK
6
CONTINUOUS
10
-3.6599999999999997
20
6.6974999999999998
11
-3.6599999999999997
21
6.6325000000000003
0
LINE
8
BLACK
6
CONTINUOUS
10
-3.6599999999999997
20
6.6325000000000003
11
-3.6499999999999999
21
6.6325000000000003
0
LINE
8
BLACK
6
CONTINUOUS
10
-3.6499999999999999
20
6.6325000000000003
11
-3.6499999999999999
21
6.5774999999999997
0
LINE
8
BLACK
6
CONTINUOUS
10
-3.6499999999999999
20
6.5774999999999997
11
-3.6599999999999997
21
6.5774999999999997
0
LINE
8
BLACK
6
CONTINUOUS
10
-3.6599999999999997
20
6.5774999999999997
11
-3.6599999999999997
21
6.5651708661417318
0
LINE
8
BLACK
6
CONTINUOUS
10
-3.6599999999999997
20
6.5651708661417318
11
-3.659044094488189
21
6.5628631889763778
0
LINE
8
BLACK
6
CONTINUOUS
10
-3.659044094488189
20
6.5628631889763778
11
-3.6589
21
6.5613999999999999
0
LINE
8
BLACK
6
CONTINUOUS
10
-3.6589
20
6.5613999999999999
11
-3.6589
21
6.3091999999999997
0
LINE
8
BLACK
6
CONTINUOUS
10
-3.6589
20
6.3091999999999997
11
-3.659044094488189
21
6.3077368110236218
0
LINE
8
BLACK
6
CONTINUOUS
10
-3.659044094488189
20
6.3077368110236218
11
-3.6600797637795273
21
6.3052364960629923
0
LINE
8
BLACK
6
CONTINUOUS
10
-3.6600797637795273
20
6.3052364960629923
11
-3.6601639763779525
21
6.3050332283464563
0
LINE
8
BLACK
6
CONTINUOUS
10
-3.6601639763779525
20
6.3050332283464563
11
-3.6610966929133859
21
6.3038966929133853
0
LINE
8
BLACK
6
CONTINUOUS
10
-3.6610966929133859
20
6.3038966929133853
11
-3.6814
21
6.2835933858267712
0
LINE
8
BLACK
6
CONTINUOUS
10
-3.6814
20
6.2835933858267712
11
-3.6814
21
6.2442000000000002
0
LINE
8
BLACK
6
CONTINUOUS
10
-3.6814
20
6.2442000000000002
11
-3.6964000000000001
21
6.2442000000000002
0
LINE
8
BLACK
6
CONTINUOUS
10
-3.6964000000000001
20
6.2442000000000002
11
-3.6964000000000001
21
6.2942
0
LINE
8
BLACK
6
CONTINUOUS
10
-3.6964000000000001
20
6.2942
11
-3.6920066141732284
21
6.2942
0
LINE
8
BLACK
6
CONTINUOUS
10
-3.6920066141732284
20
6.2942
11
-3.6738999999999997
21
6.3123066141732282
0
LINE
8
BLACK
6
CONTINUOUS
10
-3.6738999999999997
20
6.3123066141732282
11
-3.6738999999999997
21
6.5587290944881884
0
LINE
8
BLACK
6
CONTINUOUS
10
-3.6738999999999997
20
6.5587290944881884
11
-3.6748559055118108
21
6.5610368110236221
0
LINE
8
BLACK
6
CONTINUOUS
10
-3.6748559055118108
20
6.5610368110236221
11
-3.6749999999999998
21
6.5625
0
LINE
8
BLACK
6
CONTINUOUS
10
-3.6749999999999998
20
6.5625
11
-3.6749999999999998
21
6.5774999999999997
0
LINE
8
BLACK
6
CONTINUOUS
10
-3.6749999999999998
20
6.5774999999999997
11
-3.6850000000000001
21
6.5774999999999997
0
LINE
8
BLACK
6
CONTINUOUS
10
-3.6850000000000001
20
6.5774999999999997
11
-3.6850000000000001
21
6.6325000000000003
0
LINE
8
BLACK
6
CONTINUOUS
10
-3.6850000000000001
20
6.6325000000000003
11
-3.6749999999999998
21
6.6325000000000003
0
LINE
8
BLACK
6
CONTINUOUS
10
-3.6749999999999998
20
6.6325000000000003
11
-3.6749999999999998
21
6.6974999999999998
0
LINE
8
BLACK
6
CONTINUOUS
10
-3.6749999999999998
20
6.6974999999999998
11
-3.7075
21
6.6974999999999998
0
LINE
8
BLACK
6
CONTINUOUS
10
-3.7075
20
6.6974999999999998
11
-3.7075
21
6.7625000000000002
0
LINE
8
BLACK
6
CONTINUOUS
10
-3.7075
20
6.7625000000000002
11
-3.6825000000000001
21
6.7625000000000002
0
LINE
8
BLACK
6
CONTINUOUS
10
-3.6825000000000001
20
6.7625000000000002
11
-3.6825000000000001
21
6.7974999999999994
0
LINE
8
BLACK
6
CONTINUOUS
10
-3.6825000000000001
20
6.7974999999999994
11
-3.7075
21
6.7974999999999994
0
LINE
8
BLACK
6
CONTINUOUS
10
-3.7075
20
6.7974999999999994
11
-3.7075
21
6.8624999999999998
0
LINE
8
BLACK
6
CONTINUOUS
10
-3.7075
20
6.8624999999999998
11
-3.6425000000000001
21
6.8624999999999998
0
LINE
8
BLACK
6
CONTINUOUS
10
-3.6425000000000001
20
6.8624999999999998
11
-3.6425000000000001
21
6.7974999999999994
0
LINE
8
BLACK
6
CONTINUOUS
10
-3.7424999999999997
20
6.7974999999999994
11
-3.7675000000000001
21
6.7974999999999994
0
LINE
8
BLACK
6
CONTINUOUS
10
-3.7675000000000001
20
6.7974999999999994
11
-3.7675000000000001
21
6.7625000000000002
0
LINE
8
BLACK
6
CONTINUOUS
10
-3.7675000000000001
20
6.7625000000000002
11
-3.7424999999999997
21
6.7625000000000002
0
LINE
8
BLACK
6
CONTINUOUS
10
-3.7424999999999997
20
6.7625000000000002
11
-3.7424999999999997
21
6.7116421259842518
0
LINE
8
BLACK
6
CONTINUOUS
10
-3.7424999999999997
20
6.7116421259842518
11
-3.7354289370078742
21
6.7045710629921258
0
LINE
8
BLACK
6
CONTINUOUS
10
-3.7354289370078742
20
6.7045710629921258
11
-3.7341853149606297
21
6.7030557086614175
0
LINE
8
BLACK
6
CONTINUOUS
10
-3.7341853149606297
20
6.7030557086614175
11
-3.7326921653543308
21
6.699450905511811
0
LINE
8
BLACK
6
CONTINUOUS
10
-3.7326921653543308
20
6.699450905511811
11
-3.7324999999999999
21
6.6974999999999998
0
LINE
8
BLACK
6
CONTINUOUS
10
-3.7324999999999999
20
6.6974999999999998
11
-3.7324999999999999
21
6.6325000000000003
0
LINE
8
BLACK
6
CONTINUOUS
10
-3.7324999999999999
20
6.6325000000000003
11
-3.7250000000000001
21
6.6325000000000003
0
LINE
8
BLACK
6
CONTINUOUS
10
-3.7250000000000001
20
6.6325000000000003
11
-3.7250000000000001
21
6.6016421259842515
0
LINE
8
BLACK
6
CONTINUOUS
10
-3.7250000000000001
20
6.6016421259842515
11
-3.7079289370078738
21
6.5845710629921257
0
LINE
8
BLACK
6
CONTINUOUS
10
-3.7079289370078738
20
6.5845710629921257
11
-3.7066853149606298
21
6.5830557086614174
0
LINE
8
BLACK
6
CONTINUOUS
10
-3.7066853149606298
20
6.5830557086614174
11
-3.7051921653543305
21
6.5794509055118109
0
LINE
8
BLACK
6
CONTINUOUS
10
-3.7051921653543305
20
6.5794509055118109
11
-3.7050000000000001
21
6.5774999999999997
0
LINE
8
BLACK
6
CONTINUOUS
10
-3.7050000000000001
20
6.5774999999999997
11
-3.7050000000000001
21
6.5075000000000003
0
LINE
8
BLACK
6
CONTINUOUS
10
-3.7050000000000001
20
6.5075000000000003
11
-3.6825000000000001
21
6.5075000000000003
0
LINE
8
BLACK
6
CONTINUOUS
10
-3.6825000000000001
20
6.5075000000000003
11
-3.6825000000000001
21
6.4424999999999999
0
LINE
8
BLACK
6
CONTINUOUS
10
-3.6825000000000001
20
6.4424999999999999
11
-3.7475000000000001
21
6.4424999999999999
0
LINE
8
BLACK
6
CONTINUOUS
10
-3.7475000000000001
20
6.4424999999999999
11
-3.7475000000000001
21
6.5075000000000003
0
LINE
8
BLACK
6
CONTINUOUS
10
-3.7475000000000001
20
6.5075000000000003
11
-3.7250000000000001
21
6.5075000000000003
0
LINE
8
BLACK
6
CONTINUOUS
10
-3.7250000000000001
20
6.5075000000000003
11
-3.7250000000000001
21
6.5733578740157474
0
LINE
8
BLACK
6
CONTINUOUS
10
-3.7250000000000001
20
6.5733578740157474
11
-3.7291421259842519
21
6.5774999999999997
0
LINE
8
BLACK
6
CONTINUOUS
10
-3.7291421259842519
20
6.5774999999999997
11
-3.7599999999999998
21
6.5774999999999997
0
LINE
8
BLACK
6
CONTINUOUS
10
-3.7599999999999998
20
6.5774999999999997
11
-3.7599999999999998
21
6.5949999999999998
0
LINE
8
BLACK
6
CONTINUOUS
10
-3.7599999999999998
20
6.5949999999999998
11
-3.7949999999999999
21
6.5949999999999998
0
LINE
8
BLACK
6
CONTINUOUS
10
-3.7949999999999999
20
6.5949999999999998
11
-3.7949999999999999
21
6.5774999999999997
0
LINE
8
BLACK
6
CONTINUOUS
10
-3.7949999999999999
20
6.5774999999999997
11
-3.8300000000000001
21
6.5774999999999997
0
LINE
8
BLACK
6
CONTINUOUS
10
-3.8300000000000001
20
6.5774999999999997
11
-3.8300000000000001
21
6.6325000000000003
0
LINE
8
BLACK
6
CONTINUOUS
10
-3.8300000000000001
20
6.6325000000000003
11
-3.7949999999999999
21
6.6325000000000003
0
LINE
8
BLACK
6
CONTINUOUS
10
-3.7949999999999999
20
6.6325000000000003
11
-3.7949999999999999
21
6.6150000000000002
0
LINE
8
BLACK
6
CONTINUOUS
10
-3.7949999999999999
20
6.6150000000000002
11
-3.7599999999999998
21
6.6150000000000002
0
LINE
8
BLACK
6
CONTINUOUS
10
-3.7599999999999998
20
6.6150000000000002
11
-3.7599999999999998
21
6.6325000000000003
0
LINE
8
BLACK
6
CONTINUOUS
10
-3.7599999999999998
20
6.6325000000000003
11
-3.7524999999999999
21
6.6325000000000003
0
LINE
8
BLACK
6
CONTINUOUS
10
-3.7524999999999999
20
6.6325000000000003
11
-3.7524999999999999
21
6.6933578740157476
0
LINE
8
BLACK
6
CONTINUOUS
10
-3.7524999999999999
20
6.6933578740157476
11
-3.7566421259842517
21
6.6974999999999998
0
LINE
8
BLACK
6
CONTINUOUS
10
-3.7566421259842517
20
6.6974999999999998
11
-3.8075000000000001
21
6.6974999999999998
0
LINE
8
BLACK
6
CONTINUOUS
10
-3.8075000000000001
20
6.6974999999999998
11
-3.8075000000000001
21
6.7625000000000002
0
LINE
8
BLACK
6
CONTINUOUS
10
-3.8075000000000001
20
6.7625000000000002
11
-3.7824999999999998
21
6.7625000000000002
0
LINE
8
BLACK
6
CONTINUOUS
10
-3.7824999999999998
20
6.7625000000000002
11
-3.7824999999999998
21
6.7974999999999994
0
LINE
8
BLACK
6
CONTINUOUS
10
-3.7824999999999998
20
6.7974999999999994
11
-3.8075000000000001
21
6.7974999999999994
0
LINE
8
BLACK
6
CONTINUOUS
10
-3.8075000000000001
20
6.7974999999999994
11
-3.8075000000000001
21
6.8624999999999998
0
LINE
8
BLACK
6
CONTINUOUS
10
-3.8075000000000001
20
6.8624999999999998
11
-3.7424999999999997
21
6.8624999999999998
0
LINE
8
BLACK
6
CONTINUOUS
10
-3.7424999999999997
20
6.8624999999999998
11
-3.7424999999999997
21
6.7974999999999994
0
LINE
8
BLACK
6
CONTINUOUS
10
-3.5825
20
6.4424999999999999
11
-3.6475
21
6.4424999999999999
0
LINE
8
BLACK
6
CONTINUOUS
10
-3.6475
20
6.4424999999999999
11
-3.6475
21
6.5075000000000003
0
LINE
8
BLACK
6
CONTINUOUS
10
-3.6475
20
6.5075000000000003
11
-3.5825
21
6.5075000000000003
0
LINE
8
BLACK
6
CONTINUOUS
10
-3.5825
20
6.5075000000000003
11
-3.5825
21
6.4424999999999999
0
LINE
8
BLACK
6
CONTINUOUS
10
-4.2572670078740158
20
6.6054275196850396
11
-4.2568812204724411
21
6.6054275196850396
0
LINE
8
BLACK
6
CONTINUOUS
10
-4.2568812204724411
20
6.6054275196850396
11
-4.2565210629921255
21
6.6052783070866141
0
LINE
8
BLACK
6
CONTINUOUS
10
-4.2565210629921255
20
6.6052783070866141
11
-4.2561388582677164
21
6.6052018897637792
0
LINE
8
BLACK
6
CONTINUOUS
10
-4.2561388582677164
20
6.6052018897637792
11
-4.255818385826772
21
6.6049872440944881
0
LINE
8
BLACK
6
CONTINUOUS
10
-4.255818385826772
20
6.6049872440944881
11
-4.2554620078740157
21
6.6048396456692915
0
LINE
8
BLACK
6
CONTINUOUS
10
-4.2554620078740157
20
6.6048396456692915
11
-4.255186456692913
21
6.60456405511811
0
LINE
8
BLACK
6
CONTINUOUS
10
-4.255186456692913
20
6.60456405511811
11
-4.2548624803149604
21
6.6043471259842521
0
LINE
8
BLACK
6
CONTINUOUS
10
-4.2548624803149604
20
6.6043471259842521
11
-4.2543787007874014
21
6.6037562992125984
0
LINE
8
BLACK
6
CONTINUOUS
10
-4.2543787007874014
20
6.6037562992125984
11
-4.2543757874015746
21
6.6037534251968504
0
LINE
8
BLACK
6
CONTINUOUS
10
-4.2543757874015746
20
6.6037534251968504
11
-4.2543752755905508
21
6.6037521259842515
0
LINE
8
BLACK
6
CONTINUOUS
10
-4.2543752755905508
20
6.6037521259842515
11
-4.2543735039370079
21
6.6037499999999998
0
LINE
8
BLACK
6
CONTINUOUS
10
-4.2543735039370079
20
6.6037499999999998
11
-4.2508402755905514
21
6.5984501574803147
0
LINE
8
BLACK
6
CONTINUOUS
10
-4.2508402755905514
20
6.5984501574803147
11
-4.2478180708661419
21
6.5954279527559052
0
LINE
8
BLACK
6
CONTINUOUS
10
-4.2478180708661419
20
6.5954279527559052
11
-4.2446400393700783
21
6.5938389370078738
0
LINE
8
BLACK
6
CONTINUOUS
10
-4.2446400393700783
20
6.5938389370078738
11
-4.2439868897637796
21
6.5934277952755904
0
LINE
8
BLACK
6
CONTINUOUS
10
-4.2439868897637796
20
6.5934277952755904
11
-4.2429803937007877
21
6.592267283464567
0
LINE
8
BLACK
6
CONTINUOUS
10
-4.2429803937007877
20
6.592267283464567
11
-4.2424946456692911
21
6.5908099606299215
0
LINE
8
BLACK
6
CONTINUOUS
10
-4.2424946456692911
20
6.5908099606299215
11
-4.2426035039370076
21
6.5892776771653541
0
LINE
8
BLACK
6
CONTINUOUS
10
-4.2426035039370076
20
6.5892776771653541
11
-4.243290472440945
21
6.58790374015748
0
LINE
8
BLACK
6
CONTINUOUS
10
-4.243290472440945
20
6.58790374015748
11
-4.2444509842519684
21
6.5868972440944882
0
LINE
8
BLACK
6
CONTINUOUS
10
-4.2444509842519684
20
6.5868972440944882
11
-4.2459083070866139
21
6.5864114566929128
0
LINE
8
BLACK
6
CONTINUOUS
10
-4.2459083070866139
20
6.5864114566929128
11
-4.2474405905511814
21
6.5865203543307089
0
LINE
8
BLACK
6
CONTINUOUS
10
-4.2474405905511814
20
6.5865203543307089
11
-4.2481614173228346
21
6.5867961811023621
0
LINE
8
BLACK
6
CONTINUOUS
10
-4.2481614173228346
20
6.5867961811023621
11
-4.2519109055118109
21
6.5886709448818896
0
LINE
8
BLACK
6
CONTINUOUS
10
-4.2519109055118109
20
6.5886709448818896
11
-4.2522415748031497
21
6.5888790551181105
0
LINE
8
BLACK
6
CONTINUOUS
10
-4.2522415748031497
20
6.5888790551181105
11
-4.2523375196850397
21
6.5889188188976373
0
LINE
8
BLACK
6
CONTINUOUS
10
-4.2523375196850397
20
6.5889188188976373
11
-4.2524455511811023
21
6.589007440944882
0
LINE
8
BLACK
6
CONTINUOUS
10
-4.2524455511811023
20
6.589007440944882
11
-4.2525640944881893
21
6.5890820866141731
0
LINE
8
BLACK
6
CONTINUOUS
10
-4.2525640944881893
20
6.5890820866141731
11
-4.2526323228346454
21
6.5891607086614172
0
LINE
8
BLACK
6
CONTINUOUS
10
-4.2526323228346454
20
6.5891607086614172
11
-4.2529341338582674
21
6.5894084251968499
0
LINE
8
BLACK
6
CONTINUOUS
10
-4.2529341338582674
20
6.5894084251968499
11
-4.2537122834645666
21
6.5901865748031492
0
LINE
8
BLACK
6
CONTINUOUS
10
-4.2537122834645666
20
6.5901865748031492
11
-4.2537122834645666
21
6.5661330708661412
0
LINE
8
BLACK
6
CONTINUOUS
10
-4.2537122834645666
20
6.5661330708661412
11
-4.2464007086614171
21
6.5661330708661412
0
LINE
8
BLACK
6
CONTINUOUS
10
-4.2464007086614171
20
6.5661330708661412
11
-4.2456326377952758
21
6.5660574409448813
0
LINE
8
BLACK
6
CONTINUOUS
10
-4.2456326377952758
20
6.5660574409448813
11
-4.2442134251968504
21
6.5654695669291341
0
LINE
8
BLACK
6
CONTINUOUS
10
-4.2442134251968504
20
6.5654695669291341
11
-4.2431272047244093
21
6.564383346456693
0
LINE
8
BLACK
6
CONTINUOUS
10
-4.2431272047244093
20
6.564383346456693
11
-4.2425393307086612
21
6.5629641338582676
0
LINE
8
BLACK
6
CONTINUOUS
10
-4.2425393307086612
20
6.5629641338582676
11
-4.2425393307086612
21
6.5614279921259842
0
LINE
8
BLACK
6
CONTINUOUS
10
-4.2425393307086612
20
6.5614279921259842
11
-4.2431272047244093
21
6.5600087795275588
0
LINE
8
BLACK
6
CONTINUOUS
10
-4.2431272047244093
20
6.5600087795275588
11
-4.2442134251968504
21
6.5589225590551177
0
LINE
8
BLACK
6
CONTINUOUS
10
-4.2442134251968504
20
6.5589225590551177
11
-4.2456326377952758
21
6.5583346850393696
0
LINE
8
BLACK
6
CONTINUOUS
10
-4.2456326377952758
20
6.5583346850393696
11
-4.2464007086614171
21
6.5582590551181097
0
LINE
8
BLACK
6
CONTINUOUS
10
-4.2464007086614171
20
6.5582590551181097
11
-4.2688978740157477
21
6.5582590551181097
0
LINE
8
BLACK
6
CONTINUOUS
10
-4.2688978740157477
20
6.5582590551181097
11
-4.2696659448818899
21
6.5583346850393696
0
LINE
8
BLACK
6
CONTINUOUS
10
-4.2696659448818899
20
6.5583346850393696
11
-4.2710851574803153
21
6.5589225590551177
0
LINE
8
BLACK
6
CONTINUOUS
10
-4.2710851574803153
20
6.5589225590551177
11
-4.2721713779527555
21
6.5600087795275588
0
LINE
8
BLACK
6
CONTINUOUS
10
-4.2721713779527555
20
6.5600087795275588
11
-4.2727592519685036
21
6.5614279921259842
0
LINE
8
BLACK
6
CONTINUOUS
10
-4.2727592519685036
20
6.5614279921259842
11
-4.2727592519685036
21
6.5629641338582676
0
LINE
8
BLACK
6
CONTINUOUS
10
-4.2727592519685036
20
6.5629641338582676
11
-4.2721713779527555
21
6.564383346456693
0
LINE
8
BLACK
6
CONTINUOUS
10
-4.2721713779527555
20
6.564383346456693
11
-4.2710851574803153
21
6.5654695669291341
0
LINE
8
BLACK
6
CONTINUOUS
10
-4.2710851574803153
20
6.5654695669291341
11
-4.2696659448818899
21
6.5660574409448813
0
LINE
8
BLACK
6
CONTINUOUS
10
-4.2696659448818899
20
6.5660574409448813
11
-4.2688978740157477
21
6.5661330708661412
0
LINE
8
BLACK
6
CONTINUOUS
10
-4.2688978740157477
20
6.5661330708661412
11
-4.2615862992125981
21
6.5661330708661412
0
LINE
8
BLACK
6
CONTINUOUS
10
-4.2615862992125981
20
6.5661330708661412
11
-4.2615862992125981
21
6.6015661417322837
0
LINE
8
BLACK
6
CONTINUOUS
10
-4.2615862992125981
20
6.6015661417322837
11
-4.2615860629921256
21
6.6015688976377955
0
LINE
8
BLACK
6
CONTINUOUS
10
-4.2615860629921256
20
6.6015688976377955
11
-4.2615862992125981
21
6.601570275590551
0
LINE
8
BLACK
6
CONTINUOUS
10
-4.2615862992125981
20
6.601570275590551
11
-4.261585511811024
21
6.6015742519685041
0
LINE
8
BLACK
6
CONTINUOUS
10
-4.261585511811024
20
6.6015742519685041
11
-4.2615106692913383
21
6.602334212598425
0
LINE
8
BLACK
6
CONTINUOUS
10
-4.2615106692913383
20
6.602334212598425
11
-4.2613614960629924
21
6.6026943700787397
0
LINE
8
BLACK
6
CONTINUOUS
10
-4.2613614960629924
20
6.6026943700787397
11
-4.2612850393700787
21
6.6030765748031497
0
LINE
8
BLACK
6
CONTINUOUS
10
-4.2612850393700787
20
6.6030765748031497
11
-4.2610704330708664
21
6.6033970472440942
0
LINE
8
BLACK
6
CONTINUOUS
10
-4.2610704330708664
20
6.6033970472440942
11
-4.2609227952755901
21
6.6037534251968504
0
LINE
8
BLACK
6
CONTINUOUS
10
-4.2609227952755901
20
6.6037534251968504
11
-4.2606472440944883
21
6.6040289763779523
0
LINE
8
BLACK
6
CONTINUOUS
10
-4.2606472440944883
20
6.6040289763779523
11
-4.2604302755905508
21
6.6043529527559057
0
LINE
8
BLACK
6
CONTINUOUS
10
-4.2604302755905508
20
6.6043529527559057
11
-4.2601092913385825
21
6.604566929133858
0
LINE
8
BLACK
6
CONTINUOUS
10
-4.2601092913385825
20
6.604566929133858
11
-4.2598365748031499
21
6.6048396456692915
0
LINE
8
BLACK
6
CONTINUOUS
10
-4.2598365748031499
20
6.6048396456692915
11
-4.2594764960629918
21
6.6049887795275586
0
LINE
8
BLACK
6
CONTINUOUS
10
-4.2594764960629918
20
6.6049887795275586
11
-4.2591521259842517
21
6.6052050393700785
0
LINE
8
BLACK
6
CONTINUOUS
10
-4.2591521259842517
20
6.6052050393700785
11
-4.2587737795275586
21
6.6052798818897633
0
LINE
8
BLACK
6
CONTINUOUS
10
-4.2587737795275586
20
6.6052798818897633
11
-4.2584173622047246
21
6.6054275196850396
0
LINE
8
BLACK
6
CONTINUOUS
10
-4.2584173622047246
20
6.6054275196850396
11
-4.2580274803149605
21
6.6054275196850396
0
LINE
8
BLACK
6
CONTINUOUS
10
-4.2580274803149605
20
6.6054275196850396
11
-4.2576451574803151
21
6.6055031496062995
0
LINE
8
BLACK
6
CONTINUOUS
10
-4.2576451574803151
20
6.6055031496062995
11
-4.2572670078740158
21
6.6054275196850396
0
LINE
8
BLACK
6
CONTINUOUS
10
-4.2175111417322837
20
6.6054275196850396
11
-4.2173804330708657
21
6.6053733464566928
0
LINE
8
BLACK
6
CONTINUOUS
10
-4.2173804330708657
20
6.6053733464566928
11
-4.2172393307086615
21
6.6053633464566923
0
LINE
8
BLACK
6
CONTINUOUS
10
-4.2172393307086615
20
6.6053633464566923
11
-4.2165185433070862
21
6.6050875196850392
0
LINE
8
BLACK
6
CONTINUOUS
10
-4.2165185433070862
20
6.6050875196850392
11
-4.2127690157480311
21
6.6032127559055116
0
LINE
8
BLACK
6
CONTINUOUS
10
-4.2127690157480311
20
6.6032127559055116
11
-4.2124384645669286
21
6.6030046456692908
0
LINE
8
BLACK
6
CONTINUOUS
10
-4.2124384645669286
20
6.6030046456692908
11
-4.2123424015748032
21
6.6029648818897639
0
LINE
8
BLACK
6
CONTINUOUS
10
-4.2123424015748032
20
6.6029648818897639
11
-4.2122342913385822
21
6.602876141732283
0
LINE
8
BLACK
6
CONTINUOUS
10
-4.2122342913385822
20
6.602876141732283
11
-4.2121158661417324
21
6.6028016141732282
0
LINE
8
BLACK
6
CONTINUOUS
10
-4.2121158661417324
20
6.6028016141732282
11
-4.2120477952755904
21
6.6027230708661415
0
LINE
8
BLACK
6
CONTINUOUS
10
-4.2120477952755904
20
6.6027230708661415
11
-4.2117457874015747
21
6.6024752755905514
0
LINE
8
BLACK
6
CONTINUOUS
10
-4.2117457874015747
20
6.6024752755905514
11
-4.2098710629921259
21
6.6006005118110238
0
LINE
8
BLACK
6
CONTINUOUS
10
-4.2098710629921259
20
6.6006005118110238
11
-4.2096233464566932
21
6.6002986614173222
0
LINE
8
BLACK
6
CONTINUOUS
10
-4.2096233464566932
20
6.6002986614173222
11
-4.2095446850393703
21
6.6002304724409449
0
LINE
8
BLACK
6
CONTINUOUS
10
-4.2095446850393703
20
6.6002304724409449
11
-4.2094701574803146
21
6.6001120078740154
0
LINE
8
BLACK
6
CONTINUOUS
10
-4.2094701574803146
20
6.6001120078740154
11
-4.2093814173228346
21
6.600003937007874
0
LINE
8
BLACK
6
CONTINUOUS
10
-4.2093814173228346
20
6.600003937007874
11
-4.2093416535433068
21
6.599907834645669
0
LINE
8
BLACK
6
CONTINUOUS
10
-4.2093416535433068
20
6.599907834645669
11
-4.2091335433070869
21
6.5995772834645665
0
LINE
8
BLACK
6
CONTINUOUS
10
-4.2091335433070869
20
6.5995772834645665
11
-4.2072587795275593
21
6.5958277952755902
0
LINE
8
BLACK
6
CONTINUOUS
10
-4.2072587795275593
20
6.5958277952755902
11
-4.2072372834645666
21
6.5957715354330704
0
LINE
8
BLACK
6
CONTINUOUS
10
-4.2072372834645666
20
6.5957715354330704
11
-4.2072203543307083
21
6.5957487401574806
0
LINE
8
BLACK
6
CONTINUOUS
10
-4.2072203543307083
20
6.5957487401574806
11
-4.2071053543307082
21
6.5954268110236223
0
LINE
8
BLACK
6
CONTINUOUS
10
-4.2071053543307082
20
6.5954268110236223
11
-4.2069829527559053
21
6.595106968503937
0
LINE
8
BLACK
6
CONTINUOUS
10
-4.2069829527559053
20
6.595106968503937
11
-4.2069809448818898
21
6.5950785826771652
0
LINE
8
BLACK
6
CONTINUOUS
10
-4.2069809448818898
20
6.5950785826771652
11
-4.2069607086614171
21
6.5950219685039366
0
LINE
8
BLACK
6
CONTINUOUS
10
-4.2069607086614171
20
6.5950219685039366
11
-4.2050859448818896
21
6.5875229133858264
0
LINE
8
BLACK
6
CONTINUOUS
10
-4.2050859448818896
20
6.5875229133858264
11
-4.2050662598425195
21
6.5873897637795276
0
LINE
8
BLACK
6
CONTINUOUS
10
-4.2050662598425195
20
6.5873897637795276
11
-4.2050440157480313
21
6.5873361023622046
0
LINE
8
BLACK
6
CONTINUOUS
10
-4.2050440157480313
20
6.5873361023622046
11
-4.205015551181102
21
6.5870466929133853
0
LINE
8
BLACK
6
CONTINUOUS
10
-4.205015551181102
20
6.5870466929133853
11
-4.2049730314960625
21
6.5867594094488187
0
LINE
8
BLACK
6
CONTINUOUS
10
-4.2049730314960625
20
6.5867594094488187
11
-4.2049816141732279
21
6.5867019685039372
0
LINE
8
BLACK
6
CONTINUOUS
10
-4.2049816141732279
20
6.5867019685039372
11
-4.2049683858267715
21
6.5865680314960624
0
LINE
8
BLACK
6
CONTINUOUS
10
-4.2049683858267715
20
6.5865680314960624
11
-4.2049683858267715
21
6.5771942125984246
0
LINE
8
BLACK
6
CONTINUOUS
10
-4.2049683858267715
20
6.5771942125984246
11
-4.2049816141732279
21
6.577060236220472
0
LINE
8
BLACK
6
CONTINUOUS
10
-4.2049816141732279
20
6.577060236220472
11
-4.2049730314960625
21
6.5770028346456693
0
LINE
8
BLACK
6
CONTINUOUS
10
-4.2049730314960625
20
6.5770028346456693
11
-4.205015551181102
21
6.5767155118110239
0
LINE
8
BLACK
6
CONTINUOUS
10
-4.205015551181102
20
6.5767155118110239
11
-4.2050440157480313
21
6.5764261417322833
0
LINE
8
BLACK
6
CONTINUOUS
10
-4.2050440157480313
20
6.5764261417322833
11
-4.2050662598425195
21
6.5763724409448816
0
LINE
8
BLACK
6
CONTINUOUS
10
-4.2050662598425195
20
6.5763724409448816
11
-4.2050859448818896
21
6.5762393307086615
0
LINE
8
BLACK
6
CONTINUOUS
10
-4.2050859448818896
20
6.5762393307086615
11
-4.2069607086614171
21
6.5687402755905513
0
LINE
8
BLACK
6
CONTINUOUS
10
-4.2069607086614171
20
6.5687402755905513
11
-4.2069809448818898
21
6.568683622047244
0
LINE
8
BLACK
6
CONTINUOUS
10
-4.2069809448818898
20
6.568683622047244
11
-4.2069829527559053
21
6.568655275590551
0
LINE
8
BLACK
6
CONTINUOUS
10
-4.2069829527559053
20
6.568655275590551
11
-4.2071053543307082
21
6.5683353937007869
0
LINE
8
BLACK
6
CONTINUOUS
10
-4.2071053543307082
20
6.5683353937007869
11
-4.2072203543307083
21
6.5680135039370073
0
LINE
8
BLACK
6
CONTINUOUS
10
-4.2072203543307083
20
6.5680135039370073
11
-4.2072372834645666
21
6.5679906692913388
0
LINE
8
BLACK
6
CONTINUOUS
10
-4.2072372834645666
20
6.5679906692913388
11
-4.2072587795275593
21
6.5679344488188978
0
LINE
8
BLACK
6
CONTINUOUS
10
-4.2072587795275593
20
6.5679344488188978
11
-4.2091335433070869
21
6.5641849606299214
0
LINE
8
BLACK
6
CONTINUOUS
10
-4.2091335433070869
20
6.5641849606299214
11
-4.2093416535433068
21
6.5638543700787402
0
LINE
8
BLACK
6
CONTINUOUS
10
-4.2093416535433068
20
6.5638543700787402
11
-4.2093814173228346
21
6.5637583070866139
0
LINE
8
BLACK
6
CONTINUOUS
10
-4.2093814173228346
20
6.5637583070866139
11
-4.2094701574803146
21
6.5636501968503937
0
LINE
8
BLACK
6
CONTINUOUS
10
-4.2094701574803146
20
6.5636501968503937
11
-4.2095446850393703
21
6.5635317716535431
0
LINE
8
BLACK
6
CONTINUOUS
10
-4.2095446850393703
20
6.5635317716535431
11
-4.2096233464566932
21
6.563463543307086
0
LINE
8
BLACK
6
CONTINUOUS
10
-4.2096233464566932
20
6.563463543307086
11
-4.2098710629921259
21
6.5631617322834641
0
LINE
8
BLACK
6
CONTINUOUS
10
-4.2098710629921259
20
6.5631617322834641
11
-4.2117457874015747
21
6.5612869685039366
0
LINE
8
BLACK
6
CONTINUOUS
10
-4.2117457874015747
20
6.5612869685039366
11
-4.2120476377952754
21
6.5610392519685039
0
LINE
8
BLACK
6
CONTINUOUS
10
-4.2120476377952754
20
6.5610392519685039
11
-4.2121157874015749
21
6.5609606692913385
0
LINE
8
BLACK
6
CONTINUOUS
10
-4.2121157874015749
20
6.5609606692913385
11
-4.2122343307086609
21
6.5608860629921262
0
LINE
8
BLACK
6
CONTINUOUS
10
-4.2122343307086609
20
6.5608860629921262
11
-4.2123424015748032
21
6.560797362204724
0
LINE
8
BLACK
6
CONTINUOUS
10
-4.2123424015748032
20
6.560797362204724
11
-4.2124384645669286
21
6.5607575590551184
0
LINE
8
BLACK
6
CONTINUOUS
10
-4.2124384645669286
20
6.5607575590551184
11
-4.2127689763779523
21
6.5605495275590551
0
LINE
8
BLACK
6
CONTINUOUS
10
-4.2127689763779523
20
6.5605495275590551
11
-4.2165185039370074
21
6.5586747244094488
0
LINE
8
BLACK
6
CONTINUOUS
10
-4.2165185039370074
20
6.5586747244094488
11
-4.2172392913385828
21
6.558398858267716
0
LINE
8
BLACK
6
CONTINUOUS
10
-4.2172392913385828
20
6.558398858267716
11
-4.2173804724409445
21
6.5583888188976376
0
LINE
8
BLACK
6
CONTINUOUS
10
-4.2173804724409445
20
6.5583888188976376
11
-4.2175111417322837
21
6.5583346850393696
0
LINE
8
BLACK
6
CONTINUOUS
10
-4.2175111417322837
20
6.5583346850393696
11
-4.218279212598425
21
6.5582590551181097
0
LINE
8
BLACK
6
CONTINUOUS
10
-4.218279212598425
20
6.5582590551181097
11
-4.2220287401574801
21
6.5582590551181097
0
LINE
8
BLACK
6
CONTINUOUS
10
-4.2220287401574801
20
6.5582590551181097
11
-4.2227968110236223
21
6.5583346850393696
0
LINE
8
BLACK
6
CONTINUOUS
10
-4.2227968110236223
20
6.5583346850393696
11
-4.2229275590551181
21
6.5583888188976376
0
LINE
8
BLACK
6
CONTINUOUS
10
-4.2229275590551181
20
6.5583888188976376
11
-4.2230686220472444
21
6.558398858267716
0
LINE
8
BLACK
6
CONTINUOUS
10
-4.2230686220472444
20
6.558398858267716
11
-4.2237894488188976
21
6.5586747244094488
0
LINE
8
BLACK
6
CONTINUOUS
10
-4.2237894488188976
20
6.5586747244094488
11
-4.2275389763779527
21
6.5605495275590551
0
LINE
8
BLACK
6
CONTINUOUS
10
-4.2275389763779527
20
6.5605495275590551
11
-4.2278694094488189
21
6.5607575196850396
0
LINE
8
BLACK
6
CONTINUOUS
10
-4.2278694094488189
20
6.5607575196850396
11
-4.2279655905511806
21
6.560797362204724
0
LINE
8
BLACK
6
CONTINUOUS
10
-4.2279655905511806
20
6.560797362204724
11
-4.2280738582677166
21
6.5608861811023624
0
LINE
8
BLACK
6
CONTINUOUS
10
-4.2280738582677166
20
6.5608861811023624
11
-4.2281921259842523
21
6.5609606692913385
0
LINE
8
BLACK
6
CONTINUOUS
10
-4.2281921259842523
20
6.5609606692913385
11
-4.2282602362204722
21
6.5610391732283464
0
LINE
8
BLACK
6
CONTINUOUS
10
-4.2282602362204722
20
6.5610391732283464
11
-4.2285621653543304
21
6.5612870078740153
0
LINE
8
BLACK
6
CONTINUOUS
10
-4.2285621653543304
20
6.5612870078740153
11
-4.2304369291338579
21
6.5631617322834641
0
LINE
8
BLACK
6
CONTINUOUS
10
-4.2304369291338579
20
6.5631617322834641
11
-4.2306847637795277
21
6.563463700787401
0
LINE
8
BLACK
6
CONTINUOUS
10
-4.2306847637795277
20
6.563463700787401
11
-4.2307632677165357
21
6.5635318110236218
0
LINE
8
BLACK
6
CONTINUOUS
10
-4.2307632677165357
20
6.5635318110236218
11
-4.2308378346456692
21
6.5636501968503937
0
LINE
8
BLACK
6
CONTINUOUS
10
-4.2308378346456692
20
6.5636501968503937
11
-4.2309265354330705
21
6.5637583464566926
0
LINE
8
BLACK
6
CONTINUOUS
10
-4.2309265354330705
20
6.5637583464566926
11
-4.230966338582677
21
6.5638543700787402
0
LINE
8
BLACK
6
CONTINUOUS
10
-4.230966338582677
20
6.5638543700787402
11
-4.2311744094488191
21
6.5641849606299214
0
LINE
8
BLACK
6
CONTINUOUS
10
-4.2311744094488191
20
6.5641849606299214
11
-4.2330491732283466
21
6.5679344881889765
0
LINE
8
BLACK
6
CONTINUOUS
10
-4.2330491732283466
20
6.5679344881889765
11
-4.2330706692913385
21
6.56799062992126
0
LINE
8
BLACK
6
CONTINUOUS
10
-4.2330706692913385
20
6.56799062992126
11
-4.2330875984251968
21
6.5680135039370073
0
LINE
8
BLACK
6
CONTINUOUS
10
-4.2330875984251968
20
6.5680135039370073
11
-4.2332026377952756
21
6.5683353937007869
0
LINE
8
BLACK
6
CONTINUOUS
10
-4.2332026377952756
20
6.5683353937007869
11
-4.2333249999999998
21
6.568655275590551
0
LINE
8
BLACK
6
CONTINUOUS
10
-4.2333249999999998
20
6.568655275590551
11
-4.233327047244094
21
6.5686837007874015
0
LINE
8
BLACK
6
CONTINUOUS
10
-4.233327047244094
20
6.5686837007874015
11
-4.2333472440944879
21
6.56874031496063
0
LINE
8
BLACK
6
CONTINUOUS
10
-4.2333472440944879
20
6.56874031496063
11
-4.2352220078740155
21
6.5762393307086615
0
LINE
8
BLACK
6
CONTINUOUS
10
-4.2352220078740155
20
6.5762393307086615
11
-4.2352417322834643
21
6.5763724409448816
0
LINE
8
BLACK
6
CONTINUOUS
10
-4.2352417322834643
20
6.5763724409448816
11
-4.2352639370078737
21
6.5764261417322833
0
LINE
8
BLACK
6
CONTINUOUS
10
-4.2352639370078737
20
6.5764261417322833
11
-4.2352924409448818
21
6.5767155118110239
0
LINE
8
BLACK
6
CONTINUOUS
10
-4.2352924409448818
20
6.5767155118110239
11
-4.2353349212598426
21
6.5770028346456693
0
LINE
8
BLACK
6
CONTINUOUS
10
-4.2353349212598426
20
6.5770028346456693
11
-4.2353263779527559
21
6.577060236220472
0
LINE
8
BLACK
6
CONTINUOUS
10
-4.2353263779527559
20
6.577060236220472
11
-4.2353395669291336
21
6.5771942125984246
0
LINE
8
BLACK
6
CONTINUOUS
10
-4.2353395669291336
20
6.5771942125984246
11
-4.2353395669291336
21
6.5865680314960624
0
LINE
8
BLACK
6
CONTINUOUS
10
-4.2353395669291336
20
6.5865680314960624
11
-4.2353263779527559
21
6.5867019685039372
0
LINE
8
BLACK
6
CONTINUOUS
10
-4.2353263779527559
20
6.5867019685039372
11
-4.2353349212598426
21
6.5867594094488187
0
LINE
8
BLACK
6
CONTINUOUS
10
-4.2353349212598426
20
6.5867594094488187
11
-4.2352924409448818
21
6.5870466929133853
0
LINE
8
BLACK
6
CONTINUOUS
10
-4.2352924409448818
20
6.5870466929133853
11
-4.2352639370078737
21
6.5873361023622046
0
LINE
8
BLACK
6
CONTINUOUS
10
-4.2352639370078737
20
6.5873361023622046
11
-4.2352417322834643
21
6.5873897637795276
0
LINE
8
BLACK
6
CONTINUOUS
10
-4.2352417322834643
20
6.5873897637795276
11
-4.2352220078740155
21
6.5875229133858264
0
LINE
8
BLACK
6
CONTINUOUS
10
-4.2352220078740155
20
6.5875229133858264
11
-4.2333472440944879
21
6.5950219291338579
0
LINE
8
BLACK
6
CONTINUOUS
10
-4.2333472440944879
20
6.5950219291338579
11
-4.233327047244094
21
6.5950785039370077
0
LINE
8
BLACK
6
CONTINUOUS
10
-4.233327047244094
20
6.5950785039370077
11
-4.2333249999999998
21
6.595106968503937
0
LINE
8
BLACK
6
CONTINUOUS
10
-4.2333249999999998
20
6.595106968503937
11
-4.2332026377952756
21
6.5954268110236223
0
LINE
8
BLACK
6
CONTINUOUS
10
-4.2332026377952756
20
6.5954268110236223
11
-4.2330875984251968
21
6.5957487401574806
0
LINE
8
BLACK
6
CONTINUOUS
10
-4.2330875984251968
20
6.5957487401574806
11
-4.2330706692913385
21
6.5957715748031491
0
LINE
8
BLACK
6
CONTINUOUS
10
-4.2330706692913385
20
6.5957715748031491
11
-4.2330491732283466
21
6.5958277559055114
0
LINE
8
BLACK
6
CONTINUOUS
10
-4.2330491732283466
20
6.5958277559055114
11
-4.2311744094488191
21
6.5995772834645665
0
LINE
8
BLACK
6
CONTINUOUS
10
-4.2311744094488191
20
6.5995772834645665
11
-4.230966338582677
21
6.599907834645669
0
LINE
8
BLACK
6
CONTINUOUS
10
-4.230966338582677
20
6.599907834645669
11
-4.2309265354330705
21
6.6000038976377953
0
LINE
8
BLACK
6
CONTINUOUS
10
-4.2309265354330705
20
6.6000038976377953
11
-4.2308378346456692
21
6.6001120078740154
0
LINE
8
BLACK
6
CONTINUOUS
10
-4.2308378346456692
20
6.6001120078740154
11
-4.2307632677165357
21
6.6002304330708661
0
LINE
8
BLACK
6
CONTINUOUS
10
-4.2307632677165357
20
6.6002304330708661
11
-4.2306847637795277
21
6.6002985039370081
0
LINE
8
BLACK
6
CONTINUOUS
10
-4.2306847637795277
20
6.6002985039370081
11
-4.2304369291338579
21
6.6006005118110238
0
LINE
8
BLACK
6
CONTINUOUS
10
-4.2304369291338579
20
6.6006005118110238
11
-4.2285621653543304
21
6.6024752362204726
0
LINE
8
BLACK
6
CONTINUOUS
10
-4.2285621653543304
20
6.6024752362204726
11
-4.2282603543307085
21
6.6027229527559053
0
LINE
8
BLACK
6
CONTINUOUS
10
-4.2282603543307085
20
6.6027229527559053
11
-4.2281921259842523
21
6.6028016141732282
0
LINE
8
BLACK
6
CONTINUOUS
10
-4.2281921259842523
20
6.6028016141732282
11
-4.2280737007874016
21
6.602876141732283
0
LINE
8
BLACK
6
CONTINUOUS
10
-4.2280737007874016
20
6.602876141732283
11
-4.2279655905511806
21
6.6029648818897639
0
LINE
8
BLACK
6
CONTINUOUS
10
-4.2279655905511806
20
6.6029648818897639
11
-4.2278695275590552
21
6.6030046456692908
0
LINE
8
BLACK
6
CONTINUOUS
10
-4.2278695275590552
20
6.6030046456692908
11
-4.227538937007874
21
6.6032127559055116
0
LINE
8
BLACK
6
CONTINUOUS
10
-4.227538937007874
20
6.6032127559055116
11
-4.2237894488188976
21
6.6050875196850392
0
LINE
8
BLACK
6
CONTINUOUS
10
-4.2237894488188976
20
6.6050875196850392
11
-4.2230686220472444
21
6.6053633464566923
0
LINE
8
BLACK
6
CONTINUOUS
10
-4.2230686220472444
20
6.6053633464566923
11
-4.2229275590551181
21
6.6053733464566928
0
LINE
8
BLACK
6
CONTINUOUS
10
-4.2229275590551181
20
6.6053733464566928
11
-4.2227968110236223
21
6.6054275196850396
0
LINE
8
BLACK
6
CONTINUOUS
10
-4.2227968110236223
20
6.6054275196850396
11
-4.2220287401574801
21
6.6055031496062995
0
LINE
8
BLACK
6
CONTINUOUS
10
-4.2220287401574801
20
6.6055031496062995
11
-4.218279212598425
21
6.6055031496062995
0
LINE
8
BLACK
6
CONTINUOUS
10
-4.218279212598425
20
6.6055031496062995
11
-4.2175111417322837
21
6.6054275196850396
0
LINE
8
BLACK
6
CONTINUOUS
10
-4.2234461811023625
20
6.5964557086614173
11
-4.2244173622047247
21
6.5954844881889763
0
LINE
8
BLACK
6
CONTINUOUS
10
-4.2244173622047247
20
6.5954844881889763
11
-4.2258131889763781
21
6.5926928740157482
0
LINE
8
BLACK
6
CONTINUOUS
10
-4.2258131889763781
20
6.5926928740157482
11
-4.2274655511811021
21
6.5860833858267718
0
LINE
8
BLACK
6
CONTINUOUS
10
-4.2274655511811021
20
6.5860833858267718
11
-4.2274655511811021
21
6.5776788582677161
0
LINE
8
BLACK
6
CONTINUOUS
10
-4.2274655511811021
20
6.5776788582677161
11
-4.2258131889763781
21
6.5710693307086609
0
LINE
8
BLACK
6
CONTINUOUS
10
-4.2258131889763781
20
6.5710693307086609
11
-4.2244173622047247
21
6.5682777165354329
0
LINE
8
BLACK
6
CONTINUOUS
10
-4.2244173622047247
20
6.5682777165354329
11
-4.2234461417322837
21
6.5673064566929131
0
LINE
8
BLACK
6
CONTINUOUS
10
-4.2234461417322837
20
6.5673064566929131
11
-4.2210993700787398
21
6.5661330708661412
0
LINE
8
BLACK
6
CONTINUOUS
10
-4.2210993700787398
20
6.5661330708661412
11
-4.2192085826771653
21
6.5661330708661412
0
LINE
8
BLACK
6
CONTINUOUS
10
-4.2192085826771653
20
6.5661330708661412
11
-4.2168618897637797
21
6.5673064173228344
0
LINE
8
BLACK
6
CONTINUOUS
10
-4.2168618897637797
20
6.5673064173228344
11
-4.2158905905511812
21
6.5682777165354329
0
LINE
8
BLACK
6
CONTINUOUS
10
-4.2158905905511812
20
6.5682777165354329
11
-4.2144948031496066
21
6.5710693307086609
0
LINE
8
BLACK
6
CONTINUOUS
10
-4.2144948031496066
20
6.5710693307086609
11
-4.2128424015748029
21
6.5776788188976374
0
LINE
8
BLACK
6
CONTINUOUS
10
-4.2128424015748029
20
6.5776788188976374
11
-4.2128424015748029
21
6.5860833858267718
0
LINE
8
BLACK
6
CONTINUOUS
10
-4.2128424015748029
20
6.5860833858267718
11
-4.2144948031496066
21
6.5926928740157482
0
LINE
8
BLACK
6
CONTINUOUS
10
-4.2144948031496066
20
6.5926928740157482
11
-4.2158905905511812
21
6.5954844881889763
0
LINE
8
BLACK
6
CONTINUOUS
10
-4.2158905905511812
20
6.5954844881889763
11
-4.2168618110236222
21
6.5964556692913385
0
LINE
8
BLACK
6
CONTINUOUS
10
-4.2168618110236222
20
6.5964556692913385
11
-4.219208622047244
21
6.597629133858268
0
LINE
8
BLACK
6
CONTINUOUS
10
-4.219208622047244
20
6.597629133858268
11
-4.2210993307086611
21
6.597629133858268
0
LINE
8
BLACK
6
CONTINUOUS
10
-4.2210993307086611
20
6.597629133858268
11
-4.2234461811023625
21
6.5964557086614173
0
LINE
8
BLACK
6
CONTINUOUS
10
-4.1200233464566924
20
6.6054275196850396
11
-4.1198926377952754
21
6.6053733464566928
0
LINE
8
BLACK
6
CONTINUOUS
10
-4.1198926377952754
20
6.6053733464566928
11
-4.1197515354330712
21
6.6053633464566923
0
LINE
8
BLACK
6
CONTINUOUS
10
-4.1197515354330712
20
6.6053633464566923
11
-4.1190307480314958
21
6.6050875196850392
0
LINE
8
BLACK
6
CONTINUOUS
10
-4.1190307480314958
20
6.6050875196850392
11
-4.1152812204724407
21
6.6032127559055116
0
LINE
8
BLACK
6
CONTINUOUS
10
-4.1152812204724407
20
6.6032127559055116
11
-4.1149506692913382
21
6.6030046456692908
0
LINE
8
BLACK
6
CONTINUOUS
10
-4.1149506692913382
20
6.6030046456692908
11
-4.1148546062992128
21
6.6029648818897639
0
LINE
8
BLACK
6
CONTINUOUS
10
-4.1148546062992128
20
6.6029648818897639
11
-4.1147464960629918
21
6.602876141732283
0
LINE
8
BLACK
6
CONTINUOUS
10
-4.1147464960629918
20
6.602876141732283
11
-4.114628070866142
21
6.6028016141732282
0
LINE
8
BLACK
6
CONTINUOUS
10
-4.114628070866142
20
6.6028016141732282
11
-4.11456
21
6.6027230708661415
0
LINE
8
BLACK
6
CONTINUOUS
10
-4.11456
20
6.6027230708661415
11
-4.1142579921259843
21
6.6024752755905514
0
LINE
8
BLACK
6
CONTINUOUS
10
-4.1142579921259843
20
6.6024752755905514
11
-4.1123832677165355
21
6.6006005118110238
0
LINE
8
BLACK
6
CONTINUOUS
10
-4.1123832677165355
20
6.6006005118110238
11
-4.112135551181102
21
6.6002986614173222
0
LINE
8
BLACK
6
CONTINUOUS
10
-4.112135551181102
20
6.6002986614173222
11
-4.112056889763779
21
6.6002304724409449
0
LINE
8
BLACK
6
CONTINUOUS
10
-4.112056889763779
20
6.6002304724409449
11
-4.1119823622047242
21
6.6001120078740154
0
LINE
8
BLACK
6
CONTINUOUS
10
-4.1119823622047242
20
6.6001120078740154
11
-4.1118936220472442
21
6.600003937007874
0
LINE
8
BLACK
6
CONTINUOUS
10
-4.1118936220472442
20
6.600003937007874
11
-4.1118538582677164
21
6.599907834645669
0
LINE
8
BLACK
6
CONTINUOUS
10
-4.1118538582677164
20
6.599907834645669
11
-4.1116457480314956
21
6.5995772834645665
0
LINE
8
BLACK
6
CONTINUOUS
10
-4.1116457480314956
20
6.5995772834645665
11
-4.1097709842519681
21
6.5958277952755902
0
LINE
8
BLACK
6
CONTINUOUS
10
-4.1097709842519681
20
6.5958277952755902
11
-4.1094951574803149
21
6.595106968503937
0
LINE
8
BLACK
6
CONTINUOUS
10
-4.1094951574803149
20
6.595106968503937
11
-4.1094851574803153
21
6.5949658661417319
0
LINE
8
BLACK
6
CONTINUOUS
10
-4.1094851574803153
20
6.5949658661417319
11
-4.1094309842519685
21
6.5948351574803148
0
LINE
8
BLACK
6
CONTINUOUS
10
-4.1094309842519685
20
6.5948351574803148
11
-4.1093553543307086
21
6.5940670866141735
0
LINE
8
BLACK
6
CONTINUOUS
10
-4.1093553543307086
20
6.5940670866141735
11
-4.1093553543307086
21
6.5903175590551184
0
LINE
8
BLACK
6
CONTINUOUS
10
-4.1093553543307086
20
6.5903175590551184
11
-4.1094309842519685
21
6.5895494881889762
0
LINE
8
BLACK
6
CONTINUOUS
10
-4.1094309842519685
20
6.5895494881889762
11
-4.1094851574803153
21
6.5894187401574804
0
LINE
8
BLACK
6
CONTINUOUS
10
-4.1094851574803153
20
6.5894187401574804
11
-4.1094951574803149
21
6.5892776771653541
0
LINE
8
BLACK
6
CONTINUOUS
10
-4.1094951574803149
20
6.5892776771653541
11
-4.1097709842519681
21
6.5885568503937009
0
LINE
8
BLACK
6
CONTINUOUS
10
-4.1097709842519681
20
6.5885568503937009
11
-4.1116457480314956
21
6.5848073622047245
0
LINE
8
BLACK
6
CONTINUOUS
10
-4.1116457480314956
20
6.5848073622047245
11
-4.1118538582677164
21
6.5844767716535433
0
LINE
8
BLACK
6
CONTINUOUS
10
-4.1118538582677164
20
6.5844767716535433
11
-4.1118936220472442
21
6.584380708661417
0
LINE
8
BLACK
6
CONTINUOUS
10
-4.1118936220472442
20
6.584380708661417
11
-4.1119823622047242
21
6.5842725984251969
0
LINE
8
BLACK
6
CONTINUOUS
10
-4.1119823622047242
20
6.5842725984251969
11
-4.112056889763779
21
6.5841541732283462
0
LINE
8
BLACK
6
CONTINUOUS
10
-4.112056889763779
20
6.5841541732283462
11
-4.112135551181102
21
6.58408594488189
0
LINE
8
BLACK
6
CONTINUOUS
10
-4.112135551181102
20
6.58408594488189
11
-4.1123832677165355
21
6.5837841338582672
0
LINE
8
BLACK
6
CONTINUOUS
10
-4.1123832677165355
20
6.5837841338582672
11
-4.1142579921259843
21
6.5819093700787397
0
LINE
8
BLACK
6
CONTINUOUS
10
-4.1142579921259843
20
6.5819093700787397
11
-4.11456
21
6.5816615354330708
0
LINE
8
BLACK
6
CONTINUOUS
10
-4.11456
20
6.5816615354330708
11
-4.114628070866142
21
6.5815830314960628
0
LINE
8
BLACK
6
CONTINUOUS
10
-4.114628070866142
20
6.5815830314960628
11
-4.1147464960629918
21
6.5815084645669293
0
LINE
8
BLACK
6
CONTINUOUS
10
-4.1147464960629918
20
6.5815084645669293
11
-4.1148546062992128
21
6.5814197637795271
0
LINE
8
BLACK
6
CONTINUOUS
10
-4.1148546062992128
20
6.5814197637795271
11
-4.1149506692913382
21
6.5813799606299215
0
LINE
8
BLACK
6
CONTINUOUS
10
-4.1149506692913382
20
6.5813799606299215
11
-4.1152812204724407
21
6.5811718897637794
0
LINE
8
BLACK
6
CONTINUOUS
10
-4.1152812204724407
20
6.5811718897637794
11
-4.1190307480314958
21
6.5792971259842519
0
LINE
8
BLACK
6
CONTINUOUS
10
-4.1190307480314958
20
6.5792971259842519
11
-4.1190869291338581
21
6.57927562992126
0
LINE
8
BLACK
6
CONTINUOUS
10
-4.1190869291338581
20
6.57927562992126
11
-4.1191097637795275
21
6.5792587007874017
0
LINE
8
BLACK
6
CONTINUOUS
10
-4.1191097637795275
20
6.5792587007874017
11
-4.1194316929133858
21
6.5791436614173229
0
LINE
8
BLACK
6
CONTINUOUS
10
-4.1194316929133858
20
6.5791436614173229
11
-4.1197515354330712
21
6.5790212992125987
0
LINE
8
BLACK
6
CONTINUOUS
10
-4.1197515354330712
20
6.5790212992125987
11
-4.1197799999999996
21
6.5790192519685036
0
LINE
8
BLACK
6
CONTINUOUS
10
-4.1197799999999996
20
6.5790192519685036
11
-4.1198365748031494
21
6.5789990551181097
0
LINE
8
BLACK
6
CONTINUOUS
10
-4.1198365748031494
20
6.5789990551181097
11
-4.1269162992125983
21
6.5772290944881888
0
LINE
8
BLACK
6
CONTINUOUS
10
-4.1269162992125983
20
6.5772290944881888
11
-4.1297079133858263
21
6.5758333070866142
0
LINE
8
BLACK
6
CONTINUOUS
10
-4.1297079133858263
20
6.5758333070866142
11
-4.1306790944881886
21
6.5748620866141732
0
LINE
8
BLACK
6
CONTINUOUS
10
-4.1306790944881886
20
6.5748620866141732
11
-4.1318525196850393
21
6.5725152362204726
0
LINE
8
BLACK
6
CONTINUOUS
10
-4.1318525196850393
20
6.5725152362204726
11
-4.1318525196850393
21
6.5706245669291334
0
LINE
8
BLACK
6
CONTINUOUS
10
-4.1318525196850393
20
6.5706245669291334
11
-4.1306790944881886
21
6.5682777165354329
0
LINE
8
BLACK
6
CONTINUOUS
10
-4.1306790944881886
20
6.5682777165354329
11
-4.1297078740157476
21
6.5673064566929131
0
LINE
8
BLACK
6
CONTINUOUS
10
-4.1297078740157476
20
6.5673064566929131
11
-4.1273611023622045
21
6.5661330708661412
0
LINE
8
BLACK
6
CONTINUOUS
10
-4.1273611023622045
20
6.5661330708661412
11
-4.1195555118110239
21
6.5661330708661412
0
LINE
8
BLACK
6
CONTINUOUS
10
-4.1195555118110239
20
6.5661330708661412
11
-4.1145373622047243
21
6.5678058267716537
0
LINE
8
BLACK
6
CONTINUOUS
10
-4.1145373622047243
20
6.5678058267716537
11
-4.1137848031496063
21
6.5679769685039364
0
LINE
8
BLACK
6
CONTINUOUS
10
-4.1137848031496063
20
6.5679769685039364
11
-4.1122525196850397
21
6.5678680708661412
0
LINE
8
BLACK
6
CONTINUOUS
10
-4.1122525196850397
20
6.5678680708661412
11
-4.1108785433070869
21
6.5671811023622046
0
LINE
8
BLACK
6
CONTINUOUS
10
-4.1108785433070869
20
6.5671811023622046
11
-4.1098720472440942
21
6.56602062992126
0
LINE
8
BLACK
6
CONTINUOUS
10
-4.1098720472440942
20
6.56602062992126
11
-4.1093862598425197
21
6.5645633070866136
0
LINE
8
BLACK
6
CONTINUOUS
10
-4.1093862598425197
20
6.5645633070866136
11
-4.1094951574803149
21
6.563031023622047
0
LINE
8
BLACK
6
CONTINUOUS
10
-4.1094951574803149
20
6.563031023622047
11
-4.1101821259842515
21
6.5616570472440943
0
LINE
8
BLACK
6
CONTINUOUS
10
-4.1101821259842515
20
6.5616570472440943
11
-4.111342598425197
21
6.5606505511811024
0
LINE
8
BLACK
6
CONTINUOUS
10
-4.111342598425197
20
6.5606505511811024
11
-4.1120473228346457
21
6.5603359055118107
0
LINE
8
BLACK
6
CONTINUOUS
10
-4.1120473228346457
20
6.5603359055118107
11
-4.1176716535433071
21
6.5584611023622044
0
LINE
8
BLACK
6
CONTINUOUS
10
-4.1176716535433071
20
6.5584611023622044
11
-4.1180524803149607
21
6.5583744881889761
0
LINE
8
BLACK
6
CONTINUOUS
10
-4.1180524803149607
20
6.5583744881889761
11
-4.1181485826771649
21
6.5583346850393696
0
LINE
8
BLACK
6
CONTINUOUS
10
-4.1181485826771649
20
6.5583346850393696
11
-4.1182878740157483
21
6.5583209448818893
0
LINE
8
BLACK
6
CONTINUOUS
10
-4.1182878740157483
20
6.5583209448818893
11
-4.1184242125984252
21
6.5582899606299208
0
LINE
8
BLACK
6
CONTINUOUS
10
-4.1184242125984252
20
6.5582899606299208
11
-4.1185279527559056
21
6.5582973228346457
0
LINE
8
BLACK
6
CONTINUOUS
10
-4.1185279527559056
20
6.5582973228346457
11
-4.118916653543307
21
6.5582590551181097
0
LINE
8
BLACK
6
CONTINUOUS
10
-4.118916653543307
20
6.5582590551181097
11
-4.1282904724409448
21
6.5582590551181097
0
LINE
8
BLACK
6
CONTINUOUS
10
-4.1282904724409448
20
6.5582590551181097
11
-4.1290585433070861
21
6.5583346850393696
0
LINE
8
BLACK
6
CONTINUOUS
10
-4.1290585433070861
20
6.5583346850393696
11
-4.1291892913385828
21
6.5583888188976376
0
LINE
8
BLACK
6
CONTINUOUS
10
-4.1291892913385828
20
6.5583888188976376
11
-4.1293303543307083
21
6.558398858267716
0
LINE
8
BLACK
6
CONTINUOUS
10
-4.1293303543307083
20
6.558398858267716
11
-4.1300511811023624
21
6.5586747244094488
0
LINE
8
BLACK
6
CONTINUOUS
10
-4.1300511811023624
20
6.5586747244094488
11
-4.1338007086614175
21
6.5605495275590551
0
LINE
8
BLACK
6
CONTINUOUS
10
-4.1338007086614175
20
6.5605495275590551
11
-4.1341311417322837
21
6.5607575196850396
0
LINE
8
BLACK
6
CONTINUOUS
10
-4.1341311417322837
20
6.5607575196850396
11
-4.1342273228346453
21
6.560797362204724
0
LINE
8
BLACK
6
CONTINUOUS
10
-4.1342273228346453
20
6.560797362204724
11
-4.1343355905511814
21
6.5608861811023624
0
LINE
8
BLACK
6
CONTINUOUS
10
-4.1343355905511814
20
6.5608861811023624
11
-4.1344538582677162
21
6.5609606692913385
0
LINE
8
BLACK
6
CONTINUOUS
10
-4.1344538582677162
20
6.5609606692913385
11
-4.1345219685039369
21
6.5610391732283464
0
LINE
8
BLACK
6
CONTINUOUS
10
-4.1345219685039369
20
6.5610391732283464
11
-4.1348238976377951
21
6.5612870078740153
0
LINE
8
BLACK
6
CONTINUOUS
10
-4.1348238976377951
20
6.5612870078740153
11
-4.1366986614173227
21
6.5631617322834641
0
LINE
8
BLACK
6
CONTINUOUS
10
-4.1366986614173227
20
6.5631617322834641
11
-4.1369464960629925
21
6.563463700787401
0
LINE
8
BLACK
6
CONTINUOUS
10
-4.1369464960629925
20
6.563463700787401
11
-4.1370249999999995
21
6.5635318110236218
0
LINE
8
BLACK
6
CONTINUOUS
10
-4.1370249999999995
20
6.5635318110236218
11
-4.1370995669291339
21
6.5636501968503937
0
LINE
8
BLACK
6
CONTINUOUS
10
-4.1370995669291339
20
6.5636501968503937
11
-4.1371882677165353
21
6.5637583464566926
0
LINE
8
BLACK
6
CONTINUOUS
10
-4.1371882677165353
20
6.5637583464566926
11
-4.1372280708661417
21
6.5638543700787402
0
LINE
8
BLACK
6
CONTINUOUS
10
-4.1372280708661417
20
6.5638543700787402
11
-4.1374361417322838
21
6.5641849606299214
0
LINE
8
BLACK
6
CONTINUOUS
10
-4.1374361417322838
20
6.5641849606299214
11
-4.1393109055118114
21
6.5679344881889765
0
LINE
8
BLACK
6
CONTINUOUS
10
-4.1393109055118114
20
6.5679344881889765
11
-4.1395867322834645
21
6.568655275590551
0
LINE
8
BLACK
6
CONTINUOUS
10
-4.1395867322834645
20
6.568655275590551
11
-4.1395967716535429
21
6.5687963385826773
0
LINE
8
BLACK
6
CONTINUOUS
10
-4.1395967716535429
20
6.5687963385826773
11
-4.1396509055118109
21
6.5689270866141731
0
LINE
8
BLACK
6
CONTINUOUS
10
-4.1396509055118109
20
6.5689270866141731
11
-4.1397265354330708
21
6.5696951574803144
0
LINE
8
BLACK
6
CONTINUOUS
10
-4.1397265354330708
20
6.5696951574803144
11
-4.1397265354330708
21
6.5734446850393695
0
LINE
8
BLACK
6
CONTINUOUS
10
-4.1397265354330708
20
6.5734446850393695
11
-4.1396509055118109
21
6.5742127559055117
0
LINE
8
BLACK
6
CONTINUOUS
10
-4.1396509055118109
20
6.5742127559055117
11
-4.1395967716535429
21
6.5743434645669288
0
LINE
8
BLACK
6
CONTINUOUS
10
-4.1395967716535429
20
6.5743434645669288
11
-4.1395867322834645
21
6.5744845669291339
0
LINE
8
BLACK
6
CONTINUOUS
10
-4.1395867322834645
20
6.5744845669291339
11
-4.1393109055118114
21
6.5752053543307083
0
LINE
8
BLACK
6
CONTINUOUS
10
-4.1393109055118114
20
6.5752053543307083
11
-4.1374361417322838
21
6.5789548818897634
0
LINE
8
BLACK
6
CONTINUOUS
10
-4.1374361417322838
20
6.5789548818897634
11
-4.1372280708661417
21
6.5792854330708659
0
LINE
8
BLACK
6
CONTINUOUS
10
-4.1372280708661417
20
6.5792854330708659
11
-4.1371882677165353
21
6.5793814960629922
0
LINE
8
BLACK
6
CONTINUOUS
10
-4.1371882677165353
20
6.5793814960629922
11
-4.1370995669291339
21
6.5794896062992123
0
LINE
8
BLACK
6
CONTINUOUS
10
-4.1370995669291339
20
6.5794896062992123
11
-4.1370249999999995
21
6.579608031496063
0
LINE
8
BLACK
6
CONTINUOUS
10
-4.1370249999999995
20
6.579608031496063
11
-4.1369464960629925
21
6.579676102362205
0
LINE
8
BLACK
6
CONTINUOUS
10
-4.1369464960629925
20
6.579676102362205
11
-4.1366986614173227
21
6.5799781102362207
0
LINE
8
BLACK
6
CONTINUOUS
10
-4.1366986614173227
20
6.5799781102362207
11
-4.1348238976377951
21
6.5818528346456695
0
LINE
8
BLACK
6
CONTINUOUS
10
-4.1348238976377951
20
6.5818528346456695
11
-4.1345220866141732
21
6.5821005511811022
0
LINE
8
BLACK
6
CONTINUOUS
10
-4.1345220866141732
20
6.5821005511811022
11
-4.1344538582677162
21
6.5821792125984251
0
LINE
8
BLACK
6
CONTINUOUS
10
-4.1344538582677162
20
6.5821792125984251
11
-4.1343354330708664
21
6.5822537401574799
0
LINE
8
BLACK
6
CONTINUOUS
10
-4.1343354330708664
20
6.5822537401574799
11
-4.1342273228346453
21
6.5823424803149608
0
LINE
8
BLACK
6
CONTINUOUS
10
-4.1342273228346453
20
6.5823424803149608
11
-4.1341312598425199
21
6.5823822440944877
0
LINE
8
BLACK
6
CONTINUOUS
10
-4.1341312598425199
20
6.5823822440944877
11
-4.1338006692913387
21
6.5825903543307085
0
LINE
8
BLACK
6
CONTINUOUS
10
-4.1338006692913387
20
6.5825903543307085
11
-4.1300511811023624
21
6.584465118110236
0
LINE
8
BLACK
6
CONTINUOUS
10
-4.1300511811023624
20
6.584465118110236
11
-4.1299949606299213
21
6.5844866141732279
0
LINE
8
BLACK
6
CONTINUOUS
10
-4.1299949606299213
20
6.5844866141732279
11
-4.1299721259842519
21
6.5845035433070862
0
LINE
8
BLACK
6
CONTINUOUS
10
-4.1299721259842519
20
6.5845035433070862
11
-4.1296502362204723
21
6.5846185433070863
0
LINE
8
BLACK
6
CONTINUOUS
10
-4.1296502362204723
20
6.5846185433070863
11
-4.1293303543307083
21
6.5847409448818892
0
LINE
8
BLACK
6
CONTINUOUS
10
-4.1293303543307083
20
6.5847409448818892
11
-4.1293020078740152
21
6.5847429527559056
0
LINE
8
BLACK
6
CONTINUOUS
10
-4.1293020078740152
20
6.5847429527559056
11
-4.1292453543307088
21
6.5847631889763782
0
LINE
8
BLACK
6
CONTINUOUS
10
-4.1292453543307088
20
6.5847631889763782
11
-4.1221656299212599
21
6.5865331102362203
0
LINE
8
BLACK
6
CONTINUOUS
10
-4.1221656299212599
20
6.5865331102362203
11
-4.119374015748031
21
6.5879289370078737
0
LINE
8
BLACK
6
CONTINUOUS
10
-4.119374015748031
20
6.5879289370078737
11
-4.1184027952755908
21
6.588900118110236
0
LINE
8
BLACK
6
CONTINUOUS
10
-4.1184027952755908
20
6.588900118110236
11
-4.1172293700787401
21
6.5912469685039365
0
LINE
8
BLACK
6
CONTINUOUS
10
-4.1172293700787401
20
6.5912469685039365
11
-4.1172293700787401
21
6.5931376771653545
0
LINE
8
BLACK
6
CONTINUOUS
10
-4.1172293700787401
20
6.5931376771653545
11
-4.1184027952755908
21
6.5954844881889763
0
LINE
8
BLACK
6
CONTINUOUS
10
-4.1184027952755908
20
6.5954844881889763
11
-4.119374015748031
21
6.5964556692913385
0
LINE
8
BLACK
6
CONTINUOUS
10
-4.119374015748031
20
6.5964556692913385
11
-4.1217208267716536
21
6.597629133858268
0
LINE
8
BLACK
6
CONTINUOUS
10
-4.1217208267716536
20
6.597629133858268
11
-4.1295264173228343
21
6.597629133858268
0
LINE
8
BLACK
6
CONTINUOUS
10
-4.1295264173228343
20
6.597629133858268
11
-4.1345445275590551
21
6.5959564173228342
0
LINE
8
BLACK
6
CONTINUOUS
10
-4.1345445275590551
20
6.5959564173228342
11
-4.1352971259842519
21
6.5957852755905506
0
LINE
8
BLACK
6
CONTINUOUS
10
-4.1352971259842519
20
6.5957852755905506
11
-4.1368294094488185
21
6.5958941732283467
0
LINE
8
BLACK
6
CONTINUOUS
10
-4.1368294094488185
20
6.5958941732283467
11
-4.1382033858267713
21
6.596581181102362
0
LINE
8
BLACK
6
CONTINUOUS
10
-4.1382033858267713
20
6.596581181102362
11
-4.139209881889764
21
6.5977416535433067
0
LINE
8
BLACK
6
CONTINUOUS
10
-4.139209881889764
20
6.5977416535433067
11
-4.1396956299212597
21
6.5991989763779522
0
LINE
8
BLACK
6
CONTINUOUS
10
-4.1396956299212597
20
6.5991989763779522
11
-4.1395867322834645
21
6.6007312598425196
0
LINE
8
BLACK
6
CONTINUOUS
10
-4.1395867322834645
20
6.6007312598425196
11
-4.1388997244094483
21
6.6021052362204724
0
LINE
8
BLACK
6
CONTINUOUS
10
-4.1388997244094483
20
6.6021052362204724
11
-4.1377392519685037
21
6.6031117322834643
0
LINE
8
BLACK
6
CONTINUOUS
10
-4.1377392519685037
20
6.6031117322834643
11
-4.137034527559055
21
6.6034263385826772
0
LINE
8
BLACK
6
CONTINUOUS
10
-4.137034527559055
20
6.6034263385826772
11
-4.1314102362204723
21
6.6053011023622048
0
LINE
8
BLACK
6
CONTINUOUS
10
-4.1314102362204723
20
6.6053011023622048
11
-4.1310294488188974
21
6.6053876771653544
0
LINE
8
BLACK
6
CONTINUOUS
10
-4.1310294488188974
20
6.6053876771653544
11
-4.1309333070866137
21
6.6054275196850396
0
LINE
8
BLACK
6
CONTINUOUS
10
-4.1309333070866137
20
6.6054275196850396
11
-4.1307940551181099
21
6.6054412204724411
0
LINE
8
BLACK
6
CONTINUOUS
10
-4.1307940551181099
20
6.6054412204724411
11
-4.1306576771653543
21
6.6054722440944884
0
LINE
8
BLACK
6
CONTINUOUS
10
-4.1306576771653543
20
6.6054722440944884
11
-4.1305539763779526
21
6.6054648425196847
0
LINE
8
BLACK
6
CONTINUOUS
10
-4.1305539763779526
20
6.6054648425196847
11
-4.1301652362204724
21
6.6055031496062995
0
LINE
8
BLACK
6
CONTINUOUS
10
-4.1301652362204724
20
6.6055031496062995
11
-4.1207914173228346
21
6.6055031496062995
0
LINE
8
BLACK
6
CONTINUOUS
10
-4.1207914173228346
20
6.6055031496062995
11
-4.1200233464566924
21
6.6054275196850396
0
LINE
8
BLACK
6
CONTINUOUS
10
-4.0866569291338584
20
6.6054648425196847
11
-4.0865532283464567
21
6.6054722440944884
0
LINE
8
BLACK
6
CONTINUOUS
10
-4.0865532283464567
20
6.6054722440944884
11
-4.0864168897637798
21
6.6054412204724411
0
LINE
8
BLACK
6
CONTINUOUS
10
-4.0864168897637798
20
6.6054412204724411
11
-4.0862775590551177
21
6.6054275196850396
0
LINE
8
BLACK
6
CONTINUOUS
10
-4.0862775590551177
20
6.6054275196850396
11
-4.0861814173228348
21
6.6053876771653544
0
LINE
8
BLACK
6
CONTINUOUS
10
-4.0861814173228348
20
6.6053876771653544
11
-4.0858006299212599
21
6.6053011023622048
0
LINE
8
BLACK
6
CONTINUOUS
10
-4.0858006299212599
20
6.6053011023622048
11
-4.080176377952756
21
6.6034263385826772
0
LINE
8
BLACK
6
CONTINUOUS
10
-4.080176377952756
20
6.6034263385826772
11
-4.0794716141732286
21
6.6031117322834643
0
LINE
8
BLACK
6
CONTINUOUS
10
-4.0794716141732286
20
6.6031117322834643
11
-4.0793647244094489
21
6.6030189763779523
0
LINE
8
BLACK
6
CONTINUOUS
10
-4.0793647244094489
20
6.6030189763779523
11
-4.0792340551181105
21
6.6029648818897639
0
LINE
8
BLACK
6
CONTINUOUS
10
-4.0792340551181105
20
6.6029648818897639
11
-4.078637440944882
21
6.6024752755905514
0
LINE
8
BLACK
6
CONTINUOUS
10
-4.078637440944882
20
6.6024752755905514
11
-4.0748879133858269
21
6.5987257480314963
0
LINE
8
BLACK
6
CONTINUOUS
10
-4.0748879133858269
20
6.5987257480314963
11
-4.0746402362204721
21
6.5984238976377947
0
LINE
8
BLACK
6
CONTINUOUS
10
-4.0746402362204721
20
6.5984238976377947
11
-4.0745615748031492
21
6.5983557086614173
0
LINE
8
BLACK
6
CONTINUOUS
10
-4.0745615748031492
20
6.5983557086614173
11
-4.0744869685039369
21
6.5982371259842516
0
LINE
8
BLACK
6
CONTINUOUS
10
-4.0744869685039369
20
6.5982371259842516
11
-4.0743983070866143
21
6.5981291338582677
0
LINE
8
BLACK
6
CONTINUOUS
10
-4.0743983070866143
20
6.5981291338582677
11
-4.0743585826771653
21
6.5980331496062989
0
LINE
8
BLACK
6
CONTINUOUS
10
-4.0743585826771653
20
6.5980331496062989
11
-4.0741504330708658
21
6.597702519685039
0
LINE
8
BLACK
6
CONTINUOUS
10
-4.0741504330708658
20
6.597702519685039
11
-4.0722756692913382
21
6.5939530314960626
0
LINE
8
BLACK
6
CONTINUOUS
10
-4.0722756692913382
20
6.5939530314960626
11
-4.0722541732283464
21
6.5938967716535428
0
LINE
8
BLACK
6
CONTINUOUS
10
-4.0722541732283464
20
6.5938967716535428
11
-4.0722372440944881
21
6.593873976377953
0
LINE
8
BLACK
6
CONTINUOUS
10
-4.0722372440944881
20
6.593873976377953
11
-4.072122244094488
21
6.5935520472440947
0
LINE
8
BLACK
6
CONTINUOUS
10
-4.072122244094488
20
6.5935520472440947
11
-4.0719998425196851
21
6.5932322047244094
0
LINE
8
BLACK
6
CONTINUOUS
10
-4.0719998425196851
20
6.5932322047244094
11
-4.0719978346456696
21
6.5932038188976376
0
LINE
8
BLACK
6
CONTINUOUS
10
-4.0719978346456696
20
6.5932038188976376
11
-4.0719775984251969
21
6.5931472047244091
0
LINE
8
BLACK
6
CONTINUOUS
10
-4.0719775984251969
20
6.5931472047244091
11
-4.0701028346456694
21
6.5856481496062989
0
LINE
8
BLACK
6
CONTINUOUS
10
-4.0701028346456694
20
6.5856481496062989
11
-4.0700831496062992
21
6.585515
0
LINE
8
BLACK
6
CONTINUOUS
10
-4.0700831496062992
20
6.585515
11
-4.0700609055118111
21
6.585461338582677
0
LINE
8
BLACK
6
CONTINUOUS
10
-4.0700609055118111
20
6.585461338582677
11
-4.0700324409448818
21
6.5851719291338577
0
LINE
8
BLACK
6
CONTINUOUS
10
-4.0700324409448818
20
6.5851719291338577
11
-4.0699899212598423
21
6.5848846456692911
0
LINE
8
BLACK
6
CONTINUOUS
10
-4.0699899212598423
20
6.5848846456692911
11
-4.0699985039370077
21
6.5848272047244096
0
LINE
8
BLACK
6
CONTINUOUS
10
-4.0699985039370077
20
6.5848272047244096
11
-4.0699852755905512
21
6.5846932677165348
0
LINE
8
BLACK
6
CONTINUOUS
10
-4.0699852755905512
20
6.5846932677165348
11
-4.0699852755905512
21
6.5790689763779522
0
LINE
8
BLACK
6
CONTINUOUS
10
-4.0699852755905512
20
6.5790689763779522
11
-4.0699985039370077
21
6.5789349999999995
0
LINE
8
BLACK
6
CONTINUOUS
10
-4.0699985039370077
20
6.5789349999999995
11
-4.0699899212598423
21
6.5788775984251968
0
LINE
8
BLACK
6
CONTINUOUS
10
-4.0699899212598423
20
6.5788775984251968
11
-4.0700324409448818
21
6.5785902755905514
0
LINE
8
BLACK
6
CONTINUOUS
10
-4.0700324409448818
20
6.5785902755905514
11
-4.0700609055118111
21
6.5783009055118109
0
LINE
8
BLACK
6
CONTINUOUS
10
-4.0700609055118111
20
6.5783009055118109
11
-4.0700831496062992
21
6.5782472047244092
0
LINE
8
BLACK
6
CONTINUOUS
10
-4.0700831496062992
20
6.5782472047244092
11
-4.0701028346456694
21
6.5781140944881891
0
LINE
8
BLACK
6
CONTINUOUS
10
-4.0701028346456694
20
6.5781140944881891
11
-4.0719775984251969
21
6.5706150393700788
0
LINE
8
BLACK
6
CONTINUOUS
10
-4.0719775984251969
20
6.5706150393700788
11
-4.0719978346456696
21
6.5705583858267715
0
LINE
8
BLACK
6
CONTINUOUS
10
-4.0719978346456696
20
6.5705583858267715
11
-4.0719998425196851
21
6.5705300393700785
0
LINE
8
BLACK
6
CONTINUOUS
10
-4.0719998425196851
20
6.5705300393700785
11
-4.072122244094488
21
6.5702101574803145
0
LINE
8
BLACK
6
CONTINUOUS
10
-4.072122244094488
20
6.5702101574803145
11
-4.0722372440944881
21
6.5698882677165349
0
LINE
8
BLACK
6
CONTINUOUS
10
-4.0722372440944881
20
6.5698882677165349
11
-4.0722541732283464
21
6.5698654330708663
0
LINE
8
BLACK
6
CONTINUOUS
10
-4.0722541732283464
20
6.5698654330708663
11
-4.0722756692913382
21
6.5698092125984253
0
LINE
8
BLACK
6
CONTINUOUS
10
-4.0722756692913382
20
6.5698092125984253
11
-4.0741504330708658
21
6.566059724409449
0
LINE
8
BLACK
6
CONTINUOUS
10
-4.0741504330708658
20
6.566059724409449
11
-4.0743585826771653
21
6.5657290551181102
0
LINE
8
BLACK
6
CONTINUOUS
10
-4.0743585826771653
20
6.5657290551181102
11
-4.0743983070866143
21
6.5656331102362202
0
LINE
8
BLACK
6
CONTINUOUS
10
-4.0743983070866143
20
6.5656331102362202
11
-4.0744869685039369
21
6.5655250787401576
0
LINE
8
BLACK
6
CONTINUOUS
10
-4.0744869685039369
20
6.5655250787401576
11
-4.0745615748031492
21
6.5654065354330706
0
LINE
8
BLACK
6
CONTINUOUS
10
-4.0745615748031492
20
6.5654065354330706
11
-4.0746402362204721
21
6.5653383070866136
0
LINE
8
BLACK
6
CONTINUOUS
10
-4.0746402362204721
20
6.5653383070866136
11
-4.0748879133858269
21
6.5650364960629917
0
LINE
8
BLACK
6
CONTINUOUS
10
-4.0748879133858269
20
6.5650364960629917
11
-4.078637440944882
21
6.5612869685039366
0
LINE
8
BLACK
6
CONTINUOUS
10
-4.078637440944882
20
6.5612869685039366
11
-4.0792340551181105
21
6.560797362204724
0
LINE
8
BLACK
6
CONTINUOUS
10
-4.0792340551181105
20
6.560797362204724
11
-4.0793647244094489
21
6.5607432283464568
0
LINE
8
BLACK
6
CONTINUOUS
10
-4.0793647244094489
20
6.5607432283464568
11
-4.0794715748031498
21
6.5606505511811024
0
LINE
8
BLACK
6
CONTINUOUS
10
-4.0794715748031498
20
6.5606505511811024
11
-4.0801762992125985
21
6.5603359055118107
0
LINE
8
BLACK
6
CONTINUOUS
10
-4.0801762992125985
20
6.5603359055118107
11
-4.0858006299212599
21
6.5584611023622044
0
LINE
8
BLACK
6
CONTINUOUS
10
-4.0858006299212599
20
6.5584611023622044
11
-4.0861814566929135
21
6.5583744881889761
0
LINE
8
BLACK
6
CONTINUOUS
10
-4.0861814566929135
20
6.5583744881889761
11
-4.0862775590551177
21
6.5583346850393696
0
LINE
8
BLACK
6
CONTINUOUS
10
-4.0862775590551177
20
6.5583346850393696
11
-4.0864168503937011
21
6.5583209448818893
0
LINE
8
BLACK
6
CONTINUOUS
10
-4.0864168503937011
20
6.5583209448818893
11
-4.086553188976378
21
6.5582899606299208
0
LINE
8
BLACK
6
CONTINUOUS
10
-4.086553188976378
20
6.5582899606299208
11
-4.0866569291338584
21
6.5582973228346457
0
LINE
8
BLACK
6
CONTINUOUS
10
-4.0866569291338584
20
6.5582973228346457
11
-4.0870456299212599
21
6.5582590551181097
0
LINE
8
BLACK
6
CONTINUOUS
10
-4.0870456299212599
20
6.5582590551181097
11
-4.090795157480315
21
6.5582590551181097
0
LINE
8
BLACK
6
CONTINUOUS
10
-4.090795157480315
20
6.5582590551181097
11
-4.0911838976377952
21
6.5582973228346457
0
LINE
8
BLACK
6
CONTINUOUS
10
-4.0911838976377952
20
6.5582973228346457
11
-4.0912875984251968
21
6.5582899606299208
0
LINE
8
BLACK
6
CONTINUOUS
10
-4.0912875984251968
20
6.5582899606299208
11
-4.0914239763779525
21
6.5583209448818893
0
LINE
8
BLACK
6
CONTINUOUS
10
-4.0914239763779525
20
6.5583209448818893
11
-4.0915632283464562
21
6.5583346850393696
0
LINE
8
BLACK
6
CONTINUOUS
10
-4.0915632283464562
20
6.5583346850393696
11
-4.09165937007874
21
6.5583744881889761
0
LINE
8
BLACK
6
CONTINUOUS
10
-4.09165937007874
20
6.5583744881889761
11
-4.0920401574803149
21
6.5584611023622044
0
LINE
8
BLACK
6
CONTINUOUS
10
-4.0920401574803149
20
6.5584611023622044
11
-4.0976644488188976
21
6.5603359055118107
0
LINE
8
BLACK
6
CONTINUOUS
10
-4.0976644488188976
20
6.5603359055118107
11
-4.098369212598425
21
6.5606505511811024
0
LINE
8
BLACK
6
CONTINUOUS
10
-4.098369212598425
20
6.5606505511811024
11
-4.0984761023622047
21
6.5607431889763781
0
LINE
8
BLACK
6
CONTINUOUS
10
-4.0984761023622047
20
6.5607431889763781
11
-4.098606771653543
21
6.560797362204724
0
LINE
8
BLACK
6
CONTINUOUS
10
-4.098606771653543
20
6.560797362204724
11
-4.0992033464566928
21
6.5612870078740153
0
LINE
8
BLACK
6
CONTINUOUS
10
-4.0992033464566928
20
6.5612870078740153
11
-4.1010781102362204
21
6.5631617322834641
0
LINE
8
BLACK
6
CONTINUOUS
10
-4.1010781102362204
20
6.5631617322834641
11
-4.101567716535433
21
6.5637583464566926
0
LINE
8
BLACK
6
CONTINUOUS
10
-4.101567716535433
20
6.5637583464566926
11
-4.1021555905511811
21
6.565177559055118
0
LINE
8
BLACK
6
CONTINUOUS
10
-4.1021555905511811
20
6.565177559055118
11
-4.1021555905511811
21
6.5667137007874015
0
LINE
8
BLACK
6
CONTINUOUS
10
-4.1021555905511811
20
6.5667137007874015
11
-4.101567716535433
21
6.5681329133858268
0
LINE
8
BLACK
6
CONTINUOUS
10
-4.101567716535433
20
6.5681329133858268
11
-4.1004814960629918
21
6.5692191338582679
0
LINE
8
BLACK
6
CONTINUOUS
10
-4.1004814960629918
20
6.5692191338582679
11
-4.0990622834645665
21
6.5698070078740152
0
LINE
8
BLACK
6
CONTINUOUS
10
-4.0990622834645665
20
6.5698070078740152
11
-4.097526141732283
21
6.5698070078740152
0
LINE
8
BLACK
6
CONTINUOUS
10
-4.097526141732283
20
6.5698070078740152
11
-4.0961069291338585
21
6.5692191338582679
0
LINE
8
BLACK
6
CONTINUOUS
10
-4.0961069291338585
20
6.5692191338582679
11
-4.09551031496063
21
6.5687295275590554
0
LINE
8
BLACK
6
CONTINUOUS
10
-4.09551031496063
20
6.5687295275590554
11
-4.0942927559055118
21
6.5675118897637796
0
LINE
8
BLACK
6
CONTINUOUS
10
-4.0942927559055118
20
6.5675118897637796
11
-4.0901562598425194
21
6.5661330708661412
0
LINE
8
BLACK
6
CONTINUOUS
10
-4.0901562598425194
20
6.5661330708661412
11
-4.0876844881889767
21
6.5661330708661412
0
LINE
8
BLACK
6
CONTINUOUS
10
-4.0876844881889767
20
6.5661330708661412
11
-4.0835481102362206
21
6.5675118897637796
0
LINE
8
BLACK
6
CONTINUOUS
10
-4.0835481102362206
20
6.5675118897637796
11
-4.0809074409448822
21
6.570152559055118
0
LINE
8
BLACK
6
CONTINUOUS
10
-4.0809074409448822
20
6.570152559055118
11
-4.0795116929133854
21
6.5729440944881885
0
LINE
8
BLACK
6
CONTINUOUS
10
-4.0795116929133854
20
6.5729440944881885
11
-4.0778592913385827
21
6.5795535826771649
0
LINE
8
BLACK
6
CONTINUOUS
10
-4.0778592913385827
20
6.5795535826771649
11
-4.0778592913385827
21
6.5842086220472442
0
LINE
8
BLACK
6
CONTINUOUS
10
-4.0778592913385827
20
6.5842086220472442
11
-4.0795116929133854
21
6.5908181102362207
0
LINE
8
BLACK
6
CONTINUOUS
10
-4.0795116929133854
20
6.5908181102362207
11
-4.0809074409448822
21
6.5936096850393699
0
LINE
8
BLACK
6
CONTINUOUS
10
-4.0809074409448822
20
6.5936096850393699
11
-4.0835481102362206
21
6.5962503149606295
0
LINE
8
BLACK
6
CONTINUOUS
10
-4.0835481102362206
20
6.5962503149606295
11
-4.0876844881889767
21
6.597629133858268
0
LINE
8
BLACK
6
CONTINUOUS
10
-4.0876844881889767
20
6.597629133858268
11
-4.0901563385826769
21
6.597629133858268
0
LINE
8
BLACK
6
CONTINUOUS
10
-4.0901563385826769
20
6.597629133858268
11
-4.0942927559055118
21
6.5962503149606295
0
LINE
8
BLACK
6
CONTINUOUS
10
-4.0942927559055118
20
6.5962503149606295
11
-4.09551031496063
21
6.5950327165354325
0
LINE
8
BLACK
6
CONTINUOUS
10
-4.09551031496063
20
6.5950327165354325
11
-4.0961069291338585
21
6.59454311023622
0
LINE
8
BLACK
6
CONTINUOUS
10
-4.0961069291338585
20
6.59454311023622
11
-4.097526141732283
21
6.5939552362204719
0
LINE
8
BLACK
6
CONTINUOUS
10
-4.097526141732283
20
6.5939552362204719
11
-4.0990622834645665
21
6.5939552362204719
0
LINE
8
BLACK
6
CONTINUOUS
10
-4.0990622834645665
20
6.5939552362204719
11
-4.1004814960629918
21
6.59454311023622
0
LINE
8
BLACK
6
CONTINUOUS
10
-4.1004814960629918
20
6.59454311023622
11
-4.101567716535433
21
6.5956293307086611
0
LINE
8
BLACK
6
CONTINUOUS
10
-4.101567716535433
20
6.5956293307086611
11
-4.1021555905511811
21
6.5970485433070865
0
LINE
8
BLACK
6
CONTINUOUS
10
-4.1021555905511811
20
6.5970485433070865
11
-4.1021555905511811
21
6.5985846850393699
0
LINE
8
BLACK
6
CONTINUOUS
10
-4.1021555905511811
20
6.5985846850393699
11
-4.101567716535433
21
6.6000038976377953
0
LINE
8
BLACK
6
CONTINUOUS
10
-4.101567716535433
20
6.6000038976377953
11
-4.1010781102362204
21
6.6006005118110238
0
LINE
8
BLACK
6
CONTINUOUS
10
-4.1010781102362204
20
6.6006005118110238
11
-4.0992033464566928
21
6.6024752362204726
0
LINE
8
BLACK
6
CONTINUOUS
10
-4.0992033464566928
20
6.6024752362204726
11
-4.098606771653543
21
6.6029648818897639
0
LINE
8
BLACK
6
CONTINUOUS
10
-4.098606771653543
20
6.6029648818897639
11
-4.0984761023622047
21
6.6030189763779523
0
LINE
8
BLACK
6
CONTINUOUS
10
-4.0984761023622047
20
6.6030189763779523
11
-4.0983691732283463
21
6.6031117322834643
0
LINE
8
BLACK
6
CONTINUOUS
10
-4.0983691732283463
20
6.6031117322834643
11
-4.0976644488188976
21
6.6034263385826772
0
LINE
8
BLACK
6
CONTINUOUS
10
-4.0976644488188976
20
6.6034263385826772
11
-4.0920401574803149
21
6.6053011023622048
0
LINE
8
BLACK
6
CONTINUOUS
10
-4.0920401574803149
20
6.6053011023622048
11
-4.09165937007874
21
6.6053876771653544
0
LINE
8
BLACK
6
CONTINUOUS
10
-4.09165937007874
20
6.6053876771653544
11
-4.0915632283464562
21
6.6054275196850396
0
LINE
8
BLACK
6
CONTINUOUS
10
-4.0915632283464562
20
6.6054275196850396
11
-4.0914239763779525
21
6.6054412204724411
0
LINE
8
BLACK
6
CONTINUOUS
10
-4.0914239763779525
20
6.6054412204724411
11
-4.0912875984251968
21
6.6054722440944884
0
LINE
8
BLACK
6
CONTINUOUS
10
-4.0912875984251968
20
6.6054722440944884
11
-4.0911838976377952
21
6.6054648425196847
0
LINE
8
BLACK
6
CONTINUOUS
10
-4.0911838976377952
20
6.6054648425196847
11
-4.090795157480315
21
6.6055031496062995
0
LINE
8
BLACK
6
CONTINUOUS
10
-4.090795157480315
20
6.6055031496062995
11
-4.0870456299212599
21
6.6055031496062995
0
LINE
8
BLACK
6
CONTINUOUS
10
-4.0870456299212599
20
6.6055031496062995
11
-4.0866569291338584
21
6.6054648425196847
0
LINE
8
BLACK
6
CONTINUOUS
10
-4.0412831889763776
20
6.6054275196850396
11
-4.0411524803149605
21
6.6053733464566928
0
LINE
8
BLACK
6
CONTINUOUS
10
-4.0411524803149605
20
6.6053733464566928
11
-4.0410113779527554
21
6.6053633464566923
0
LINE
8
BLACK
6
CONTINUOUS
10
-4.0410113779527554
20
6.6053633464566923
11
-4.040290590551181
21
6.6050875196850392
0
LINE
8
BLACK
6
CONTINUOUS
10
-4.040290590551181
20
6.6050875196850392
11
-4.0365410629921259
21
6.6032127559055116
0
LINE
8
BLACK
6
CONTINUOUS
10
-4.0365410629921259
20
6.6032127559055116
11
-4.0362105118110234
21
6.6030046456692908
0
LINE
8
BLACK
6
CONTINUOUS
10
-4.0362105118110234
20
6.6030046456692908
11
-4.0361144488188971
21
6.6029648818897639
0
LINE
8
BLACK
6
CONTINUOUS
10
-4.0361144488188971
20
6.6029648818897639
11
-4.036006338582677
21
6.602876141732283
0
LINE
8
BLACK
6
CONTINUOUS
10
-4.036006338582677
20
6.602876141732283
11
-4.0358879133858263
21
6.6028016141732282
0
LINE
8
BLACK
6
CONTINUOUS
10
-4.0358879133858263
20
6.6028016141732282
11
-4.0358198425196852
21
6.6027230708661415
0
LINE
8
BLACK
6
CONTINUOUS
10
-4.0358198425196852
20
6.6027230708661415
11
-4.0355178346456695
21
6.6024752755905514
0
LINE
8
BLACK
6
CONTINUOUS
10
-4.0355178346456695
20
6.6024752755905514
11
-4.0336431102362207
21
6.6006005118110238
0
LINE
8
BLACK
6
CONTINUOUS
10
-4.0336431102362207
20
6.6006005118110238
11
-4.0331534645669294
21
6.600003937007874
0
LINE
8
BLACK
6
CONTINUOUS
10
-4.0331534645669294
20
6.600003937007874
11
-4.03256562992126
21
6.5985846850393699
0
LINE
8
BLACK
6
CONTINUOUS
10
-4.03256562992126
20
6.5985846850393699
11
-4.03256562992126
21
6.5970485433070865
0
LINE
8
BLACK
6
CONTINUOUS
10
-4.03256562992126
20
6.5970485433070865
11
-4.0331534645669294
21
6.5956293307086611
0
LINE
8
BLACK
6
CONTINUOUS
10
-4.0331534645669294
20
6.5956293307086611
11
-4.0342396850393696
21
6.59454311023622
0
LINE
8
BLACK
6
CONTINUOUS
10
-4.0342396850393696
20
6.59454311023622
11
-4.035658897637795
21
6.5939552755905506
0
LINE
8
BLACK
6
CONTINUOUS
10
-4.035658897637795
20
6.5939552755905506
11
-4.0371950393700784
21
6.5939552755905506
0
LINE
8
BLACK
6
CONTINUOUS
10
-4.0371950393700784
20
6.5939552755905506
11
-4.0386142913385825
21
6.59454311023622
0
LINE
8
BLACK
6
CONTINUOUS
10
-4.0386142913385825
20
6.59454311023622
11
-4.0392108661417323
21
6.5950327559055113
0
LINE
8
BLACK
6
CONTINUOUS
10
-4.0392108661417323
20
6.5950327559055113
11
-4.0406338582677161
21
6.5964556692913385
0
LINE
8
BLACK
6
CONTINUOUS
10
-4.0406338582677161
20
6.5964556692913385
11
-4.0429806692913388
21
6.597629133858268
0
LINE
8
BLACK
6
CONTINUOUS
10
-4.0429806692913388
20
6.597629133858268
11
-4.0504956692913385
21
6.597629133858268
0
LINE
8
BLACK
6
CONTINUOUS
10
-4.0504956692913385
20
6.597629133858268
11
-4.0528425196850391
21
6.5964557086614173
0
LINE
8
BLACK
6
CONTINUOUS
10
-4.0528425196850391
20
6.5964557086614173
11
-4.0538137007874013
21
6.5954844881889763
0
LINE
8
BLACK
6
CONTINUOUS
10
-4.0538137007874013
20
6.5954844881889763
11
-4.054987125984252
21
6.5931376377952757
0
LINE
8
BLACK
6
CONTINUOUS
10
-4.054987125984252
20
6.5931376377952757
11
-4.054987125984252
21
6.5909564173228343
0
LINE
8
BLACK
6
CONTINUOUS
10
-4.054987125984252
20
6.5909564173228343
11
-4.0536083464566932
21
6.5868199999999995
0
LINE
8
BLACK
6
CONTINUOUS
10
-4.0536083464566932
20
6.5868199999999995
11
-4.0317683070866144
21
6.5649799606299215
0
LINE
8
BLACK
6
CONTINUOUS
10
-4.0317683070866144
20
6.5649799606299215
11
-4.0312787007874018
21
6.564383346456693
0
LINE
8
BLACK
6
CONTINUOUS
10
-4.0312787007874018
20
6.564383346456693
11
-4.0306908267716537
21
6.5629641338582676
0
LINE
8
BLACK
6
CONTINUOUS
10
-4.0306908267716537
20
6.5629641338582676
11
-4.0306908267716537
21
6.5614279921259842
0
LINE
8
BLACK
6
CONTINUOUS
10
-4.0306908267716537
20
6.5614279921259842
11
-4.0312787007874018
21
6.5600087795275588
0
LINE
8
BLACK
6
CONTINUOUS
10
-4.0312787007874018
20
6.5600087795275588
11
-4.032364921259842
21
6.5589225590551177
0
LINE
8
BLACK
6
CONTINUOUS
10
-4.032364921259842
20
6.5589225590551177
11
-4.0337841338582674
21
6.5583346850393696
0
LINE
8
BLACK
6
CONTINUOUS
10
-4.0337841338582674
20
6.5583346850393696
11
-4.0345522047244096
21
6.5582590551181097
0
LINE
8
BLACK
6
CONTINUOUS
10
-4.0345522047244096
20
6.5582590551181097
11
-4.0589241338582678
21
6.5582590551181097
0
LINE
8
BLACK
6
CONTINUOUS
10
-4.0589241338582678
20
6.5582590551181097
11
-4.0596922047244091
21
6.5583346850393696
0
LINE
8
BLACK
6
CONTINUOUS
10
-4.0596922047244091
20
6.5583346850393696
11
-4.0611114173228344
21
6.5589225590551177
0
LINE
8
BLACK
6
CONTINUOUS
10
-4.0611114173228344
20
6.5589225590551177
11
-4.0621976377952755
21
6.5600087795275588
0
LINE
8
BLACK
6
CONTINUOUS
10
-4.0621976377952755
20
6.5600087795275588
11
-4.0627855118110237
21
6.5614279921259842
0
LINE
8
BLACK
6
CONTINUOUS
10
-4.0627855118110237
20
6.5614279921259842
11
-4.0627855118110237
21
6.5629641338582676
0
LINE
8
BLACK
6
CONTINUOUS
10
-4.0627855118110237
20
6.5629641338582676
11
-4.0621976377952755
21
6.564383346456693
0
LINE
8
BLACK
6
CONTINUOUS
10
-4.0621976377952755
20
6.564383346456693
11
-4.0611114173228344
21
6.5654695669291341
0
LINE
8
BLACK
6
CONTINUOUS
10
-4.0611114173228344
20
6.5654695669291341
11
-4.0596922047244091
21
6.5660574409448813
0
LINE
8
BLACK
6
CONTINUOUS
10
-4.0596922047244091
20
6.5660574409448813
11
-4.0589241338582678
21
6.5661330708661412
0
LINE
8
BLACK
6
CONTINUOUS
10
-4.0589241338582678
20
6.5661330708661412
11
-4.0440570078740157
21
6.5661330708661412
0
LINE
8
BLACK
6
CONTINUOUS
10
-4.0440570078740157
20
6.5661330708661412
11
-4.0598332677165354
21
6.5819093700787397
0
LINE
8
BLACK
6
CONTINUOUS
10
-4.0598332677165354
20
6.5819093700787397
11
-4.060322874015748
21
6.5825059842519682
0
LINE
8
BLACK
6
CONTINUOUS
10
-4.060322874015748
20
6.5825059842519682
11
-4.060377007874016
21
6.5826366141732278
0
LINE
8
BLACK
6
CONTINUOUS
10
-4.060377007874016
20
6.5826366141732278
11
-4.0604697244094483
21
6.5827435433070862
0
LINE
8
BLACK
6
CONTINUOUS
10
-4.0604697244094483
20
6.5827435433070862
11
-4.0607843307086613
21
6.5834483070866137
0
LINE
8
BLACK
6
CONTINUOUS
10
-4.0607843307086613
20
6.5834483070866137
11
-4.0626590944881888
21
6.5890725590551176
0
LINE
8
BLACK
6
CONTINUOUS
10
-4.0626590944881888
20
6.5890725590551176
11
-4.0627457086614172
21
6.5894533070866137
0
LINE
8
BLACK
6
CONTINUOUS
10
-4.0627457086614172
20
6.5894533070866137
11
-4.0627855118110237
21
6.5895494881889762
0
LINE
8
BLACK
6
CONTINUOUS
10
-4.0627855118110237
20
6.5895494881889762
11
-4.0627992519685039
21
6.5896887795275587
0
LINE
8
BLACK
6
CONTINUOUS
10
-4.0627992519685039
20
6.5896887795275587
11
-4.0628302362204725
21
6.5898251574803144
0
LINE
8
BLACK
6
CONTINUOUS
10
-4.0628302362204725
20
6.5898251574803144
11
-4.0628228740157484
21
6.5899288188976373
0
LINE
8
BLACK
6
CONTINUOUS
10
-4.0628228740157484
20
6.5899288188976373
11
-4.0628611417322835
21
6.5903175590551184
0
LINE
8
BLACK
6
CONTINUOUS
10
-4.0628611417322835
20
6.5903175590551184
11
-4.0628611417322835
21
6.5940670866141735
0
LINE
8
BLACK
6
CONTINUOUS
10
-4.0628611417322835
20
6.5940670866141735
11
-4.0627855118110237
21
6.5948351574803148
0
LINE
8
BLACK
6
CONTINUOUS
10
-4.0627855118110237
20
6.5948351574803148
11
-4.0627313779527556
21
6.5949658661417319
0
LINE
8
BLACK
6
CONTINUOUS
10
-4.0627313779527556
20
6.5949658661417319
11
-4.0627213385826773
21
6.595106968503937
0
LINE
8
BLACK
6
CONTINUOUS
10
-4.0627213385826773
20
6.595106968503937
11
-4.0624455118110232
21
6.5958277559055114
0
LINE
8
BLACK
6
CONTINUOUS
10
-4.0624455118110232
20
6.5958277559055114
11
-4.0605707480314956
21
6.5995772834645665
0
LINE
8
BLACK
6
CONTINUOUS
10
-4.0605707480314956
20
6.5995772834645665
11
-4.0603626771653545
21
6.599907834645669
0
LINE
8
BLACK
6
CONTINUOUS
10
-4.0603626771653545
20
6.599907834645669
11
-4.060322874015748
21
6.6000038976377953
0
LINE
8
BLACK
6
CONTINUOUS
10
-4.060322874015748
20
6.6000038976377953
11
-4.0602341732283467
21
6.6001120078740154
0
LINE
8
BLACK
6
CONTINUOUS
10
-4.0602341732283467
20
6.6001120078740154
11
-4.0601596062992122
21
6.6002304330708661
0
LINE
8
BLACK
6
CONTINUOUS
10
-4.0601596062992122
20
6.6002304330708661
11
-4.0600811023622043
21
6.6002985039370081
0
LINE
8
BLACK
6
CONTINUOUS
10
-4.0600811023622043
20
6.6002985039370081
11
-4.0598332677165354
21
6.6006005118110238
0
LINE
8
BLACK
6
CONTINUOUS
10
-4.0598332677165354
20
6.6006005118110238
11
-4.0579585039370079
21
6.6024752362204726
0
LINE
8
BLACK
6
CONTINUOUS
10
-4.0579585039370079
20
6.6024752362204726
11
-4.0576566929133859
21
6.6027229527559053
0
LINE
8
BLACK
6
CONTINUOUS
10
-4.0576566929133859
20
6.6027229527559053
11
-4.0575884645669289
21
6.6028016141732282
0
LINE
8
BLACK
6
CONTINUOUS
10
-4.0575884645669289
20
6.6028016141732282
11
-4.0574700393700782
21
6.602876141732283
0
LINE
8
BLACK
6
CONTINUOUS
10
-4.0574700393700782
20
6.602876141732283
11
-4.0573619291338581
21
6.6029648818897639
0
LINE
8
BLACK
6
CONTINUOUS
10
-4.0573619291338581
20
6.6029648818897639
11
-4.0572658661417318
21
6.6030046456692908
0
LINE
8
BLACK
6
CONTINUOUS
10
-4.0572658661417318
20
6.6030046456692908
11
-4.0569352755905514
21
6.6032127559055116
0
LINE
8
BLACK
6
CONTINUOUS
10
-4.0569352755905514
20
6.6032127559055116
11
-4.0531857874015751
21
6.6050875196850392
0
LINE
8
BLACK
6
CONTINUOUS
10
-4.0531857874015751
20
6.6050875196850392
11
-4.052464960629921
21
6.6053633464566923
0
LINE
8
BLACK
6
CONTINUOUS
10
-4.052464960629921
20
6.6053633464566923
11
-4.0523238976377955
21
6.6053733464566928
0
LINE
8
BLACK
6
CONTINUOUS
10
-4.0523238976377955
20
6.6053733464566928
11
-4.0521931496062988
21
6.6054275196850396
0
LINE
8
BLACK
6
CONTINUOUS
10
-4.0521931496062988
20
6.6054275196850396
11
-4.0514250787401576
21
6.6055031496062995
0
LINE
8
BLACK
6
CONTINUOUS
10
-4.0514250787401576
20
6.6055031496062995
11
-4.0420512598425198
21
6.6055031496062995
0
LINE
8
BLACK
6
CONTINUOUS
10
-4.0420512598425198
20
6.6055031496062995
11
-4.0412831889763776
21
6.6054275196850396
0
LINE
8
BLACK
6
CONTINUOUS
10
-4.2925105905511813
20
6.6053832677165349
11
-4.2922299606299212
21
6.6053633464566923
0
LINE
8
BLACK
6
CONTINUOUS
10
-4.2922299606299212
20
6.6053633464566923
11
-4.2917883858267718
21
6.6051425196850388
0
LINE
8
BLACK
6
CONTINUOUS
10
-4.2917883858267718
20
6.6051425196850388
11
-4.2913201181102361
21
6.6049864566929131
0
LINE
8
BLACK
6
CONTINUOUS
10
-4.2913201181102361
20
6.6049864566929131
11
-4.2911076377952755
21
6.6048021653543305
0
LINE
8
BLACK
6
CONTINUOUS
10
-4.2911076377952755
20
6.6048021653543305
11
-4.2908559842519685
21
6.604676338582677
0
LINE
8
BLACK
6
CONTINUOUS
10
-4.2908559842519685
20
6.604676338582677
11
-4.2905324409448822
21
6.604303267716535
0
LINE
8
BLACK
6
CONTINUOUS
10
-4.2905324409448822
20
6.604303267716535
11
-4.2901596456692914
21
6.6039799606299212
0
LINE
8
BLACK
6
CONTINUOUS
10
-4.2901596456692914
20
6.6039799606299212
11
-4.2900339370078742
21
6.6037285039370079
0
LINE
8
BLACK
6
CONTINUOUS
10
-4.2900339370078742
20
6.6037285039370079
11
-4.2898494881889766
21
6.6035158661417324
0
LINE
8
BLACK
6
CONTINUOUS
10
-4.2898494881889766
20
6.6035158661417324
11
-4.2895348818897636
21
6.6028111417322837
0
LINE
8
BLACK
6
CONTINUOUS
10
-4.2895348818897636
20
6.6028111417322837
11
-4.2764115354330707
21
6.5634410629921263
0
LINE
8
BLACK
6
CONTINUOUS
10
-4.2764115354330707
20
6.5634410629921263
11
-4.2762403937007871
21
6.5626885039370073
0
LINE
8
BLACK
6
CONTINUOUS
10
-4.2762403937007871
20
6.5626885039370073
11
-4.2763492913385823
21
6.5611562204724407
0
LINE
8
BLACK
6
CONTINUOUS
10
-4.2763492913385823
20
6.5611562204724407
11
-4.2770362992125985
21
6.559782244094488
0
LINE
8
BLACK
6
CONTINUOUS
10
-4.2770362992125985
20
6.559782244094488
11
-4.2781967716535432
21
6.5587757480314961
0
LINE
8
BLACK
6
CONTINUOUS
10
-4.2781967716535432
20
6.5587757480314961
11
-4.2796540944881887
21
6.5582899606299208
0
LINE
8
BLACK
6
CONTINUOUS
10
-4.2796540944881887
20
6.5582899606299208
11
-4.2811863779527561
21
6.5583988976377947
0
LINE
8
BLACK
6
CONTINUOUS
10
-4.2811863779527561
20
6.5583988976377947
11
-4.2825603543307089
21
6.5590858661417322
0
LINE
8
BLACK
6
CONTINUOUS
10
-4.2825603543307089
20
6.5590858661417322
11
-4.2835668503937008
21
6.5602463385826768
0
LINE
8
BLACK
6
CONTINUOUS
10
-4.2835668503937008
20
6.5602463385826768
11
-4.2838814566929129
21
6.5609511023622042
0
LINE
8
BLACK
6
CONTINUOUS
10
-4.2838814566929129
20
6.5609511023622042
11
-4.2867336614173226
21
6.5695076771653538
0
LINE
8
BLACK
6
CONTINUOUS
10
-4.2867336614173226
20
6.5695076771653538
11
-4.2998060236220468
21
6.5695076771653538
0
LINE
8
BLACK
6
CONTINUOUS
10
-4.2998060236220468
20
6.5695076771653538
11
-4.3026582283464565
21
6.5609510629921255
0
LINE
8
BLACK
6
CONTINUOUS
10
-4.3026582283464565
20
6.5609510629921255
11
-4.3029728346456695
21
6.5602463385826768
0
LINE
8
BLACK
6
CONTINUOUS
10
-4.3029728346456695
20
6.5602463385826768
11
-4.3039793307086613
21
6.5590858661417322
0
LINE
8
BLACK
6
CONTINUOUS
10
-4.3039793307086613
20
6.5590858661417322
11
-4.3053533070866141
21
6.558398858267716
0
LINE
8
BLACK
6
CONTINUOUS
10
-4.3053533070866141
20
6.558398858267716
11
-4.3068855905511807
21
6.5582899606299208
0
LINE
8
BLACK
6
CONTINUOUS
10
-4.3068855905511807
20
6.5582899606299208
11
-4.3083429133858271
21
6.5587757086614173
0
LINE
8
BLACK
6
CONTINUOUS
10
-4.3083429133858271
20
6.5587757086614173
11
-4.3095033858267717
21
6.5597822047244092
0
LINE
8
BLACK
6
CONTINUOUS
10
-4.3095033858267717
20
6.5597822047244092
11
-4.310190393700787
21
6.561156181102362
0
LINE
8
BLACK
6
CONTINUOUS
10
-4.310190393700787
20
6.561156181102362
11
-4.3102992913385823
21
6.5626884645669286
0
LINE
8
BLACK
6
CONTINUOUS
10
-4.3102992913385823
20
6.5626884645669286
11
-4.3101281496062995
21
6.5634410629921263
0
LINE
8
BLACK
6
CONTINUOUS
10
-4.3101281496062995
20
6.5634410629921263
11
-4.2970048031496066
21
6.6028111023622049
0
LINE
8
BLACK
6
CONTINUOUS
10
-4.2970048031496066
20
6.6028111023622049
11
-4.2966901968503937
21
6.6035158661417324
0
LINE
8
BLACK
6
CONTINUOUS
10
-4.2966901968503937
20
6.6035158661417324
11
-4.2965058267716536
21
6.6037284251968504
0
LINE
8
BLACK
6
CONTINUOUS
10
-4.2965058267716536
20
6.6037284251968504
11
-4.2963800393700788
21
6.60398
0
LINE
8
BLACK
6
CONTINUOUS
10
-4.2963800393700788
20
6.60398
11
-4.2960071653543306
21
6.60430342519685
0
LINE
8
BLACK
6
CONTINUOUS
10
-4.2960071653543306
20
6.60430342519685
11
-4.2956837007874018
21
6.604676338582677
0
LINE
8
BLACK
6
CONTINUOUS
10
-4.2956837007874018
20
6.604676338582677
11
-4.2954322047244098
21
6.604802086614173
0
LINE
8
BLACK
6
CONTINUOUS
10
-4.2954322047244098
20
6.604802086614173
11
-4.2952195669291342
21
6.6049864960629918
0
LINE
8
BLACK
6
CONTINUOUS
10
-4.2952195669291342
20
6.6049864960629918
11
-4.2947510236220472
21
6.6051426771653539
0
LINE
8
BLACK
6
CONTINUOUS
10
-4.2947510236220472
20
6.6051426771653539
11
-4.294309724409449
21
6.6053633070866145
0
LINE
8
BLACK
6
CONTINUOUS
10
-4.294309724409449
20
6.6053633070866145
11
-4.2940292519685039
21
6.6053832283464562
0
LINE
8
BLACK
6
CONTINUOUS
10
-4.2940292519685039
20
6.6053832283464562
11
-4.2937622440944878
21
6.6054722440944884
0
LINE
8
BLACK
6
CONTINUOUS
10
-4.2937622440944878
20
6.6054722440944884
11
-4.2932697637795272
21
6.6054372047244092
0
LINE
8
BLACK
6
CONTINUOUS
10
-4.2932697637795272
20
6.6054372047244092
11
-4.2927774409448816
21
6.6054722440944884
0
LINE
8
BLACK
6
CONTINUOUS
10
-4.2927774409448816
20
6.6054722440944884
11
-4.2925105905511813
21
6.6053832677165349
0
LINE
8
BLACK
6
CONTINUOUS
10
-4.2971813385826767
20
6.5773816929133853
11
-4.2893583070866139
21
6.5773816929133853
0
LINE
8
BLACK
6
CONTINUOUS
10
-4.2893583070866139
20
6.5773816929133853
11
-4.2932698425196847
21
6.5891162204724409
0
LINE
8
BLACK
6
CONTINUOUS
10
-4.2932698425196847
20
6.5891162204724409
11
-4.2971813385826767
21
6.5773816929133853
0
LINE
8
BLACK
6
CONTINUOUS
10
-4.1898452362204726
20
6.6048396456692915
11
-4.1887590157480314
21
6.6037534251968504
0
LINE
8
BLACK
6
CONTINUOUS
10
-4.1887590157480314
20
6.6037534251968504
11
-4.1881711417322833
21
6.602334212598425
0
LINE
8
BLACK
6
CONTINUOUS
10
-4.1881711417322833
20
6.602334212598425
11
-4.1880955118110235
21
6.6015661417322837
0
LINE
8
BLACK
6
CONTINUOUS
10
-4.1880955118110235
20
6.6015661417322837
11
-4.1880955118110235
21
6.5621960629921254
0
LINE
8
BLACK
6
CONTINUOUS
10
-4.1880955118110235
20
6.5621960629921254
11
-4.1881711417322833
21
6.5614279921259842
0
LINE
8
BLACK
6
CONTINUOUS
10
-4.1881711417322833
20
6.5614279921259842
11
-4.1887590157480314
21
6.5600087795275588
0
LINE
8
BLACK
6
CONTINUOUS
10
-4.1887590157480314
20
6.5600087795275588
11
-4.1898452362204726
21
6.5589225590551177
0
LINE
8
BLACK
6
CONTINUOUS
10
-4.1898452362204726
20
6.5589225590551177
11
-4.1912644488188979
21
6.5583346850393696
0
LINE
8
BLACK
6
CONTINUOUS
10
-4.1912644488188979
20
6.5583346850393696
11
-4.1928005905511814
21
6.5583346850393696
0
LINE
8
BLACK
6
CONTINUOUS
10
-4.1928005905511814
20
6.5583346850393696
11
-4.1942198031496059
21
6.5589225590551177
0
LINE
8
BLACK
6
CONTINUOUS
10
-4.1942198031496059
20
6.5589225590551177
11
-4.195306023622047
21
6.5600087795275588
0
LINE
8
BLACK
6
CONTINUOUS
10
-4.195306023622047
20
6.5600087795275588
11
-4.1958938976377951
21
6.5614279921259842
0
LINE
8
BLACK
6
CONTINUOUS
10
-4.1958938976377951
20
6.5614279921259842
11
-4.1959695275590549
21
6.5621960629921254
0
LINE
8
BLACK
6
CONTINUOUS
10
-4.1959695275590549
20
6.5621960629921254
11
-4.1959695275590549
21
6.6015661417322837
0
LINE
8
BLACK
6
CONTINUOUS
10
-4.1959695275590549
20
6.6015661417322837
11
-4.1958938976377951
21
6.602334212598425
0
LINE
8
BLACK
6
CONTINUOUS
10
-4.1958938976377951
20
6.602334212598425
11
-4.195306023622047
21
6.6037534251968504
0
LINE
8
BLACK
6
CONTINUOUS
10
-4.195306023622047
20
6.6037534251968504
11
-4.1942198031496059
21
6.6048396456692915
0
LINE
8
BLACK
6
CONTINUOUS
10
-4.1942198031496059
20
6.6048396456692915
11
-4.1928005905511814
21
6.6054275196850396
0
LINE
8
BLACK
6
CONTINUOUS
10
-4.1928005905511814
20
6.6054275196850396
11
-4.1912644488188979
21
6.6054275196850396
0
LINE
8
BLACK
6
CONTINUOUS
10
-4.1912644488188979
20
6.6054275196850396
11
-4.1898452362204726
21
6.6048396456692915
0
LINE
8
BLACK
6
CONTINUOUS
10
-4.1518943700787396
20
6.6054275196850396
11
-4.1504751574803151
21
6.6048396456692915
0
LINE
8
BLACK
6
CONTINUOUS
10
-4.1504751574803151
20
6.6048396456692915
11
-4.149388937007874
21
6.6037534251968504
0
LINE
8
BLACK
6
CONTINUOUS
10
-4.149388937007874
20
6.6037534251968504
11
-4.1488010629921259
21
6.602334212598425
0
LINE
8
BLACK
6
CONTINUOUS
10
-4.1488010629921259
20
6.602334212598425
11
-4.1487254330708661
21
6.6015661417322837
0
LINE
8
BLACK
6
CONTINUOUS
10
-4.1487254330708661
20
6.6015661417322837
11
-4.1487254330708661
21
6.5621960629921254
0
LINE
8
BLACK
6
CONTINUOUS
10
-4.1487254330708661
20
6.5621960629921254
11
-4.1488010629921259
21
6.5614279921259842
0
LINE
8
BLACK
6
CONTINUOUS
10
-4.1488010629921259
20
6.5614279921259842
11
-4.149388937007874
21
6.5600087795275588
0
LINE
8
BLACK
6
CONTINUOUS
10
-4.149388937007874
20
6.5600087795275588
11
-4.1504751574803151
21
6.5589225590551177
0
LINE
8
BLACK
6
CONTINUOUS
10
-4.1504751574803151
20
6.5589225590551177
11
-4.1518943700787396
21
6.5583346850393696
0
LINE
8
BLACK
6
CONTINUOUS
10
-4.1518943700787396
20
6.5583346850393696
11
-4.153430511811024
21
6.5583346850393696
0
LINE
8
BLACK
6
CONTINUOUS
10
-4.153430511811024
20
6.5583346850393696
11
-4.1548497244094484
21
6.5589225590551177
0
LINE
8
BLACK
6
CONTINUOUS
10
-4.1548497244094484
20
6.5589225590551177
11
-4.1559359448818896
21
6.5600087795275588
0
LINE
8
BLACK
6
CONTINUOUS
10
-4.1559359448818896
20
6.5600087795275588
11
-4.1565238188976377
21
6.5614279921259842
0
LINE
8
BLACK
6
CONTINUOUS
10
-4.1565238188976377
20
6.5614279921259842
11
-4.1565994488188975
21
6.5621960629921254
0
LINE
8
BLACK
6
CONTINUOUS
10
-4.1565994488188975
20
6.5621960629921254
11
-4.1565994488188975
21
6.577006732283464
0
LINE
8
BLACK
6
CONTINUOUS
10
-4.1565994488188975
20
6.577006732283464
11
-4.1676605511811022
21
6.577006732283464
0
LINE
8
BLACK
6
CONTINUOUS
10
-4.1676605511811022
20
6.577006732283464
11
-4.1684286220472444
21
6.5770823622047239
0
LINE
8
BLACK
6
CONTINUOUS
10
-4.1684286220472444
20
6.5770823622047239
11
-4.1685593700787402
21
6.5771364960629919
0
LINE
8
BLACK
6
CONTINUOUS
10
-4.1685593700787402
20
6.5771364960629919
11
-4.1687004330708657
21
6.5771465354330712
0
LINE
8
BLACK
6
CONTINUOUS
10
-4.1687004330708657
20
6.5771465354330712
11
-4.1694212598425198
21
6.5774223622047243
0
LINE
8
BLACK
6
CONTINUOUS
10
-4.1694212598425198
20
6.5774223622047243
11
-4.1731707480314961
21
6.5792971259842519
0
LINE
8
BLACK
6
CONTINUOUS
10
-4.1731707480314961
20
6.5792971259842519
11
-4.1735013385826774
21
6.5795051968503939
0
LINE
8
BLACK
6
CONTINUOUS
10
-4.1735013385826774
20
6.5795051968503939
11
-4.1735974015748027
21
6.5795449999999995
0
LINE
8
BLACK
6
CONTINUOUS
10
-4.1735974015748027
20
6.5795449999999995
11
-4.1737055118110238
21
6.5796337007874017
0
LINE
8
BLACK
6
CONTINUOUS
10
-4.1737055118110238
20
6.5796337007874017
11
-4.1738239370078736
21
6.5797082677165353
0
LINE
8
BLACK
6
CONTINUOUS
10
-4.1738239370078736
20
6.5797082677165353
11
-4.1738921653543306
21
6.5797868897637795
0
LINE
8
BLACK
6
CONTINUOUS
10
-4.1738921653543306
20
6.5797868897637795
11
-4.1741939763779525
21
6.5800346456692909
0
LINE
8
BLACK
6
CONTINUOUS
10
-4.1741939763779525
20
6.5800346456692909
11
-4.1760687401574801
21
6.5819093700787397
0
LINE
8
BLACK
6
CONTINUOUS
10
-4.1760687401574801
20
6.5819093700787397
11
-4.1763165748031499
21
6.5822113385826766
0
LINE
8
BLACK
6
CONTINUOUS
10
-4.1763165748031499
20
6.5822113385826766
11
-4.1763950787401578
21
6.5822794488188974
0
LINE
8
BLACK
6
CONTINUOUS
10
-4.1763950787401578
20
6.5822794488188974
11
-4.1764696456692914
21
6.5823978346456693
0
LINE
8
BLACK
6
CONTINUOUS
10
-4.1764696456692914
20
6.5823978346456693
11
-4.1765583464566927
21
6.5825059842519682
0
LINE
8
BLACK
6
CONTINUOUS
10
-4.1765583464566927
20
6.5825059842519682
11
-4.1765981496062992
21
6.5826020078740157
0
LINE
8
BLACK
6
CONTINUOUS
10
-4.1765981496062992
20
6.5826020078740157
11
-4.1768062204724412
21
6.582932598425197
0
LINE
8
BLACK
6
CONTINUOUS
10
-4.1768062204724412
20
6.582932598425197
11
-4.1786809842519688
21
6.5866821259842521
0
LINE
8
BLACK
6
CONTINUOUS
10
-4.1786809842519688
20
6.5866821259842521
11
-4.1789568110236219
21
6.5874029133858265
0
LINE
8
BLACK
6
CONTINUOUS
10
-4.1789568110236219
20
6.5874029133858265
11
-4.1789668503937003
21
6.5875439763779529
0
LINE
8
BLACK
6
CONTINUOUS
10
-4.1789668503937003
20
6.5875439763779529
11
-4.1790209842519683
21
6.5876747244094487
0
LINE
8
BLACK
6
CONTINUOUS
10
-4.1790209842519683
20
6.5876747244094487
11
-4.1790966141732282
21
6.58844279527559
0
LINE
8
BLACK
6
CONTINUOUS
10
-4.1790966141732282
20
6.58844279527559
11
-4.1790966141732282
21
6.5940670866141735
0
LINE
8
BLACK
6
CONTINUOUS
10
-4.1790966141732282
20
6.5940670866141735
11
-4.1790209842519683
21
6.5948351574803148
0
LINE
8
BLACK
6
CONTINUOUS
10
-4.1790209842519683
20
6.5948351574803148
11
-4.1789668503937003
21
6.5949658661417319
0
LINE
8
BLACK
6
CONTINUOUS
10
-4.1789668503937003
20
6.5949658661417319
11
-4.1789568110236219
21
6.595106968503937
0
LINE
8
BLACK
6
CONTINUOUS
10
-4.1789568110236219
20
6.595106968503937
11
-4.1786809842519688
21
6.5958277559055114
0
LINE
8
BLACK
6
CONTINUOUS
10
-4.1786809842519688
20
6.5958277559055114
11
-4.1768062204724412
21
6.5995772834645665
0
LINE
8
BLACK
6
CONTINUOUS
10
-4.1768062204724412
20
6.5995772834645665
11
-4.1765981496062992
21
6.599907834645669
0
LINE
8
BLACK
6
CONTINUOUS
10
-4.1765981496062992
20
6.599907834645669
11
-4.1765583464566927
21
6.6000038976377953
0
LINE
8
BLACK
6
CONTINUOUS
10
-4.1765583464566927
20
6.6000038976377953
11
-4.1764696456692914
21
6.6001120078740154
0
LINE
8
BLACK
6
CONTINUOUS
10
-4.1764696456692914
20
6.6001120078740154
11
-4.1763950787401578
21
6.6002304330708661
0
LINE
8
BLACK
6
CONTINUOUS
10
-4.1763950787401578
20
6.6002304330708661
11
-4.1763165748031499
21
6.6002985039370081
0
LINE
8
BLACK
6
CONTINUOUS
10
-4.1763165748031499
20
6.6002985039370081
11
-4.1760687401574801
21
6.6006005118110238
0
LINE
8
BLACK
6
CONTINUOUS
10
-4.1760687401574801
20
6.6006005118110238
11
-4.1741939763779525
21
6.6024752362204726
0
LINE
8
BLACK
6
CONTINUOUS
10
-4.1741939763779525
20
6.6024752362204726
11
-4.1738921653543306
21
6.6027229527559053
0
LINE
8
BLACK
6
CONTINUOUS
10
-4.1738921653543306
20
6.6027229527559053
11
-4.1738239370078736
21
6.6028016141732282
0
LINE
8
BLACK
6
CONTINUOUS
10
-4.1738239370078736
20
6.6028016141732282
11
-4.1737055118110238
21
6.602876141732283
0
LINE
8
BLACK
6
CONTINUOUS
10
-4.1737055118110238
20
6.602876141732283
11
-4.1735974015748027
21
6.6029648818897639
0
LINE
8
BLACK
6
CONTINUOUS
10
-4.1735974015748027
20
6.6029648818897639
11
-4.1735013385826774
21
6.6030046456692908
0
LINE
8
BLACK
6
CONTINUOUS
10
-4.1735013385826774
20
6.6030046456692908
11
-4.1731707480314961
21
6.6032127559055116
0
LINE
8
BLACK
6
CONTINUOUS
10
-4.1731707480314961
20
6.6032127559055116
11
-4.1694212598425198
21
6.6050875196850392
0
LINE
8
BLACK
6
CONTINUOUS
10
-4.1694212598425198
20
6.6050875196850392
11
-4.1687004330708657
21
6.6053633464566923
0
LINE
8
BLACK
6
CONTINUOUS
10
-4.1687004330708657
20
6.6053633464566923
11
-4.1685593700787402
21
6.6053733464566928
0
LINE
8
BLACK
6
CONTINUOUS
10
-4.1685593700787402
20
6.6053733464566928
11
-4.1684286220472444
21
6.6054275196850396
0
LINE
8
BLACK
6
CONTINUOUS
10
-4.1684286220472444
20
6.6054275196850396
11
-4.1676605511811022
21
6.6055031496062995
0
LINE
8
BLACK
6
CONTINUOUS
10
-4.1676605511811022
20
6.6055031496062995
11
-4.1526624409448818
21
6.6055031496062995
0
LINE
8
BLACK
6
CONTINUOUS
10
-4.1526624409448818
20
6.6055031496062995
11
-4.1518943700787396
21
6.6054275196850396
0
LINE
8
BLACK
6
CONTINUOUS
10
-4.1690779921259837
20
6.5964557086614173
11
-4.170049173228346
21
6.5954844881889763
0
LINE
8
BLACK
6
CONTINUOUS
10
-4.170049173228346
20
6.5954844881889763
11
-4.1712225984251967
21
6.5931376377952757
0
LINE
8
BLACK
6
CONTINUOUS
10
-4.1712225984251967
20
6.5931376377952757
11
-4.1712225984251967
21
6.589372204724409
0
LINE
8
BLACK
6
CONTINUOUS
10
-4.1712225984251967
20
6.589372204724409
11
-4.170049173228346
21
6.5870253543307085
0
LINE
8
BLACK
6
CONTINUOUS
10
-4.170049173228346
20
6.5870253543307085
11
-4.1690779921259837
21
6.5860541338582674
0
LINE
8
BLACK
6
CONTINUOUS
10
-4.1690779921259837
20
6.5860541338582674
11
-4.1667311417322832
21
6.5848807480314955
0
LINE
8
BLACK
6
CONTINUOUS
10
-4.1667311417322832
20
6.5848807480314955
11
-4.1565994488188975
21
6.5848807480314955
0
LINE
8
BLACK
6
CONTINUOUS
10
-4.1565994488188975
20
6.5848807480314955
11
-4.1565994488188975
21
6.597629133858268
0
LINE
8
BLACK
6
CONTINUOUS
10
-4.1565994488188975
20
6.597629133858268
11
-4.1667311417322832
21
6.597629133858268
0
LINE
8
BLACK
6
CONTINUOUS
10
-4.1667311417322832
20
6.597629133858268
11
-4.1690779921259837
21
6.5964557086614173
0
LINE
8
BLACK
6
CONTINUOUS
10
-4.0173668110236216
20
6.6048396456692915
11
-4.0162805905511814
21
6.6037534251968504
0
LINE
8
BLACK
6
CONTINUOUS
10
-4.0162805905511814
20
6.6037534251968504
11
-4.0156927165354332
21
6.602334212598425
0
LINE
8
BLACK
6
CONTINUOUS
10
-4.0156927165354332
20
6.602334212598425
11
-4.0156170866141734
21
6.6015661417322837
0
LINE
8
BLACK
6
CONTINUOUS
10
-4.0156170866141734
20
6.6015661417322837
11
-4.0156170866141734
21
6.5621960629921254
0
LINE
8
BLACK
6
CONTINUOUS
10
-4.0156170866141734
20
6.5621960629921254
11
-4.0156927165354332
21
6.5614279921259842
0
LINE
8
BLACK
6
CONTINUOUS
10
-4.0156927165354332
20
6.5614279921259842
11
-4.0162805905511814
21
6.5600087795275588
0
LINE
8
BLACK
6
CONTINUOUS
10
-4.0162805905511814
20
6.5600087795275588
11
-4.0173668110236216
21
6.5589225590551177
0
LINE
8
BLACK
6
CONTINUOUS
10
-4.0173668110236216
20
6.5589225590551177
11
-4.018786023622047
21
6.5583346850393696
0
LINE
8
BLACK
6
CONTINUOUS
10
-4.018786023622047
20
6.5583346850393696
11
-4.0203221653543304
21
6.5583346850393696
0
LINE
8
BLACK
6
CONTINUOUS
10
-4.0203221653543304
20
6.5583346850393696
11
-4.0217413779527558
21
6.5589225590551177
0
LINE
8
BLACK
6
CONTINUOUS
10
-4.0217413779527558
20
6.5589225590551177
11
-4.0228275984251969
21
6.5600087795275588
0
LINE
8
BLACK
6
CONTINUOUS
10
-4.0228275984251969
20
6.5600087795275588
11
-4.023415472440945
21
6.5614279921259842
0
LINE
8
BLACK
6
CONTINUOUS
10
-4.023415472440945
20
6.5614279921259842
11
-4.0234911023622049
21
6.5621960629921254
0
LINE
8
BLACK
6
CONTINUOUS
10
-4.0234911023622049
20
6.5621960629921254
11
-4.0234911023622049
21
6.6015661417322837
0
LINE
8
BLACK
6
CONTINUOUS
10
-4.0234911023622049
20
6.6015661417322837
11
-4.023415472440945
21
6.602334212598425
0
LINE
8
BLACK
6
CONTINUOUS
10
-4.023415472440945
20
6.602334212598425
11
-4.0228275984251969
21
6.6037534251968504
0
LINE
8
BLACK
6
CONTINUOUS
10
-4.0228275984251969
20
6.6037534251968504
11
-4.0217413779527558
21
6.6048396456692915
0
LINE
8
BLACK
6
CONTINUOUS
10
-4.0217413779527558
20
6.6048396456692915
11
-4.0203221653543304
21
6.6054275196850396
0
LINE
8
BLACK
6
CONTINUOUS
10
-4.0203221653543304
20
6.6054275196850396
11
-4.018786023622047
21
6.6054275196850396
0
LINE
8
BLACK
6
CONTINUOUS
10
-4.018786023622047
20
6.6054275196850396
11
-4.0173668110236216
21
6.6048396456692915
0
LINE
8
BLACK
6
CONTINUOUS
10
-3.1893456299212599
20
6.9621455905511809
11
-3.1875151968503936
21
6.960033149606299
0
LINE
8
BLACK
6
CONTINUOUS
10
-3.1875151968503936
20
6.960033149606299
11
-3.187066929133858
21
6.9579724409448813
0
LINE
8
BLACK
6
CONTINUOUS
10
-3.187066929133858
20
6.9579724409448813
11
-3.187066929133858
21
5.3920275590551183
0
LINE
8
BLACK
6
CONTINUOUS
10
-3.187066929133858
20
5.3920275590551183
11
-3.187854409448819
21
5.3893456299212597
0
LINE
8
BLACK
6
CONTINUOUS
10
-3.187854409448819
20
5.3893456299212597
11
-3.1899668503937009
21
5.3875151968503934
0
LINE
8
BLACK
6
CONTINUOUS
10
-3.1899668503937009
20
5.3875151968503934
11
-3.1920275590551181
21
5.3870669291338578
0
LINE
8
BLACK
6
CONTINUOUS
10
-3.1920275590551181
20
5.3870669291338578
11
-4.3579724409448817
21
5.3870669291338578
0
LINE
8
BLACK
6
CONTINUOUS
10
-4.3579724409448817
20
5.3870669291338578
11
-4.3606543700787403
21
5.3878544094488188
0
LINE
8
BLACK
6
CONTINUOUS
10
-4.3606543700787403
20
5.3878544094488188
11
-4.3624848031496066
21
5.3899668503937006
0
LINE
8
BLACK
6
CONTINUOUS
10
-4.3624848031496066
20
5.3899668503937006
11
-4.3629330708661413
21
5.3920275590551183
0
LINE
8
BLACK
6
CONTINUOUS
10
-4.3629330708661413
20
5.3920275590551183
11
-4.3629330708661413
21
5.4029691338582673
0
LINE
8
BLACK
6
CONTINUOUS
10
-4.3629330708661413
20
5.4029691338582673
11
-4.3629330708661413
21
6.4194153149606299
0
LINE
8
BLACK
6
CONTINUOUS
10
-4.3629330708661413
20
6.4194153149606299
11
-4.3629330708661413
21
6.5379974015748026
0
LINE
8
BLACK
6
CONTINUOUS
10
-4.3629330708661413
20
6.5379974015748026
11
-4.3629330708661413
21
6.9579724409448813
0
LINE
8
BLACK
6
CONTINUOUS
10
-4.3629330708661413
20
6.9579724409448813
11
-4.3621455905511812
21
6.96065437007874
0
LINE
8
BLACK
6
CONTINUOUS
10
-4.3621455905511812
20
6.96065437007874
11
-4.3600331496062994
21
6.9624848031496063
0
LINE
8
BLACK
6
CONTINUOUS
10
-4.3600331496062994
20
6.9624848031496063
11
-4.3579724409448817
21
6.9629330708661419
0
LINE
8
BLACK
6
CONTINUOUS
10
-4.3579724409448817
20
6.9629330708661419
11
-3.1920275590551181
21
6.9629330708661419
0
LINE
8
BLACK
6
CONTINUOUS
10
-3.1920275590551181
20
6.9629330708661419
11
-3.1893456299212599
21
6.9621455905511809
0
LINE
8
BLACK
6
CONTINUOUS
10
-3.5053701574803147
20
5.4029691338582673
11
-3.5053701574803147
21
5.4907930708661414
0
LINE
8
BLACK
6
CONTINUOUS
10
-3.5053701574803147
20
5.4907930708661414
11
-3.7843771653543308
21
5.4907930708661414
0
LINE
8
BLACK
6
CONTINUOUS
10
-3.7843771653543308
20
5.4907930708661414
11
-3.7843771653543308
21
5.4029691338582673
0
LINE
8
BLACK
6
CONTINUOUS
10
-3.7843771653543308
20
5.4029691338582673
11
-3.5053701574803147
21
5.4029691338582673
0
LINE
8
BLACK
6
CONTINUOUS
10
-4.2725196850393701
20
6.3505846456692909
11
-4.2722634251968499
21
6.3482009055118107
0
LINE
8
BLACK
6
CONTINUOUS
10
-4.2722634251968499
20
6.3482009055118107
11
-4.2722633464566933
21
6.3482005905511807
0
LINE
8
BLACK
6
CONTINUOUS
10
-4.2722633464566933
20
6.3482005905511807
11
-4.2702515748031491
21
6.342806968503937
0
LINE
8
BLACK
6
CONTINUOUS
10
-4.2702515748031491
20
6.342806968503937
11
-4.2702514960629916
21
6.3428067716535432
0
LINE
8
BLACK
6
CONTINUOUS
10
-4.2702514960629916
20
6.3428067716535432
11
-4.2666327559055119
21
6.33797279527559
0
LINE
8
BLACK
6
CONTINUOUS
10
-4.2666327559055119
20
6.33797279527559
11
-4.2656559448818898
21
6.3353538976377948
0
LINE
8
BLACK
6
CONTINUOUS
10
-4.2656559448818898
20
6.3353538976377948
11
-4.2662500787401578
21
6.332622637795275
0
LINE
8
BLACK
6
CONTINUOUS
10
-4.2662500787401578
20
6.332622637795275
11
-4.2666327559055119
21
6.3320272047244091
0
LINE
8
BLACK
6
CONTINUOUS
10
-4.2666327559055119
20
6.3320272047244091
11
-4.2702514960629916
21
6.3271931889763779
0
LINE
8
BLACK
6
CONTINUOUS
10
-4.2702514960629916
20
6.3271931889763779
11
-4.2702515748031491
21
6.3271929921259842
0
LINE
8
BLACK
6
CONTINUOUS
10
-4.2702515748031491
20
6.3271929921259842
11
-4.2722633464566933
21
6.3217993700787396
0
LINE
8
BLACK
6
CONTINUOUS
10
-4.2722633464566933
20
6.3217993700787396
11
-4.2722634251968499
21
6.3217990551181105
0
LINE
8
BLACK
6
CONTINUOUS
10
-4.2722634251968499
20
6.3217990551181105
11
-4.2725196850393701
21
6.3194153149606294
0
LINE
8
BLACK
6
CONTINUOUS
10
-4.2725196850393701
20
6.3194153149606294
11
-4.2725196850393701
21
6.2505846456692913
0
LINE
8
BLACK
6
CONTINUOUS
10
-4.2725196850393701
20
6.2505846456692913
11
-4.2722634251968499
21
6.2482009055118111
0
LINE
8
BLACK
6
CONTINUOUS
10
-4.2722634251968499
20
6.2482009055118111
11
-4.2722633464566933
21
6.248200590551181
0
LINE
8
BLACK
6
CONTINUOUS
10
-4.2722633464566933
20
6.248200590551181
11
-4.2702515748031491
21
6.2428069685039365
0
LINE
8
BLACK
6
CONTINUOUS
10
-4.2702515748031491
20
6.2428069685039365
11
-4.2702514960629916
21
6.2428067716535436
0
LINE
8
BLACK
6
CONTINUOUS
10
-4.2702514960629916
20
6.2428067716535436
11
-4.2666327559055119
21
6.2379727952755903
0
LINE
8
BLACK
6
CONTINUOUS
10
-4.2666327559055119
20
6.2379727952755903
11
-4.2656559448818898
21
6.2353538976377951
0
LINE
8
BLACK
6
CONTINUOUS
10
-4.2656559448818898
20
6.2353538976377951
11
-4.2662500787401578
21
6.2326226377952754
0
LINE
8
BLACK
6
CONTINUOUS
10
-4.2662500787401578
20
6.2326226377952754
11
-4.2666327559055119
21
6.2320272047244094
0
LINE
8
BLACK
6
CONTINUOUS
10
-4.2666327559055119
20
6.2320272047244094
11
-4.2702514960629916
21
6.2271931889763774
0
LINE
8
BLACK
6
CONTINUOUS
10
-4.2702514960629916
20
6.2271931889763774
11
-4.2702515748031491
21
6.2271929921259845
0
LINE
8
BLACK
6
CONTINUOUS
10
-4.2702515748031491
20
6.2271929921259845
11
-4.2722633464566933
21
6.22179937007874
0
LINE
8
BLACK
6
CONTINUOUS
10
-4.2722633464566933
20
6.22179937007874
11
-4.2722634251968499
21
6.2217990551181099
0
LINE
8
BLACK
6
CONTINUOUS
10
-4.2722634251968499
20
6.2217990551181099
11
-4.2725196850393701
21
6.2194153149606297
0
LINE
8
BLACK
6
CONTINUOUS
10
-4.2725196850393701
20
6.2194153149606297
11
-4.2725196850393701
21
6.1505846456692916
0
LINE
8
BLACK
6
CONTINUOUS
10
-4.2725196850393701
20
6.1505846456692916
11
-4.2722634251968499
21
6.1482009055118105
0
LINE
8
BLACK
6
CONTINUOUS
10
-4.2722634251968499
20
6.1482009055118105
11
-4.2722633464566933
21
6.1482005905511814
0
LINE
8
BLACK
6
CONTINUOUS
10
-4.2722633464566933
20
6.1482005905511814
11
-4.2702515748031491
21
6.1428069685039368
0
LINE
8
BLACK
6
CONTINUOUS
10
-4.2702515748031491
20
6.1428069685039368
11
-4.2702514960629916
21
6.1428067716535431
0
LINE
8
BLACK
6
CONTINUOUS
10
-4.2702514960629916
20
6.1428067716535431
11
-4.2666327559055119
21
6.1379727952755907
0
LINE
8
BLACK
6
CONTINUOUS
10
-4.2666327559055119
20
6.1379727952755907
11
-4.2656559448818898
21
6.1353538976377955
0
LINE
8
BLACK
6
CONTINUOUS
10
-4.2656559448818898
20
6.1353538976377955
11
-4.2662500787401578
21
6.1326226377952757
0
LINE
8
BLACK
6
CONTINUOUS
10
-4.2662500787401578
20
6.1326226377952757
11
-4.2666327559055119
21
6.1320272047244089
0
LINE
8
BLACK
6
CONTINUOUS
10
-4.2666327559055119
20
6.1320272047244089
11
-4.2702514960629916
21
6.1271931889763778
0
LINE
8
BLACK
6
CONTINUOUS
10
-4.2702514960629916
20
6.1271931889763778
11
-4.2702515748031491
21
6.127192992125984
0
LINE
8
BLACK
6
CONTINUOUS
10
-4.2702515748031491
20
6.127192992125984
11
-4.2722633464566933
21
6.1217993700787403
0
LINE
8
BLACK
6
CONTINUOUS
10
-4.2722633464566933
20
6.1217993700787403
11
-4.2722634251968499
21
6.1217990551181103
0
LINE
8
BLACK
6
CONTINUOUS
10
-4.2722634251968499
20
6.1217990551181103
11
-4.2725196850393701
21
6.1194153149606301
0
LINE
8
BLACK
6
CONTINUOUS
10
-4.2725196850393701
20
6.1194153149606301
11
-4.2725196850393701
21
6.0505846456692911
0
LINE
8
BLACK
6
CONTINUOUS
10
-4.2725196850393701
20
6.0505846456692911
11
-4.2722634251968499
21
6.0482009055118109
0
LINE
8
BLACK
6
CONTINUOUS
10
-4.2722634251968499
20
6.0482009055118109
11
-4.2722633464566933
21
6.0482005905511809
0
LINE
8
BLACK
6
CONTINUOUS
10
-4.2722633464566933
20
6.0482005905511809
11
-4.2702515748031491
21
6.0428069685039372
0
LINE
8
BLACK
6
CONTINUOUS
10
-4.2702515748031491
20
6.0428069685039372
11
-4.2702514960629916
21
6.0428067716535434
0
LINE
8
BLACK
6
CONTINUOUS
10
-4.2702514960629916
20
6.0428067716535434
11
-4.2666327559055119
21
6.0379727952755902
0
LINE
8
BLACK
6
CONTINUOUS
10
-4.2666327559055119
20
6.0379727952755902
11
-4.2656559448818898
21
6.035353897637795
0
LINE
8
BLACK
6
CONTINUOUS
10
-4.2656559448818898
20
6.035353897637795
11
-4.2662500787401578
21
6.0326226377952752
0
LINE
8
BLACK
6
CONTINUOUS
10
-4.2662500787401578
20
6.0326226377952752
11
-4.2666327559055119
21
6.0320272047244092
0
LINE
8
BLACK
6
CONTINUOUS
10
-4.2666327559055119
20
6.0320272047244092
11
-4.2702514960629916
21
6.0271931889763781
0
LINE
8
BLACK
6
CONTINUOUS
10
-4.2702514960629916
20
6.0271931889763781
11
-4.2702515748031491
21
6.0271929921259844
0
LINE
8
BLACK
6
CONTINUOUS
10
-4.2702515748031491
20
6.0271929921259844
11
-4.2722633464566933
21
6.0217993700787398
0
LINE
8
BLACK
6
CONTINUOUS
10
-4.2722633464566933
20
6.0217993700787398
11
-4.2722634251968499
21
6.0217990551181098
0
LINE
8
BLACK
6
CONTINUOUS
10
-4.2722634251968499
20
6.0217990551181098
11
-4.2725196850393701
21
6.0194153149606295
0
LINE
8
BLACK
6
CONTINUOUS
10
-4.2725196850393701
20
6.0194153149606295
11
-4.2725196850393701
21
5.9505846456692915
0
LINE
8
BLACK
6
CONTINUOUS
10
-4.2725196850393701
20
5.9505846456692915
11
-4.2722634251968499
21
5.9482009055118112
0
LINE
8
BLACK
6
CONTINUOUS
10
-4.2722634251968499
20
5.9482009055118112
11
-4.2722633464566933
21
5.9482005905511812
0
LINE
8
BLACK
6
CONTINUOUS
10
-4.2722633464566933
20
5.9482005905511812
11
-4.2702515748031491
21
5.9428069685039366
0
LINE
8
BLACK
6
CONTINUOUS
10
-4.2702515748031491
20
5.9428069685039366
11
-4.2702514960629916
21
5.9428067716535429
0
LINE
8
BLACK
6
CONTINUOUS
10
-4.2702514960629916
20
5.9428067716535429
11
-4.2666327559055119
21
5.9379727952755905
0
LINE
8
BLACK
6
CONTINUOUS
10
-4.2666327559055119
20
5.9379727952755905
11
-4.2656559448818898
21
5.9353538976377953
0
LINE
8
BLACK
6
CONTINUOUS
10
-4.2656559448818898
20
5.9353538976377953
11
-4.2662500787401578
21
5.9326226377952755
0
LINE
8
BLACK
6
CONTINUOUS
10
-4.2662500787401578
20
5.9326226377952755
11
-4.2666327559055119
21
5.9320272047244096
0
LINE
8
BLACK
6
CONTINUOUS
10
-4.2666327559055119
20
5.9320272047244096
11
-4.2702514960629916
21
5.9271931889763776
0
LINE
8
BLACK
6
CONTINUOUS
10
-4.2702514960629916
20
5.9271931889763776
11
-4.2702515748031491
21
5.9271929921259838
0
LINE
8
BLACK
6
CONTINUOUS
10
-4.2702515748031491
20
5.9271929921259838
11
-4.2722633464566933
21
5.9217993700787401
0
LINE
8
BLACK
6
CONTINUOUS
10
-4.2722633464566933
20
5.9217993700787401
11
-4.2722634251968499
21
5.9217990551181101
0
LINE
8
BLACK
6
CONTINUOUS
10
-4.2722634251968499
20
5.9217990551181101
11
-4.2725196850393701
21
5.9194153149606299
0
LINE
8
BLACK
6
CONTINUOUS
10
-4.2725196850393701
20
5.9194153149606299
11
-4.2725196850393701
21
5.8505846456692909
0
LINE
8
BLACK
6
CONTINUOUS
10
-4.2725196850393701
20
5.8505846456692909
11
-4.2722634251968499
21
5.8482009055118107
0
LINE
8
BLACK
6
CONTINUOUS
10
-4.2722634251968499
20
5.8482009055118107
11
-4.2722633464566933
21
5.8482005905511807
0
LINE
8
BLACK
6
CONTINUOUS
10
-4.2722633464566933
20
5.8482005905511807
11
-4.2702515748031491
21
5.842806968503937
0
LINE
8
BLACK
6
CONTINUOUS
10
-4.2702515748031491
20
5.842806968503937
11
-4.2702514960629916
21
5.8428067716535432
0
LINE
8
BLACK
6
CONTINUOUS
10
-4.2702514960629916
20
5.8428067716535432
11
-4.2668016535433066
21
5.8381983464566929
0
LINE
8
BLACK
6
CONTINUOUS
10
-4.2668016535433066
20
5.8381983464566929
11
-4.2621932283464563
21
5.8347485039370079
0
LINE
8
BLACK
6
CONTINUOUS
10
-4.2621932283464563
20
5.8347485039370079
11
-4.2621930314960625
21
5.8347484251968504
0
LINE
8
BLACK
6
CONTINUOUS
10
-4.2621930314960625
20
5.8347484251968504
11
-4.2567994094488188
21
5.8327366535433072
0
LINE
8
BLACK
6
CONTINUOUS
10
-4.2567994094488188
20
5.8327366535433072
11
-4.2567990944881888
21
5.8327365748031497
0
LINE
8
BLACK
6
CONTINUOUS
10
-4.2567990944881888
20
5.8327365748031497
11
-4.2544153543307086
21
5.8324803149606295
0
LINE
8
BLACK
6
CONTINUOUS
10
-4.2544153543307086
20
5.8324803149606295
11
-4.2544148818897636
21
5.8324803149606295
0
LINE
8
BLACK
6
CONTINUOUS
10
-4.2544148818897636
20
5.8324803149606295
11
-4.1855846850393696
21
5.8324803149606295
0
LINE
8
BLACK
6
CONTINUOUS
10
-4.1855846850393696
20
5.8324803149606295
11
-4.1832009448818894
21
5.8327365748031497
0
LINE
8
BLACK
6
CONTINUOUS
10
-4.1832009448818894
20
5.8327365748031497
11
-4.1832006299212594
21
5.8327366535433072
0
LINE
8
BLACK
6
CONTINUOUS
10
-4.1832006299212594
20
5.8327366535433072
11
-4.1778070078740157
21
5.8347484251968504
0
LINE
8
BLACK
6
CONTINUOUS
10
-4.1778070078740157
20
5.8347484251968504
11
-4.1778068110236219
21
5.8347485039370079
0
LINE
8
BLACK
6
CONTINUOUS
10
-4.1778068110236219
20
5.8347485039370079
11
-4.1729727952755908
21
5.8383672440944885
0
LINE
8
BLACK
6
CONTINUOUS
10
-4.1729727952755908
20
5.8383672440944885
11
-4.1703538976377947
21
5.8393440551181097
0
LINE
8
BLACK
6
CONTINUOUS
10
-4.1703538976377947
20
5.8393440551181097
11
-4.1676226377952759
21
5.8387499212598426
0
LINE
8
BLACK
6
CONTINUOUS
10
-4.1676226377952759
20
5.8387499212598426
11
-4.167027204724409
21
5.8383672440944885
0
LINE
8
BLACK
6
CONTINUOUS
10
-4.167027204724409
20
5.8383672440944885
11
-4.1621932283464567
21
5.8347485039370079
0
LINE
8
BLACK
6
CONTINUOUS
10
-4.1621932283464567
20
5.8347485039370079
11
-4.1621930314960629
21
5.8347484251968504
0
LINE
8
BLACK
6
CONTINUOUS
10
-4.1621930314960629
20
5.8347484251968504
11
-4.1567994094488192
21
5.8327366535433072
0
LINE
8
BLACK
6
CONTINUOUS
10
-4.1567994094488192
20
5.8327366535433072
11
-4.1567990944881892
21
5.8327365748031497
0
LINE
8
BLACK
6
CONTINUOUS
10
-4.1567990944881892
20
5.8327365748031497
11
-4.154415354330709
21
5.8324803149606295
0
LINE
8
BLACK
6
CONTINUOUS
10
-4.154415354330709
20
5.8324803149606295
11
-4.1544148818897639
21
5.8324803149606295
0
LINE
8
BLACK
6
CONTINUOUS
10
-4.1544148818897639
20
5.8324803149606295
11
-4.08558468503937
21
5.8324803149606295
0
LINE
8
BLACK
6
CONTINUOUS
10
-4.08558468503937
20
5.8324803149606295
11
-4.0832009448818898
21
5.8327365748031497
0
LINE
8
BLACK
6
CONTINUOUS
10
-4.0832009448818898
20
5.8327365748031497
11
-4.0832006299212598
21
5.8327366535433072
0
LINE
8
BLACK
6
CONTINUOUS
10
-4.0832006299212598
20
5.8327366535433072
11
-4.0778070078740161
21
5.8347484251968504
0
LINE
8
BLACK
6
CONTINUOUS
10
-4.0778070078740161
20
5.8347484251968504
11
-4.0778068110236223
21
5.8347485039370079
0
LINE
8
BLACK
6
CONTINUOUS
10
-4.0778068110236223
20
5.8347485039370079
11
-4.073198385826772
21
5.8381983464566929
0
LINE
8
BLACK
6
CONTINUOUS
10
-4.073198385826772
20
5.8381983464566929
11
-4.0697485433070861
21
5.8428067716535432
0
LINE
8
BLACK
6
CONTINUOUS
10
-4.0697485433070861
20
5.8428067716535432
11
-4.0697484645669286
21
5.842806968503937
0
LINE
8
BLACK
6
CONTINUOUS
10
-4.0697484645669286
20
5.842806968503937
11
-4.0677366929133854
21
5.8482005905511807
0
LINE
8
BLACK
6
CONTINUOUS
10
-4.0677366929133854
20
5.8482005905511807
11
-4.0677366141732278
21
5.8482009055118107
0
LINE
8
BLACK
6
CONTINUOUS
10
-4.0677366141732278
20
5.8482009055118107
11
-4.0674803543307085
21
5.8505846456692909
0
LINE
8
BLACK
6
CONTINUOUS
10
-4.0674803543307085
20
5.8505846456692909
11
-4.0674803149606298
21
5.8505853149606297
0
LINE
8
BLACK
6
CONTINUOUS
10
-4.0674803149606298
20
5.8505853149606297
11
-4.0674803149606298
21
5.8965462598425198
0
LINE
8
BLACK
6
CONTINUOUS
10
-4.0674803149606298
20
5.8965462598425198
11
-4.0666928346456688
21
5.8992281889763776
0
LINE
8
BLACK
6
CONTINUOUS
10
-4.0666928346456688
20
5.8992281889763776
11
-4.066027362204724
21
5.9000539370078737
0
LINE
8
BLACK
6
CONTINUOUS
10
-4.066027362204724
20
5.9000539370078737
11
-3.9058798818897635
21
6.0602014173228342
0
LINE
8
BLACK
6
CONTINUOUS
10
-3.9058798818897635
20
6.0602014173228342
11
-3.9048024015748029
21
6.0607897637795274
0
LINE
8
BLACK
6
CONTINUOUS
10
-3.9048024015748029
20
6.0607897637795274
11
-3.9037697637795277
21
6.0614534251968504
0
LINE
8
BLACK
6
CONTINUOUS
10
-3.9037697637795277
20
6.0614534251968504
11
-3.9035218110236221
21
6.06148905511811
0
LINE
8
BLACK
6
CONTINUOUS
10
-3.9035218110236221
20
6.06148905511811
11
-3.9034266535433071
21
6.0615410236220475
0
LINE
8
BLACK
6
CONTINUOUS
10
-3.9034266535433071
20
6.0615410236220475
11
-3.9023722047244092
21
6.06165437007874
0
LINE
8
BLACK
6
CONTINUOUS
10
-3.9023722047244092
20
6.06165437007874
11
-3.9005803149606297
21
6.06165437007874
0
LINE
8
BLACK
6
CONTINUOUS
10
-3.9005803149606297
20
6.06165437007874
11
-3.8978983858267715
21
6.060866889763779
0
LINE
8
BLACK
6
CONTINUOUS
10
-3.8978983858267715
20
6.060866889763779
11
-3.8960679527559052
21
6.0587544488188971
0
LINE
8
BLACK
6
CONTINUOUS
10
-3.8960679527559052
20
6.0587544488188971
11
-3.8956196850393701
21
6.0566937401574803
0
LINE
8
BLACK
6
CONTINUOUS
10
-3.8956196850393701
20
6.0566937401574803
11
-3.8956196850393701
21
6.0447537401574802
0
LINE
8
BLACK
6
CONTINUOUS
10
-3.8956196850393701
20
6.0447537401574802
11
-3.8964071653543306
21
6.0420718110236216
0
LINE
8
BLACK
6
CONTINUOUS
10
-3.8964071653543306
20
6.0420718110236216
11
-3.8970726377952754
21
6.0412460629921254
0
LINE
8
BLACK
6
CONTINUOUS
10
-3.8970726377952754
20
6.0412460629921254
11
-3.9950427559055117
21
5.9432759448818899
0
LINE
8
BLACK
6
CONTINUOUS
10
-3.9950427559055117
20
5.9432759448818899
11
-3.9988759448818896
21
5.9394427559055121
0
LINE
8
BLACK
6
CONTINUOUS
10
-3.9988759448818896
20
5.9394427559055121
11
-3.9988759842519683
21
5.9394427165354333
0
LINE
8
BLACK
6
CONTINUOUS
10
-3.9988759842519683
20
5.9394427165354333
11
-4.0006422834645665
21
5.9367992519685036
0
LINE
8
BLACK
6
CONTINUOUS
10
-4.0006422834645665
20
5.9367992519685036
11
-4.0006423228346453
21
5.9367992125984248
0
LINE
8
BLACK
6
CONTINUOUS
10
-4.0006423228346453
20
5.9367992125984248
11
-4.0018875984251965
21
5.9349355905511807
0
LINE
8
BLACK
6
CONTINUOUS
10
-4.0018875984251965
20
5.9349355905511807
11
-4.0039620472440944
21
5.9299274015748029
0
LINE
8
BLACK
6
CONTINUOUS
10
-4.0039620472440944
20
5.9299274015748029
11
-4.0039621259842519
21
5.9299272047244092
0
LINE
8
BLACK
6
CONTINUOUS
10
-4.0039621259842519
20
5.9299272047244092
11
-4.00480279527559
21
5.925700787401575
0
LINE
8
BLACK
6
CONTINUOUS
10
-4.00480279527559
20
5.925700787401575
11
-4.00501968503937
21
5.924610551181102
0
LINE
8
BLACK
6
CONTINUOUS
10
-4.00501968503937
20
5.924610551181102
11
-4.00501968503937
21
5.7824901181102364
0
LINE
8
BLACK
6
CONTINUOUS
10
-4.00501968503937
20
5.7824901181102364
11
-4.005807165354331
21
5.7798081889763777
0
LINE
8
BLACK
6
CONTINUOUS
10
-4.005807165354331
20
5.7798081889763777
11
-4.0070075196850397
21
5.778518937007874
0
LINE
8
BLACK
6
CONTINUOUS
10
-4.0070075196850397
20
5.778518937007874
11
-4.0078543700787401
21
5.7778849999999995
0
LINE
8
BLACK
6
CONTINUOUS
10
-4.0078543700787401
20
5.7778849999999995
11
-4.0093016535433073
21
5.7768015748031498
0
LINE
8
BLACK
6
CONTINUOUS
10
-4.0093016535433073
20
5.7768015748031498
11
-4.0127514960629922
21
5.7721931889763782
0
LINE
8
BLACK
6
CONTINUOUS
10
-4.0127514960629922
20
5.7721931889763782
11
-4.0127515748031497
21
5.7721929921259845
0
LINE
8
BLACK
6
CONTINUOUS
10
-4.0127515748031497
20
5.7721929921259845
11
-4.014763346456693
21
5.7667993700787399
0
LINE
8
BLACK
6
CONTINUOUS
10
-4.014763346456693
20
5.7667993700787399
11
-4.0147634251968505
21
5.7667990551181099
0
LINE
8
BLACK
6
CONTINUOUS
10
-4.0147634251968505
20
5.7667990551181099
11
-4.0150196850393698
21
5.7644153149606296
0
LINE
8
BLACK
6
CONTINUOUS
10
-4.0150196850393698
20
5.7644153149606296
11
-4.0150196850393698
21
5.7055846456692914
0
LINE
8
BLACK
6
CONTINUOUS
10
-4.0150196850393698
20
5.7055846456692914
11
-4.0147634251968505
21
5.7032009055118111
0
LINE
8
BLACK
6
CONTINUOUS
10
-4.0147634251968505
20
5.7032009055118111
11
-4.014763346456693
21
5.7032005905511811
0
LINE
8
BLACK
6
CONTINUOUS
10
-4.014763346456693
20
5.7032005905511811
11
-4.0127515748031497
21
5.6978069685039365
0
LINE
8
BLACK
6
CONTINUOUS
10
-4.0127515748031497
20
5.6978069685039365
11
-4.0127514960629922
21
5.6978067716535428
0
LINE
8
BLACK
6
CONTINUOUS
10
-4.0127514960629922
20
5.6978067716535428
11
-4.0093016535433073
21
5.6931983464566924
0
LINE
8
BLACK
6
CONTINUOUS
10
-4.0093016535433073
20
5.6931983464566924
11
-4.0070075196850397
21
5.691481023622047
0
LINE
8
BLACK
6
CONTINUOUS
10
-4.0070075196850397
20
5.691481023622047
11
-4.0053324409448816
21
5.6892433858267717
0
LINE
8
BLACK
6
CONTINUOUS
10
-4.0053324409448816
20
5.6892433858267717
11
-4.00501968503937
21
5.6875098425196846
0
LINE
8
BLACK
6
CONTINUOUS
10
-4.00501968503937
20
5.6875098425196846
11
-4.00501968503937
21
5.6772894094488189
0
LINE
8
BLACK
6
CONTINUOUS
10
-4.00501968503937
20
5.6772894094488189
11
-4.0039621259842519
21
5.6719727559055118
0
LINE
8
BLACK
6
CONTINUOUS
10
-4.0039621259842519
20
5.6719727559055118
11
-4.0039620472440944
21
5.671972559055118
0
LINE
8
BLACK
6
CONTINUOUS
10
-4.0039620472440944
20
5.671972559055118
11
-4.0018876377952752
21
5.6669645275590552
0
LINE
8
BLACK
6
CONTINUOUS
10
-4.0018876377952752
20
5.6669645275590552
11
-3.9988759448818896
21
5.6624572047244097
0
LINE
8
BLACK
6
CONTINUOUS
10
-3.9988759448818896
20
5.6624572047244097
11
-3.9988757480314958
21
5.6624569685039372
0
LINE
8
BLACK
6
CONTINUOUS
10
-3.9988757480314958
20
5.6624569685039372
11
-3.9450430314960627
21
5.6086242519685037
0
LINE
8
BLACK
6
CONTINUOUS
10
-3.9450430314960627
20
5.6086242519685037
11
-3.9450427952755907
21
5.6086240551181099
0
LINE
8
BLACK
6
CONTINUOUS
10
-3.9450427952755907
20
5.6086240551181099
11
-3.9405354724409447
21
5.6056123228346459
0
LINE
8
BLACK
6
CONTINUOUS
10
-3.9405354724409447
20
5.6056123228346459
11
-3.9405353149606297
21
5.6056122440944884
0
LINE
8
BLACK
6
CONTINUOUS
10
-3.9405353149606297
20
5.6056122440944884
11
-3.9355819291338583
21
5.6035604724409449
0
LINE
8
BLACK
6
CONTINUOUS
10
-3.9355819291338583
20
5.6035604724409449
11
-3.9334055118110234
21
5.6018066141732286
0
LINE
8
BLACK
6
CONTINUOUS
10
-3.9334055118110234
20
5.6018066141732286
11
-3.9325228346456691
21
5.5991544881889759
0
LINE
8
BLACK
6
CONTINUOUS
10
-3.9325228346456691
20
5.5991544881889759
11
-3.9325196850393698
21
5.5989774803149608
0
LINE
8
BLACK
6
CONTINUOUS
10
-3.9325196850393698
20
5.5989774803149608
11
-3.9325196850393698
21
5.595584645669291
0
LINE
8
BLACK
6
CONTINUOUS
10
-3.9325196850393698
20
5.595584645669291
11
-3.9322634251968505
21
5.5932009055118108
0
LINE
8
BLACK
6
CONTINUOUS
10
-3.9322634251968505
20
5.5932009055118108
11
-3.932263346456693
21
5.5932005905511808
0
LINE
8
BLACK
6
CONTINUOUS
10
-3.932263346456693
20
5.5932005905511808
11
-3.9302515748031497
21
5.5878069685039371
0
LINE
8
BLACK
6
CONTINUOUS
10
-3.9302515748031497
20
5.5878069685039371
11
-3.9302514960629922
21
5.5878067716535433
0
LINE
8
BLACK
6
CONTINUOUS
10
-3.9302514960629922
20
5.5878067716535433
11
-3.9268016535433068
21
5.583198346456693
0
LINE
8
BLACK
6
CONTINUOUS
10
-3.9268016535433068
20
5.583198346456693
11
-3.9221932283464565
21
5.5797485039370081
0
LINE
8
BLACK
6
CONTINUOUS
10
-3.9221932283464565
20
5.5797485039370081
11
-3.9221930314960627
21
5.5797484251968505
0
LINE
8
BLACK
6
CONTINUOUS
10
-3.9221930314960627
20
5.5797484251968505
11
-3.916799409448819
21
5.5777366535433073
0
LINE
8
BLACK
6
CONTINUOUS
10
-3.916799409448819
20
5.5777366535433073
11
-3.916799094488189
21
5.5777365748031498
0
LINE
8
BLACK
6
CONTINUOUS
10
-3.916799094488189
20
5.5777365748031498
11
-3.9144153543307088
21
5.5774803149606296
0
LINE
8
BLACK
6
CONTINUOUS
10
-3.9144153543307088
20
5.5774803149606296
11
-3.9144148818897637
21
5.5774803149606296
0
LINE
8
BLACK
6
CONTINUOUS
10
-3.9144148818897637
20
5.5774803149606296
11
-3.8455846850393698
21
5.5774803149606296
0
LINE
8
BLACK
6
CONTINUOUS
10
-3.8455846850393698
20
5.5774803149606296
11
-3.8432009448818896
21
5.5777365748031498
0
LINE
8
BLACK
6
CONTINUOUS
10
-3.8432009448818896
20
5.5777365748031498
11
-3.8432006299212595
21
5.5777366535433073
0
LINE
8
BLACK
6
CONTINUOUS
10
-3.8432006299212595
20
5.5777366535433073
11
-3.8378070078740159
21
5.5797484251968505
0
LINE
8
BLACK
6
CONTINUOUS
10
-3.8378070078740159
20
5.5797484251968505
11
-3.8378068110236221
21
5.5797485039370081
0
LINE
8
BLACK
6
CONTINUOUS
10
-3.8378068110236221
20
5.5797485039370081
11
-3.8329727952755905
21
5.5833672440944877
0
LINE
8
BLACK
6
CONTINUOUS
10
-3.8329727952755905
20
5.5833672440944877
11
-3.8303538976377953
21
5.5843440551181098
0
LINE
8
BLACK
6
CONTINUOUS
10
-3.8303538976377953
20
5.5843440551181098
11
-3.8276226377952756
21
5.5837499212598427
0
LINE
8
BLACK
6
CONTINUOUS
10
-3.8276226377952756
20
5.5837499212598427
11
-3.8270272047244092
21
5.5833672440944877
0
LINE
8
BLACK
6
CONTINUOUS
10
-3.8270272047244092
20
5.5833672440944877
11
-3.8221932283464568
21
5.5797485039370081
0
LINE
8
BLACK
6
CONTINUOUS
10
-3.8221932283464568
20
5.5797485039370081
11
-3.822193031496063
21
5.5797484251968505
0
LINE
8
BLACK
6
CONTINUOUS
10
-3.822193031496063
20
5.5797484251968505
11
-3.8167994094488189
21
5.5777366535433073
0
LINE
8
BLACK
6
CONTINUOUS
10
-3.8167994094488189
20
5.5777366535433073
11
-3.8167990944881889
21
5.5777365748031498
0
LINE
8
BLACK
6
CONTINUOUS
10
-3.8167990944881889
20
5.5777365748031498
11
-3.8144153543307087
21
5.5774803149606296
0
LINE
8
BLACK
6
CONTINUOUS
10
-3.8144153543307087
20
5.5774803149606296
11
-3.8144148818897636
21
5.5774803149606296
0
LINE
8
BLACK
6
CONTINUOUS
10
-3.8144148818897636
20
5.5774803149606296
11
-3.7455846850393701
21
5.5774803149606296
0
LINE
8
BLACK
6
CONTINUOUS
10
-3.7455846850393701
20
5.5774803149606296
11
-3.7432009448818895
21
5.5777365748031498
0
LINE
8
BLACK
6
CONTINUOUS
10
-3.7432009448818895
20
5.5777365748031498
11
-3.7432006299212599
21
5.5777366535433073
0
LINE
8
BLACK
6
CONTINUOUS
10
-3.7432006299212599
20
5.5777366535433073
11
-3.7378070078740158
21
5.5797484251968505
0
LINE
8
BLACK
6
CONTINUOUS
10
-3.7378070078740158
20
5.5797484251968505
11
-3.737806811023622
21
5.5797485039370081
0
LINE
8
BLACK
6
CONTINUOUS
10
-3.737806811023622
20
5.5797485039370081
11
-3.7331983858267717
21
5.583198346456693
0
LINE
8
BLACK
6
CONTINUOUS
10
-3.7331983858267717
20
5.583198346456693
11
-3.7297485433070867
21
5.5878067716535433
0
LINE
8
BLACK
6
CONTINUOUS
10
-3.7297485433070867
20
5.5878067716535433
11
-3.7297484645669292
21
5.5878069685039371
0
LINE
8
BLACK
6
CONTINUOUS
10
-3.7297484645669292
20
5.5878069685039371
11
-3.7277366929133859
21
5.5932005905511808
0
LINE
8
BLACK
6
CONTINUOUS
10
-3.7277366929133859
20
5.5932005905511808
11
-3.7277366141732284
21
5.5932009055118108
0
LINE
8
BLACK
6
CONTINUOUS
10
-3.7277366141732284
20
5.5932009055118108
11
-3.7274803543307087
21
5.595584645669291
0
LINE
8
BLACK
6
CONTINUOUS
10
-3.7274803543307087
20
5.595584645669291
11
-3.7274803149606299
21
5.5955853149606298
0
LINE
8
BLACK
6
CONTINUOUS
10
-3.7274803149606299
20
5.5955853149606298
11
-3.7274803149606299
21
5.6415462598425199
0
LINE
8
BLACK
6
CONTINUOUS
10
-3.7274803149606299
20
5.6415462598425199
11
-3.7266928346456694
21
5.6442281889763777
0
LINE
8
BLACK
6
CONTINUOUS
10
-3.7266928346456694
20
5.6442281889763777
11
-3.7260273622047242
21
5.6450539370078738
0
LINE
8
BLACK
6
CONTINUOUS
10
-3.7260273622047242
20
5.6450539370078738
11
-3.6849006299212599
21
5.6861806692913381
0
LINE
8
BLACK
6
CONTINUOUS
10
-3.6849006299212599
20
5.6861806692913381
11
-3.682447401574803
21
5.6875202755905514
0
LINE
8
BLACK
6
CONTINUOUS
10
-3.682447401574803
20
5.6875202755905514
11
-3.6819232283464567
21
5.6876051968503933
0
LINE
8
BLACK
6
CONTINUOUS
10
-3.6819232283464567
20
5.6876051968503933
11
-3.6807009448818895
21
5.6877365748031492
0
LINE
8
BLACK
6
CONTINUOUS
10
-3.6807009448818895
20
5.6877365748031492
11
-3.6807006299212599
21
5.6877366535433067
0
LINE
8
BLACK
6
CONTINUOUS
10
-3.6807006299212599
20
5.6877366535433067
11
-3.6753070078740158
21
5.68974842519685
0
LINE
8
BLACK
6
CONTINUOUS
10
-3.6753070078740158
20
5.68974842519685
11
-3.675306811023622
21
5.6897485039370075
0
LINE
8
BLACK
6
CONTINUOUS
10
-3.675306811023622
20
5.6897485039370075
11
-3.6706983858267717
21
5.6931983464566924
0
LINE
8
BLACK
6
CONTINUOUS
10
-3.6706983858267717
20
5.6931983464566924
11
-3.6672485433070867
21
5.6978067716535428
0
LINE
8
BLACK
6
CONTINUOUS
10
-3.6672485433070867
20
5.6978067716535428
11
-3.6672484645669292
21
5.6978069685039365
0
LINE
8
BLACK
6
CONTINUOUS
10
-3.6672484645669292
20
5.6978069685039365
11
-3.6652366929133859
21
5.7032005905511811
0
LINE
8
BLACK
6
CONTINUOUS
10
-3.6652366929133859
20
5.7032005905511811
11
-3.6652366141732284
21
5.7032009055118111
0
LINE
8
BLACK
6
CONTINUOUS
10
-3.6652366141732284
20
5.7032009055118111
11
-3.6649803543307087
21
5.7055846456692914
0
LINE
8
BLACK
6
CONTINUOUS
10
-3.6649803543307087
20
5.7055846456692914
11
-3.6649803149606299
21
5.7055853149606301
0
LINE
8
BLACK
6
CONTINUOUS
10
-3.6649803149606299
20
5.7055853149606301
11
-3.6649803149606299
21
5.7644146456692908
0
LINE
8
BLACK
6
CONTINUOUS
10
-3.6649803149606299
20
5.7644146456692908
11
-3.6649803543307087
21
5.7644153149606296
0
LINE
8
BLACK
6
CONTINUOUS
10
-3.6649803543307087
20
5.7644153149606296
11
-3.6652366141732284
21
5.7667990551181099
0
LINE
8
BLACK
6
CONTINUOUS
10
-3.6652366141732284
20
5.7667990551181099
11
-3.6652366929133859
21
5.7667993700787399
0
LINE
8
BLACK
6
CONTINUOUS
10
-3.6652366929133859
20
5.7667993700787399
11
-3.6659513779527559
21
5.7687154330708657
0
LINE
8
BLACK
6
CONTINUOUS
10
-3.6659513779527559
20
5.7687154330708657
11
-3.6672484645669292
21
5.772193070866142
0
LINE
8
BLACK
6
CONTINUOUS
10
-3.6672484645669292
20
5.772193070866142
11
-3.6686015748031493
21
5.7740005905511813
0
LINE
8
BLACK
6
CONTINUOUS
10
-3.6686015748031493
20
5.7740005905511813
11
-3.6706983858267717
21
5.7768016141732286
0
LINE
8
BLACK
6
CONTINUOUS
10
-3.6706983858267717
20
5.7768016141732286
11
-3.675306811023622
21
5.7802514566929135
0
LINE
8
BLACK
6
CONTINUOUS
10
-3.675306811023622
20
5.7802514566929135
11
-3.6753068503937008
21
5.7802514566929135
0
LINE
8
BLACK
6
CONTINUOUS
10
-3.6753068503937008
20
5.7802514566929135
11
-3.6753069291338583
21
5.780251535433071
0
LINE
8
BLACK
6
CONTINUOUS
10
-3.6753069291338583
20
5.780251535433071
11
-3.6807007480314962
21
5.782263346456693
0
LINE
8
BLACK
6
CONTINUOUS
10
-3.6807007480314962
20
5.782263346456693
11
-3.6807008267716537
21
5.782263346456693
0
LINE
8
BLACK
6
CONTINUOUS
10
-3.6807008267716537
20
5.782263346456693
11
-3.6807009448818895
21
5.7822633858267718
0
LINE
8
BLACK
6
CONTINUOUS
10
-3.6807009448818895
20
5.7822633858267718
11
-3.6830846850393701
21
5.7825196456692911
0
LINE
8
BLACK
6
CONTINUOUS
10
-3.6830846850393701
20
5.7825196456692911
11
-3.6830848425196852
21
5.7825196456692911
0
LINE
8
BLACK
6
CONTINUOUS
10
-3.6830848425196852
20
5.7825196456692911
11
-3.683085118110236
21
5.7825196850393699
0
LINE
8
BLACK
6
CONTINUOUS
10
-3.683085118110236
20
5.7825196850393699
11
-3.7219148818897638
21
5.7825196850393699
0
LINE
8
BLACK
6
CONTINUOUS
10
-3.7219148818897638
20
5.7825196850393699
11
-3.7219151574803151
21
5.7825196456692911
0
LINE
8
BLACK
6
CONTINUOUS
10
-3.7219151574803151
20
5.7825196456692911
11
-3.7219153543307084
21
5.7825196456692911
0
LINE
8
BLACK
6
CONTINUOUS
10
-3.7219153543307084
20
5.7825196456692911
11
-3.7242990944881891
21
5.7822633858267718
0
LINE
8
BLACK
6
CONTINUOUS
10
-3.7242990944881891
20
5.7822633858267718
11
-3.7242994094488187
21
5.7822633070866143
0
LINE
8
BLACK
6
CONTINUOUS
10
-3.7242994094488187
20
5.7822633070866143
11
-3.7266949212598424
21
5.7813698031496061
0
LINE
8
BLACK
6
CONTINUOUS
10
-3.7266949212598424
20
5.7813698031496061
11
-3.7296930708661415
21
5.780251535433071
0
LINE
8
BLACK
6
CONTINUOUS
10
-3.7296930708661415
20
5.780251535433071
11
-3.7296931496062991
21
5.7802514960629923
0
LINE
8
BLACK
6
CONTINUOUS
10
-3.7296931496062991
20
5.7802514960629923
11
-3.7296932283464566
21
5.7802514566929135
0
LINE
8
BLACK
6
CONTINUOUS
10
-3.7296932283464566
20
5.7802514566929135
11
-3.7343016535433069
21
5.7768016141732286
0
LINE
8
BLACK
6
CONTINUOUS
10
-3.7343016535433069
20
5.7768016141732286
11
-3.7360288188976378
21
5.7744943700787399
0
LINE
8
BLACK
6
CONTINUOUS
10
-3.7360288188976378
20
5.7744943700787399
11
-3.7382664566929131
21
5.7728192913385827
0
LINE
8
BLACK
6
CONTINUOUS
10
-3.7382664566929131
20
5.7728192913385827
11
-3.7410544881889765
21
5.7726199212598424
0
LINE
8
BLACK
6
CONTINUOUS
10
-3.7410544881889765
20
5.7726199212598424
11
-3.7435077165354329
21
5.773959488188976
0
LINE
8
BLACK
6
CONTINUOUS
10
-3.7435077165354329
20
5.773959488188976
11
-3.7439711811023622
21
5.7744943700787399
0
LINE
8
BLACK
6
CONTINUOUS
10
-3.7439711811023622
20
5.7744943700787399
11
-3.7456983858267714
21
5.7768016141732286
0
LINE
8
BLACK
6
CONTINUOUS
10
-3.7456983858267714
20
5.7768016141732286
11
-3.7503068110236222
21
5.7802514566929135
0
LINE
8
BLACK
6
CONTINUOUS
10
-3.7503068110236222
20
5.7802514566929135
11
-3.7503068503937005
21
5.7802514566929135
0
LINE
8
BLACK
6
CONTINUOUS
10
-3.7503068503937005
20
5.7802514566929135
11
-3.750306929133858
21
5.780251535433071
0
LINE
8
BLACK
6
CONTINUOUS
10
-3.750306929133858
20
5.780251535433071
11
-3.7557007480314959
21
5.782263346456693
0
LINE
8
BLACK
6
CONTINUOUS
10
-3.7557007480314959
20
5.782263346456693
11
-3.7557008267716534
21
5.782263346456693
0
LINE
8
BLACK
6
CONTINUOUS
10
-3.7557008267716534
20
5.782263346456693
11
-3.7557009448818897
21
5.7822633858267718
0
LINE
8
BLACK
6
CONTINUOUS
10
-3.7557009448818897
20
5.7822633858267718
11
-3.7580846850393699
21
5.7825196456692911
0
LINE
8
BLACK
6
CONTINUOUS
10
-3.7580846850393699
20
5.7825196456692911
11
-3.7580848425196849
21
5.7825196456692911
0
LINE
8
BLACK
6
CONTINUOUS
10
-3.7580848425196849
20
5.7825196456692911
11
-3.7580851181102362
21
5.7825196850393699
0
LINE
8
BLACK
6
CONTINUOUS
10
-3.7580851181102362
20
5.7825196850393699
11
-3.7969148818897636
21
5.7825196850393699
0
LINE
8
BLACK
6
CONTINUOUS
10
-3.7969148818897636
20
5.7825196850393699
11
-3.7969151574803148
21
5.7825196456692911
0
LINE
8
BLACK
6
CONTINUOUS
10
-3.7969151574803148
20
5.7825196456692911
11
-3.7969153543307086
21
5.7825196456692911
0
LINE
8
BLACK
6
CONTINUOUS
10
-3.7969153543307086
20
5.7825196456692911
11
-3.7992990944881888
21
5.7822633858267718
0
LINE
8
BLACK
6
CONTINUOUS
10
-3.7992990944881888
20
5.7822633858267718
11
-3.7992992519685038
21
5.782263346456693
0
LINE
8
BLACK
6
CONTINUOUS
10
-3.7992992519685038
20
5.782263346456693
11
-3.8011601968503936
21
5.7815692125984253
0
LINE
8
BLACK
6
CONTINUOUS
10
-3.8011601968503936
20
5.7815692125984253
11
-3.803948149606299
21
5.7813698031496061
0
LINE
8
BLACK
6
CONTINUOUS
10
-3.803948149606299
20
5.7813698031496061
11
-3.8064013779527559
21
5.782709330708661
0
LINE
8
BLACK
6
CONTINUOUS
10
-3.8064013779527559
20
5.782709330708661
11
-3.8077409842519683
21
5.7851625590551183
0
LINE
8
BLACK
6
CONTINUOUS
10
-3.8077409842519683
20
5.7851625590551183
11
-3.8078543700787399
21
5.7862170866141733
0
LINE
8
BLACK
6
CONTINUOUS
10
-3.8078543700787399
20
5.7862170866141733
11
-3.8078543700787399
21
5.7924999999999995
0
LINE
8
BLACK
6
CONTINUOUS
10
-3.8078543700787399
20
5.7924999999999995
11
-3.8199999999999998
21
5.7924999999999995
0
LINE
8
BLACK
6
CONTINUOUS
10
-3.8199999999999998
20
5.7924999999999995
11
-3.8199999999999998
21
5.8475000000000001
0
LINE
8
BLACK
6
CONTINUOUS
10
-3.8199999999999998
20
5.8475000000000001
11
-3.8078543700787399
21
5.8475000000000001
0
LINE
8
BLACK
6
CONTINUOUS
10
-3.8078543700787399
20
5.8475000000000001
11
-3.8078543700787399
21
5.8586721259842518
0
LINE
8
BLACK
6
CONTINUOUS
10
-3.8078543700787399
20
5.8586721259842518
11
-3.8075085826771651
21
5.8598498818897635
0
LINE
8
BLACK
6
CONTINUOUS
10
-3.8075085826771651
20
5.8598498818897635
11
-3.8072475984251968
21
5.8610494881889759
0
LINE
8
BLACK
6
CONTINUOUS
10
-3.8072475984251968
20
5.8610494881889759
11
-3.8070974409448817
21
5.8612501181102363
0
LINE
8
BLACK
6
CONTINUOUS
10
-3.8070974409448817
20
5.8612501181102363
11
-3.8070668897637794
21
5.8613540551181105
0
LINE
8
BLACK
6
CONTINUOUS
10
-3.8070668897637794
20
5.8613540551181105
11
-3.8064014566929134
21
5.8621798031496057
0
LINE
8
BLACK
6
CONTINUOUS
10
-3.8064014566929134
20
5.8621798031496057
11
-3.802553937007874
21
5.8660273622047239
0
LINE
8
BLACK
6
CONTINUOUS
10
-3.802553937007874
20
5.8660273622047239
11
-3.8001007086614171
21
5.8673669291338584
0
LINE
8
BLACK
6
CONTINUOUS
10
-3.8001007086614171
20
5.8673669291338584
11
-3.7990462204724409
21
5.8674803149606296
0
LINE
8
BLACK
6
CONTINUOUS
10
-3.7990462204724409
20
5.8674803149606296
11
-3.7830846850393698
21
5.8674803149606296
0
LINE
8
BLACK
6
CONTINUOUS
10
-3.7830846850393698
20
5.8674803149606296
11
-3.7807009448818896
21
5.8677365748031498
0
LINE
8
BLACK
6
CONTINUOUS
10
-3.7807009448818896
20
5.8677365748031498
11
-3.7807006299212595
21
5.8677366535433073
0
LINE
8
BLACK
6
CONTINUOUS
10
-3.7807006299212595
20
5.8677366535433073
11
-3.7755239370078741
21
5.8696675196850396
0
LINE
8
BLACK
6
CONTINUOUS
10
-3.7755239370078741
20
5.8696675196850396
11
-3.7737903543307088
21
5.86998031496063
0
LINE
8
BLACK
6
CONTINUOUS
10
-3.7737903543307088
20
5.86998031496063
11
-3.7695431889763777
21
5.86998031496063
0
LINE
8
BLACK
6
CONTINUOUS
10
-3.7695431889763777
20
5.86998031496063
11
-3.7637435433070867
21
5.8711339763779522
0
LINE
8
BLACK
6
CONTINUOUS
10
-3.7637435433070867
20
5.8711339763779522
11
-3.763743503937008
21
5.871134015748031
0
LINE
8
BLACK
6
CONTINUOUS
10
-3.763743503937008
20
5.871134015748031
11
-3.7582804330708659
21
5.8733968897637796
0
LINE
8
BLACK
6
CONTINUOUS
10
-3.7582804330708659
20
5.8733968897637796
11
-3.7582803543307084
21
5.8733969291338584
0
LINE
8
BLACK
6
CONTINUOUS
10
-3.7582803543307084
20
5.8733969291338584
11
-3.7573886220472441
21
5.8739927559055118
0
LINE
8
BLACK
6
CONTINUOUS
10
-3.7573886220472441
20
5.8739927559055118
11
-3.7533635826771654
21
5.8766821653543309
0
LINE
8
BLACK
6
CONTINUOUS
10
-3.7533635826771654
20
5.8766821653543309
11
-3.7524999999999999
21
5.8775457480314959
0
LINE
8
BLACK
6
CONTINUOUS
10
-3.7524999999999999
20
5.8775457480314959
11
-3.7524999999999999
21
5.8899999999999997
0
LINE
8
BLACK
6
CONTINUOUS
10
-3.7524999999999999
20
5.8899999999999997
11
-3.7400457480314961
21
5.8899999999999997
0
LINE
8
BLACK
6
CONTINUOUS
10
-3.7400457480314961
20
5.8899999999999997
11
-3.7215183464566928
21
5.9085274015748031
0
LINE
8
BLACK
6
CONTINUOUS
10
-3.7215183464566928
20
5.9085274015748031
11
-3.7190651574803151
21
5.9098669291338579
0
LINE
8
BLACK
6
CONTINUOUS
10
-3.7190651574803151
20
5.9098669291338579
11
-3.7180107086614171
21
5.90998031496063
0
LINE
8
BLACK
6
CONTINUOUS
10
-3.7180107086614171
20
5.90998031496063
11
-3.6955846850393699
21
5.90998031496063
0
LINE
8
BLACK
6
CONTINUOUS
10
-3.6955846850393699
20
5.90998031496063
11
-3.6932009448818897
21
5.9102365748031493
0
LINE
8
BLACK
6
CONTINUOUS
10
-3.6932009448818897
20
5.9102365748031493
11
-3.6932006299212596
21
5.9102366535433069
0
LINE
8
BLACK
6
CONTINUOUS
10
-3.6932006299212596
20
5.9102366535433069
11
-3.6878070078740155
21
5.9122484251968501
0
LINE
8
BLACK
6
CONTINUOUS
10
-3.6878070078740155
20
5.9122484251968501
11
-3.6878068110236222
21
5.9122485039370076
0
LINE
8
BLACK
6
CONTINUOUS
10
-3.6878068110236222
20
5.9122485039370076
11
-3.6831983070866139
21
5.9156984251968501
0
LINE
8
BLACK
6
CONTINUOUS
10
-3.6831983070866139
20
5.9156984251968501
11
-3.6829474803149607
21
5.9159492519685042
0
LINE
8
BLACK
6
CONTINUOUS
10
-3.6829474803149607
20
5.9159492519685042
11
-3.6828596456692915
21
5.9158613779527558
0
LINE
8
BLACK
6
CONTINUOUS
10
-3.6828596456692915
20
5.9158613779527558
11
-3.6811151968503935
21
5.9171674409448816
0
LINE
8
BLACK
6
CONTINUOUS
10
-3.6811151968503935
20
5.9171674409448816
11
-3.6793813385826772
21
5.9174803149606294
0
LINE
8
BLACK
6
CONTINUOUS
10
-3.6793813385826772
20
5.9174803149606294
11
-3.6606186614173226
21
5.9174803149606294
0
LINE
8
BLACK
6
CONTINUOUS
10
-3.6606186614173226
20
5.9174803149606294
11
-3.6579367322834644
21
5.9166928346456693
0
LINE
8
BLACK
6
CONTINUOUS
10
-3.6579367322834644
20
5.9166928346456693
11
-3.6570938188976378
21
5.9159079527559051
0
LINE
8
BLACK
6
CONTINUOUS
10
-3.6570938188976378
20
5.9159079527559051
11
-3.6570525196850392
21
5.9159492519685042
0
LINE
8
BLACK
6
CONTINUOUS
10
-3.6570525196850392
20
5.9159492519685042
11
-3.6568017322834643
21
5.9156984251968501
0
LINE
8
BLACK
6
CONTINUOUS
10
-3.6568017322834643
20
5.9156984251968501
11
-3.6521932283464564
21
5.9122485039370076
0
LINE
8
BLACK
6
CONTINUOUS
10
-3.6521932283464564
20
5.9122485039370076
11
-3.6521930314960631
21
5.9122484251968501
0
LINE
8
BLACK
6
CONTINUOUS
10
-3.6521930314960631
20
5.9122484251968501
11
-3.646799409448819
21
5.9102366535433069
0
LINE
8
BLACK
6
CONTINUOUS
10
-3.646799409448819
20
5.9102366535433069
11
-3.646799094488189
21
5.9102365748031493
0
LINE
8
BLACK
6
CONTINUOUS
10
-3.646799094488189
20
5.9102365748031493
11
-3.6444153543307087
21
5.90998031496063
0
LINE
8
BLACK
6
CONTINUOUS
10
-3.6444153543307087
20
5.90998031496063
11
-3.6444148818897637
21
5.90998031496063
0
LINE
8
BLACK
6
CONTINUOUS
10
-3.6444148818897637
20
5.90998031496063
11
-3.58558468503937
21
5.90998031496063
0
LINE
8
BLACK
6
CONTINUOUS
10
-3.58558468503937
20
5.90998031496063
11
-3.5832009448818898
21
5.9102365748031493
0
LINE
8
BLACK
6
CONTINUOUS
10
-3.5832009448818898
20
5.9102365748031493
11
-3.5832006299212598
21
5.9102366535433069
0
LINE
8
BLACK
6
CONTINUOUS
10
-3.5832006299212598
20
5.9102366535433069
11
-3.5778070078740156
21
5.9122484251968501
0
LINE
8
BLACK
6
CONTINUOUS
10
-3.5778070078740156
20
5.9122484251968501
11
-3.5778068110236219
21
5.9122485039370076
0
LINE
8
BLACK
6
CONTINUOUS
10
-3.5778068110236219
20
5.9122485039370076
11
-3.573198307086614
21
5.9156984251968501
0
LINE
8
BLACK
6
CONTINUOUS
10
-3.573198307086614
20
5.9156984251968501
11
-3.5729474803149603
21
5.9159492519685042
0
LINE
8
BLACK
6
CONTINUOUS
10
-3.5729474803149603
20
5.9159492519685042
11
-3.5728596456692912
21
5.9158613779527558
0
LINE
8
BLACK
6
CONTINUOUS
10
-3.5728596456692912
20
5.9158613779527558
11
-3.5711151968503936
21
5.9171674409448816
0
LINE
8
BLACK
6
CONTINUOUS
10
-3.5711151968503936
20
5.9171674409448816
11
-3.5693813385826769
21
5.9174803149606294
0
LINE
8
BLACK
6
CONTINUOUS
10
-3.5693813385826769
20
5.9174803149606294
11
-3.564829960629921
21
5.9174803149606294
0
LINE
8
BLACK
6
CONTINUOUS
10
-3.564829960629921
20
5.9174803149606294
11
-3.5430392913385824
21
5.9174803149606294
0
LINE
8
BLACK
6
CONTINUOUS
10
-3.5430392913385824
20
5.9174803149606294
11
-3.5403573622047242
21
5.9166928346456693
0
LINE
8
BLACK
6
CONTINUOUS
10
-3.5403573622047242
20
5.9166928346456693
11
-3.5395316141732285
21
5.9160273622047246
0
LINE
8
BLACK
6
CONTINUOUS
10
-3.5395316141732285
20
5.9160273622047246
11
-3.5270119291338582
21
5.9035076771653543
0
LINE
8
BLACK
6
CONTINUOUS
10
-3.5270119291338582
20
5.9035076771653543
11
-3.5256723228346454
21
5.9010544488188978
0
LINE
8
BLACK
6
CONTINUOUS
10
-3.5256723228346454
20
5.9010544488188978
11
-3.5258717322834645
21
5.8982664566929133
0
LINE
8
BLACK
6
CONTINUOUS
10
-3.5258717322834645
20
5.8982664566929133
11
-3.5270119291338582
21
5.8964923228346455
0
LINE
8
BLACK
6
CONTINUOUS
10
-3.5270119291338582
20
5.8964923228346455
11
-3.5725316141732284
21
5.8509726377952758
0
LINE
8
BLACK
6
CONTINUOUS
10
-3.5725316141732284
20
5.8509726377952758
11
-3.5749848425196848
21
5.8496330314960625
0
LINE
8
BLACK
6
CONTINUOUS
10
-3.5749848425196848
20
5.8496330314960625
11
-3.5760392913385828
21
5.84951968503937
0
LINE
8
BLACK
6
CONTINUOUS
10
-3.5760392913385828
20
5.84951968503937
11
-3.6203648818897638
21
5.84951968503937
0
LINE
8
BLACK
6
CONTINUOUS
10
-3.6203648818897638
20
5.84951968503937
11
-3.6203651574803151
21
5.8495196456692913
0
LINE
8
BLACK
6
CONTINUOUS
10
-3.6203651574803151
20
5.8495196456692913
11
-3.6203653543307084
21
5.8495196456692913
0
LINE
8
BLACK
6
CONTINUOUS
10
-3.6203653543307084
20
5.8495196456692913
11
-3.622749094488189
21
5.8492633858267711
0
LINE
8
BLACK
6
CONTINUOUS
10
-3.622749094488189
20
5.8492633858267711
11
-3.6227494094488186
21
5.8492633070866145
0
LINE
8
BLACK
6
CONTINUOUS
10
-3.6227494094488186
20
5.8492633070866145
11
-3.6255977559055119
21
5.8482009055118107
0
LINE
8
BLACK
6
CONTINUOUS
10
-3.6255977559055119
20
5.8482009055118107
11
-3.6281430708661415
21
5.8472515354330703
0
LINE
8
BLACK
6
CONTINUOUS
10
-3.6281430708661415
20
5.8472515354330703
11
-3.628143149606299
21
5.8472514960629915
0
LINE
8
BLACK
6
CONTINUOUS
10
-3.628143149606299
20
5.8472514960629915
11
-3.6281432283464565
21
5.8472514566929137
0
LINE
8
BLACK
6
CONTINUOUS
10
-3.6281432283464565
20
5.8472514566929137
11
-3.6327516535433069
21
5.8438016141732279
0
LINE
8
BLACK
6
CONTINUOUS
10
-3.6327516535433069
20
5.8438016141732279
11
-3.6362014960629923
21
5.8391931889763775
0
LINE
8
BLACK
6
CONTINUOUS
10
-3.6362014960629923
20
5.8391931889763775
11
-3.6362015748031493
21
5.8391929921259837
0
LINE
8
BLACK
6
CONTINUOUS
10
-3.6362015748031493
20
5.8391929921259837
11
-3.638213346456693
21
5.8337993700787401
0
LINE
8
BLACK
6
CONTINUOUS
10
-3.638213346456693
20
5.8337993700787401
11
-3.6382134251968501
21
5.83379905511811
0
LINE
8
BLACK
6
CONTINUOUS
10
-3.6382134251968501
20
5.83379905511811
11
-3.6384696850393698
21
5.8314153149606298
0
LINE
8
BLACK
6
CONTINUOUS
10
-3.6384696850393698
20
5.8314153149606298
11
-3.6384696850393698
21
5.7763846456692916
0
LINE
8
BLACK
6
CONTINUOUS
10
-3.6384696850393698
20
5.7763846456692916
11
-3.6382134251968501
21
5.7740009055118113
0
LINE
8
BLACK
6
CONTINUOUS
10
-3.6382134251968501
20
5.7740009055118113
11
-3.638213346456693
21
5.7740005905511813
0
LINE
8
BLACK
6
CONTINUOUS
10
-3.638213346456693
20
5.7740005905511813
11
-3.6362015748031493
21
5.7686069685039367
0
LINE
8
BLACK
6
CONTINUOUS
10
-3.6362015748031493
20
5.7686069685039367
11
-3.6362014960629923
21
5.768606771653543
0
LINE
8
BLACK
6
CONTINUOUS
10
-3.6362014960629923
20
5.768606771653543
11
-3.6327516535433069
21
5.7639983464566926
0
LINE
8
BLACK
6
CONTINUOUS
10
-3.6327516535433069
20
5.7639983464566926
11
-3.6281432283464565
21
5.7605485039370077
0
LINE
8
BLACK
6
CONTINUOUS
10
-3.6281432283464565
20
5.7605485039370077
11
-3.6281430314960628
21
5.7605484251968502
0
LINE
8
BLACK
6
CONTINUOUS
10
-3.6281430314960628
20
5.7605484251968502
11
-3.6227494094488186
21
5.7585366535433069
0
LINE
8
BLACK
6
CONTINUOUS
10
-3.6227494094488186
20
5.7585366535433069
11
-3.622749094488189
21
5.7585365748031494
0
LINE
8
BLACK
6
CONTINUOUS
10
-3.622749094488189
20
5.7585365748031494
11
-3.6203653543307084
21
5.7582803149606301
0
LINE
8
BLACK
6
CONTINUOUS
10
-3.6203653543307084
20
5.7582803149606301
11
-3.6203648818897638
21
5.7582803149606301
0
LINE
8
BLACK
6
CONTINUOUS
10
-3.6203648818897638
20
5.7582803149606301
11
-3.5496346850393699
21
5.7582803149606301
0
LINE
8
BLACK
6
CONTINUOUS
10
-3.5496346850393699
20
5.7582803149606301
11
-3.5472509448818896
21
5.7585365748031494
0
LINE
8
BLACK
6
CONTINUOUS
10
-3.5472509448818896
20
5.7585365748031494
11
-3.5472506299212596
21
5.7585366535433069
0
LINE
8
BLACK
6
CONTINUOUS
10
-3.5472506299212596
20
5.7585366535433069
11
-3.5418570078740155
21
5.7605484251968502
0
LINE
8
BLACK
6
CONTINUOUS
10
-3.5418570078740155
20
5.7605484251968502
11
-3.5418568110236222
21
5.7605485039370077
0
LINE
8
BLACK
6
CONTINUOUS
10
-3.5418568110236222
20
5.7605485039370077
11
-3.5372483858267714
21
5.7639983464566926
0
LINE
8
BLACK
6
CONTINUOUS
10
-3.5372483858267714
20
5.7639983464566926
11
-3.5337985433070864
21
5.768606771653543
0
LINE
8
BLACK
6
CONTINUOUS
10
-3.5337985433070864
20
5.768606771653543
11
-3.5337984645669289
21
5.7686069685039367
0
LINE
8
BLACK
6
CONTINUOUS
10
-3.5337984645669289
20
5.7686069685039367
11
-3.5317866929133857
21
5.7740005905511813
0
LINE
8
BLACK
6
CONTINUOUS
10
-3.5317866929133857
20
5.7740005905511813
11
-3.5317866141732281
21
5.7740009055118113
0
LINE
8
BLACK
6
CONTINUOUS
10
-3.5317866141732281
20
5.7740009055118113
11
-3.5315303543307084
21
5.7763846456692916
0
LINE
8
BLACK
6
CONTINUOUS
10
-3.5315303543307084
20
5.7763846456692916
11
-3.5315303149606296
21
5.7763853149606295
0
LINE
8
BLACK
6
CONTINUOUS
10
-3.5315303149606296
20
5.7763853149606295
11
-3.5315303149606296
21
5.8050107086614169
0
LINE
8
BLACK
6
CONTINUOUS
10
-3.5315303149606296
20
5.8050107086614169
11
-3.5307428346456691
21
5.8076926377952756
0
LINE
8
BLACK
6
CONTINUOUS
10
-3.5307428346456691
20
5.8076926377952756
11
-3.5300773622047243
21
5.8085183858267717
0
LINE
8
BLACK
6
CONTINUOUS
10
-3.5300773622047243
20
5.8085183858267717
11
-3.4816701968503936
21
5.856925551181102
0
LINE
8
BLACK
6
CONTINUOUS
10
-3.4816701968503936
20
5.856925551181102
11
-3.4792169685039371
21
5.8582651574803144
0
LINE
8
BLACK
6
CONTINUOUS
10
-3.4792169685039371
20
5.8582651574803144
11
-3.4764289763779526
21
5.8580657480314962
0
LINE
8
BLACK
6
CONTINUOUS
10
-3.4764289763779526
20
5.8580657480314962
11
-3.4741913385826773
21
5.8563906692913381
0
LINE
8
BLACK
6
CONTINUOUS
10
-3.4741913385826773
20
5.8563906692913381
11
-3.4718016535433072
21
5.8531983464566926
0
LINE
8
BLACK
6
CONTINUOUS
10
-3.4718016535433072
20
5.8531983464566926
11
-3.4671932283464568
21
5.8497485039370076
0
LINE
8
BLACK
6
CONTINUOUS
10
-3.4671932283464568
20
5.8497485039370076
11
-3.4671930314960631
21
5.8497484251968501
0
LINE
8
BLACK
6
CONTINUOUS
10
-3.4671930314960631
20
5.8497484251968501
11
-3.4617994094488189
21
5.8477366535433069
0
LINE
8
BLACK
6
CONTINUOUS
10
-3.4617994094488189
20
5.8477366535433069
11
-3.4617990944881889
21
5.8477365748031493
0
LINE
8
BLACK
6
CONTINUOUS
10
-3.4617990944881889
20
5.8477365748031493
11
-3.4594153543307087
21
5.84748031496063
0
LINE
8
BLACK
6
CONTINUOUS
10
-3.4594153543307087
20
5.84748031496063
11
-3.4594148818897636
21
5.84748031496063
0
LINE
8
BLACK
6
CONTINUOUS
10
-3.4594148818897636
20
5.84748031496063
11
-3.3905846850393702
21
5.84748031496063
0
LINE
8
BLACK
6
CONTINUOUS
10
-3.3905846850393702
20
5.84748031496063
11
-3.3882009448818895
21
5.8477365748031493
0
LINE
8
BLACK
6
CONTINUOUS
10
-3.3882009448818895
20
5.8477365748031493
11
-3.3882006299212599
21
5.8477366535433069
0
LINE
8
BLACK
6
CONTINUOUS
10
-3.3882006299212599
20
5.8477366535433069
11
-3.3828070078740158
21
5.8497484251968501
0
LINE
8
BLACK
6
CONTINUOUS
10
-3.3828070078740158
20
5.8497484251968501
11
-3.382806811023622
21
5.8497485039370076
0
LINE
8
BLACK
6
CONTINUOUS
10
-3.382806811023622
20
5.8497485039370076
11
-3.3779727952755905
21
5.8533672440944882
0
LINE
8
BLACK
6
CONTINUOUS
10
-3.3779727952755905
20
5.8533672440944882
11
-3.3753538976377953
21
5.8543440551181103
0
LINE
8
BLACK
6
CONTINUOUS
10
-3.3753538976377953
20
5.8543440551181103
11
-3.3726226377952755
21
5.8537499212598423
0
LINE
8
BLACK
6
CONTINUOUS
10
-3.3726226377952755
20
5.8537499212598423
11
-3.3720272047244095
21
5.8533672440944882
0
LINE
8
BLACK
6
CONTINUOUS
10
-3.3720272047244095
20
5.8533672440944882
11
-3.3671932283464567
21
5.8497485039370076
0
LINE
8
BLACK
6
CONTINUOUS
10
-3.3671932283464567
20
5.8497485039370076
11
-3.367193031496063
21
5.8497484251968501
0
LINE
8
BLACK
6
CONTINUOUS
10
-3.367193031496063
20
5.8497484251968501
11
-3.3617994094488188
21
5.8477366535433069
0
LINE
8
BLACK
6
CONTINUOUS
10
-3.3617994094488188
20
5.8477366535433069
11
-3.3617990944881888
21
5.8477365748031493
0
LINE
8
BLACK
6
CONTINUOUS
10
-3.3617990944881888
20
5.8477365748031493
11
-3.3594153543307086
21
5.84748031496063
0
LINE
8
BLACK
6
CONTINUOUS
10
-3.3594153543307086
20
5.84748031496063
11
-3.3594148818897636
21
5.84748031496063
0
LINE
8
BLACK
6
CONTINUOUS
10
-3.3594148818897636
20
5.84748031496063
11
-3.2905846850393701
21
5.84748031496063
0
LINE
8
BLACK
6
CONTINUOUS
10
-3.2905846850393701
20
5.84748031496063
11
-3.2882009448818899
21
5.8477365748031493
0
LINE
8
BLACK
6
CONTINUOUS
10
-3.2882009448818899
20
5.8477365748031493
11
-3.2882006299212598
21
5.8477366535433069
0
LINE
8
BLACK
6
CONTINUOUS
10
-3.2882006299212598
20
5.8477366535433069
11
-3.2828070078740157
21
5.8497484251968501
0
LINE
8
BLACK
6
CONTINUOUS
10
-3.2828070078740157
20
5.8497484251968501
11
-3.2828068110236219
21
5.8497485039370076
0
LINE
8
BLACK
6
CONTINUOUS
10
-3.2828068110236219
20
5.8497485039370076
11
-3.2781983858267716
21
5.8531983464566926
0
LINE
8
BLACK
6
CONTINUOUS
10
-3.2781983858267716
20
5.8531983464566926
11
-3.2747485433070866
21
5.8578067716535429
0
LINE
8
BLACK
6
CONTINUOUS
10
-3.2747485433070866
20
5.8578067716535429
11
-3.2747484645669291
21
5.8578069685039367
0
LINE
8
BLACK
6
CONTINUOUS
10
-3.2747484645669291
20
5.8578069685039367
11
-3.2744257480314958
21
5.8586721259842518
0
LINE
8
BLACK
6
CONTINUOUS
10
-3.2744257480314958
20
5.8586721259842518
11
-3.2735966929133857
21
5.8608949212598427
0
LINE
8
BLACK
6
CONTINUOUS
10
-3.2735966929133857
20
5.8608949212598427
11
-3.2727366929133859
21
5.8632005905511813
0
LINE
8
BLACK
6
CONTINUOUS
10
-3.2727366929133859
20
5.8632005905511813
11
-3.2727366141732284
21
5.8632009055118113
0
LINE
8
BLACK
6
CONTINUOUS
10
-3.2727366141732284
20
5.8632009055118113
11
-3.2724803543307086
21
5.8655846456692915
0
LINE
8
BLACK
6
CONTINUOUS
10
-3.2724803543307086
20
5.8655846456692915
11
-3.2724803149606299
21
5.8655853149606294
0
LINE
8
BLACK
6
CONTINUOUS
10
-3.2724803149606299
20
5.8655853149606294
11
-3.2724803149606299
21
5.9344146456692908
0
LINE
8
BLACK
6
CONTINUOUS
10
-3.2724803149606299
20
5.9344146456692908
11
-3.2724803543307086
21
5.9344153149606296
0
LINE
8
BLACK
6
CONTINUOUS
10
-3.2724803543307086
20
5.9344153149606296
11
-3.2727366141732284
21
5.9367990551181098
0
LINE
8
BLACK
6
CONTINUOUS
10
-3.2727366141732284
20
5.9367990551181098
11
-3.2727366929133859
21
5.9367993700787398
0
LINE
8
BLACK
6
CONTINUOUS
10
-3.2727366929133859
20
5.9367993700787398
11
-3.2737226377952755
21
5.9394427559055121
0
LINE
8
BLACK
6
CONTINUOUS
10
-3.2737226377952755
20
5.9394427559055121
11
-3.2747484645669291
21
5.9421930708661419
0
LINE
8
BLACK
6
CONTINUOUS
10
-3.2747484645669291
20
5.9421930708661419
11
-3.2781983858267716
21
5.9468016141732285
0
LINE
8
BLACK
6
CONTINUOUS
10
-3.2781983858267716
20
5.9468016141732285
11
-3.2828069291338582
21
5.9502515354330709
0
LINE
8
BLACK
6
CONTINUOUS
10
-3.2828069291338582
20
5.9502515354330709
11
-3.2882007480314961
21
5.952263346456693
0
LINE
8
BLACK
6
CONTINUOUS
10
-3.2882007480314961
20
5.952263346456693
11
-3.2882008267716536
21
5.952263346456693
0
LINE
8
BLACK
6
CONTINUOUS
10
-3.2882008267716536
20
5.952263346456693
11
-3.2882009448818899
21
5.9522633858267717
0
LINE
8
BLACK
6
CONTINUOUS
10
-3.2882009448818899
20
5.9522633858267717
11
-3.2905846850393701
21
5.952519645669291
0
LINE
8
BLACK
6
CONTINUOUS
10
-3.2905846850393701
20
5.952519645669291
11
-3.2905848425196851
21
5.952519645669291
0
LINE
8
BLACK
6
CONTINUOUS
10
-3.2905848425196851
20
5.952519645669291
11
-3.2905851181102364
21
5.9525196850393698
0
LINE
8
BLACK
6
CONTINUOUS
10
-3.2905851181102364
20
5.9525196850393698
11
-3.3594148818897636
21
5.9525196850393698
0
LINE
8
BLACK
6
CONTINUOUS
10
-3.3594148818897636
20
5.9525196850393698
11
-3.3594151574803148
21
5.952519645669291
0
LINE
8
BLACK
6
CONTINUOUS
10
-3.3594151574803148
20
5.952519645669291
11
-3.3594153543307086
21
5.952519645669291
0
LINE
8
BLACK
6
CONTINUOUS
10
-3.3594153543307086
20
5.952519645669291
11
-3.3617990944881888
21
5.9522633858267717
0
LINE
8
BLACK
6
CONTINUOUS
10
-3.3617990944881888
20
5.9522633858267717
11
-3.3617994094488188
21
5.9522633070866142
0
LINE
8
BLACK
6
CONTINUOUS
10
-3.3617994094488188
20
5.9522633070866142
11
-3.3648671259842518
21
5.9511190551181103
0
LINE
8
BLACK
6
CONTINUOUS
10
-3.3648671259842518
20
5.9511190551181103
11
-3.3671930708661417
21
5.9502515354330709
0
LINE
8
BLACK
6
CONTINUOUS
10
-3.3671930708661417
20
5.9502515354330709
11
-3.3718016141732283
21
5.9468016141732285
0
LINE
8
BLACK
6
CONTINUOUS
10
-3.3718016141732283
20
5.9468016141732285
11
-3.3718017322834646
21
5.9468014960629922
0
LINE
8
BLACK
6
CONTINUOUS
10
-3.3718017322834646
20
5.9468014960629922
11
-3.3720271653543308
21
5.9466327165354329
0
LINE
8
BLACK
6
CONTINUOUS
10
-3.3720271653543308
20
5.9466327165354329
11
-3.374646062992126
21
5.9456559055118108
0
LINE
8
BLACK
6
CONTINUOUS
10
-3.374646062992126
20
5.9456559055118108
11
-3.3773773622047245
21
5.9462500393700788
0
LINE
8
BLACK
6
CONTINUOUS
10
-3.3773773622047245
20
5.9462500393700788
11
-3.3779728346456692
21
5.9466327165354329
0
LINE
8
BLACK
6
CONTINUOUS
10
-3.3779728346456692
20
5.9466327165354329
11
-3.3781983070866142
21
5.9468014960629922
0
LINE
8
BLACK
6
CONTINUOUS
10
-3.3781983070866142
20
5.9468014960629922
11
-3.3781983858267717
21
5.9468016141732285
0
LINE
8
BLACK
6
CONTINUOUS
10
-3.3781983858267717
20
5.9468016141732285
11
-3.3828069291338583
21
5.9502515354330709
0
LINE
8
BLACK
6
CONTINUOUS
10
-3.3828069291338583
20
5.9502515354330709
11
-3.3882007480314962
21
5.952263346456693
0
LINE
8
BLACK
6
CONTINUOUS
10
-3.3882007480314962
20
5.952263346456693
11
-3.3882008267716537
21
5.952263346456693
0
LINE
8
BLACK
6
CONTINUOUS
10
-3.3882008267716537
20
5.952263346456693
11
-3.3882009448818895
21
5.9522633858267717
0
LINE
8
BLACK
6
CONTINUOUS
10
-3.3882009448818895
20
5.9522633858267717
11
-3.3905846850393702
21
5.952519645669291
0
LINE
8
BLACK
6
CONTINUOUS
10
-3.3905846850393702
20
5.952519645669291
11
-3.3905848425196852
21
5.952519645669291
0
LINE
8
BLACK
6
CONTINUOUS
10
-3.3905848425196852
20
5.952519645669291
11
-3.390585118110236
21
5.9525196850393698
0
LINE
8
BLACK
6
CONTINUOUS
10
-3.390585118110236
20
5.9525196850393698
11
-3.4594148818897636
21
5.9525196850393698
0
LINE
8
BLACK
6
CONTINUOUS
10
-3.4594148818897636
20
5.9525196850393698
11
-3.4594151574803149
21
5.952519645669291
0
LINE
8
BLACK
6
CONTINUOUS
10
-3.4594151574803149
20
5.952519645669291
11
-3.4594153543307087
21
5.952519645669291
0
LINE
8
BLACK
6
CONTINUOUS
10
-3.4594153543307087
20
5.952519645669291
11
-3.4617990944881889
21
5.9522633858267717
0
LINE
8
BLACK
6
CONTINUOUS
10
-3.4617990944881889
20
5.9522633858267717
11
-3.4617994094488189
21
5.9522633070866142
0
LINE
8
BLACK
6
CONTINUOUS
10
-3.4617994094488189
20
5.9522633070866142
11
-3.4648671259842518
21
5.9511190551181103
0
LINE
8
BLACK
6
CONTINUOUS
10
-3.4648671259842518
20
5.9511190551181103
11
-3.4671930708661418
21
5.9502515354330709
0
LINE
8
BLACK
6
CONTINUOUS
10
-3.4671930708661418
20
5.9502515354330709
11
-3.4671931496062993
21
5.9502514960629922
0
LINE
8
BLACK
6
CONTINUOUS
10
-3.4671931496062993
20
5.9502514960629922
11
-3.4671932283464568
21
5.9502514566929134
0
LINE
8
BLACK
6
CONTINUOUS
10
-3.4671932283464568
20
5.9502514566929134
11
-3.4718016141732284
21
5.9468016141732285
0
LINE
8
BLACK
6
CONTINUOUS
10
-3.4718016141732284
20
5.9468016141732285
11
-3.4741914173228348
21
5.9436092519685042
0
LINE
8
BLACK
6
CONTINUOUS
10
-3.4741914173228348
20
5.9436092519685042
11
-3.4764289370078738
21
5.9419342519685037
0
LINE
8
BLACK
6
CONTINUOUS
10
-3.4764289370078738
20
5.9419342519685037
11
-3.4792169685039371
21
5.9417348031496058
0
LINE
8
BLACK
6
CONTINUOUS
10
-3.4792169685039371
20
5.9417348031496058
11
-3.4816701181102361
21
5.9430742913385828
0
LINE
8
BLACK
6
CONTINUOUS
10
-3.4816701181102361
20
5.9430742913385828
11
-3.5094135826771651
21
5.9708178346456693
0
LINE
8
BLACK
6
CONTINUOUS
10
-3.5094135826771651
20
5.9708178346456693
11
-3.5143303543307085
21
5.9741030708661418
0
LINE
8
BLACK
6
CONTINUOUS
10
-3.5143303543307085
20
5.9741030708661418
11
-3.5197935826771651
21
5.9763660236220471
0
LINE
8
BLACK
6
CONTINUOUS
10
-3.5197935826771651
20
5.9763660236220471
11
-3.5238985826771652
21
5.9771825590551177
0
LINE
8
BLACK
6
CONTINUOUS
10
-3.5238985826771652
20
5.9771825590551177
11
-3.5258323228346455
21
5.9775672440944883
0
LINE
8
BLACK
6
CONTINUOUS
10
-3.5258323228346455
20
5.9775672440944883
11
-3.5258183464566928
21
5.9776375196850395
0
LINE
8
BLACK
6
CONTINUOUS
10
-3.5258183464566928
20
5.9776375196850395
11
-3.5280966141732284
21
5.9785567322834643
0
LINE
8
BLACK
6
CONTINUOUS
10
-3.5280966141732284
20
5.9785567322834643
11
-3.5297118110236219
21
5.9808379133858267
0
LINE
8
BLACK
6
CONTINUOUS
10
-3.5297118110236219
20
5.9808379133858267
11
-3.5299803149606297
21
5.9824477952755908
0
LINE
8
BLACK
6
CONTINUOUS
10
-3.5299803149606297
20
5.9824477952755908
11
-3.5299803149606297
21
5.9961286614173224
0
LINE
8
BLACK
6
CONTINUOUS
10
-3.5299803149606297
20
5.9961286614173224
11
-3.5291928346456691
21
5.998810590551181
0
LINE
8
BLACK
6
CONTINUOUS
10
-3.5291928346456691
20
5.998810590551181
11
-3.5270803937007873
21
6.0006410236220473
0
LINE
8
BLACK
6
CONTINUOUS
10
-3.5270803937007873
20
6.0006410236220473
11
-3.5267533070866142
21
6.0007764960629917
0
LINE
8
BLACK
6
CONTINUOUS
10
-3.5267533070866142
20
6.0007764960629917
11
-3.5228069291338584
21
6.0022484645669287
0
LINE
8
BLACK
6
CONTINUOUS
10
-3.5228069291338584
20
6.0022484645669287
11
-3.5228068110236221
21
6.0022485039370075
0
LINE
8
BLACK
6
CONTINUOUS
10
-3.5228068110236221
20
6.0022485039370075
11
-3.5181983070866143
21
6.0056984251968499
0
LINE
8
BLACK
6
CONTINUOUS
10
-3.5181983070866143
20
6.0056984251968499
11
-3.5179474803149606
21
6.005949251968504
0
LINE
8
BLACK
6
CONTINUOUS
10
-3.5179474803149606
20
6.005949251968504
11
-3.5178596456692914
21
6.0058613779527557
0
LINE
8
BLACK
6
CONTINUOUS
10
-3.5178596456692914
20
6.0058613779527557
11
-3.5161151968503934
21
6.0071674409448814
0
LINE
8
BLACK
6
CONTINUOUS
10
-3.5161151968503934
20
6.0071674409448814
11
-3.5143813385826772
21
6.0074803149606302
0
LINE
8
BLACK
6
CONTINUOUS
10
-3.5143813385826772
20
6.0074803149606302
11
-3.4992996062992123
21
6.0074803149606302
0
LINE
8
BLACK
6
CONTINUOUS
10
-3.4992996062992123
20
6.0074803149606302
11
-3.4992996062992123
21
6.0074741732283465
0
LINE
8
BLACK
6
CONTINUOUS
10
-3.4992996062992123
20
6.0074741732283465
11
-3.4989390157480313
21
6.0074741732283465
0
LINE
8
BLACK
6
CONTINUOUS
10
-3.4989390157480313
20
6.0074741732283465
11
-3.4989390157480313
21
6.0074803149606302
0
LINE
8
BLACK
6
CONTINUOUS
10
-3.4989390157480313
20
6.0074803149606302
11
-3.4913045669291338
21
6.0074803149606302
0
LINE
8
BLACK
6
CONTINUOUS
10
-3.4913045669291338
20
6.0074803149606302
11
-3.484055905511811
21
6.0089221653543303
0
LINE
8
BLACK
6
CONTINUOUS
10
-3.484055905511811
20
6.0089221653543303
11
-3.4840557086614172
21
6.0089222440944878
0
LINE
8
BLACK
6
CONTINUOUS
10
-3.4840557086614172
20
6.0089222440944878
11
-3.4830558661417323
21
6.0093363779527555
0
LINE
8
BLACK
6
CONTINUOUS
10
-3.4830558661417323
20
6.0093363779527555
11
-3.4772277559055116
21
6.0117504724409452
0
LINE
8
BLACK
6
CONTINUOUS
10
-3.4772277559055116
20
6.0117504724409452
11
-3.4713160236220473
21
6.0157005905511811
0
LINE
8
BLACK
6
CONTINUOUS
10
-3.4713160236220473
20
6.0157005905511811
11
-3.4710826377952757
21
6.0158565354330706
0
LINE
8
BLACK
6
CONTINUOUS
10
-3.4710826377952757
20
6.0158565354330706
11
-3.4710824015748032
21
6.0158567322834644
0
LINE
8
BLACK
6
CONTINUOUS
10
-3.4710824015748032
20
6.0158567322834644
11
-3.4658567716535433
21
6.0210823622047247
0
LINE
8
BLACK
6
CONTINUOUS
10
-3.4658567716535433
20
6.0210823622047247
11
-3.4658565748031496
21
6.0210825984251963
0
LINE
8
BLACK
6
CONTINUOUS
10
-3.4658565748031496
20
6.0210825984251963
11
-3.4653776377952754
21
6.0217993700787398
0
LINE
8
BLACK
6
CONTINUOUS
10
-3.4653776377952754
20
6.0217993700787398
11
-3.4617504724409449
21
6.0272277559055114
0
LINE
8
BLACK
6
CONTINUOUS
10
-3.4617504724409449
20
6.0272277559055114
11
-3.4589221653543305
21
6.0340559055118108
0
LINE
8
BLACK
6
CONTINUOUS
10
-3.4589221653543305
20
6.0340559055118108
11
-3.4574803149606299
21
6.0413046456692916
0
LINE
8
BLACK
6
CONTINUOUS
10
-3.4574803149606299
20
6.0413046456692916
11
-3.4574803149606299
21
6.0486953543307083
0
LINE
8
BLACK
6
CONTINUOUS
10
-3.4574803149606299
20
6.0486953543307083
11
-3.4589221653543305
21
6.055944094488189
0
LINE
8
BLACK
6
CONTINUOUS
10
-3.4589221653543305
20
6.055944094488189
11
-3.4617504724409449
21
6.0627722440944884
0
LINE
8
BLACK
6
CONTINUOUS
10
-3.4617504724409449
20
6.0627722440944884
11
-3.4658565748031496
21
6.0689174015748026
0
LINE
8
BLACK
6
CONTINUOUS
10
-3.4658565748031496
20
6.0689174015748026
11
-3.471082598425197
21
6.0741434251968505
0
LINE
8
BLACK
6
CONTINUOUS
10
-3.471082598425197
20
6.0741434251968505
11
-3.4725640551181103
21
6.0751332677165353
0
LINE
8
BLACK
6
CONTINUOUS
10
-3.4725640551181103
20
6.0751332677165353
11
-3.4743564566929135
21
6.0772779527559058
0
LINE
8
BLACK
6
CONTINUOUS
10
-3.4743564566929135
20
6.0772779527559058
11
-3.4747048425196851
21
6.0800512992125979
0
LINE
8
BLACK
6
CONTINUOUS
10
-3.4747048425196851
20
6.0800512992125979
11
-3.4734985433070866
21
6.0825727165354326
0
LINE
8
BLACK
6
CONTINUOUS
10
-3.4734985433070866
20
6.0825727165354326
11
-3.4733165748031496
21
6.0827647244094489
0
LINE
8
BLACK
6
CONTINUOUS
10
-3.4733165748031496
20
6.0827647244094489
11
-3.4400538188976375
21
6.1160274409448814
0
LINE
8
BLACK
6
CONTINUOUS
10
-3.4400538188976375
20
6.1160274409448814
11
-3.4376006692913386
21
6.1173669685039371
0
LINE
8
BLACK
6
CONTINUOUS
10
-3.4376006692913386
20
6.1173669685039371
11
-3.4365462204724411
21
6.1174803149606296
0
LINE
8
BLACK
6
CONTINUOUS
10
-3.4365462204724411
20
6.1174803149606296
11
-3.3905846850393702
21
6.1174803149606296
0
LINE
8
BLACK
6
CONTINUOUS
10
-3.3905846850393702
20
6.1174803149606296
11
-3.3882009448818895
21
6.1177365748031498
0
LINE
8
BLACK
6
CONTINUOUS
10
-3.3882009448818895
20
6.1177365748031498
11
-3.3882006299212599
21
6.1177366535433073
0
LINE
8
BLACK
6
CONTINUOUS
10
-3.3882006299212599
20
6.1177366535433073
11
-3.3828070078740158
21
6.1197484251968506
0
LINE
8
BLACK
6
CONTINUOUS
10
-3.3828070078740158
20
6.1197484251968506
11
-3.382806811023622
21
6.1197485039370081
0
LINE
8
BLACK
6
CONTINUOUS
10
-3.382806811023622
20
6.1197485039370081
11
-3.3779727952755905
21
6.1233672440944877
0
LINE
8
BLACK
6
CONTINUOUS
10
-3.3779727952755905
20
6.1233672440944877
11
-3.3753538976377953
21
6.1243440551181099
0
LINE
8
BLACK
6
CONTINUOUS
10
-3.3753538976377953
20
6.1243440551181099
11
-3.3726226377952755
21
6.1237499212598427
0
LINE
8
BLACK
6
CONTINUOUS
10
-3.3726226377952755
20
6.1237499212598427
11
-3.3720272047244095
21
6.1233672440944877
0
LINE
8
BLACK
6
CONTINUOUS
10
-3.3720272047244095
20
6.1233672440944877
11
-3.3671932283464567
21
6.1197485039370081
0
LINE
8
BLACK
6
CONTINUOUS
10
-3.3671932283464567
20
6.1197485039370081
11
-3.367193031496063
21
6.1197484251968506
0
LINE
8
BLACK
6
CONTINUOUS
10
-3.367193031496063
20
6.1197484251968506
11
-3.3617994094488188
21
6.1177366535433073
0
LINE
8
BLACK
6
CONTINUOUS
10
-3.3617994094488188
20
6.1177366535433073
11
-3.3617990944881888
21
6.1177365748031498
0
LINE
8
BLACK
6
CONTINUOUS
10
-3.3617990944881888
20
6.1177365748031498
11
-3.3594153543307086
21
6.1174803149606296
0
LINE
8
BLACK
6
CONTINUOUS
10
-3.3594153543307086
20
6.1174803149606296
11
-3.3594148818897636
21
6.1174803149606296
0
LINE
8
BLACK
6
CONTINUOUS
10
-3.3594148818897636
20
6.1174803149606296
11
-3.2905846850393701
21
6.1174803149606296
0
LINE
8
BLACK
6
CONTINUOUS
10
-3.2905846850393701
20
6.1174803149606296
11
-3.2882009448818899
21
6.1177365748031498
0
LINE
8
BLACK
6
CONTINUOUS
10
-3.2882009448818899
20
6.1177365748031498
11
-3.2882006299212598
21
6.1177366535433073
0
LINE
8
BLACK
6
CONTINUOUS
10
-3.2882006299212598
20
6.1177366535433073
11
-3.2828070078740157
21
6.1197484251968506
0
LINE
8
BLACK
6
CONTINUOUS
10
-3.2828070078740157
20
6.1197484251968506
11
-3.2828068110236219
21
6.1197485039370081
0
LINE
8
BLACK
6
CONTINUOUS
10
-3.2828068110236219
20
6.1197485039370081
11
-3.2781983858267716
21
6.123198346456693
0
LINE
8
BLACK
6
CONTINUOUS
10
-3.2781983858267716
20
6.123198346456693
11
-3.2747485433070866
21
6.1278067716535434
0
LINE
8
BLACK
6
CONTINUOUS
10
-3.2747485433070866
20
6.1278067716535434
11
-3.2747484645669291
21
6.1278069685039371
0
LINE
8
BLACK
6
CONTINUOUS
10
-3.2747484645669291
20
6.1278069685039371
11
-3.2743688582677164
21
6.1288246456692912
0
LINE
8
BLACK
6
CONTINUOUS
10
-3.2743688582677164
20
6.1288246456692912
11
-3.2733795669291337
21
6.1314770472440943
0
LINE
8
BLACK
6
CONTINUOUS
10
-3.2733795669291337
20
6.1314770472440943
11
-3.2727366929133859
21
6.1332005905511808
0
LINE
8
BLACK
6
CONTINUOUS
10
-3.2727366929133859
20
6.1332005905511808
11
-3.2727366141732284
21
6.1332009055118109
0
LINE
8
BLACK
6
CONTINUOUS
10
-3.2727366141732284
20
6.1332009055118109
11
-3.2724803543307086
21
6.1355846456692911
0
LINE
8
BLACK
6
CONTINUOUS
10
-3.2724803543307086
20
6.1355846456692911
11
-3.2724803149606299
21
6.1355853149606299
0
LINE
8
BLACK
6
CONTINUOUS
10
-3.2724803149606299
20
6.1355853149606299
11
-3.2724803149606299
21
6.2044146456692912
0
LINE
8
BLACK
6
CONTINUOUS
10
-3.2724803149606299
20
6.2044146456692912
11
-3.2724803543307086
21
6.20441531496063
0
LINE
8
BLACK
6
CONTINUOUS
10
-3.2724803543307086
20
6.20441531496063
11
-3.2727366141732284
21
6.2067990551181103
0
LINE
8
BLACK
6
CONTINUOUS
10
-3.2727366141732284
20
6.2067990551181103
11
-3.2727366929133859
21
6.2067993700787403
0
LINE
8
BLACK
6
CONTINUOUS
10
-3.2727366929133859
20
6.2067993700787403
11
-3.2735324803149606
21
6.2089329133858264
0
LINE
8
BLACK
6
CONTINUOUS
10
-3.2735324803149606
20
6.2089329133858264
11
-3.2747484645669291
21
6.2121930708661415
0
LINE
8
BLACK
6
CONTINUOUS
10
-3.2747484645669291
20
6.2121930708661415
11
-3.2781983858267716
21
6.2168016141732281
0
LINE
8
BLACK
6
CONTINUOUS
10
-3.2781983858267716
20
6.2168016141732281
11
-3.2781985039370078
21
6.2168016929133856
0
LINE
8
BLACK
6
CONTINUOUS
10
-3.2781985039370078
20
6.2168016929133856
11
-3.2783672834645667
21
6.217027165354331
0
LINE
8
BLACK
6
CONTINUOUS
10
-3.2783672834645667
20
6.217027165354331
11
-3.2793440944881889
21
6.2196460629921262
0
LINE
8
BLACK
6
CONTINUOUS
10
-3.2793440944881889
20
6.2196460629921262
11
-3.2787499606299213
21
6.2223773622047247
0
LINE
8
BLACK
6
CONTINUOUS
10
-3.2787499606299213
20
6.2223773622047247
11
-3.2783672834645667
21
6.2229728346456694
0
LINE
8
BLACK
6
CONTINUOUS
10
-3.2783672834645667
20
6.2229728346456694
11
-3.2781985039370078
21
6.2231982677165352
0
LINE
8
BLACK
6
CONTINUOUS
10
-3.2781985039370078
20
6.2231982677165352
11
-3.2781983858267716
21
6.2231983858267714
0
LINE
8
BLACK
6
CONTINUOUS
10
-3.2781983858267716
20
6.2231983858267714
11
-3.2747484645669291
21
6.227806929133858
0
LINE
8
BLACK
6
CONTINUOUS
10
-3.2747484645669291
20
6.227806929133858
11
-3.2727366535433071
21
6.2332007480314955
0
LINE
8
BLACK
6
CONTINUOUS
10
-3.2727366535433071
20
6.2332007480314955
11
-3.2727366141732284
21
6.2332009055118105
0
LINE
8
BLACK
6
CONTINUOUS
10
-3.2727366141732284
20
6.2332009055118105
11
-3.2724803543307086
21
6.2355846456692916
0
LINE
8
BLACK
6
CONTINUOUS
10
-3.2724803543307086
20
6.2355846456692916
11
-3.2724803149606299
21
6.2355853149606295
0
LINE
8
BLACK
6
CONTINUOUS
10
-3.2724803149606299
20
6.2355853149606295
11
-3.2724803149606299
21
6.3044146456692909
0
LINE
8
BLACK
6
CONTINUOUS
10
-3.2724803149606299
20
6.3044146456692909
11
-3.2724803543307086
21
6.3044153149606297
0
LINE
8
BLACK
6
CONTINUOUS
10
-3.2724803543307086
20
6.3044153149606297
11
-3.2727366141732284
21
6.3067990551181099
0
LINE
8
BLACK
6
CONTINUOUS
10
-3.2727366141732284
20
6.3067990551181099
11
-3.2727366929133859
21
6.3067993700787399
0
LINE
8
BLACK
6
CONTINUOUS
10
-3.2727366929133859
20
6.3067993700787399
11
-3.2733716141732283
21
6.3085016141732284
0
LINE
8
BLACK
6
CONTINUOUS
10
-3.2733716141732283
20
6.3085016141732284
11
-3.2747484645669291
21
6.312193070866142
0
LINE
8
BLACK
6
CONTINUOUS
10
-3.2747484645669291
20
6.312193070866142
11
-3.2781983858267716
21
6.3168016141732286
0
LINE
8
BLACK
6
CONTINUOUS
10
-3.2781983858267716
20
6.3168016141732286
11
-3.2781985039370078
21
6.3168016929133861
0
LINE
8
BLACK
6
CONTINUOUS
10
-3.2781985039370078
20
6.3168016929133861
11
-3.2783672834645667
21
6.3170271653543306
0
LINE
8
BLACK
6
CONTINUOUS
10
-3.2783672834645667
20
6.3170271653543306
11
-3.2793440944881889
21
6.3196460629921258
0
LINE
8
BLACK
6
CONTINUOUS
10
-3.2793440944881889
20
6.3196460629921258
11
-3.2787499606299213
21
6.3223773622047243
0
LINE
8
BLACK
6
CONTINUOUS
10
-3.2787499606299213
20
6.3223773622047243
11
-3.2783672834645667
21
6.3229728346456691
0
LINE
8
BLACK
6
CONTINUOUS
10
-3.2783672834645667
20
6.3229728346456691
11
-3.2781985039370078
21
6.3231982677165357
0
LINE
8
BLACK
6
CONTINUOUS
10
-3.2781985039370078
20
6.3231982677165357
11
-3.2781983858267716
21
6.3231983858267711
0
LINE
8
BLACK
6
CONTINUOUS
10
-3.2781983858267716
20
6.3231983858267711
11
-3.2747484645669291
21
6.3278069291338586
0
LINE
8
BLACK
6
CONTINUOUS
10
-3.2747484645669291
20
6.3278069291338586
11
-3.2737436614173228
21
6.3305009055118111
0
LINE
8
BLACK
6
CONTINUOUS
10
-3.2737436614173228
20
6.3305009055118111
11
-3.2727366929133859
21
6.333200590551181
0
LINE
8
BLACK
6
CONTINUOUS
10
-3.2727366929133859
20
6.333200590551181
11
-3.2727366141732284
21
6.333200905511811
0
LINE
8
BLACK
6
CONTINUOUS
10
-3.2727366141732284
20
6.333200905511811
11
-3.2724803543307086
21
6.3355846456692912
0
LINE
8
BLACK
6
CONTINUOUS
10
-3.2724803543307086
20
6.3355846456692912
11
-3.2724803149606299
21
6.33558531496063
0
LINE
8
BLACK
6
CONTINUOUS
10
-3.2724803149606299
20
6.33558531496063
11
-3.2724803149606299
21
6.4044146456692914
0
LINE
8
BLACK
6
CONTINUOUS
10
-3.2724803149606299
20
6.4044146456692914
11
-3.2724803543307086
21
6.4044153149606302
0
LINE
8
BLACK
6
CONTINUOUS
10
-3.2724803543307086
20
6.4044153149606302
11
-3.2727366141732284
21
6.4067990944881892
0
LINE
8
BLACK
6
CONTINUOUS
10
-3.2727366141732284
20
6.4067990944881892
11
-3.2727366929133859
21
6.4067993700787405
0
LINE
8
BLACK
6
CONTINUOUS
10
-3.2727366929133859
20
6.4067993700787405
11
-3.2737020866141733
21
6.4093876377952759
0
LINE
8
BLACK
6
CONTINUOUS
10
-3.2737020866141733
20
6.4093876377952759
11
-3.2747484645669291
21
6.4121930708661417
0
LINE
8
BLACK
6
CONTINUOUS
10
-3.2747484645669291
20
6.4121930708661417
11
-3.2749929527559054
21
6.412519645669291
0
LINE
8
BLACK
6
CONTINUOUS
10
-3.2749929527559054
20
6.412519645669291
11
-3.2781983858267716
21
6.4168016141732283
0
LINE
8
BLACK
6
CONTINUOUS
10
-3.2781983858267716
20
6.4168016141732283
11
-3.2828068110236219
21
6.4202514566929132
0
LINE
8
BLACK
6
CONTINUOUS
10
-3.2828068110236219
20
6.4202514566929132
11
-3.2828068503937007
21
6.4202514566929132
0
LINE
8
BLACK
6
CONTINUOUS
10
-3.2828068503937007
20
6.4202514566929132
11
-3.2828069291338582
21
6.4202515354330707
0
LINE
8
BLACK
6
CONTINUOUS
10
-3.2828069291338582
20
6.4202515354330707
11
-3.2882007480314961
21
6.4222633464566927
0
LINE
8
BLACK
6
CONTINUOUS
10
-3.2882007480314961
20
6.4222633464566927
11
-3.2882008267716536
21
6.4222633464566927
0
LINE
8
BLACK
6
CONTINUOUS
10
-3.2882008267716536
20
6.4222633464566927
11
-3.2882009448818899
21
6.4222633858267715
0
LINE
8
BLACK
6
CONTINUOUS
10
-3.2882009448818899
20
6.4222633858267715
11
-3.2905846850393701
21
6.4225196456692908
0
LINE
8
BLACK
6
CONTINUOUS
10
-3.2905846850393701
20
6.4225196456692908
11
-3.2905848425196851
21
6.4225196456692908
0
LINE
8
BLACK
6
CONTINUOUS
10
-3.2905848425196851
20
6.4225196456692908
11
-3.2905851181102364
21
6.4225196850393695
0
LINE
8
BLACK
6
CONTINUOUS
10
-3.2905851181102364
20
6.4225196850393695
11
-3.3594148818897636
21
6.4225196850393695
0
LINE
8
BLACK
6
CONTINUOUS
10
-3.3594148818897636
20
6.4225196850393695
11
-3.3594151574803148
21
6.4225196456692908
0
LINE
8
BLACK
6
CONTINUOUS
10
-3.3594151574803148
20
6.4225196456692908
11
-3.3594153543307086
21
6.4225196456692908
0
LINE
8
BLACK
6
CONTINUOUS
10
-3.3594153543307086
20
6.4225196456692908
11
-3.3617990944881888
21
6.4222633858267715
0
LINE
8
BLACK
6
CONTINUOUS
10
-3.3617990944881888
20
6.4222633858267715
11
-3.3617994094488188
21
6.422263307086614
0
LINE
8
BLACK
6
CONTINUOUS
10
-3.3617994094488188
20
6.422263307086614
11
-3.3648671259842518
21
6.4211190551181101
0
LINE
8
BLACK
6
CONTINUOUS
10
-3.3648671259842518
20
6.4211190551181101
11
-3.3671930708661417
21
6.4202515354330707
0
LINE
8
BLACK
6
CONTINUOUS
10
-3.3671930708661417
20
6.4202515354330707
11
-3.3718016141732283
21
6.4168016141732283
0
LINE
8
BLACK
6
CONTINUOUS
10
-3.3718016141732283
20
6.4168016141732283
11
-3.3718017322834646
21
6.416801496062992
0
LINE
8
BLACK
6
CONTINUOUS
10
-3.3718017322834646
20
6.416801496062992
11
-3.3720271653543308
21
6.4166327165354327
0
LINE
8
BLACK
6
CONTINUOUS
10
-3.3720271653543308
20
6.4166327165354327
11
-3.374646062992126
21
6.4156559055118105
0
LINE
8
BLACK
6
CONTINUOUS
10
-3.374646062992126
20
6.4156559055118105
11
-3.3773773622047245
21
6.4162500393700785
0
LINE
8
BLACK
6
CONTINUOUS
10
-3.3773773622047245
20
6.4162500393700785
11
-3.3779728346456692
21
6.4166327165354327
0
LINE
8
BLACK
6
CONTINUOUS
10
-3.3779728346456692
20
6.4166327165354327
11
-3.3781983070866142
21
6.416801496062992
0
LINE
8
BLACK
6
CONTINUOUS
10
-3.3781983070866142
20
6.416801496062992
11
-3.3781983858267717
21
6.4168016141732283
0
LINE
8
BLACK
6
CONTINUOUS
10
-3.3781983858267717
20
6.4168016141732283
11
-3.3828069291338583
21
6.4202515354330707
0
LINE
8
BLACK
6
CONTINUOUS
10
-3.3828069291338583
20
6.4202515354330707
11
-3.3882007480314962
21
6.4222633464566927
0
LINE
8
BLACK
6
CONTINUOUS
10
-3.3882007480314962
20
6.4222633464566927
11
-3.3882008267716537
21
6.4222633464566927
0
LINE
8
BLACK
6
CONTINUOUS
10
-3.3882008267716537
20
6.4222633464566927
11
-3.3882009448818895
21
6.4222633858267715
0
LINE
8
BLACK
6
CONTINUOUS
10
-3.3882009448818895
20
6.4222633858267715
11
-3.3905846850393702
21
6.4225196456692908
0
LINE
8
BLACK
6
CONTINUOUS
10
-3.3905846850393702
20
6.4225196456692908
11
-3.3905848425196852
21
6.4225196456692908
0
LINE
8
BLACK
6
CONTINUOUS
10
-3.3905848425196852
20
6.4225196456692908
11
-3.390585118110236
21
6.4225196850393695
0
LINE
8
BLACK
6
CONTINUOUS
10
-3.390585118110236
20
6.4225196850393695
11
-3.4594148818897636
21
6.4225196850393695
0
LINE
8
BLACK
6
CONTINUOUS
10
-3.4594148818897636
20
6.4225196850393695
11
-3.4594151574803149
21
6.4225196456692908
0
LINE
8
BLACK
6
CONTINUOUS
10
-3.4594151574803149
20
6.4225196456692908
11
-3.4594153543307087
21
6.4225196456692908
0
LINE
8
BLACK
6
CONTINUOUS
10
-3.4594153543307087
20
6.4225196456692908
11
-3.4617990944881889
21
6.4222633858267715
0
LINE
8
BLACK
6
CONTINUOUS
10
-3.4617990944881889
20
6.4222633858267715
11
-3.4617994094488189
21
6.422263307086614
0
LINE
8
BLACK
6
CONTINUOUS
10
-3.4617994094488189
20
6.422263307086614
11
-3.4648671259842518
21
6.4211190551181101
0
LINE
8
BLACK
6
CONTINUOUS
10
-3.4648671259842518
20
6.4211190551181101
11
-3.4671930708661418
21
6.4202515354330707
0
LINE
8
BLACK
6
CONTINUOUS
10
-3.4671930708661418
20
6.4202515354330707
11
-3.4671931496062993
21
6.4202514960629919
0
LINE
8
BLACK
6
CONTINUOUS
10
-3.4671931496062993
20
6.4202514960629919
11
-3.4671932283464568
21
6.4202514566929132
0
LINE
8
BLACK
6
CONTINUOUS
10
-3.4671932283464568
20
6.4202514566929132
11
-3.4718016535433072
21
6.4168016141732283
0
LINE
8
BLACK
6
CONTINUOUS
10
-3.4718016535433072
20
6.4168016141732283
11
-3.4752514960629921
21
6.4121931889763779
0
LINE
8
BLACK
6
CONTINUOUS
10
-3.4752514960629921
20
6.4121931889763779
11
-3.4752515748031496
21
6.4121929921259841
0
LINE
8
BLACK
6
CONTINUOUS
10
-3.4752515748031496
20
6.4121929921259841
11
-3.4772633464566929
21
6.4067993700787405
0
LINE
8
BLACK
6
CONTINUOUS
10
-3.4772633464566929
20
6.4067993700787405
11
-3.4772633858267716
21
6.4067990944881892
0
LINE
8
BLACK
6
CONTINUOUS
10
-3.4772633858267716
20
6.4067990944881892
11
-3.4775196850393701
21
6.4044153149606302
0
LINE
8
BLACK
6
CONTINUOUS
10
-3.4775196850393701
20
6.4044153149606302
11
-3.4775196850393701
21
6.3957133070866137
0
LINE
8
BLACK
6
CONTINUOUS
10
-3.4775196850393701
20
6.3957133070866137
11
-3.4783071653543307
21
6.3930313779527559
0
LINE
8
BLACK
6
CONTINUOUS
10
-3.4783071653543307
20
6.3930313779527559
11
-3.4797243700787401
21
6.391588700787401
0
LINE
8
BLACK
6
CONTINUOUS
10
-3.4797243700787401
20
6.391588700787401
11
-3.4800427952755904
21
6.3913759448818892
0
LINE
8
BLACK
6
CONTINUOUS
10
-3.4800427952755904
20
6.3913759448818892
11
-3.4800429921259841
21
6.3913757480314963
0
LINE
8
BLACK
6
CONTINUOUS
10
-3.4800429921259841
20
6.3913757480314963
11
-3.6136201181102363
21
6.2577985826771654
0
LINE
8
BLACK
6
CONTINUOUS
10
-3.6136201181102363
20
6.2577985826771654
11
-3.6160733464566928
21
6.256458976377953
0
LINE
8
BLACK
6
CONTINUOUS
10
-3.6160733464566928
20
6.256458976377953
11
-3.6171277952755903
21
6.2563456299212596
0
LINE
8
BLACK
6
CONTINUOUS
10
-3.6171277952755903
20
6.2563456299212596
11
-3.6564196850393702
21
6.2563456299212596
0
LINE
8
BLACK
6
CONTINUOUS
10
-3.6564196850393702
20
6.2563456299212596
11
-3.6591016141732284
21
6.2571331102362207
0
LINE
8
BLACK
6
CONTINUOUS
10
-3.6591016141732284
20
6.2571331102362207
11
-3.6609320472440943
21
6.2592455511811025
0
LINE
8
BLACK
6
CONTINUOUS
10
-3.6609320472440943
20
6.2592455511811025
11
-3.6613803149606299
21
6.2613062598425193
0
LINE
8
BLACK
6
CONTINUOUS
10
-3.6613803149606299
20
6.2613062598425193
11
-3.6613803149606299
21
6.2732462204724406
0
LINE
8
BLACK
6
CONTINUOUS
10
-3.6613803149606299
20
6.2732462204724406
11
-3.6605928346456693
21
6.2759281496062993
0
LINE
8
BLACK
6
CONTINUOUS
10
-3.6605928346456693
20
6.2759281496062993
11
-3.6599273622047241
21
6.2767538976377955
0
LINE
8
BLACK
6
CONTINUOUS
10
-3.6599273622047241
20
6.2767538976377955
11
-3.6450243307086612
21
6.2916569291338584
0
LINE
8
BLACK
6
CONTINUOUS
10
-3.6450243307086612
20
6.2916569291338584
11
-3.6450241338582678
21
6.2916571653543309
0
LINE
8
BLACK
6
CONTINUOUS
10
-3.6450241338582678
20
6.2916571653543309
11
-3.6450240944881891
21
6.2916572047244097
0
LINE
8
BLACK
6
CONTINUOUS
10
-3.6450240944881891
20
6.2916572047244097
11
-3.6447741338582675
21
6.2920312598425197
0
LINE
8
BLACK
6
CONTINUOUS
10
-3.6447741338582675
20
6.2920312598425197
11
-3.6420123622047242
21
6.2961645275590552
0
LINE
8
BLACK
6
CONTINUOUS
10
-3.6420123622047242
20
6.2961645275590552
11
-3.639937874015748
21
6.3011727952755905
0
LINE
8
BLACK
6
CONTINUOUS
10
-3.639937874015748
20
6.3011727952755905
11
-3.639937874015748
21
6.3011728346456692
0
LINE
8
BLACK
6
CONTINUOUS
10
-3.639937874015748
20
6.3011728346456692
11
-3.6399377952755905
21
6.301173031496063
0
LINE
8
BLACK
6
CONTINUOUS
10
-3.6399377952755905
20
6.301173031496063
11
-3.6396748031496062
21
6.3024952755905508
0
LINE
8
BLACK
6
CONTINUOUS
10
-3.6396748031496062
20
6.3024952755905508
11
-3.6396748031496062
21
6.302495393700787
0
LINE
8
BLACK
6
CONTINUOUS
10
-3.6396748031496062
20
6.302495393700787
11
-3.6388803543307087
21
6.3064894094488189
0
LINE
8
BLACK
6
CONTINUOUS
10
-3.6388803543307087
20
6.3064894094488189
11
-3.6388803149606299
21
6.3064895669291339
0
LINE
8
BLACK
6
CONTINUOUS
10
-3.6388803149606299
20
6.3064895669291339
11
-3.6388803149606299
21
6.4175196850393696
0
LINE
8
BLACK
6
CONTINUOUS
10
-3.6388803149606299
20
6.4175196850393696
11
-3.6380928346456693
21
6.4202016141732283
0
LINE
8
BLACK
6
CONTINUOUS
10
-3.6380928346456693
20
6.4202016141732283
11
-3.6359803937007875
21
6.4220320472440946
0
LINE
8
BLACK
6
CONTINUOUS
10
-3.6359803937007875
20
6.4220320472440946
11
-3.6339196850393698
21
6.4224803149606302
0
LINE
8
BLACK
6
CONTINUOUS
10
-3.6339196850393698
20
6.4224803149606302
11
-3.5805846850393701
21
6.4224803149606302
0
LINE
8
BLACK
6
CONTINUOUS
10
-3.5805846850393701
20
6.4224803149606302
11
-3.5782009448818899
21
6.4227365748031495
0
LINE
8
BLACK
6
CONTINUOUS
10
-3.5782009448818899
20
6.4227365748031495
11
-3.5782006299212599
21
6.422736653543307
0
LINE
8
BLACK
6
CONTINUOUS
10
-3.5782006299212599
20
6.422736653543307
11
-3.5728070078740157
21
6.4247484251968503
0
LINE
8
BLACK
6
CONTINUOUS
10
-3.5728070078740157
20
6.4247484251968503
11
-3.572806811023622
21
6.4247485039370078
0
LINE
8
BLACK
6
CONTINUOUS
10
-3.572806811023622
20
6.4247485039370078
11
-3.5681983858267716
21
6.4281983464566927
0
LINE
8
BLACK
6
CONTINUOUS
10
-3.5681983858267716
20
6.4281983464566927
11
-3.5647485433070867
21
6.4328067716535431
0
LINE
8
BLACK
6
CONTINUOUS
10
-3.5647485433070867
20
6.4328067716535431
11
-3.5647484645669292
21
6.4328069685039369
0
LINE
8
BLACK
6
CONTINUOUS
10
-3.5647484645669292
20
6.4328069685039369
11
-3.5627366929133859
21
6.4382005905511805
0
LINE
8
BLACK
6
CONTINUOUS
10
-3.5627366929133859
20
6.4382005905511805
11
-3.5627366141732284
21
6.4382009055118106
0
LINE
8
BLACK
6
CONTINUOUS
10
-3.5627366141732284
20
6.4382009055118106
11
-3.5624803543307086
21
6.4405846456692908
0
LINE
8
BLACK
6
CONTINUOUS
10
-3.5624803543307086
20
6.4405846456692908
11
-3.5624803149606299
21
6.4405853149606296
0
LINE
8
BLACK
6
CONTINUOUS
10
-3.5624803149606299
20
6.4405853149606296
11
-3.5624803149606299
21
6.509414645669291
0
LINE
8
BLACK
6
CONTINUOUS
10
-3.5624803149606299
20
6.509414645669291
11
-3.5624803543307086
21
6.5094153149606298
0
LINE
8
BLACK
6
CONTINUOUS
10
-3.5624803543307086
20
6.5094153149606298
11
-3.5627366141732284
21
6.51179905511811
0
LINE
8
BLACK
6
CONTINUOUS
10
-3.5627366141732284
20
6.51179905511811
11
-3.5627366929133859
21
6.51179937007874
0
LINE
8
BLACK
6
CONTINUOUS
10
-3.5627366929133859
20
6.51179937007874
11
-3.5630133858267716
21
6.5125411417322834
0
LINE
8
BLACK
6
CONTINUOUS
10
-3.5630133858267716
20
6.5125411417322834
11
-3.5647484645669292
21
6.5171930708661412
0
LINE
8
BLACK
6
CONTINUOUS
10
-3.5647484645669292
20
6.5171930708661412
11
-3.5681983858267716
21
6.5218016141732278
0
LINE
8
BLACK
6
CONTINUOUS
10
-3.5681983858267716
20
6.5218016141732278
11
-3.5728069291338582
21
6.5252515354330711
0
LINE
8
BLACK
6
CONTINUOUS
10
-3.5728069291338582
20
6.5252515354330711
11
-3.5782007480314961
21
6.5272633464566931
0
LINE
8
BLACK
6
CONTINUOUS
10
-3.5782007480314961
20
6.5272633464566931
11
-3.5782008267716536
21
6.5272633464566931
0
LINE
8
BLACK
6
CONTINUOUS
10
-3.5782008267716536
20
6.5272633464566931
11
-3.5782009448818899
21
6.5272633858267719
0
LINE
8
BLACK
6
CONTINUOUS
10
-3.5782009448818899
20
6.5272633858267719
11
-3.5805846850393701
21
6.5275196456692912
0
LINE
8
BLACK
6
CONTINUOUS
10
-3.5805846850393701
20
6.5275196456692912
11
-3.5805848425196851
21
6.5275196456692912
0
LINE
8
BLACK
6
CONTINUOUS
10
-3.5805848425196851
20
6.5275196456692912
11
-3.5805851181102359
21
6.52751968503937
0
LINE
8
BLACK
6
CONTINUOUS
10
-3.5805851181102359
20
6.52751968503937
11
-3.5805853543307085
21
6.52751968503937
0
LINE
8
BLACK
6
CONTINUOUS
10
-3.5805853543307085
20
6.52751968503937
11
-3.6339196850393698
21
6.52751968503937
0
LINE
8
BLACK
6
CONTINUOUS
10
-3.6339196850393698
20
6.52751968503937
11
-3.6366016141732285
21
6.528307165354331
0
LINE
8
BLACK
6
CONTINUOUS
10
-3.6366016141732285
20
6.528307165354331
11
-3.6384320472440943
21
6.5304196062992128
0
LINE
8
BLACK
6
CONTINUOUS
10
-3.6384320472440943
20
6.5304196062992128
11
-3.6388803149606299
21
6.5324803149606296
0
LINE
8
BLACK
6
CONTINUOUS
10
-3.6388803149606299
20
6.5324803149606296
11
-3.6388803149606299
21
6.5583332677165354
0
LINE
8
BLACK
6
CONTINUOUS
10
-3.6388803149606299
20
6.5583332677165354
11
-3.6380928346456693
21
6.5610151968503931
0
LINE
8
BLACK
6
CONTINUOUS
10
-3.6380928346456693
20
6.5610151968503931
11
-3.6368925590551182
21
6.562304409448819
0
LINE
8
BLACK
6
CONTINUOUS
10
-3.6368925590551182
20
6.562304409448819
11
-3.6356983858267715
21
6.5631983858267713
0
LINE
8
BLACK
6
CONTINUOUS
10
-3.6356983858267715
20
6.5631983858267713
11
-3.6322485433070866
21
6.5678067716535429
0
LINE
8
BLACK
6
CONTINUOUS
10
-3.6322485433070866
20
6.5678067716535429
11
-3.6322484645669291
21
6.5678069685039366
0
LINE
8
BLACK
6
CONTINUOUS
10
-3.6322484645669291
20
6.5678069685039366
11
-3.6302366929133858
21
6.5732005905511812
0
LINE
8
BLACK
6
CONTINUOUS
10
-3.6302366929133858
20
6.5732005905511812
11
-3.6302366141732283
21
6.5732009055118112
0
LINE
8
BLACK
6
CONTINUOUS
10
-3.6302366141732283
20
6.5732009055118112
11
-3.6299803543307085
21
6.5755846456692915
0
LINE
8
BLACK
6
CONTINUOUS
10
-3.6299803543307085
20
6.5755846456692915
11
-3.6299803149606298
21
6.5755853149606294
0
LINE
8
BLACK
6
CONTINUOUS
10
-3.6299803149606298
20
6.5755853149606294
11
-3.6299803149606298
21
6.634414645669291
0
LINE
8
BLACK
6
CONTINUOUS
10
-3.6299803149606298
20
6.634414645669291
11
-3.6299803543307085
21
6.6344153149606298
0
LINE
8
BLACK
6
CONTINUOUS
10
-3.6299803543307085
20
6.6344153149606298
11
-3.6302366141732283
21
6.63679905511811
0
LINE
8
BLACK
6
CONTINUOUS
10
-3.6302366141732283
20
6.63679905511811
11
-3.6302366929133858
21
6.63679937007874
0
LINE
8
BLACK
6
CONTINUOUS
10
-3.6302366929133858
20
6.63679937007874
11
-3.6305133858267715
21
6.6375411417322834
0
LINE
8
BLACK
6
CONTINUOUS
10
-3.6305133858267715
20
6.6375411417322834
11
-3.6322484645669291
21
6.6421930708661412
0
LINE
8
BLACK
6
CONTINUOUS
10
-3.6322484645669291
20
6.6421930708661412
11
-3.6326244881889762
21
6.6426953543307086
0
LINE
8
BLACK
6
CONTINUOUS
10
-3.6326244881889762
20
6.6426953543307086
11
-3.6335716535433069
21
6.6439606299212599
0
LINE
8
BLACK
6
CONTINUOUS
10
-3.6335716535433069
20
6.6439606299212599
11
-3.6356983858267715
21
6.6468016141732278
0
LINE
8
BLACK
6
CONTINUOUS
10
-3.6356983858267715
20
6.6468016141732278
11
-3.6379924803149604
21
6.6485188976377954
0
LINE
8
BLACK
6
CONTINUOUS
10
-3.6379924803149604
20
6.6485188976377954
11
-3.6396675196850392
21
6.6507565354330707
0
LINE
8
BLACK
6
CONTINUOUS
10
-3.6396675196850392
20
6.6507565354330707
11
-3.63998031496063
21
6.6524901181102365
0
LINE
8
BLACK
6
CONTINUOUS
10
-3.63998031496063
20
6.6524901181102365
11
-3.63998031496063
21
6.6736286614173226
0
LINE
8
BLACK
6
CONTINUOUS
10
-3.63998031496063
20
6.6736286614173226
11
-3.639192834645669
21
6.6763105905511813
0
LINE
8
BLACK
6
CONTINUOUS
10
-3.639192834645669
20
6.6763105905511813
11
-3.6370803937007872
21
6.6781410236220475
0
LINE
8
BLACK
6
CONTINUOUS
10
-3.6370803937007872
20
6.6781410236220475
11
-3.636753307086614
21
6.6782764960629919
0
LINE
8
BLACK
6
CONTINUOUS
10
-3.636753307086614
20
6.6782764960629919
11
-3.6328069291338583
21
6.6797484645669289
0
LINE
8
BLACK
6
CONTINUOUS
10
-3.6328069291338583
20
6.6797484645669289
11
-3.632806811023622
21
6.6797485039370077
0
LINE
8
BLACK
6
CONTINUOUS
10
-3.632806811023622
20
6.6797485039370077
11
-3.6281983858267717
21
6.6831983464566926
0
LINE
8
BLACK
6
CONTINUOUS
10
-3.6281983858267717
20
6.6831983464566926
11
-3.6247485433070867
21
6.687806771653543
0
LINE
8
BLACK
6
CONTINUOUS
10
-3.6247485433070867
20
6.687806771653543
11
-3.6247484645669292
21
6.6878069685039367
0
LINE
8
BLACK
6
CONTINUOUS
10
-3.6247484645669292
20
6.6878069685039367
11
-3.622736692913386
21
6.6932005905511813
0
LINE
8
BLACK
6
CONTINUOUS
10
-3.622736692913386
20
6.6932005905511813
11
-3.6227366141732285
21
6.6932009055118105
0
LINE
8
BLACK
6
CONTINUOUS
10
-3.6227366141732285
20
6.6932009055118105
11
-3.6224803543307087
21
6.6955846456692916
0
LINE
8
BLACK
6
CONTINUOUS
10
-3.6224803543307087
20
6.6955846456692916
11
-3.6224803149606299
21
6.6955853149606295
0
LINE
8
BLACK
6
CONTINUOUS
10
-3.6224803149606299
20
6.6955853149606295
11
-3.6224803149606299
21
6.7644146456692908
0
LINE
8
BLACK
6
CONTINUOUS
10
-3.6224803149606299
20
6.7644146456692908
11
-3.6224803543307087
21
6.7644153149606296
0
LINE
8
BLACK
6
CONTINUOUS
10
-3.6224803543307087
20
6.7644153149606296
11
-3.6227366141732285
21
6.7667990551181099
0
LINE
8
BLACK
6
CONTINUOUS
10
-3.6227366141732285
20
6.7667990551181099
11
-3.622736692913386
21
6.7667993700787399
0
LINE
8
BLACK
6
CONTINUOUS
10
-3.622736692913386
20
6.7667993700787399
11
-3.6230133858267717
21
6.7675411417322833
0
LINE
8
BLACK
6
CONTINUOUS
10
-3.6230133858267717
20
6.7675411417322833
11
-3.6247484645669292
21
6.772193070866142
0
LINE
8
BLACK
6
CONTINUOUS
10
-3.6247484645669292
20
6.772193070866142
11
-3.6281983858267717
21
6.7768016141732286
0
LINE
8
BLACK
6
CONTINUOUS
10
-3.6281983858267717
20
6.7768016141732286
11
-3.6281985039370079
21
6.7768016929133861
0
LINE
8
BLACK
6
CONTINUOUS
10
-3.6281985039370079
20
6.7768016929133861
11
-3.6283672834645668
21
6.7770271653543306
0
LINE
8
BLACK
6
CONTINUOUS
10
-3.6283672834645668
20
6.7770271653543306
11
-3.629344094488189
21
6.7796460629921258
0
LINE
8
BLACK
6
CONTINUOUS
10
-3.629344094488189
20
6.7796460629921258
11
-3.6287499606299214
21
6.7823773622047243
0
LINE
8
BLACK
6
CONTINUOUS
10
-3.6287499606299214
20
6.7823773622047243
11
-3.6283672834645668
21
6.782972834645669
0
LINE
8
BLACK
6
CONTINUOUS
10
-3.6283672834645668
20
6.782972834645669
11
-3.6281985039370079
21
6.7831982677165357
0
LINE
8
BLACK
6
CONTINUOUS
10
-3.6281985039370079
20
6.7831982677165357
11
-3.6281983858267717
21
6.7831983858267719
0
LINE
8
BLACK
6
CONTINUOUS
10
-3.6281983858267717
20
6.7831983858267719
11
-3.6247484645669292
21
6.7878069291338585
0
LINE
8
BLACK
6
CONTINUOUS
10
-3.6247484645669292
20
6.7878069291338585
11
-3.6227366535433072
21
6.793200748031496
0
LINE
8
BLACK
6
CONTINUOUS
10
-3.6227366535433072
20
6.793200748031496
11
-3.6227366141732285
21
6.793200905511811
0
LINE
8
BLACK
6
CONTINUOUS
10
-3.6227366141732285
20
6.793200905511811
11
-3.6224803543307087
21
6.7955846456692912
0
LINE
8
BLACK
6
CONTINUOUS
10
-3.6224803543307087
20
6.7955846456692912
11
-3.6224803149606299
21
6.79558531496063
0
LINE
8
BLACK
6
CONTINUOUS
10
-3.6224803149606299
20
6.79558531496063
11
-3.6224803149606299
21
6.8644146456692914
0
LINE
8
BLACK
6
CONTINUOUS
10
-3.6224803149606299
20
6.8644146456692914
11
-3.6224803543307087
21
6.8644153149606302
0
LINE
8
BLACK
6
CONTINUOUS
10
-3.6224803543307087
20
6.8644153149606302
11
-3.6227366141732285
21
6.8667990551181104
0
LINE
8
BLACK
6
CONTINUOUS
10
-3.6227366141732285
20
6.8667990551181104
11
-3.622736692913386
21
6.8667993700787404
0
LINE
8
BLACK
6
CONTINUOUS
10
-3.622736692913386
20
6.8667993700787404
11
-3.6230133858267717
21
6.8675411417322829
0
LINE
8
BLACK
6
CONTINUOUS
10
-3.6230133858267717
20
6.8675411417322829
11
-3.6247484645669292
21
6.8721930708661416
0
LINE
8
BLACK
6
CONTINUOUS
10
-3.6247484645669292
20
6.8721930708661416
11
-3.6281983858267717
21
6.8768016141732282
0
LINE
8
BLACK
6
CONTINUOUS
10
-3.6281983858267717
20
6.8768016141732282
11
-3.6328069291338583
21
6.8802515354330707
0
LINE
8
BLACK
6
CONTINUOUS
10
-3.6328069291338583
20
6.8802515354330707
11
-3.6382007480314962
21
6.8822633464566927
0
LINE
8
BLACK
6
CONTINUOUS
10
-3.6382007480314962
20
6.8822633464566927
11
-3.6382008267716532
21
6.8822633464566927
0
LINE
8
BLACK
6
CONTINUOUS
10
-3.6382008267716532
20
6.8822633464566927
11
-3.6382009448818895
21
6.8822633858267714
0
LINE
8
BLACK
6
CONTINUOUS
10
-3.6382009448818895
20
6.8822633858267714
11
-3.6405846850393702
21
6.8825196456692908
0
LINE
8
BLACK
6
CONTINUOUS
10
-3.6405846850393702
20
6.8825196456692908
11
-3.6405848425196852
21
6.8825196456692908
0
LINE
8
BLACK
6
CONTINUOUS
10
-3.6405848425196852
20
6.8825196456692908
11
-3.640585118110236
21
6.8825196850393695
0
LINE
8
BLACK
6
CONTINUOUS
10
-3.640585118110236
20
6.8825196850393695
11
-3.7094148818897636
21
6.8825196850393695
0
LINE
8
BLACK
6
CONTINUOUS
10
-3.7094148818897636
20
6.8825196850393695
11
-3.7094151574803149
21
6.8825196456692908
0
LINE
8
BLACK
6
CONTINUOUS
10
-3.7094151574803149
20
6.8825196456692908
11
-3.7094153543307087
21
6.8825196456692908
0
LINE
8
BLACK
6
CONTINUOUS
10
-3.7094153543307087
20
6.8825196456692908
11
-3.7117990944881889
21
6.8822633858267714
0
LINE
8
BLACK
6
CONTINUOUS
10
-3.7117990944881889
20
6.8822633858267714
11
-3.7117994094488189
21
6.8822633070866139
0
LINE
8
BLACK
6
CONTINUOUS
10
-3.7117994094488189
20
6.8822633070866139
11
-3.7148671259842518
21
6.8811190551181101
0
LINE
8
BLACK
6
CONTINUOUS
10
-3.7148671259842518
20
6.8811190551181101
11
-3.7171930708661418
21
6.8802515354330707
0
LINE
8
BLACK
6
CONTINUOUS
10
-3.7171930708661418
20
6.8802515354330707
11
-3.7218016141732284
21
6.8768016141732282
0
LINE
8
BLACK
6
CONTINUOUS
10
-3.7218016141732284
20
6.8768016141732282
11
-3.7218017322834647
21
6.876801496062992
0
LINE
8
BLACK
6
CONTINUOUS
10
-3.7218017322834647
20
6.876801496062992
11
-3.7220271653543304
21
6.8766327165354326
0
LINE
8
BLACK
6
CONTINUOUS
10
-3.7220271653543304
20
6.8766327165354326
11
-3.7246460629921261
21
6.8756559055118105
0
LINE
8
BLACK
6
CONTINUOUS
10
-3.7246460629921261
20
6.8756559055118105
11
-3.7273773622047242
21
6.8762500393700785
0
LINE
8
BLACK
6
CONTINUOUS
10
-3.7273773622047242
20
6.8762500393700785
11
-3.7279728346456693
21
6.8766327165354326
0
LINE
8
BLACK
6
CONTINUOUS
10
-3.7279728346456693
20
6.8766327165354326
11
-3.7281983070866143
21
6.876801496062992
0
LINE
8
BLACK
6
CONTINUOUS
10
-3.7281983070866143
20
6.876801496062992
11
-3.7281983858267718
21
6.8768016141732282
0
LINE
8
BLACK
6
CONTINUOUS
10
-3.7281983858267718
20
6.8768016141732282
11
-3.7328069291338584
21
6.8802515354330707
0
LINE
8
BLACK
6
CONTINUOUS
10
-3.7328069291338584
20
6.8802515354330707
11
-3.7382007480314958
21
6.8822633464566927
0
LINE
8
BLACK
6
CONTINUOUS
10
-3.7382007480314958
20
6.8822633464566927
11
-3.7382008267716533
21
6.8822633464566927
0
LINE
8
BLACK
6
CONTINUOUS
10
-3.7382008267716533
20
6.8822633464566927
11
-3.7382009448818896
21
6.8822633858267714
0
LINE
8
BLACK
6
CONTINUOUS
10
-3.7382009448818896
20
6.8822633858267714
11
-3.7405846850393698
21
6.8825196456692908
0
LINE
8
BLACK
6
CONTINUOUS
10
-3.7405846850393698
20
6.8825196456692908
11
-3.7405848425196848
21
6.8825196456692908
0
LINE
8
BLACK
6
CONTINUOUS
10
-3.7405848425196848
20
6.8825196456692908
11
-3.7405851181102361
21
6.8825196850393695
0
LINE
8
BLACK
6
CONTINUOUS
10
-3.7405851181102361
20
6.8825196850393695
11
-3.8094148818897637
21
6.8825196850393695
0
LINE
8
BLACK
6
CONTINUOUS
10
-3.8094148818897637
20
6.8825196850393695
11
-3.809415157480315
21
6.8825196456692908
0
LINE
8
BLACK
6
CONTINUOUS
10
-3.809415157480315
20
6.8825196456692908
11
-3.8094153543307088
21
6.8825196456692908
0
LINE
8
BLACK
6
CONTINUOUS
10
-3.8094153543307088
20
6.8825196456692908
11
-3.811799094488189
21
6.8822633858267714
0
LINE
8
BLACK
6
CONTINUOUS
10
-3.811799094488189
20
6.8822633858267714
11
-3.811799409448819
21
6.8822633070866139
0
LINE
8
BLACK
6
CONTINUOUS
10
-3.811799409448819
20
6.8822633070866139
11
-3.8148671259842519
21
6.8811190551181101
0
LINE
8
BLACK
6
CONTINUOUS
10
-3.8148671259842519
20
6.8811190551181101
11
-3.8171930708661415
21
6.8802515354330707
0
LINE
8
BLACK
6
CONTINUOUS
10
-3.8171930708661415
20
6.8802515354330707
11
-3.8218016141732281
21
6.8768016141732282
0
LINE
8
BLACK
6
CONTINUOUS
10
-3.8218016141732281
20
6.8768016141732282
11
-3.8218017322834643
21
6.876801496062992
0
LINE
8
BLACK
6
CONTINUOUS
10
-3.8218017322834643
20
6.876801496062992
11
-3.8220271653543305
21
6.8766327165354326
0
LINE
8
BLACK
6
CONTINUOUS
10
-3.8220271653543305
20
6.8766327165354326
11
-3.8246460629921257
21
6.8756559055118105
0
LINE
8
BLACK
6
CONTINUOUS
10
-3.8246460629921257
20
6.8756559055118105
11
-3.8273773622047242
21
6.8762500393700785
0
LINE
8
BLACK
6
CONTINUOUS
10
-3.8273773622047242
20
6.8762500393700785
11
-3.8279728346456694
21
6.8766327165354326
0
LINE
8
BLACK
6
CONTINUOUS
10
-3.8279728346456694
20
6.8766327165354326
11
-3.8281983070866139
21
6.876801496062992
0
LINE
8
BLACK
6
CONTINUOUS
10
-3.8281983070866139
20
6.876801496062992
11
-3.8281983858267714
21
6.8768016141732282
0
LINE
8
BLACK
6
CONTINUOUS
10
-3.8281983858267714
20
6.8768016141732282
11
-3.832806929133858
21
6.8802515354330707
0
LINE
8
BLACK
6
CONTINUOUS
10
-3.832806929133858
20
6.8802515354330707
11
-3.8382007480314959
21
6.8822633464566927
0
LINE
8
BLACK
6
CONTINUOUS
10
-3.8382007480314959
20
6.8822633464566927
11
-3.8382008267716534
21
6.8822633464566927
0
LINE
8
BLACK
6
CONTINUOUS
10
-3.8382008267716534
20
6.8822633464566927
11
-3.8382009448818897
21
6.8822633858267714
0
LINE
8
BLACK
6
CONTINUOUS
10
-3.8382009448818897
20
6.8822633858267714
11
-3.8405846850393699
21
6.8825196456692908
0
LINE
8
BLACK
6
CONTINUOUS
10
-3.8405846850393699
20
6.8825196456692908
11
-3.8405848425196849
21
6.8825196456692908
0
LINE
8
BLACK
6
CONTINUOUS
10
-3.8405848425196849
20
6.8825196456692908
11
-3.8405851181102362
21
6.8825196850393695
0
LINE
8
BLACK
6
CONTINUOUS
10
-3.8405851181102362
20
6.8825196850393695
11
-3.9094148818897638
21
6.8825196850393695
0
LINE
8
BLACK
6
CONTINUOUS
10
-3.9094148818897638
20
6.8825196850393695
11
-3.9094151574803147
21
6.8825196456692908
0
LINE
8
BLACK
6
CONTINUOUS
10
-3.9094151574803147
20
6.8825196456692908
11
-3.9094153543307084
21
6.8825196456692908
0
LINE
8
BLACK
6
CONTINUOUS
10
-3.9094153543307084
20
6.8825196456692908
11
-3.9117990944881891
21
6.8822633858267714
0
LINE
8
BLACK
6
CONTINUOUS
10
-3.9117990944881891
20
6.8822633858267714
11
-3.9117994094488187
21
6.8822633070866139
0
LINE
8
BLACK
6
CONTINUOUS
10
-3.9117994094488187
20
6.8822633070866139
11
-3.914867125984252
21
6.8811190551181101
0
LINE
8
BLACK
6
CONTINUOUS
10
-3.914867125984252
20
6.8811190551181101
11
-3.9171930708661415
21
6.8802515354330707
0
LINE
8
BLACK
6
CONTINUOUS
10
-3.9171930708661415
20
6.8802515354330707
11
-3.9171931496062991
21
6.8802514960629919
0
LINE
8
BLACK
6
CONTINUOUS
10
-3.9171931496062991
20
6.8802514960629919
11
-3.9171932283464566
21
6.8802514566929132
0
LINE
8
BLACK
6
CONTINUOUS
10
-3.9171932283464566
20
6.8802514566929132
11
-3.9218016535433069
21
6.8768016141732282
0
LINE
8
BLACK
6
CONTINUOUS
10
-3.9218016535433069
20
6.8768016141732282
11
-3.9252514960629918
21
6.8721931889763779
0
LINE
8
BLACK
6
CONTINUOUS
10
-3.9252514960629918
20
6.8721931889763779
11
-3.9252515748031493
21
6.8721929921259841
0
LINE
8
BLACK
6
CONTINUOUS
10
-3.9252515748031493
20
6.8721929921259841
11
-3.9272633464566926
21
6.8667993700787404
0
LINE
8
BLACK
6
CONTINUOUS
10
-3.9272633464566926
20
6.8667993700787404
11
-3.9272634251968501
21
6.8667990551181104
0
LINE
8
BLACK
6
CONTINUOUS
10
-3.9272634251968501
20
6.8667990551181104
11
-3.9275196850393699
21
6.8644153149606302
0
LINE
8
BLACK
6
CONTINUOUS
10
-3.9275196850393699
20
6.8644153149606302
11
-3.9275196850393699
21
6.7955846456692912
0
LINE
8
BLACK
6
CONTINUOUS
10
-3.9275196850393699
20
6.7955846456692912
11
-3.9272634251968501
21
6.793200905511811
0
LINE
8
BLACK
6
CONTINUOUS
10
-3.9272634251968501
20
6.793200905511811
11
-3.9272633464566926
21
6.793200590551181
0
LINE
8
BLACK
6
CONTINUOUS
10
-3.9272633464566926
20
6.793200590551181
11
-3.9252515748031493
21
6.7878069685039373
0
LINE
8
BLACK
6
CONTINUOUS
10
-3.9252515748031493
20
6.7878069685039373
11
-3.9252514960629918
21
6.7878067716535435
0
LINE
8
BLACK
6
CONTINUOUS
10
-3.9252514960629918
20
6.7878067716535435
11
-3.9216327559055117
21
6.7829727952755903
0
LINE
8
BLACK
6
CONTINUOUS
10
-3.9216327559055117
20
6.7829727952755903
11
-3.9206559448818896
21
6.7803538976377951
0
LINE
8
BLACK
6
CONTINUOUS
10
-3.9206559448818896
20
6.7803538976377951
11
-3.9212500787401572
21
6.7776226377952753
0
LINE
8
BLACK
6
CONTINUOUS
10
-3.9212500787401572
20
6.7776226377952753
11
-3.9216327559055117
21
6.7770272047244093
0
LINE
8
BLACK
6
CONTINUOUS
10
-3.9216327559055117
20
6.7770272047244093
11
-3.9252514960629918
21
6.7721931889763782
0
LINE
8
BLACK
6
CONTINUOUS
10
-3.9252514960629918
20
6.7721931889763782
11
-3.9252515748031493
21
6.7721929921259845
0
LINE
8
BLACK
6
CONTINUOUS
10
-3.9252515748031493
20
6.7721929921259845
11
-3.9272633464566926
21
6.7667993700787399
0
LINE
8
BLACK
6
CONTINUOUS
10
-3.9272633464566926
20
6.7667993700787399
11
-3.9272634251968501
21
6.7667990551181099
0
LINE
8
BLACK
6
CONTINUOUS
10
-3.9272634251968501
20
6.7667990551181099
11
-3.9275196850393699
21
6.7644153149606296
0
LINE
8
BLACK
6
CONTINUOUS
10
-3.9275196850393699
20
6.7644153149606296
11
-3.9275196850393699
21
6.6955846456692916
0
LINE
8
BLACK
6
CONTINUOUS
10
-3.9275196850393699
20
6.6955846456692916
11
-3.9272634251968501
21
6.6932009055118105
0
LINE
8
BLACK
6
CONTINUOUS
10
-3.9272634251968501
20
6.6932009055118105
11
-3.9272633464566926
21
6.6932005905511813
0
LINE
8
BLACK
6
CONTINUOUS
10
-3.9272633464566926
20
6.6932005905511813
11
-3.9252515748031493
21
6.6878069685039367
0
LINE
8
BLACK
6
CONTINUOUS
10
-3.9252515748031493
20
6.6878069685039367
11
-3.9252514960629918
21
6.687806771653543
0
LINE
8
BLACK
6
CONTINUOUS
10
-3.9252514960629918
20
6.687806771653543
11
-3.9218016535433069
21
6.6831983464566926
0
LINE
8
BLACK
6
CONTINUOUS
10
-3.9218016535433069
20
6.6831983464566926
11
-3.9170075196850394
21
6.679609566929134
0
LINE
8
BLACK
6
CONTINUOUS
10
-3.9170075196850394
20
6.679609566929134
11
-3.9153324409448818
21
6.6773719685039366
0
LINE
8
BLACK
6
CONTINUOUS
10
-3.9153324409448818
20
6.6773719685039366
11
-3.9150196850393701
21
6.6756383858267716
0
LINE
8
BLACK
6
CONTINUOUS
10
-3.9150196850393701
20
6.6756383858267716
11
-3.9150196850393701
21
6.6524901181102365
0
LINE
8
BLACK
6
CONTINUOUS
10
-3.9150196850393701
20
6.6524901181102365
11
-3.9158071653543307
21
6.6498081889763778
0
LINE
8
BLACK
6
CONTINUOUS
10
-3.9158071653543307
20
6.6498081889763778
11
-3.9170075196850394
21
6.6485189370078741
0
LINE
8
BLACK
6
CONTINUOUS
10
-3.9170075196850394
20
6.6485189370078741
11
-3.9193014960629919
21
6.6468016929133853
0
LINE
8
BLACK
6
CONTINUOUS
10
-3.9193014960629919
20
6.6468016929133853
11
-3.919301653543307
21
6.646801574803149
0
LINE
8
BLACK
6
CONTINUOUS
10
-3.919301653543307
20
6.646801574803149
11
-3.9227514960629919
21
6.6421931889763774
0
LINE
8
BLACK
6
CONTINUOUS
10
-3.9227514960629919
20
6.6421931889763774
11
-3.9227515748031494
21
6.6421929921259837
0
LINE
8
BLACK
6
CONTINUOUS
10
-3.9227515748031494
20
6.6421929921259837
11
-3.9247633464566927
21
6.63679937007874
0
LINE
8
BLACK
6
CONTINUOUS
10
-3.9247633464566927
20
6.63679937007874
11
-3.9247634251968502
21
6.63679905511811
0
LINE
8
BLACK
6
CONTINUOUS
10
-3.9247634251968502
20
6.63679905511811
11
-3.9250196850393699
21
6.6344153149606298
0
LINE
8
BLACK
6
CONTINUOUS
10
-3.9250196850393699
20
6.6344153149606298
11
-3.9250196850393699
21
6.5755846456692915
0
LINE
8
BLACK
6
CONTINUOUS
10
-3.9250196850393699
20
6.5755846456692915
11
-3.9247634251968502
21
6.5732009055118112
0
LINE
8
BLACK
6
CONTINUOUS
10
-3.9247634251968502
20
6.5732009055118112
11
-3.9247633464566927
21
6.5732005905511812
0
LINE
8
BLACK
6
CONTINUOUS
10
-3.9247633464566927
20
6.5732005905511812
11
-3.9227515748031494
21
6.5678069685039366
0
LINE
8
BLACK
6
CONTINUOUS
10
-3.9227515748031494
20
6.5678069685039366
11
-3.9227514960629919
21
6.5678067716535429
0
LINE
8
BLACK
6
CONTINUOUS
10
-3.9227514960629919
20
6.5678067716535429
11
-3.919301653543307
21
6.5631983464566925
0
LINE
8
BLACK
6
CONTINUOUS
10
-3.919301653543307
20
6.5631983464566925
11
-3.9170075196850394
21
6.5614810236220471
0
LINE
8
BLACK
6
CONTINUOUS
10
-3.9170075196850394
20
6.5614810236220471
11
-3.9153324409448818
21
6.5592433858267718
0
LINE
8
BLACK
6
CONTINUOUS
10
-3.9153324409448818
20
6.5592433858267718
11
-3.9150196850393701
21
6.5575098425196847
0
LINE
8
BLACK
6
CONTINUOUS
10
-3.9150196850393701
20
6.5575098425196847
11
-3.9150196850393701
21
6.5147894094488183
0
LINE
8
BLACK
6
CONTINUOUS
10
-3.9150196850393701
20
6.5147894094488183
11
-3.9139621259842521
21
6.5094727559055112
0
LINE
8
BLACK
6
CONTINUOUS
10
-3.9139621259842521
20
6.5094727559055112
11
-3.9139620472440946
21
6.5094725590551183
0
LINE
8
BLACK
6
CONTINUOUS
10
-3.9139620472440946
20
6.5094725590551183
11
-3.9118876377952754
21
6.5044645275590547
0
LINE
8
BLACK
6
CONTINUOUS
10
-3.9118876377952754
20
6.5044645275590547
11
-3.9088759448818897
21
6.4999572047244092
0
LINE
8
BLACK
6
CONTINUOUS
10
-3.9088759448818897
20
6.4999572047244092
11
-3.908875748031496
21
6.4999569685039367
0
LINE
8
BLACK
6
CONTINUOUS
10
-3.908875748031496
20
6.4999569685039367
11
-3.7434726377952754
21
6.3345538976377949
0
LINE
8
BLACK
6
CONTINUOUS
10
-3.7434726377952754
20
6.3345538976377949
11
-3.742133031496063
21
6.3321006692913384
0
LINE
8
BLACK
6
CONTINUOUS
10
-3.742133031496063
20
6.3321006692913384
11
-3.7420196850393701
21
6.3310462204724409
0
LINE
8
BLACK
6
CONTINUOUS
10
-3.7420196850393701
20
6.3310462204724409
11
-3.7420196850393701
21
6.3191803149606294
0
LINE
8
BLACK
6
CONTINUOUS
10
-3.7420196850393701
20
6.3191803149606294
11
-3.7420792519685038
21
6.3189774803149605
0
LINE
8
BLACK
6
CONTINUOUS
10
-3.7420792519685038
20
6.3189774803149605
11
-3.7420366535433072
21
6.3187705511811023
0
LINE
8
BLACK
6
CONTINUOUS
10
-3.7420366535433072
20
6.3187705511811023
11
-3.7424688976377953
21
6.3176504330708658
0
LINE
8
BLACK
6
CONTINUOUS
10
-3.7424688976377953
20
6.3176504330708658
11
-3.7428071653543307
21
6.3164983858267716
0
LINE
8
BLACK
6
CONTINUOUS
10
-3.7428071653543307
20
6.3164983858267716
11
-3.7429668897637796
21
6.3163599999999995
0
LINE
8
BLACK
6
CONTINUOUS
10
-3.7429668897637796
20
6.3163599999999995
11
-3.7430429527559053
21
6.3161628346456693
0
LINE
8
BLACK
6
CONTINUOUS
10
-3.7430429527559053
20
6.3161628346456693
11
-3.7440123228346458
21
6.3154541338582675
0
LINE
8
BLACK
6
CONTINUOUS
10
-3.7440123228346458
20
6.3154541338582675
11
-3.7449196062992125
21
6.3146679527559053
0
LINE
8
BLACK
6
CONTINUOUS
10
-3.7449196062992125
20
6.3146679527559053
11
-3.7451745275590551
21
6.314604409448819
0
LINE
8
BLACK
6
CONTINUOUS
10
-3.7451745275590551
20
6.314604409448819
11
-3.7452993700787403
21
6.3145131496062987
0
LINE
8
BLACK
6
CONTINUOUS
10
-3.7452993700787403
20
6.3145131496062987
11
-3.7461055905511809
21
6.3143723622047245
0
LINE
8
BLACK
6
CONTINUOUS
10
-3.7461055905511809
20
6.3143723622047245
11
-3.7466823622047243
21
6.3142286614173226
0
LINE
8
BLACK
6
CONTINUOUS
10
-3.7466823622047243
20
6.3142286614173226
11
-3.7468315354330706
21
6.3142196850393697
0
LINE
8
BLACK
6
CONTINUOUS
10
-3.7468315354330706
20
6.3142196850393697
11
-3.7495148818897639
21
6.3142196850393697
0
LINE
8
BLACK
6
CONTINUOUS
10
-3.7495148818897639
20
6.3142196850393697
11
-3.7518992519685037
21
6.3139633464566929
0
LINE
8
BLACK
6
CONTINUOUS
10
-3.7518992519685037
20
6.3139633464566929
11
-3.7520546850393699
21
6.3139053543307089
0
LINE
8
BLACK
6
CONTINUOUS
10
-3.7520546850393699
20
6.3139053543307089
11
-3.7526020472440944
21
6.3138724409448814
0
LINE
8
BLACK
6
CONTINUOUS
10
-3.7526020472440944
20
6.3138724409448814
11
-3.7531437007874016
21
6.3139966929133857
0
LINE
8
BLACK
6
CONTINUOUS
10
-3.7531437007874016
20
6.3139966929133857
11
-3.7535849999999997
21
6.3139966929133857
0
LINE
8
BLACK
6
CONTINUOUS
10
-3.7535849999999997
20
6.3139966929133857
11
-3.7535921653543305
21
6.3139301968503938
0
LINE
8
BLACK
6
CONTINUOUS
10
-3.7535921653543305
20
6.3139301968503938
11
-3.7562846850393701
21
6.3142196456692909
0
LINE
8
BLACK
6
CONTINUOUS
10
-3.7562846850393701
20
6.3142196456692909
11
-3.7562848425196851
21
6.3142196456692909
0
LINE
8
BLACK
6
CONTINUOUS
10
-3.7562848425196851
20
6.3142196456692909
11
-3.7562851181102364
21
6.3142196850393697
0
LINE
8
BLACK
6
CONTINUOUS
10
-3.7562851181102364
20
6.3142196850393697
11
-3.7751148818897637
21
6.3142196850393697
0
LINE
8
BLACK
6
CONTINUOUS
10
-3.7751148818897637
20
6.3142196850393697
11
-3.775115157480315
21
6.3142196456692909
0
LINE
8
BLACK
6
CONTINUOUS
10
-3.775115157480315
20
6.3142196456692909
11
-3.7751153543307088
21
6.3142196456692909
0
LINE
8
BLACK
6
CONTINUOUS
10
-3.7751153543307088
20
6.3142196456692909
11
-3.777499094488189
21
6.3139633858267716
0
LINE
8
BLACK
6
CONTINUOUS
10
-3.777499094488189
20
6.3139633858267716
11
-3.777499409448819
21
6.3139633070866141
0
LINE
8
BLACK
6
CONTINUOUS
10
-3.777499409448819
20
6.3139633070866141
11
-3.7832254724409449
21
6.3118275590551178
0
LINE
8
BLACK
6
CONTINUOUS
10
-3.7832254724409449
20
6.3118275590551178
11
-3.7832779133858265
21
6.3119680314960629
0
LINE
8
BLACK
6
CONTINUOUS
10
-3.7832779133858265
20
6.3119680314960629
11
-3.7834303149606296
21
6.3119348031496063
0
LINE
8
BLACK
6
CONTINUOUS
10
-3.7834303149606296
20
6.3119348031496063
11
-3.7837999999999998
21
6.3117615354330709
0
LINE
8
BLACK
6
CONTINUOUS
10
-3.7837999999999998
20
6.3117615354330709
11
-3.7837999999999998
21
6.2942
0
LINE
8
BLACK
6
CONTINUOUS
10
-3.7837999999999998
20
6.2942
11
-3.7837999999999998
21
6.2442000000000002
0
LINE
8
BLACK
6
CONTINUOUS
10
-3.7837999999999998
20
6.2442000000000002
11
-3.7988
21
6.2442000000000002
0
LINE
8
BLACK
6
CONTINUOUS
10
-3.7988
20
6.2442000000000002
11
-3.7988
21
6.2942
0
LINE
8
BLACK
6
CONTINUOUS
10
-3.7988
20
6.2942
11
-3.7988
21
6.3141652755905513
0
LINE
8
BLACK
6
CONTINUOUS
10
-3.7988
20
6.3141652755905513
11
-3.8322592913385827
21
6.3476245669291336
0
LINE
8
BLACK
6
CONTINUOUS
10
-3.8322592913385827
20
6.3476245669291336
11
-3.8971544094488189
21
6.4125196850393698
0
LINE
8
BLACK
6
CONTINUOUS
10
-3.8971544094488189
20
6.4125196850393698
11
-4.0625196850393701
21
6.4125196850393698
0
LINE
8
BLACK
6
CONTINUOUS
10
-4.0625196850393701
20
6.4125196850393698
11
-4.0652016141732279
21
6.4133071653543308
0
LINE
8
BLACK
6
CONTINUOUS
10
-4.0652016141732279
20
6.4133071653543308
11
-4.0670320472440942
21
6.4154196062992126
0
LINE
8
BLACK
6
CONTINUOUS
10
-4.0670320472440942
20
6.4154196062992126
11
-4.0674803149606298
21
6.4174803149606294
0
LINE
8
BLACK
6
CONTINUOUS
10
-4.0674803149606298
20
6.4174803149606294
11
-4.0674803149606298
21
6.4194146456692911
0
LINE
8
BLACK
6
CONTINUOUS
10
-4.0674803149606298
20
6.4194146456692911
11
-4.0674803543307085
21
6.4194153149606299
0
LINE
8
BLACK
6
CONTINUOUS
10
-4.0674803543307085
20
6.4194153149606299
11
-4.0677366141732278
21
6.4217990551181101
0
LINE
8
BLACK
6
CONTINUOUS
10
-4.0677366141732278
20
6.4217990551181101
11
-4.0677366929133854
21
6.4217993700787401
0
LINE
8
BLACK
6
CONTINUOUS
10
-4.0677366929133854
20
6.4217993700787401
11
-4.0688366535433067
21
6.4247484251968503
0
LINE
8
BLACK
6
CONTINUOUS
10
-4.0688366535433067
20
6.4247484251968503
11
-4.0697484645669286
21
6.4271930708661413
0
LINE
8
BLACK
6
CONTINUOUS
10
-4.0697484645669286
20
6.4271930708661413
11
-4.0705010236220476
21
6.4281983464566927
0
LINE
8
BLACK
6
CONTINUOUS
10
-4.0705010236220476
20
6.4281983464566927
11
-4.073198385826772
21
6.4318016141732279
0
LINE
8
BLACK
6
CONTINUOUS
10
-4.073198385826772
20
6.4318016141732279
11
-4.0778068110236223
21
6.4352514566929129
0
LINE
8
BLACK
6
CONTINUOUS
10
-4.0778068110236223
20
6.4352514566929129
11
-4.0778068503937011
21
6.4352514566929129
0
LINE
8
BLACK
6
CONTINUOUS
10
-4.0778068503937011
20
6.4352514566929129
11
-4.0778069291338586
21
6.4352515354330704
0
LINE
8
BLACK
6
CONTINUOUS
10
-4.0778069291338586
20
6.4352515354330704
11
-4.083200748031496
21
6.4372633464566924
0
LINE
8
BLACK
6
CONTINUOUS
10
-4.083200748031496
20
6.4372633464566924
11
-4.0832008267716535
21
6.4372633464566924
0
LINE
8
BLACK
6
CONTINUOUS
10
-4.0832008267716535
20
6.4372633464566924
11
-4.0832009448818898
21
6.4372633858267712
0
LINE
8
BLACK
6
CONTINUOUS
10
-4.0832009448818898
20
6.4372633858267712
11
-4.08558468503937
21
6.4375196456692914
0
LINE
8
BLACK
6
CONTINUOUS
10
-4.08558468503937
20
6.4375196456692914
11
-4.085584842519685
21
6.4375196456692914
0
LINE
8
BLACK
6
CONTINUOUS
10
-4.085584842519685
20
6.4375196456692914
11
-4.0855851181102363
21
6.4375196850393701
0
LINE
8
BLACK
6
CONTINUOUS
10
-4.0855851181102363
20
6.4375196850393701
11
-4.1544148818897639
21
6.4375196850393701
0
LINE
8
BLACK
6
CONTINUOUS
10
-4.1544148818897639
20
6.4375196850393701
11
-4.1544151574803152
21
6.4375196456692914
0
LINE
8
BLACK
6
CONTINUOUS
10
-4.1544151574803152
20
6.4375196456692914
11
-4.154415354330709
21
6.4375196456692914
0
LINE
8
BLACK
6
CONTINUOUS
10
-4.154415354330709
20
6.4375196456692914
11
-4.1567990944881892
21
6.4372633858267712
0
LINE
8
BLACK
6
CONTINUOUS
10
-4.1567990944881892
20
6.4372633858267712
11
-4.1567994094488192
21
6.4372633070866137
0
LINE
8
BLACK
6
CONTINUOUS
10
-4.1567994094488192
20
6.4372633070866137
11
-4.1598671259842517
21
6.4361190551181098
0
LINE
8
BLACK
6
CONTINUOUS
10
-4.1598671259842517
20
6.4361190551181098
11
-4.1621930708661417
21
6.4352515354330704
0
LINE
8
BLACK
6
CONTINUOUS
10
-4.1621930708661417
20
6.4352515354330704
11
-4.1668016141732283
21
6.4318016141732279
0
LINE
8
BLACK
6
CONTINUOUS
10
-4.1668016141732283
20
6.4318016141732279
11
-4.1668017322834645
21
6.4318014960629917
0
LINE
8
BLACK
6
CONTINUOUS
10
-4.1668017322834645
20
6.4318014960629917
11
-4.1670271653543303
21
6.4316327165354332
0
LINE
8
BLACK
6
CONTINUOUS
10
-4.1670271653543303
20
6.4316327165354332
11
-4.1696460629921255
21
6.4306559055118111
0
LINE
8
BLACK
6
CONTINUOUS
10
-4.1696460629921255
20
6.4306559055118111
11
-4.172377362204724
21
6.4312500393700782
0
LINE
8
BLACK
6
CONTINUOUS
10
-4.172377362204724
20
6.4312500393700782
11
-4.1729728346456696
21
6.4316327165354332
0
LINE
8
BLACK
6
CONTINUOUS
10
-4.1729728346456696
20
6.4316327165354332
11
-4.1731983070866141
21
6.4318014960629917
0
LINE
8
BLACK
6
CONTINUOUS
10
-4.1731983070866141
20
6.4318014960629917
11
-4.1731983858267716
21
6.4318016141732279
0
LINE
8
BLACK
6
CONTINUOUS
10
-4.1731983858267716
20
6.4318016141732279
11
-4.1778069291338582
21
6.4352515354330704
0
LINE
8
BLACK
6
CONTINUOUS
10
-4.1778069291338582
20
6.4352515354330704
11
-4.1832007480314957
21
6.4372633464566924
0
LINE
8
BLACK
6
CONTINUOUS
10
-4.1832007480314957
20
6.4372633464566924
11
-4.1832008267716532
21
6.4372633464566924
0
LINE
8
BLACK
6
CONTINUOUS
10
-4.1832008267716532
20
6.4372633464566924
11
-4.1832009448818894
21
6.4372633858267712
0
LINE
8
BLACK
6
CONTINUOUS
10
-4.1832009448818894
20
6.4372633858267712
11
-4.1855846850393696
21
6.4375196456692914
0
LINE
8
BLACK
6
CONTINUOUS
10
-4.1855846850393696
20
6.4375196456692914
11
-4.1855848425196847
21
6.4375196456692914
0
LINE
8
BLACK
6
CONTINUOUS
10
-4.1855848425196847
20
6.4375196456692914
11
-4.1855851181102359
21
6.4375196850393701
0
LINE
8
BLACK
6
CONTINUOUS
10
-4.1855851181102359
20
6.4375196850393701
11
-4.2544148818897636
21
6.4375196850393701
0
LINE
8
BLACK
6
CONTINUOUS
10
-4.2544148818897636
20
6.4375196850393701
11
-4.2544151574803148
21
6.4375196456692914
0
LINE
8
BLACK
6
CONTINUOUS
10
-4.2544151574803148
20
6.4375196456692914
11
-4.2544153543307086
21
6.4375196456692914
0
LINE
8
BLACK
6
CONTINUOUS
10
-4.2544153543307086
20
6.4375196456692914
11
-4.2567990944881888
21
6.4372633858267712
0
LINE
8
BLACK
6
CONTINUOUS
10
-4.2567990944881888
20
6.4372633858267712
11
-4.2567994094488188
21
6.4372633070866137
0
LINE
8
BLACK
6
CONTINUOUS
10
-4.2567994094488188
20
6.4372633070866137
11
-4.2598671259842522
21
6.4361190551181098
0
LINE
8
BLACK
6
CONTINUOUS
10
-4.2598671259842522
20
6.4361190551181098
11
-4.2621930708661413
21
6.4352515354330704
0
LINE
8
BLACK
6
CONTINUOUS
10
-4.2621930708661413
20
6.4352515354330704
11
-4.2621931496062988
21
6.4352514960629916
0
LINE
8
BLACK
6
CONTINUOUS
10
-4.2621931496062988
20
6.4352514960629916
11
-4.2621932283464563
21
6.4352514566929129
0
LINE
8
BLACK
6
CONTINUOUS
10
-4.2621932283464563
20
6.4352514566929129
11
-4.2668016535433066
21
6.4318016141732279
0
LINE
8
BLACK
6
CONTINUOUS
10
-4.2668016535433066
20
6.4318016141732279
11
-4.2702514960629916
21
6.4271931889763776
0
LINE
8
BLACK
6
CONTINUOUS
10
-4.2702514960629916
20
6.4271931889763776
11
-4.2702515748031491
21
6.4271929921259838
0
LINE
8
BLACK
6
CONTINUOUS
10
-4.2702515748031491
20
6.4271929921259838
11
-4.2722633464566933
21
6.4217993700787401
0
LINE
8
BLACK
6
CONTINUOUS
10
-4.2722633464566933
20
6.4217993700787401
11
-4.2722634251968499
21
6.4217990551181101
0
LINE
8
BLACK
6
CONTINUOUS
10
-4.2722634251968499
20
6.4217990551181101
11
-4.2725196850393701
21
6.4194153149606299
0
LINE
8
BLACK
6
CONTINUOUS
10
-4.2725196850393701
20
6.4194153149606299
11
-4.2725196850393701
21
6.3505846456692909
0
LINE
8
BLACK
6
CONTINUOUS
10
-3.9954005511811022
20
6.5379974015748026
11
-3.9954005511811022
21
6.6257930708661412
0
LINE
8
BLACK
6
CONTINUOUS
10
-3.9954005511811022
20
6.6257930708661412
11
-4.3305918110236217
21
6.6257930708661412
0
LINE
8
BLACK
6
CONTINUOUS
10
-4.3305918110236217
20
6.6257930708661412
11
-4.3305918110236217
21
6.5379974015748026
0
LINE
8
BLACK
6
CONTINUOUS
10
-4.3305918110236217
20
6.5379974015748026
11
-3.9954005511811022
21
6.5379974015748026
0
CIRCLE
8
BLACK
10
-3.3249999999999997
20
6.1699999999999999
40
0.0068897637795276
0
CIRCLE
8
BLACK
10
-3.3249999999999997
20
6.2699999999999996
40
0.0068897637795276
0
CIRCLE
8
BLACK
10
-3.3249999999999997
20
6.3700000000000001
40
0.0068897637795276
0
CIRCLE
8
BLACK
10
-3.4249999999999998
20
6.3700000000000001
40
0.0068897637795276
0
CIRCLE
8
BLACK
10
-3.4249999999999998
20
6.2699999999999996
40
0.0068897637795276
0
CIRCLE
8
BLACK
10
-3.4249999999999998
20
6.1699999999999999
40
0.0068897637795276
0
CIRCLE
8
BLACK
10
-3.3249999999999997
20
5.7999999999999998
40
0.0068897637795276
0
CIRCLE
8
BLACK
10
-3.3249999999999997
20
5.8999999999999995
40
0.0068897637795276
0
CIRCLE
8
BLACK
10
-3.3249999999999997
20
6.
40
0.0068897637795276
0
CIRCLE
8
BLACK
10
-3.4249999999999998
20
6.
40
0.0068897637795276
0
CIRCLE
8
BLACK
10
-3.4249999999999998
20
5.8999999999999995
40
0.0068897637795276
0
CIRCLE
8
BLACK
10
-3.4249999999999998
20
5.7999999999999998
40
0.0068897637795276
0
CIRCLE
8
BLACK
10
-4.1200000000000001
20
5.8849999999999998
40
0.0068897637795276
0
CIRCLE
8
BLACK
10
-4.1200000000000001
20
5.9849999999999994
40
0.0068897637795276
0
CIRCLE
8
BLACK
10
-4.1200000000000001
20
6.085
40
0.0068897637795276
0
CIRCLE
8
BLACK
10
-4.1200000000000001
20
6.1849999999999996
40
0.0068897637795276
0
CIRCLE
8
BLACK
10
-4.1200000000000001
20
6.2850000000000001
40
0.0068897637795276
0
CIRCLE
8
BLACK
10
-4.1200000000000001
20
6.3849999999999998
40
0.0068897637795276
0
CIRCLE
8
BLACK
10
-4.1200000000000001
20
6.4849999999999994
40
0.0068897637795276
0
CIRCLE
8
BLACK
10
-4.2199999999999998
20
6.4849999999999994
40
0.0068897637795276
0
CIRCLE
8
BLACK
10
-4.2199999999999998
20
6.3849999999999998
40
0.0068897637795276
0
CIRCLE
8
BLACK
10
-4.2199999999999998
20
6.2850000000000001
40
0.0068897637795276
0
CIRCLE
8
BLACK
10
-4.2199999999999998
20
6.1849999999999996
40
0.0068897637795276
0
CIRCLE
8
BLACK
10
-4.2199999999999998
20
6.085
40
0.0068897637795276
0
CIRCLE
8
BLACK
10
-4.2199999999999998
20
5.9849999999999994
40
0.0068897637795276
0
CIRCLE
8
BLACK
10
-4.2199999999999998
20
5.8849999999999998
40
0.0068897637795276
0
CIRCLE
8
BLACK
10
-3.5749999999999997
20
6.8300000000000001
40
0.0068897637795276
0
CIRCLE
8
BLACK
10
-3.6749999999999998
20
6.8300000000000001
40
0.0068897637795276
0
CIRCLE
8
BLACK
10
-3.7749999999999999
20
6.8300000000000001
40
0.0068897637795276
0
CIRCLE
8
BLACK
10
-3.875
20
6.8300000000000001
40
0.0068897637795276
0
CIRCLE
8
BLACK
10
-3.9750000000000001
20
6.8300000000000001
40
0.0068897637795276
0
CIRCLE
8
BLACK
10
-3.9750000000000001
20
6.7299999999999995
40
0.0068897637795276
0
CIRCLE
8
BLACK
10
-3.875
20
6.7299999999999995
40
0.0068897637795276
0
CIRCLE
8
BLACK
10
-3.7749999999999999
20
6.7299999999999995
40
0.0068897637795276
0
CIRCLE
8
BLACK
10
-3.6749999999999998
20
6.7299999999999995
40
0.0068897637795276
0
CIRCLE
8
BLACK
10
-3.5749999999999997
20
6.7299999999999995
40
0.0068897637795276
0
CIRCLE
8
BLACK
10
-3.375
20
5.5750000000000002
40
0.0068897637795276
0
CIRCLE
8
BLACK
10
-4.1749999999999998
20
6.7749999999999995
40
0.0068897637795276
0
CIRCLE
8
BLACK
10
-4.1749999999999998
20
5.5750000000000002
40
0.0068897637795276
0
CIRCLE
8
BLACK
10
-3.375
20
6.7749999999999995
40
0.0068897637795276
0
CIRCLE
8
BLACK
10
-3.7149999999999999
20
6.4749999999999996
40
0.0068897637795276
0
CIRCLE
8
BLACK
10
-3.6149999999999998
20
6.4749999999999996
40
0.0068897637795276
0
CIRCLE
8
BLACK
10
-3.8799999999999999
20
5.6299999999999999
40
0.0068897637795276
0
CIRCLE
8
BLACK
10
-3.8799999999999999
20
5.5300000000000002
40
0.0068897637795276
0
CIRCLE
8
BLACK
10
-3.7799999999999998
20
5.5300000000000002
40
0.0068897637795276
0
CIRCLE
8
BLACK
10
-3.7799999999999998
20
5.6299999999999999
40
0.0068897637795276
0
CIRCLE
8
BLACK
10
-3.4950000000000001
20
6.0449999999999999
40
0.0125
  0
ENDSEC
  0
EOF
