  0
SECTION
  2
HEADER
  9
$ANGBASE
  50
0.0
  9
$ANGDIR
  70
1
  9
$MEASUREMENT
  70
0
  0
ENDSEC
  0
SECTION
  2
TABLES
  0
TABLE
  2
LTYPE
  70
4
  0
LTYPE
  5
40F
  2
CONTINUOUS
  70
0
  3
Solid line
  72
65
  73
0
  40
0.0
  0
LTYPE
  5
410
  2
DASHDOT
 70
0
  3
Dash Dot ____ _ ____ _
 72
65
 73
4
 40
2.0
 49
1.25
 49
-0.25
 49
0.25
 49
-0.25
  0
LTYPE
  5
411
  2
DASHED
 70
0
  3
Dashed __ __ __ __ __
 72
65
 73
2
 40
0.75
 49
0.5
 49
-0.25
  0
LTYPE
  5
43B
  2
DOTTED
 70
0
  3
Dotted .  .  .  .
 72
65
 73
2
 40
0.2
 49
0.0
 49
-0.2
  0
ENDTAB
  0
TABLE
  2
STYLE
  70
4
  0
STYLE
  2
KICAD
  70
0
  40
0
  41
1
  42
1
  50
0
  71
0
  3
isocp.shx
  0
STYLE
  2
KICADB
  70
0
  40
0
  41
1
  42
1
  50
0
  71
0
  3
isocp.shx
  0
STYLE
  2
KICADI
  70
0
  40
0
  41
1
  42
1
  50
15
  71
0
  3
isocp.shx
  0
STYLE
  2
KICADBI
  70
0
  40
0
  41
1
  42
1
  50
15
  71
0
  3
isocp.shx
  0
ENDTAB
  0
TABLE
  2
LAYER
  70
1
  0
LAYER
  2
BLACK
  70
0
  62
7
  6
CONTINUOUS
  0
ENDTAB
  0
ENDSEC
  0
SECTION
  2
ENTITIES
0
LINE
8
BLACK
6
CONTINUOUS
10
-3.6356161023622047
20
5.6719442519685037
11
-3.6351441338582675
21
5.6705283858267714
0
LINE
8
BLACK
6
CONTINUOUS
10
-3.6351441338582675
20
5.6705283858267714
11
-3.6358116141732282
21
5.6691934645669289
0
LINE
8
BLACK
6
CONTINUOUS
10
-3.6358116141732282
20
5.6691934645669289
11
-3.6364725984251969
21
5.6688166929133859
0
LINE
8
BLACK
6
CONTINUOUS
10
-3.6364725984251969
20
5.6688166929133859
11
-3.6407678346456693
21
5.6673849212598428
0
LINE
8
BLACK
6
CONTINUOUS
10
-3.6407678346456693
20
5.6673849212598428
11
-3.6407678346456693
21
5.6608149606299207
0
LINE
8
BLACK
6
CONTINUOUS
10
-3.6407678346456693
20
5.6608149606299207
11
-3.6364725984251969
21
5.6593832283464565
0
LINE
8
BLACK
6
CONTINUOUS
10
-3.6364725984251969
20
5.6593832283464565
11
-3.6358116141732282
21
5.6590064566929135
0
LINE
8
BLACK
6
CONTINUOUS
10
-3.6358116141732282
20
5.6590064566929135
11
-3.6351441338582675
21
5.6576715354330709
0
LINE
8
BLACK
6
CONTINUOUS
10
-3.6351441338582675
20
5.6576715354330709
11
-3.6356161023622047
21
5.6562556692913386
0
LINE
8
BLACK
6
CONTINUOUS
10
-3.6356161023622047
20
5.6562556692913386
11
-3.6369510236220473
21
5.6555881889763775
0
LINE
8
BLACK
6
CONTINUOUS
10
-3.6369510236220473
20
5.6555881889763775
11
-3.6377058661417321
21
5.6556833858267712
0
LINE
8
BLACK
6
CONTINUOUS
10
-3.6377058661417321
20
5.6556833858267712
11
-3.6574059055118111
21
5.662250039370079
0
LINE
8
BLACK
6
CONTINUOUS
10
-3.6574059055118111
20
5.662250039370079
11
-3.6580668897637794
21
5.662626811023622
0
LINE
8
BLACK
6
CONTINUOUS
10
-3.6580668897637794
20
5.662626811023622
11
-3.6581320866141733
21
5.6627571259842515
0
LINE
8
BLACK
6
CONTINUOUS
10
-3.6581320866141733
20
5.6627571259842515
11
-3.6582624015748029
21
5.6628223228346455
0
LINE
8
BLACK
6
CONTINUOUS
10
-3.6582624015748029
20
5.6628223228346455
11
-3.6584579133858268
21
5.6634088188976373
0
LINE
8
BLACK
6
CONTINUOUS
10
-3.6584579133858268
20
5.6634088188976373
11
-3.65873437007874
21
5.6639617322834646
0
LINE
8
BLACK
6
CONTINUOUS
10
-3.65873437007874
20
5.6639617322834646
11
-3.6586883070866141
21
5.6640999606299207
0
LINE
8
BLACK
6
CONTINUOUS
10
-3.6586883070866141
20
5.6640999606299207
11
-3.65873437007874
21
5.6642381889763778
0
LINE
8
BLACK
6
CONTINUOUS
10
-3.65873437007874
20
5.6642381889763778
11
-3.6584579133858268
21
5.6647910629921254
0
LINE
8
BLACK
6
CONTINUOUS
10
-3.6584579133858268
20
5.6647910629921254
11
-3.6582624015748029
21
5.6653775984251968
0
LINE
8
BLACK
6
CONTINUOUS
10
-3.6582624015748029
20
5.6653775984251968
11
-3.6581320866141733
21
5.6654427559055121
0
LINE
8
BLACK
6
CONTINUOUS
10
-3.6581320866141733
20
5.6654427559055121
11
-3.6580668897637794
21
5.6655731102362203
0
LINE
8
BLACK
6
CONTINUOUS
10
-3.6580668897637794
20
5.6655731102362203
11
-3.6574059055118111
21
5.6659498818897633
0
LINE
8
BLACK
6
CONTINUOUS
10
-3.6574059055118111
20
5.6659498818897633
11
-3.6377058661417321
21
5.6725165354330711
0
LINE
8
BLACK
6
CONTINUOUS
10
-3.6377058661417321
20
5.6725165354330711
11
-3.6369510236220473
21
5.6726117322834648
0
LINE
8
BLACK
6
CONTINUOUS
10
-3.6369510236220473
20
5.6726117322834648
11
-3.6356161023622047
21
5.6719442519685037
0
LINE
8
BLACK
6
CONTINUOUS
10
-3.6506228346456693
20
5.6640999606299207
11
-3.6446678346456691
21
5.6621149606299213
0
LINE
8
BLACK
6
CONTINUOUS
10
-3.6446678346456691
20
5.6621149606299213
11
-3.6446678346456691
21
5.6660849212598423
0
LINE
8
BLACK
6
CONTINUOUS
10
-3.6446678346456691
20
5.6660849212598423
11
-3.6506228346456693
21
5.6640999606299207
0
LINE
8
BLACK
6
CONTINUOUS
10
-3.514139251968504
20
5.7129297637795275
11
-3.5120453149606297
21
5.7118827952755904
0
LINE
8
BLACK
6
CONTINUOUS
10
-3.5120453149606297
20
5.7118827952755904
11
-3.5105114173228347
21
5.710114212598425
0
LINE
8
BLACK
6
CONTINUOUS
10
-3.5105114173228347
20
5.710114212598425
11
-3.5097711417322834
21
5.7078932677165355
0
LINE
8
BLACK
6
CONTINUOUS
10
-3.5097711417322834
20
5.7078932677165355
11
-3.509937086614173
21
5.7055580708661413
0
LINE
8
BLACK
6
CONTINUOUS
10
-3.509937086614173
20
5.7055580708661413
11
-3.5103574409448819
21
5.7044595275590551
0
LINE
8
BLACK
6
CONTINUOUS
10
-3.5103574409448819
20
5.7044595275590551
11
-3.5132146062992127
21
5.6987452362204722
0
LINE
8
BLACK
6
CONTINUOUS
10
-3.5132146062992127
20
5.6987452362204722
11
-3.5135317716535432
21
5.6982414173228344
0
LINE
8
BLACK
6
CONTINUOUS
10
-3.5135317716535432
20
5.6982414173228344
11
-3.5135923622047245
21
5.6980951181102357
0
LINE
8
BLACK
6
CONTINUOUS
10
-3.5135923622047245
20
5.6980951181102357
11
-3.5137275984251968
21
5.6979303149606295
0
LINE
8
BLACK
6
CONTINUOUS
10
-3.5137275984251968
20
5.6979303149606295
11
-3.513841220472441
21
5.6977498425196851
0
LINE
8
BLACK
6
CONTINUOUS
10
-3.513841220472441
20
5.6977498425196851
11
-3.5139609448818896
21
5.6976459842519684
0
LINE
8
BLACK
6
CONTINUOUS
10
-3.5139609448818896
20
5.6976459842519684
11
-3.5143385433070864
21
5.6971859055118106
0
LINE
8
BLACK
6
CONTINUOUS
10
-3.5143385433070864
20
5.6971859055118106
11
-3.5155244881889764
21
5.695999960629921
0
LINE
8
BLACK
6
CONTINUOUS
10
-3.5155244881889764
20
5.695999960629921
11
-3.4788668897637796
21
5.695999960629921
0
LINE
8
BLACK
6
CONTINUOUS
10
-3.4788668897637796
20
5.695999960629921
11
-3.4788668897637796
21
5.7071428346456692
0
LINE
8
BLACK
6
CONTINUOUS
10
-3.4788668897637796
20
5.7071428346456692
11
-3.4787516141732282
21
5.7083133858267718
0
LINE
8
BLACK
6
CONTINUOUS
10
-3.4787516141732282
20
5.7083133858267718
11
-3.477855708661417
21
5.7104762598425198
0
LINE
8
BLACK
6
CONTINUOUS
10
-3.477855708661417
20
5.7104762598425198
11
-3.47620031496063
21
5.7121316535433069
0
LINE
8
BLACK
6
CONTINUOUS
10
-3.47620031496063
20
5.7121316535433069
11
-3.474037440944882
21
5.7130275590551181
0
LINE
8
BLACK
6
CONTINUOUS
10
-3.474037440944882
20
5.7130275590551181
11
-3.4716963385826771
21
5.7130275590551181
0
LINE
8
BLACK
6
CONTINUOUS
10
-3.4716963385826771
20
5.7130275590551181
11
-3.4695334645669291
21
5.7121316535433069
0
LINE
8
BLACK
6
CONTINUOUS
10
-3.4695334645669291
20
5.7121316535433069
11
-3.4678780708661416
21
5.7104762598425198
0
LINE
8
BLACK
6
CONTINUOUS
10
-3.4678780708661416
20
5.7104762598425198
11
-3.4669821653543305
21
5.7083133858267718
0
LINE
8
BLACK
6
CONTINUOUS
10
-3.4669821653543305
20
5.7083133858267718
11
-3.4668668897637795
21
5.7071428346456692
0
LINE
8
BLACK
6
CONTINUOUS
10
-3.4668668897637795
20
5.7071428346456692
11
-3.4668668897637795
21
5.672857125984252
0
LINE
8
BLACK
6
CONTINUOUS
10
-3.4668668897637795
20
5.672857125984252
11
-3.4669821653543305
21
5.6716865748031493
0
LINE
8
BLACK
6
CONTINUOUS
10
-3.4669821653543305
20
5.6716865748031493
11
-3.4678780708661416
21
5.6695237007874013
0
LINE
8
BLACK
6
CONTINUOUS
10
-3.4678780708661416
20
5.6695237007874013
11
-3.4695334645669291
21
5.6678683070866143
0
LINE
8
BLACK
6
CONTINUOUS
10
-3.4695334645669291
20
5.6678683070866143
11
-3.4716963385826771
21
5.6669724015748031
0
LINE
8
BLACK
6
CONTINUOUS
10
-3.4716963385826771
20
5.6669724015748031
11
-3.474037440944882
21
5.6669724015748031
0
LINE
8
BLACK
6
CONTINUOUS
10
-3.474037440944882
20
5.6669724015748031
11
-3.47620031496063
21
5.6678683070866143
0
LINE
8
BLACK
6
CONTINUOUS
10
-3.47620031496063
20
5.6678683070866143
11
-3.477855708661417
21
5.6695237007874013
0
LINE
8
BLACK
6
CONTINUOUS
10
-3.477855708661417
20
5.6695237007874013
11
-3.4787516141732282
21
5.6716865748031493
0
LINE
8
BLACK
6
CONTINUOUS
10
-3.4787516141732282
20
5.6716865748031493
11
-3.4788668897637796
21
5.672857125984252
0
LINE
8
BLACK
6
CONTINUOUS
10
-3.4788668897637796
20
5.672857125984252
11
-3.4788668897637796
21
5.6839999606299214
0
LINE
8
BLACK
6
CONTINUOUS
10
-3.4788668897637796
20
5.6839999606299214
11
-3.5328668897637794
21
5.6839999606299214
0
LINE
8
BLACK
6
CONTINUOUS
10
-3.5328668897637794
20
5.6839999606299214
11
-3.5328711023622046
21
5.6840003543307089
0
LINE
8
BLACK
6
CONTINUOUS
10
-3.5328711023622046
20
5.6840003543307089
11
-3.5328731496062993
21
5.6839999606299214
0
LINE
8
BLACK
6
CONTINUOUS
10
-3.5328731496062993
20
5.6839999606299214
11
-3.5328792519685037
21
5.6840011417322831
0
LINE
8
BLACK
6
CONTINUOUS
10
-3.5328792519685037
20
5.6840011417322831
11
-3.5340374409448816
21
5.6841152362204719
0
LINE
8
BLACK
6
CONTINUOUS
10
-3.5340374409448816
20
5.6841152362204719
11
-3.5345863779527558
21
5.6843425984251965
0
LINE
8
BLACK
6
CONTINUOUS
10
-3.5345863779527558
20
5.6843425984251965
11
-3.535168779527559
21
5.6844590944881892
0
LINE
8
BLACK
6
CONTINUOUS
10
-3.535168779527559
20
5.6844590944881892
11
-3.5356572047244095
21
5.6847861417322836
0
LINE
8
BLACK
6
CONTINUOUS
10
-3.5356572047244095
20
5.6847861417322836
11
-3.53620031496063
21
5.6850111417322831
0
LINE
8
BLACK
6
CONTINUOUS
10
-3.53620031496063
20
5.6850111417322831
11
-3.5366203543307084
21
5.6854311417322831
0
LINE
8
BLACK
6
CONTINUOUS
10
-3.5366203543307084
20
5.6854311417322831
11
-3.5371139763779529
21
5.6857617322834644
0
LINE
8
BLACK
6
CONTINUOUS
10
-3.5371139763779529
20
5.6857617322834644
11
-3.5374401574803147
21
5.6862509448818894
0
LINE
8
BLACK
6
CONTINUOUS
10
-3.5374401574803147
20
5.6862509448818894
11
-3.5378557086614171
21
5.686666535433071
0
LINE
8
BLACK
6
CONTINUOUS
10
-3.5378557086614171
20
5.686666535433071
11
-3.538083031496063
21
5.6872152362204726
0
LINE
8
BLACK
6
CONTINUOUS
10
-3.538083031496063
20
5.6872152362204726
11
-3.5384125984251966
21
5.6877096456692913
0
LINE
8
BLACK
6
CONTINUOUS
10
-3.5384125984251966
20
5.6877096456692913
11
-3.5385266929133858
21
5.6882863779527559
0
LINE
8
BLACK
6
CONTINUOUS
10
-3.5385266929133858
20
5.6882863779527559
11
-3.5387516141732283
21
5.688829409448819
0
LINE
8
BLACK
6
CONTINUOUS
10
-3.5387516141732283
20
5.688829409448819
11
-3.5387516141732283
21
5.6894234645669286
0
LINE
8
BLACK
6
CONTINUOUS
10
-3.5387516141732283
20
5.6894234645669286
11
-3.5388668897637796
21
5.6900062204724406
0
LINE
8
BLACK
6
CONTINUOUS
10
-3.5388668897637796
20
5.6900062204724406
11
-3.5387516141732283
21
5.6905825590551178
0
LINE
8
BLACK
6
CONTINUOUS
10
-3.5387516141732283
20
5.6905825590551178
11
-3.5387516141732283
21
5.6911705118110234
0
LINE
8
BLACK
6
CONTINUOUS
10
-3.5387516141732283
20
5.6911705118110234
11
-3.5385242519685041
21
5.6917194094488188
0
LINE
8
BLACK
6
CONTINUOUS
10
-3.5385242519685041
20
5.6917194094488188
11
-3.5384077559055118
21
5.6923018503937008
0
LINE
8
BLACK
6
CONTINUOUS
10
-3.5384077559055118
20
5.6923018503937008
11
-3.5380807086614174
21
5.6927902362204721
0
LINE
8
BLACK
6
CONTINUOUS
10
-3.5380807086614174
20
5.6927902362204721
11
-3.5378557086614171
21
5.6933333858267714
0
LINE
8
BLACK
6
CONTINUOUS
10
-3.5378557086614171
20
5.6933333858267714
11
-3.5374357086614174
21
5.6937533858267715
0
LINE
8
BLACK
6
CONTINUOUS
10
-3.5374357086614174
20
5.6937533858267715
11
-3.5371051181102362
21
5.6942470472440947
0
LINE
8
BLACK
6
CONTINUOUS
10
-3.5371051181102362
20
5.6942470472440947
11
-3.5362048818897636
21
5.6949842125984249
0
LINE
8
BLACK
6
CONTINUOUS
10
-3.5362048818897636
20
5.6949842125984249
11
-3.53620031496063
21
5.6949887795275593
0
LINE
8
BLACK
6
CONTINUOUS
10
-3.53620031496063
20
5.6949887795275593
11
-3.5361983070866141
21
5.6949896062992122
0
LINE
8
BLACK
6
CONTINUOUS
10
-3.5361983070866141
20
5.6949896062992122
11
-3.5361950787401573
21
5.6949922440944878
0
LINE
8
BLACK
6
CONTINUOUS
10
-3.5361950787401573
20
5.6949922440944878
11
-3.5281181102362202
21
5.7003768897637794
0
LINE
8
BLACK
6
CONTINUOUS
10
-3.5281181102362202
20
5.7003768897637794
11
-3.5235123622047242
21
5.7049826377952755
0
LINE
8
BLACK
6
CONTINUOUS
10
-3.5235123622047242
20
5.7049826377952755
11
-3.5210905905511809
21
5.7098261417322833
0
LINE
8
BLACK
6
CONTINUOUS
10
-3.5210905905511809
20
5.7098261417322833
11
-3.5204639763779526
21
5.7108215354330705
0
LINE
8
BLACK
6
CONTINUOUS
10
-3.5204639763779526
20
5.7108215354330705
11
-3.5186953937007872
21
5.7123554330708659
0
LINE
8
BLACK
6
CONTINUOUS
10
-3.5186953937007872
20
5.7123554330708659
11
-3.5164744488188977
21
5.7130957086614176
0
LINE
8
BLACK
6
CONTINUOUS
10
-3.5164744488188977
20
5.7130957086614176
11
-3.514139251968504
21
5.7129297637795275
0
LINE
8
BLACK
6
CONTINUOUS
10
-3.879423937007874
20
5.7678960236220469
11
-3.8783595275590552
21
5.7674551181102363
0
LINE
8
BLACK
6
CONTINUOUS
10
-3.8783595275590552
20
5.7674551181102363
11
-3.8775448818897638
21
5.7666404724409448
0
LINE
8
BLACK
6
CONTINUOUS
10
-3.8775448818897638
20
5.7666404724409448
11
-3.8771039763779527
21
5.7655760629921256
0
LINE
8
BLACK
6
CONTINUOUS
10
-3.8771039763779527
20
5.7655760629921256
11
-3.8770472440944883
21
5.7649999999999997
0
LINE
8
BLACK
6
CONTINUOUS
10
-3.8770472440944883
20
5.7649999999999997
11
-3.8770472440944883
21
5.7125946062992128
0
LINE
8
BLACK
6
CONTINUOUS
10
-3.8770472440944883
20
5.7125946062992128
11
-3.8765514960629921
21
5.7127999606299209
0
LINE
8
BLACK
6
CONTINUOUS
10
-3.8765514960629921
20
5.7127999606299209
11
-3.8734485039370079
21
5.7127999606299209
0
LINE
8
BLACK
6
CONTINUOUS
10
-3.8734485039370079
20
5.7127999606299209
11
-3.8705816929133858
21
5.7116124803149608
0
LINE
8
BLACK
6
CONTINUOUS
10
-3.8705816929133858
20
5.7116124803149608
11
-3.8683875196850392
21
5.7094183070866142
0
LINE
8
BLACK
6
CONTINUOUS
10
-3.8683875196850392
20
5.7094183070866142
11
-3.8672000393700787
21
5.7065514960629917
0
LINE
8
BLACK
6
CONTINUOUS
10
-3.8672000393700787
20
5.7065514960629917
11
-3.8672000393700787
21
5.7034485039370075
0
LINE
8
BLACK
6
CONTINUOUS
10
-3.8672000393700787
20
5.7034485039370075
11
-3.8683875196850392
21
5.7005816929133859
0
LINE
8
BLACK
6
CONTINUOUS
10
-3.8683875196850392
20
5.7005816929133859
11
-3.8705816929133858
21
5.6983875196850393
0
LINE
8
BLACK
6
CONTINUOUS
10
-3.8705816929133858
20
5.6983875196850393
11
-3.8734485039370079
21
5.6972000393700784
0
LINE
8
BLACK
6
CONTINUOUS
10
-3.8734485039370079
20
5.6972000393700784
11
-3.8765514960629921
21
5.6972000393700784
0
LINE
8
BLACK
6
CONTINUOUS
10
-3.8765514960629921
20
5.6972000393700784
11
-3.8794183070866142
21
5.6983875196850393
0
LINE
8
BLACK
6
CONTINUOUS
10
-3.8794183070866142
20
5.6983875196850393
11
-3.8816124803149608
21
5.7005816929133859
0
LINE
8
BLACK
6
CONTINUOUS
10
-3.8816124803149608
20
5.7005816929133859
11
-3.8822195275590552
21
5.702047244094488
0
LINE
8
BLACK
6
CONTINUOUS
10
-3.8822195275590552
20
5.702047244094488
11
-3.9199999999999999
21
5.702047244094488
0
LINE
8
BLACK
6
CONTINUOUS
10
-3.9199999999999999
20
5.702047244094488
11
-3.9205760629921258
21
5.7021039763779529
0
LINE
8
BLACK
6
CONTINUOUS
10
-3.9205760629921258
20
5.7021039763779529
11
-3.9216404724409446
21
5.7025448818897635
0
LINE
8
BLACK
6
CONTINUOUS
10
-3.9216404724409446
20
5.7025448818897635
11
-3.9224551181102361
21
5.703359527559055
0
LINE
8
BLACK
6
CONTINUOUS
10
-3.9224551181102361
20
5.703359527559055
11
-3.9228960236220471
21
5.7044239370078742
0
LINE
8
BLACK
6
CONTINUOUS
10
-3.9228960236220471
20
5.7044239370078742
11
-3.9228960236220471
21
5.7055760629921259
0
LINE
8
BLACK
6
CONTINUOUS
10
-3.9228960236220471
20
5.7055760629921259
11
-3.9224551181102361
21
5.7066404724409452
0
LINE
8
BLACK
6
CONTINUOUS
10
-3.9224551181102361
20
5.7066404724409452
11
-3.9216404724409446
21
5.7074551181102358
0
LINE
8
BLACK
6
CONTINUOUS
10
-3.9216404724409446
20
5.7074551181102358
11
-3.9205760629921258
21
5.7078960236220473
0
LINE
8
BLACK
6
CONTINUOUS
10
-3.9205760629921258
20
5.7078960236220473
11
-3.9199999999999999
21
5.7079527559055121
0
LINE
8
BLACK
6
CONTINUOUS
10
-3.9199999999999999
20
5.7079527559055121
11
-3.8829527559055119
21
5.7079527559055121
0
LINE
8
BLACK
6
CONTINUOUS
10
-3.8829527559055119
20
5.7079527559055121
11
-3.8829527559055119
21
5.7620472440944877
0
LINE
8
BLACK
6
CONTINUOUS
10
-3.8829527559055119
20
5.7620472440944877
11
-3.9199999999999999
21
5.7620472440944877
0
LINE
8
BLACK
6
CONTINUOUS
10
-3.9199999999999999
20
5.7620472440944877
11
-3.9205760629921258
21
5.7621039763779525
0
LINE
8
BLACK
6
CONTINUOUS
10
-3.9205760629921258
20
5.7621039763779525
11
-3.9216404724409446
21
5.762544881889764
0
LINE
8
BLACK
6
CONTINUOUS
10
-3.9216404724409446
20
5.762544881889764
11
-3.9224551181102361
21
5.7633595275590546
0
LINE
8
BLACK
6
CONTINUOUS
10
-3.9224551181102361
20
5.7633595275590546
11
-3.9228960236220471
21
5.7644239370078738
0
LINE
8
BLACK
6
CONTINUOUS
10
-3.9228960236220471
20
5.7644239370078738
11
-3.9228960236220471
21
5.7655760629921256
0
LINE
8
BLACK
6
CONTINUOUS
10
-3.9228960236220471
20
5.7655760629921256
11
-3.9224551181102361
21
5.7666404724409448
0
LINE
8
BLACK
6
CONTINUOUS
10
-3.9224551181102361
20
5.7666404724409448
11
-3.9216404724409446
21
5.7674551181102363
0
LINE
8
BLACK
6
CONTINUOUS
10
-3.9216404724409446
20
5.7674551181102363
11
-3.9205760629921258
21
5.7678960236220469
0
LINE
8
BLACK
6
CONTINUOUS
10
-3.9205760629921258
20
5.7678960236220469
11
-3.9199999999999999
21
5.7679527559055117
0
LINE
8
BLACK
6
CONTINUOUS
10
-3.9199999999999999
20
5.7679527559055117
11
-3.8799999999999999
21
5.7679527559055117
0
LINE
8
BLACK
6
CONTINUOUS
10
-3.8799999999999999
20
5.7679527559055117
11
-3.879423937007874
21
5.7678960236220469
0
LINE
8
BLACK
6
CONTINUOUS
10
-3.8770472440944883
20
5.7058479921259844
11
-3.8770472440944883
21
5.7041520078740158
0
LINE
8
BLACK
6
CONTINUOUS
10
-3.8770472440944883
20
5.7041520078740158
11
-3.8758479921259843
21
5.7029527559055113
0
LINE
8
BLACK
6
CONTINUOUS
10
-3.8758479921259843
20
5.7029527559055113
11
-3.8741520078740157
21
5.7029527559055113
0
LINE
8
BLACK
6
CONTINUOUS
10
-3.8741520078740157
20
5.7029527559055113
11
-3.8729527559055117
21
5.7041520078740158
0
LINE
8
BLACK
6
CONTINUOUS
10
-3.8729527559055117
20
5.7041520078740158
11
-3.8729527559055117
21
5.7058479921259844
0
LINE
8
BLACK
6
CONTINUOUS
10
-3.8729527559055117
20
5.7058479921259844
11
-3.8741520078740157
21
5.7070472440944879
0
LINE
8
BLACK
6
CONTINUOUS
10
-3.8741520078740157
20
5.7070472440944879
11
-3.8758479921259843
21
5.7070472440944879
0
LINE
8
BLACK
6
CONTINUOUS
10
-3.8758479921259843
20
5.7070472440944879
11
-3.8770472440944883
21
5.7058479921259844
0
LINE
8
BLACK
6
CONTINUOUS
10
-3.9594239370078741
20
5.7678960236220469
11
-3.9583595275590548
21
5.7674551181102363
0
LINE
8
BLACK
6
CONTINUOUS
10
-3.9583595275590548
20
5.7674551181102363
11
-3.9575448818897638
21
5.7666404724409448
0
LINE
8
BLACK
6
CONTINUOUS
10
-3.9575448818897638
20
5.7666404724409448
11
-3.9571039763779527
21
5.7655760629921256
0
LINE
8
BLACK
6
CONTINUOUS
10
-3.9571039763779527
20
5.7655760629921256
11
-3.9571039763779527
21
5.7644239370078738
0
LINE
8
BLACK
6
CONTINUOUS
10
-3.9571039763779527
20
5.7644239370078738
11
-3.9575448818897638
21
5.7633595275590546
0
LINE
8
BLACK
6
CONTINUOUS
10
-3.9575448818897638
20
5.7633595275590546
11
-3.9583595275590548
21
5.762544881889764
0
LINE
8
BLACK
6
CONTINUOUS
10
-3.9583595275590548
20
5.762544881889764
11
-3.9594239370078741
21
5.7621039763779525
0
LINE
8
BLACK
6
CONTINUOUS
10
-3.9594239370078741
20
5.7621039763779525
11
-3.96
21
5.7620472440944877
0
LINE
8
BLACK
6
CONTINUOUS
10
-3.96
20
5.7620472440944877
11
-3.997047244094488
21
5.7620472440944877
0
LINE
8
BLACK
6
CONTINUOUS
10
-3.997047244094488
20
5.7620472440944877
11
-3.997047244094488
21
5.7079527559055121
0
LINE
8
BLACK
6
CONTINUOUS
10
-3.997047244094488
20
5.7079527559055121
11
-3.96
21
5.7079527559055121
0
LINE
8
BLACK
6
CONTINUOUS
10
-3.96
20
5.7079527559055121
11
-3.9594239370078741
21
5.7078960236220473
0
LINE
8
BLACK
6
CONTINUOUS
10
-3.9594239370078741
20
5.7078960236220473
11
-3.9583595275590548
21
5.7074551181102358
0
LINE
8
BLACK
6
CONTINUOUS
10
-3.9583595275590548
20
5.7074551181102358
11
-3.9575448818897638
21
5.7066404724409452
0
LINE
8
BLACK
6
CONTINUOUS
10
-3.9575448818897638
20
5.7066404724409452
11
-3.9571039763779527
21
5.7055760629921259
0
LINE
8
BLACK
6
CONTINUOUS
10
-3.9571039763779527
20
5.7055760629921259
11
-3.9571039763779527
21
5.7044239370078742
0
LINE
8
BLACK
6
CONTINUOUS
10
-3.9571039763779527
20
5.7044239370078742
11
-3.9575448818897638
21
5.703359527559055
0
LINE
8
BLACK
6
CONTINUOUS
10
-3.9575448818897638
20
5.703359527559055
11
-3.9583595275590548
21
5.7025448818897635
0
LINE
8
BLACK
6
CONTINUOUS
10
-3.9583595275590548
20
5.7025448818897635
11
-3.9594239370078741
21
5.7021039763779529
0
LINE
8
BLACK
6
CONTINUOUS
10
-3.9594239370078741
20
5.7021039763779529
11
-3.96
21
5.702047244094488
0
LINE
8
BLACK
6
CONTINUOUS
10
-3.96
20
5.702047244094488
11
-4.
21
5.702047244094488
0
LINE
8
BLACK
6
CONTINUOUS
10
-4.
20
5.702047244094488
11
-4.0005760629921259
21
5.7021039763779529
0
LINE
8
BLACK
6
CONTINUOUS
10
-4.0005760629921259
20
5.7021039763779529
11
-4.0016404724409451
21
5.7025448818897635
0
LINE
8
BLACK
6
CONTINUOUS
10
-4.0016404724409451
20
5.7025448818897635
11
-4.0024551181102357
21
5.703359527559055
0
LINE
8
BLACK
6
CONTINUOUS
10
-4.0024551181102357
20
5.703359527559055
11
-4.0028960236220472
21
5.7044239370078742
0
LINE
8
BLACK
6
CONTINUOUS
10
-4.0028960236220472
20
5.7044239370078742
11
-4.002952755905512
21
5.7050000000000001
0
LINE
8
BLACK
6
CONTINUOUS
10
-4.002952755905512
20
5.7050000000000001
11
-4.002952755905512
21
5.7649999999999997
0
LINE
8
BLACK
6
CONTINUOUS
10
-4.002952755905512
20
5.7649999999999997
11
-4.0028960236220472
21
5.7655760629921256
0
LINE
8
BLACK
6
CONTINUOUS
10
-4.0028960236220472
20
5.7655760629921256
11
-4.0024551181102357
21
5.7666404724409448
0
LINE
8
BLACK
6
CONTINUOUS
10
-4.0024551181102357
20
5.7666404724409448
11
-4.0016404724409451
21
5.7674551181102363
0
LINE
8
BLACK
6
CONTINUOUS
10
-4.0016404724409451
20
5.7674551181102363
11
-4.0005760629921259
21
5.7678960236220469
0
LINE
8
BLACK
6
CONTINUOUS
10
-4.0005760629921259
20
5.7678960236220469
11
-4.
21
5.7679527559055117
0
LINE
8
BLACK
6
CONTINUOUS
10
-4.
20
5.7679527559055117
11
-3.96
21
5.7679527559055117
0
LINE
8
BLACK
6
CONTINUOUS
10
-3.96
20
5.7679527559055117
11
-3.9594239370078741
21
5.7678960236220469
0
LINE
8
BLACK
6
CONTINUOUS
10
-3.8005816929133855
20
5.7716124803149604
11
-3.7983875196850394
21
5.7694183070866139
0
LINE
8
BLACK
6
CONTINUOUS
10
-3.7983875196850394
20
5.7694183070866139
11
-3.797780472440945
21
5.7679527559055117
0
LINE
8
BLACK
6
CONTINUOUS
10
-3.797780472440945
20
5.7679527559055117
11
-3.7599999999999998
21
5.7679527559055117
0
LINE
8
BLACK
6
CONTINUOUS
10
-3.7599999999999998
20
5.7679527559055117
11
-3.7594239370078739
21
5.7678960236220469
0
LINE
8
BLACK
6
CONTINUOUS
10
-3.7594239370078739
20
5.7678960236220469
11
-3.7583595275590551
21
5.7674551181102363
0
LINE
8
BLACK
6
CONTINUOUS
10
-3.7583595275590551
20
5.7674551181102363
11
-3.7575448818897637
21
5.7666404724409448
0
LINE
8
BLACK
6
CONTINUOUS
10
-3.7575448818897637
20
5.7666404724409448
11
-3.7571039763779526
21
5.7655760629921256
0
LINE
8
BLACK
6
CONTINUOUS
10
-3.7571039763779526
20
5.7655760629921256
11
-3.7571039763779526
21
5.7644239370078738
0
LINE
8
BLACK
6
CONTINUOUS
10
-3.7571039763779526
20
5.7644239370078738
11
-3.7575448818897637
21
5.7633595275590546
0
LINE
8
BLACK
6
CONTINUOUS
10
-3.7575448818897637
20
5.7633595275590546
11
-3.7583595275590551
21
5.762544881889764
0
LINE
8
BLACK
6
CONTINUOUS
10
-3.7583595275590551
20
5.762544881889764
11
-3.7594239370078739
21
5.7621039763779525
0
LINE
8
BLACK
6
CONTINUOUS
10
-3.7594239370078739
20
5.7621039763779525
11
-3.7599999999999998
21
5.7620472440944877
0
LINE
8
BLACK
6
CONTINUOUS
10
-3.7599999999999998
20
5.7620472440944877
11
-3.7970472440944882
21
5.7620472440944877
0
LINE
8
BLACK
6
CONTINUOUS
10
-3.7970472440944882
20
5.7620472440944877
11
-3.7970472440944882
21
5.7079527559055121
0
LINE
8
BLACK
6
CONTINUOUS
10
-3.7970472440944882
20
5.7079527559055121
11
-3.7599999999999998
21
5.7079527559055121
0
LINE
8
BLACK
6
CONTINUOUS
10
-3.7599999999999998
20
5.7079527559055121
11
-3.7594239370078739
21
5.7078960236220473
0
LINE
8
BLACK
6
CONTINUOUS
10
-3.7594239370078739
20
5.7078960236220473
11
-3.7583595275590551
21
5.7074551181102358
0
LINE
8
BLACK
6
CONTINUOUS
10
-3.7583595275590551
20
5.7074551181102358
11
-3.7575448818897637
21
5.7066404724409452
0
LINE
8
BLACK
6
CONTINUOUS
10
-3.7575448818897637
20
5.7066404724409452
11
-3.7571039763779526
21
5.7055760629921259
0
LINE
8
BLACK
6
CONTINUOUS
10
-3.7571039763779526
20
5.7055760629921259
11
-3.7571039763779526
21
5.7044239370078742
0
LINE
8
BLACK
6
CONTINUOUS
10
-3.7571039763779526
20
5.7044239370078742
11
-3.7575448818897637
21
5.703359527559055
0
LINE
8
BLACK
6
CONTINUOUS
10
-3.7575448818897637
20
5.703359527559055
11
-3.7583595275590551
21
5.7025448818897635
0
LINE
8
BLACK
6
CONTINUOUS
10
-3.7583595275590551
20
5.7025448818897635
11
-3.7594239370078739
21
5.7021039763779529
0
LINE
8
BLACK
6
CONTINUOUS
10
-3.7594239370078739
20
5.7021039763779529
11
-3.7599999999999998
21
5.702047244094488
0
LINE
8
BLACK
6
CONTINUOUS
10
-3.7599999999999998
20
5.702047244094488
11
-3.7999999999999998
21
5.702047244094488
0
LINE
8
BLACK
6
CONTINUOUS
10
-3.7999999999999998
20
5.702047244094488
11
-3.8005760629921257
21
5.7021039763779529
0
LINE
8
BLACK
6
CONTINUOUS
10
-3.8005760629921257
20
5.7021039763779529
11
-3.8016404724409449
21
5.7025448818897635
0
LINE
8
BLACK
6
CONTINUOUS
10
-3.8016404724409449
20
5.7025448818897635
11
-3.802455118110236
21
5.703359527559055
0
LINE
8
BLACK
6
CONTINUOUS
10
-3.802455118110236
20
5.703359527559055
11
-3.802896023622047
21
5.7044239370078742
0
LINE
8
BLACK
6
CONTINUOUS
10
-3.802896023622047
20
5.7044239370078742
11
-3.8029527559055119
21
5.7050000000000001
0
LINE
8
BLACK
6
CONTINUOUS
10
-3.8029527559055119
20
5.7050000000000001
11
-3.8029527559055119
21
5.7574053543307082
0
LINE
8
BLACK
6
CONTINUOUS
10
-3.8029527559055119
20
5.7574053543307082
11
-3.8034485039370076
21
5.7572000393700788
0
LINE
8
BLACK
6
CONTINUOUS
10
-3.8034485039370076
20
5.7572000393700788
11
-3.8065514960629923
21
5.7572000393700788
0
LINE
8
BLACK
6
CONTINUOUS
10
-3.8065514960629923
20
5.7572000393700788
11
-3.8094183070866139
21
5.7583875196850389
0
LINE
8
BLACK
6
CONTINUOUS
10
-3.8094183070866139
20
5.7583875196850389
11
-3.8116124803149605
21
5.7605816929133855
0
LINE
8
BLACK
6
CONTINUOUS
10
-3.8116124803149605
20
5.7605816929133855
11
-3.812799960629921
21
5.763448503937008
0
LINE
8
BLACK
6
CONTINUOUS
10
-3.812799960629921
20
5.763448503937008
11
-3.812799960629921
21
5.765847992125984
0
LINE
8
BLACK
6
CONTINUOUS
10
-3.812799960629921
20
5.765847992125984
11
-3.812799960629921
21
5.7665514960629922
0
LINE
8
BLACK
6
CONTINUOUS
10
-3.812799960629921
20
5.7665514960629922
11
-3.8116124803149605
21
5.7694183070866139
0
LINE
8
BLACK
6
CONTINUOUS
10
-3.8116124803149605
20
5.7694183070866139
11
-3.8094183070866139
21
5.7716124803149604
0
LINE
8
BLACK
6
CONTINUOUS
10
-3.8094183070866139
20
5.7716124803149604
11
-3.8065514960629923
21
5.7727999606299214
0
LINE
8
BLACK
6
CONTINUOUS
10
-3.8065514960629923
20
5.7727999606299214
11
-3.8034485039370076
21
5.7727999606299214
0
LINE
8
BLACK
6
CONTINUOUS
10
-3.8034485039370076
20
5.7727999606299214
11
-3.8005816929133855
21
5.7716124803149604
0
LINE
8
BLACK
6
CONTINUOUS
10
-3.807047244094488
20
5.7641520078740154
11
-3.805847992125984
21
5.7629527559055118
0
LINE
8
BLACK
6
CONTINUOUS
10
-3.805847992125984
20
5.7629527559055118
11
-3.8041520078740159
21
5.7629527559055118
0
LINE
8
BLACK
6
CONTINUOUS
10
-3.8041520078740159
20
5.7629527559055118
11
-3.8029527559055119
21
5.7641520078740154
0
LINE
8
BLACK
6
CONTINUOUS
10
-3.8029527559055119
20
5.7641520078740154
11
-3.8029527559055119
21
5.765847992125984
0
LINE
8
BLACK
6
CONTINUOUS
10
-3.8029527559055119
20
5.765847992125984
11
-3.8041520078740159
21
5.7670472440944884
0
LINE
8
BLACK
6
CONTINUOUS
10
-3.8041520078740159
20
5.7670472440944884
11
-3.805847992125984
21
5.7670472440944884
0
LINE
8
BLACK
6
CONTINUOUS
10
-3.805847992125984
20
5.7670472440944884
11
-3.807047244094488
21
5.765847992125984
0
LINE
8
BLACK
6
CONTINUOUS
10
-3.807047244094488
20
5.765847992125984
11
-3.807047244094488
21
5.7641520078740154
0
LINE
8
BLACK
6
CONTINUOUS
10
-3.6794239370078738
20
5.7678960236220469
11
-3.678359527559055
21
5.7674551181102363
0
LINE
8
BLACK
6
CONTINUOUS
10
-3.678359527559055
20
5.7674551181102363
11
-3.6775448818897636
21
5.7666404724409448
0
LINE
8
BLACK
6
CONTINUOUS
10
-3.6775448818897636
20
5.7666404724409448
11
-3.6771039763779525
21
5.7655760629921256
0
LINE
8
BLACK
6
CONTINUOUS
10
-3.6771039763779525
20
5.7655760629921256
11
-3.6770472440944881
21
5.7649999999999997
0
LINE
8
BLACK
6
CONTINUOUS
10
-3.6770472440944881
20
5.7649999999999997
11
-3.6770472440944881
21
5.7050000000000001
0
LINE
8
BLACK
6
CONTINUOUS
10
-3.6770472440944881
20
5.7050000000000001
11
-3.6771039763779525
21
5.7044239370078742
0
LINE
8
BLACK
6
CONTINUOUS
10
-3.6771039763779525
20
5.7044239370078742
11
-3.6775448818897636
21
5.703359527559055
0
LINE
8
BLACK
6
CONTINUOUS
10
-3.6775448818897636
20
5.703359527559055
11
-3.678359527559055
21
5.7025448818897635
0
LINE
8
BLACK
6
CONTINUOUS
10
-3.678359527559055
20
5.7025448818897635
11
-3.6794239370078738
21
5.7021039763779529
0
LINE
8
BLACK
6
CONTINUOUS
10
-3.6794239370078738
20
5.7021039763779529
11
-3.6799999999999997
21
5.702047244094488
0
LINE
8
BLACK
6
CONTINUOUS
10
-3.6799999999999997
20
5.702047244094488
11
-3.7199999999999998
21
5.702047244094488
0
LINE
8
BLACK
6
CONTINUOUS
10
-3.7199999999999998
20
5.702047244094488
11
-3.7205760629921261
21
5.7021039763779529
0
LINE
8
BLACK
6
CONTINUOUS
10
-3.7205760629921261
20
5.7021039763779529
11
-3.7216404724409449
21
5.7025448818897635
0
LINE
8
BLACK
6
CONTINUOUS
10
-3.7216404724409449
20
5.7025448818897635
11
-3.7224551181102363
21
5.703359527559055
0
LINE
8
BLACK
6
CONTINUOUS
10
-3.7224551181102363
20
5.703359527559055
11
-3.722896023622047
21
5.7044239370078742
0
LINE
8
BLACK
6
CONTINUOUS
10
-3.722896023622047
20
5.7044239370078742
11
-3.722896023622047
21
5.7055760629921259
0
LINE
8
BLACK
6
CONTINUOUS
10
-3.722896023622047
20
5.7055760629921259
11
-3.7224551181102363
21
5.7066404724409452
0
LINE
8
BLACK
6
CONTINUOUS
10
-3.7224551181102363
20
5.7066404724409452
11
-3.7216404724409449
21
5.7074551181102358
0
LINE
8
BLACK
6
CONTINUOUS
10
-3.7216404724409449
20
5.7074551181102358
11
-3.7205760629921261
21
5.7078960236220473
0
LINE
8
BLACK
6
CONTINUOUS
10
-3.7205760629921261
20
5.7078960236220473
11
-3.7199999999999998
21
5.7079527559055121
0
LINE
8
BLACK
6
CONTINUOUS
10
-3.7199999999999998
20
5.7079527559055121
11
-3.6829527559055117
21
5.7079527559055121
0
LINE
8
BLACK
6
CONTINUOUS
10
-3.6829527559055117
20
5.7079527559055121
11
-3.6829527559055117
21
5.7620472440944877
0
LINE
8
BLACK
6
CONTINUOUS
10
-3.6829527559055117
20
5.7620472440944877
11
-3.7199999999999998
21
5.7620472440944877
0
LINE
8
BLACK
6
CONTINUOUS
10
-3.7199999999999998
20
5.7620472440944877
11
-3.7205760629921261
21
5.7621039763779525
0
LINE
8
BLACK
6
CONTINUOUS
10
-3.7205760629921261
20
5.7621039763779525
11
-3.7212263385826772
21
5.7623733070866141
0
LINE
8
BLACK
6
CONTINUOUS
10
-3.7212263385826772
20
5.7623733070866141
11
-3.7208563779527557
21
5.7620025984251964
0
LINE
8
BLACK
6
CONTINUOUS
10
-3.7208563779527557
20
5.7620025984251964
11
-3.7190982283464566
21
5.7593653937007874
0
LINE
8
BLACK
6
CONTINUOUS
10
-3.7190982283464566
20
5.7593653937007874
11
-3.7176193307086614
21
5.7578864960629916
0
LINE
8
BLACK
6
CONTINUOUS
10
-3.7176193307086614
20
5.7578864960629916
11
-3.7160551574803149
21
5.7571044488188976
0
LINE
8
BLACK
6
CONTINUOUS
10
-3.7160551574803149
20
5.7571044488188976
11
-3.7153924803149607
21
5.7565900787401576
0
LINE
8
BLACK
6
CONTINUOUS
10
-3.7153924803149607
20
5.7565900787401576
11
-3.7148721259842521
21
5.755028976377953
0
LINE
8
BLACK
6
CONTINUOUS
10
-3.7148721259842521
20
5.755028976377953
11
-3.7156080314960631
21
5.7535572047244097
0
LINE
8
BLACK
6
CONTINUOUS
10
-3.7156080314960631
20
5.7535572047244097
11
-3.7171691338582677
21
5.7530368503937011
0
LINE
8
BLACK
6
CONTINUOUS
10
-3.7171691338582677
20
5.7530368503937011
11
-3.7179782283464564
21
5.7532584251968499
0
LINE
8
BLACK
6
CONTINUOUS
10
-3.7179782283464564
20
5.7532584251968499
11
-3.7198544094488186
21
5.7541965354330706
0
LINE
8
BLACK
6
CONTINUOUS
10
-3.7198544094488186
20
5.7541965354330706
11
-3.7201264566929133
21
5.7544076377952758
0
LINE
8
BLACK
6
CONTINUOUS
10
-3.7201264566929133
20
5.7544076377952758
11
-3.7204131496062991
21
5.7545992519685036
0
LINE
8
BLACK
6
CONTINUOUS
10
-3.7204131496062991
20
5.7545992519685036
11
-3.7204952755905509
21
5.7546813779527559
0
LINE
8
BLACK
6
CONTINUOUS
10
-3.7204952755905509
20
5.7546813779527559
11
-3.7204952755905509
21
5.7432600000000003
0
LINE
8
BLACK
6
CONTINUOUS
10
-3.7204952755905509
20
5.7432600000000003
11
-3.7170166929133859
21
5.7432600000000003
0
LINE
8
BLACK
6
CONTINUOUS
10
-3.7170166929133859
20
5.7432600000000003
11
-3.716193937007874
21
5.743096338582677
0
LINE
8
BLACK
6
CONTINUOUS
10
-3.716193937007874
20
5.743096338582677
11
-3.7150303543307084
21
5.7419327559055118
0
LINE
8
BLACK
6
CONTINUOUS
10
-3.7150303543307084
20
5.7419327559055118
11
-3.7150303543307084
21
5.7402872440944881
0
LINE
8
BLACK
6
CONTINUOUS
10
-3.7150303543307084
20
5.7402872440944881
11
-3.716193937007874
21
5.7391236614173229
0
LINE
8
BLACK
6
CONTINUOUS
10
-3.716193937007874
20
5.7391236614173229
11
-3.7170166929133859
21
5.7389599999999996
0
LINE
8
BLACK
6
CONTINUOUS
10
-3.7170166929133859
20
5.7389599999999996
11
-3.7282738188976379
21
5.7389599999999996
0
LINE
8
BLACK
6
CONTINUOUS
10
-3.7282738188976379
20
5.7389599999999996
11
-3.7290965748031497
21
5.7391236614173229
0
LINE
8
BLACK
6
CONTINUOUS
10
-3.7290965748031497
20
5.7391236614173229
11
-3.7302601574803149
21
5.7402872440944881
0
LINE
8
BLACK
6
CONTINUOUS
10
-3.7302601574803149
20
5.7402872440944881
11
-3.7302601574803149
21
5.7419327559055118
0
LINE
8
BLACK
6
CONTINUOUS
10
-3.7302601574803149
20
5.7419327559055118
11
-3.7290965748031497
21
5.743096338582677
0
LINE
8
BLACK
6
CONTINUOUS
10
-3.7290965748031497
20
5.743096338582677
11
-3.7282738188976379
21
5.7432600000000003
0
LINE
8
BLACK
6
CONTINUOUS
10
-3.7282738188976379
20
5.7432600000000003
11
-3.7247952755905511
21
5.7432600000000003
0
LINE
8
BLACK
6
CONTINUOUS
10
-3.7247952755905511
20
5.7432600000000003
11
-3.7247952755905511
21
5.7608100000000002
0
LINE
8
BLACK
6
CONTINUOUS
10
-3.7247952755905511
20
5.7608100000000002
11
-3.7246316141732283
21
5.761632755905512
0
LINE
8
BLACK
6
CONTINUOUS
10
-3.7246316141732283
20
5.761632755905512
11
-3.7244751181102362
21
5.7617892519685041
0
LINE
8
BLACK
6
CONTINUOUS
10
-3.7244751181102362
20
5.7617892519685041
11
-3.7244316929133858
21
5.762006338582677
0
LINE
8
BLACK
6
CONTINUOUS
10
-3.7244316929133858
20
5.762006338582677
11
-3.7239107480314959
21
5.762353622047244
0
LINE
8
BLACK
6
CONTINUOUS
10
-3.7239107480314959
20
5.762353622047244
11
-3.7234680314960631
21
5.7627963385826773
0
LINE
8
BLACK
6
CONTINUOUS
10
-3.7234680314960631
20
5.7627963385826773
11
-3.7232466535433071
21
5.7627963385826773
0
LINE
8
BLACK
6
CONTINUOUS
10
-3.7232466535433071
20
5.7627963385826773
11
-3.7230625196850391
21
5.762919094488189
0
LINE
8
BLACK
6
CONTINUOUS
10
-3.7230625196850391
20
5.762919094488189
11
-3.7224486614173227
21
5.7627963385826773
0
LINE
8
BLACK
6
CONTINUOUS
10
-3.7224486614173227
20
5.7627963385826773
11
-3.7218919291338581
21
5.7627963385826773
0
LINE
8
BLACK
6
CONTINUOUS
10
-3.7218919291338581
20
5.7627963385826773
11
-3.7224551181102363
21
5.7633595275590546
0
LINE
8
BLACK
6
CONTINUOUS
10
-3.7224551181102363
20
5.7633595275590546
11
-3.722896023622047
21
5.7644239370078738
0
LINE
8
BLACK
6
CONTINUOUS
10
-3.722896023622047
20
5.7644239370078738
11
-3.722896023622047
21
5.7655760629921256
0
LINE
8
BLACK
6
CONTINUOUS
10
-3.722896023622047
20
5.7655760629921256
11
-3.7224551181102363
21
5.7666404724409448
0
LINE
8
BLACK
6
CONTINUOUS
10
-3.7224551181102363
20
5.7666404724409448
11
-3.7216404724409449
21
5.7674551181102363
0
LINE
8
BLACK
6
CONTINUOUS
10
-3.7216404724409449
20
5.7674551181102363
11
-3.7205760629921261
21
5.7678960236220469
0
LINE
8
BLACK
6
CONTINUOUS
10
-3.7205760629921261
20
5.7678960236220469
11
-3.7199999999999998
21
5.7679527559055117
0
LINE
8
BLACK
6
CONTINUOUS
10
-3.7199999999999998
20
5.7679527559055117
11
-3.6799999999999997
21
5.7679527559055117
0
LINE
8
BLACK
6
CONTINUOUS
10
-3.6799999999999997
20
5.7679527559055117
11
-3.6794239370078738
21
5.7678960236220469
0
LINE
8
BLACK
6
CONTINUOUS
10
-3.9403633858267715
20
5.7329389763779526
11
-3.9403166141732284
21
5.7329545669291333
0
LINE
8
BLACK
6
CONTINUOUS
10
-3.9403166141732284
20
5.7329545669291333
11
-3.9399844881889763
21
5.7328635826771652
0
LINE
8
BLACK
6
CONTINUOUS
10
-3.9399844881889763
20
5.7328635826771652
11
-3.9396462992125985
21
5.732796338582677
0
LINE
8
BLACK
6
CONTINUOUS
10
-3.9396462992125985
20
5.732796338582677
11
-3.9396114173228347
21
5.732761417322835
0
LINE
8
BLACK
6
CONTINUOUS
10
-3.9396114173228347
20
5.732761417322835
11
-3.9395075196850393
21
5.7327329921259844
0
LINE
8
BLACK
6
CONTINUOUS
10
-3.9395075196850393
20
5.7327329921259844
11
-3.9376313385826771
21
5.7317949212598425
0
LINE
8
BLACK
6
CONTINUOUS
10
-3.9376313385826771
20
5.7317949212598425
11
-3.9373589763779528
21
5.7315834645669286
0
LINE
8
BLACK
6
CONTINUOUS
10
-3.9373589763779528
20
5.7315834645669286
11
-3.9370726377952754
21
5.7313922047244095
0
LINE
8
BLACK
6
CONTINUOUS
10
-3.9370726377952754
20
5.7313922047244095
11
-3.9361345275590551
21
5.7304541338582675
0
LINE
8
BLACK
6
CONTINUOUS
10
-3.9361345275590551
20
5.7304541338582675
11
-3.9359430708661418
21
5.7301675590551175
0
LINE
8
BLACK
6
CONTINUOUS
10
-3.9359430708661418
20
5.7301675590551175
11
-3.9357317322834646
21
5.72989531496063
0
LINE
8
BLACK
6
CONTINUOUS
10
-3.9357317322834646
20
5.72989531496063
11
-3.9347936614173227
21
5.7280190551181098
0
LINE
8
BLACK
6
CONTINUOUS
10
-3.9347936614173227
20
5.7280190551181098
11
-3.9347314960629922
21
5.727791889763779
0
LINE
8
BLACK
6
CONTINUOUS
10
-3.9347314960629922
20
5.727791889763779
11
-3.9346309055118107
21
5.7275790551181105
0
LINE
8
BLACK
6
CONTINUOUS
10
-3.9346309055118107
20
5.7275790551181105
11
-3.9336927952755905
21
5.7238267322834648
0
LINE
8
BLACK
6
CONTINUOUS
10
-3.9336927952755905
20
5.7238267322834648
11
-3.9336799999999998
21
5.7235636614173231
0
LINE
8
BLACK
6
CONTINUOUS
10
-3.9336799999999998
20
5.7235636614173231
11
-3.9336285826771653
21
5.7233052362204724
0
LINE
8
BLACK
6
CONTINUOUS
10
-3.9336285826771653
20
5.7233052362204724
11
-3.9336285826771653
21
5.7186147637795273
0
LINE
8
BLACK
6
CONTINUOUS
10
-3.9336285826771653
20
5.7186147637795273
11
-3.9336799999999998
21
5.7183562992125987
0
LINE
8
BLACK
6
CONTINUOUS
10
-3.9336799999999998
20
5.7183562992125987
11
-3.9336927952755905
21
5.7180933070866145
0
LINE
8
BLACK
6
CONTINUOUS
10
-3.9336927952755905
20
5.7180933070866145
11
-3.9346309055118107
21
5.7143409055118113
0
LINE
8
BLACK
6
CONTINUOUS
10
-3.9346309055118107
20
5.7143409055118113
11
-3.9347314566929135
21
5.7141280708661419
0
LINE
8
BLACK
6
CONTINUOUS
10
-3.9347314566929135
20
5.7141280708661419
11
-3.9347936614173227
21
5.7139008661417323
0
LINE
8
BLACK
6
CONTINUOUS
10
-3.9347936614173227
20
5.7139008661417323
11
-3.9357317322834646
21
5.7120246850393697
0
LINE
8
BLACK
6
CONTINUOUS
10
-3.9357317322834646
20
5.7120246850393697
11
-3.9359431496062993
21
5.7117522834645671
0
LINE
8
BLACK
6
CONTINUOUS
10
-3.9359431496062993
20
5.7117522834645671
11
-3.9361345275590551
21
5.7114658661417321
0
LINE
8
BLACK
6
CONTINUOUS
10
-3.9361345275590551
20
5.7114658661417321
11
-3.9370726377952754
21
5.7105277952755902
0
LINE
8
BLACK
6
CONTINUOUS
10
-3.9370726377952754
20
5.7105277952755902
11
-3.9373589763779528
21
5.7103364960629923
0
LINE
8
BLACK
6
CONTINUOUS
10
-3.9373589763779528
20
5.7103364960629923
11
-3.9376313385826771
21
5.7101250787401572
0
LINE
8
BLACK
6
CONTINUOUS
10
-3.9376313385826771
20
5.7101250787401572
11
-3.9395075196850393
21
5.7091870078740152
0
LINE
8
BLACK
6
CONTINUOUS
10
-3.9395075196850393
20
5.7091870078740152
11
-3.9396114173228347
21
5.7091585433070868
0
LINE
8
BLACK
6
CONTINUOUS
10
-3.9396114173228347
20
5.7091585433070868
11
-3.9396462992125985
21
5.7091236614173226
0
LINE
8
BLACK
6
CONTINUOUS
10
-3.9396462992125985
20
5.7091236614173226
11
-3.9399844881889763
21
5.7090563779527557
0
LINE
8
BLACK
6
CONTINUOUS
10
-3.9399844881889763
20
5.7090563779527557
11
-3.9403166141732284
21
5.7089654330708663
0
LINE
8
BLACK
6
CONTINUOUS
10
-3.9403166141732284
20
5.7089654330708663
11
-3.9403633858267715
21
5.7089809842519683
0
LINE
8
BLACK
6
CONTINUOUS
10
-3.9403633858267715
20
5.7089809842519683
11
-3.9404690551181103
21
5.7089600000000003
0
LINE
8
BLACK
6
CONTINUOUS
10
-3.9404690551181103
20
5.7089600000000003
11
-3.9423452362204725
21
5.7089600000000003
0
LINE
8
BLACK
6
CONTINUOUS
10
-3.9423452362204725
20
5.7089600000000003
11
-3.9424509448818896
21
5.7089809842519683
0
LINE
8
BLACK
6
CONTINUOUS
10
-3.9424509448818896
20
5.7089809842519683
11
-3.9424976771653544
21
5.7089654330708663
0
LINE
8
BLACK
6
CONTINUOUS
10
-3.9424976771653544
20
5.7089654330708663
11
-3.9428299999999998
21
5.7090564173228344
0
LINE
8
BLACK
6
CONTINUOUS
10
-3.9428299999999998
20
5.7090564173228344
11
-3.9431679921259843
21
5.7091236614173226
0
LINE
8
BLACK
6
CONTINUOUS
10
-3.9431679921259843
20
5.7091236614173226
11
-3.9432028740157481
21
5.7091585039370081
0
LINE
8
BLACK
6
CONTINUOUS
10
-3.9432028740157481
20
5.7091585039370081
11
-3.9433067322834643
21
5.7091869685039365
0
LINE
8
BLACK
6
CONTINUOUS
10
-3.9433067322834643
20
5.7091869685039365
11
-3.9451829527559052
21
5.7101250787401572
0
LINE
8
BLACK
6
CONTINUOUS
10
-3.9451829527559052
20
5.7101250787401572
11
-3.9454553937007875
21
5.7103364960629923
0
LINE
8
BLACK
6
CONTINUOUS
10
-3.9454553937007875
20
5.7103364960629923
11
-3.9457417322834645
21
5.7105278346456689
0
LINE
8
BLACK
6
CONTINUOUS
10
-3.9457417322834645
20
5.7105278346456689
11
-3.9466798031496064
21
5.7114659055118109
0
LINE
8
BLACK
6
CONTINUOUS
10
-3.9466798031496064
20
5.7114659055118109
11
-3.9468712598425197
21
5.7117523622047246
0
LINE
8
BLACK
6
CONTINUOUS
10
-3.9468712598425197
20
5.7117523622047246
11
-3.9470825590551182
21
5.7120246456692909
0
LINE
8
BLACK
6
CONTINUOUS
10
-3.9470825590551182
20
5.7120246456692909
11
-3.9480206299212597
21
5.7139008267716536
0
LINE
8
BLACK
6
CONTINUOUS
10
-3.9480206299212597
20
5.7139008267716536
11
-3.9480828346456693
21
5.7141278740157482
0
LINE
8
BLACK
6
CONTINUOUS
10
-3.9480828346456693
20
5.7141278740157482
11
-3.9481834645669291
21
5.71434094488189
0
LINE
8
BLACK
6
CONTINUOUS
10
-3.9481834645669291
20
5.71434094488189
11
-3.9491215354330707
21
5.7180933464566932
0
LINE
8
BLACK
6
CONTINUOUS
10
-3.9491215354330707
20
5.7180933464566932
11
-3.94913437007874
21
5.7183564566929128
0
LINE
8
BLACK
6
CONTINUOUS
10
-3.94913437007874
20
5.7183564566929128
11
-3.949185708661417
21
5.7186147637795273
0
LINE
8
BLACK
6
CONTINUOUS
10
-3.949185708661417
20
5.7186147637795273
11
-3.949185708661417
21
5.7233052362204724
0
LINE
8
BLACK
6
CONTINUOUS
10
-3.949185708661417
20
5.7233052362204724
11
-3.94913437007874
21
5.7235635039370081
0
LINE
8
BLACK
6
CONTINUOUS
10
-3.94913437007874
20
5.7235635039370081
11
-3.9491215354330707
21
5.7238266929133861
0
LINE
8
BLACK
6
CONTINUOUS
10
-3.9491215354330707
20
5.7238266929133861
11
-3.9481834645669291
21
5.7275790157480317
0
LINE
8
BLACK
6
CONTINUOUS
10
-3.9481834645669291
20
5.7275790157480317
11
-3.9480828740157481
21
5.7277919291338577
0
LINE
8
BLACK
6
CONTINUOUS
10
-3.9480828740157481
20
5.7277919291338577
11
-3.9480206692913384
21
5.7280190944881886
0
LINE
8
BLACK
6
CONTINUOUS
10
-3.9480206692913384
20
5.7280190944881886
11
-3.9470825590551182
21
5.72989531496063
0
LINE
8
BLACK
6
CONTINUOUS
10
-3.9470825590551182
20
5.72989531496063
11
-3.9468712598425197
21
5.7301675590551175
0
LINE
8
BLACK
6
CONTINUOUS
10
-3.9468712598425197
20
5.7301675590551175
11
-3.9466798031496064
21
5.7304540944881888
0
LINE
8
BLACK
6
CONTINUOUS
10
-3.9466798031496064
20
5.7304540944881888
11
-3.9457417322834645
21
5.7313921653543307
0
LINE
8
BLACK
6
CONTINUOUS
10
-3.9457417322834645
20
5.7313921653543307
11
-3.9454553937007875
21
5.7315834645669286
0
LINE
8
BLACK
6
CONTINUOUS
10
-3.9454553937007875
20
5.7315834645669286
11
-3.9451829527559052
21
5.7317949212598425
0
LINE
8
BLACK
6
CONTINUOUS
10
-3.9451829527559052
20
5.7317949212598425
11
-3.9433067322834643
21
5.7327330314960632
0
LINE
8
BLACK
6
CONTINUOUS
10
-3.9433067322834643
20
5.7327330314960632
11
-3.9432028740157481
21
5.7327614566929128
0
LINE
8
BLACK
6
CONTINUOUS
10
-3.9432028740157481
20
5.7327614566929128
11
-3.9431679921259843
21
5.732796338582677
0
LINE
8
BLACK
6
CONTINUOUS
10
-3.9431679921259843
20
5.732796338582677
11
-3.9428299999999998
21
5.7328635433070865
0
LINE
8
BLACK
6
CONTINUOUS
10
-3.9428299999999998
20
5.7328635433070865
11
-3.9424976771653544
21
5.7329545669291333
0
LINE
8
BLACK
6
CONTINUOUS
10
-3.9424976771653544
20
5.7329545669291333
11
-3.9424509448818896
21
5.7329389763779526
0
LINE
8
BLACK
6
CONTINUOUS
10
-3.9424509448818896
20
5.7329389763779526
11
-3.9423452362204725
21
5.7329600000000003
0
LINE
8
BLACK
6
CONTINUOUS
10
-3.9423452362204725
20
5.7329600000000003
11
-3.9404690551181103
21
5.7329600000000003
0
LINE
8
BLACK
6
CONTINUOUS
10
-3.9404690551181103
20
5.7329600000000003
11
-3.9403633858267715
21
5.7329389763779526
0
LINE
8
BLACK
6
CONTINUOUS
10
-3.9429479133858267
20
5.728104881889764
11
-3.9433925196850392
21
5.7276602755905515
0
LINE
8
BLACK
6
CONTINUOUS
10
-3.9433925196850392
20
5.7276602755905515
11
-3.9440690551181103
21
5.726307244094488
0
LINE
8
BLACK
6
CONTINUOUS
10
-3.9440690551181103
20
5.726307244094488
11
-3.9448857086614173
21
5.7230404724409452
0
LINE
8
BLACK
6
CONTINUOUS
10
-3.9448857086614173
20
5.7230404724409452
11
-3.9448857086614173
21
5.7188794488188979
0
LINE
8
BLACK
6
CONTINUOUS
10
-3.9448857086614173
20
5.7188794488188979
11
-3.9440690157480316
21
5.7156126377952754
0
LINE
8
BLACK
6
CONTINUOUS
10
-3.9440690157480316
20
5.7156126377952754
11
-3.9433925984251967
21
5.7142597637795278
0
LINE
8
BLACK
6
CONTINUOUS
10
-3.9433925984251967
20
5.7142597637795278
11
-3.9429479133858267
21
5.7138151181102357
0
LINE
8
BLACK
6
CONTINUOUS
10
-3.9429479133858267
20
5.7138151181102357
11
-3.941837677165354
21
5.71326
0
LINE
8
BLACK
6
CONTINUOUS
10
-3.941837677165354
20
5.71326
11
-3.9409765748031496
21
5.71326
0
LINE
8
BLACK
6
CONTINUOUS
10
-3.9409765748031496
20
5.71326
11
-3.9398664566929131
21
5.7138150787401569
0
LINE
8
BLACK
6
CONTINUOUS
10
-3.9398664566929131
20
5.7138150787401569
11
-3.9394217716535431
21
5.7142597244094491
0
LINE
8
BLACK
6
CONTINUOUS
10
-3.9394217716535431
20
5.7142597244094491
11
-3.9387452362204725
21
5.7156128346456692
0
LINE
8
BLACK
6
CONTINUOUS
10
-3.9387452362204725
20
5.7156128346456692
11
-3.9379285826771651
21
5.7188794881889766
0
LINE
8
BLACK
6
CONTINUOUS
10
-3.9379285826771651
20
5.7188794881889766
11
-3.9379285826771651
21
5.7230404724409452
0
LINE
8
BLACK
6
CONTINUOUS
10
-3.9379285826771651
20
5.7230404724409452
11
-3.9387452362204725
21
5.726307086614173
0
LINE
8
BLACK
6
CONTINUOUS
10
-3.9387452362204725
20
5.726307086614173
11
-3.9394218110236219
21
5.7276602362204727
0
LINE
8
BLACK
6
CONTINUOUS
10
-3.9394218110236219
20
5.7276602362204727
11
-3.9398664566929131
21
5.728104881889764
0
LINE
8
BLACK
6
CONTINUOUS
10
-3.9398664566929131
20
5.728104881889764
11
-3.9409765748031496
21
5.7286599999999996
0
LINE
8
BLACK
6
CONTINUOUS
10
-3.9409765748031496
20
5.7286599999999996
11
-3.941837677165354
21
5.7286599999999996
0
LINE
8
BLACK
6
CONTINUOUS
10
-3.941837677165354
20
5.7286599999999996
11
-3.9429479133858267
21
5.728104881889764
0
LINE
8
BLACK
6
CONTINUOUS
10
-3.9224486614173228
20
5.732796338582677
11
-3.9218225196850391
21
5.732796338582677
0
LINE
8
BLACK
6
CONTINUOUS
10
-3.9218225196850391
20
5.732796338582677
11
-3.9216660236220471
21
5.7326398031496062
0
LINE
8
BLACK
6
CONTINUOUS
10
-3.9216660236220471
20
5.7326398031496062
11
-3.9214489370078738
21
5.7325964173228341
0
LINE
8
BLACK
6
CONTINUOUS
10
-3.9214489370078738
20
5.7325964173228341
11
-3.9208563779527559
21
5.732002598425197
0
LINE
8
BLACK
6
CONTINUOUS
10
-3.9208563779527559
20
5.732002598425197
11
-3.9190982283464568
21
5.7293653937007871
0
LINE
8
BLACK
6
CONTINUOUS
10
-3.9190982283464568
20
5.7293653937007871
11
-3.9176193307086615
21
5.7278864960629923
0
LINE
8
BLACK
6
CONTINUOUS
10
-3.9176193307086615
20
5.7278864960629923
11
-3.9160551574803151
21
5.7271044488188974
0
LINE
8
BLACK
6
CONTINUOUS
10
-3.9160551574803151
20
5.7271044488188974
11
-3.9153924803149605
21
5.7265900787401574
0
LINE
8
BLACK
6
CONTINUOUS
10
-3.9153924803149605
20
5.7265900787401574
11
-3.9148721259842518
21
5.7250289763779527
0
LINE
8
BLACK
6
CONTINUOUS
10
-3.9148721259842518
20
5.7250289763779527
11
-3.9156080314960628
21
5.7235572047244094
0
LINE
8
BLACK
6
CONTINUOUS
10
-3.9156080314960628
20
5.7235572047244094
11
-3.9171691338582675
21
5.7230368503937008
0
LINE
8
BLACK
6
CONTINUOUS
10
-3.9171691338582675
20
5.7230368503937008
11
-3.9179782283464566
21
5.7232584251968506
0
LINE
8
BLACK
6
CONTINUOUS
10
-3.9179782283464566
20
5.7232584251968506
11
-3.9198544094488188
21
5.7241965354330704
0
LINE
8
BLACK
6
CONTINUOUS
10
-3.9198544094488188
20
5.7241965354330704
11
-3.9201264566929135
21
5.7244076377952755
0
LINE
8
BLACK
6
CONTINUOUS
10
-3.9201264566929135
20
5.7244076377952755
11
-3.9204131496062993
21
5.7245992519685034
0
LINE
8
BLACK
6
CONTINUOUS
10
-3.9204131496062993
20
5.7245992519685034
11
-3.9204952755905511
21
5.7246813779527557
0
LINE
8
BLACK
6
CONTINUOUS
10
-3.9204952755905511
20
5.7246813779527557
11
-3.9204952755905511
21
5.71326
0
LINE
8
BLACK
6
CONTINUOUS
10
-3.9204952755905511
20
5.71326
11
-3.9170166929133856
21
5.71326
0
LINE
8
BLACK
6
CONTINUOUS
10
-3.9170166929133856
20
5.71326
11
-3.9161939370078738
21
5.7130963385826767
0
LINE
8
BLACK
6
CONTINUOUS
10
-3.9161939370078738
20
5.7130963385826767
11
-3.9150303543307086
21
5.7119327559055115
0
LINE
8
BLACK
6
CONTINUOUS
10
-3.9150303543307086
20
5.7119327559055115
11
-3.9150303543307086
21
5.7102872440944878
0
LINE
8
BLACK
6
CONTINUOUS
10
-3.9150303543307086
20
5.7102872440944878
11
-3.9161939370078738
21
5.7091236614173226
0
LINE
8
BLACK
6
CONTINUOUS
10
-3.9161939370078738
20
5.7091236614173226
11
-3.9170166929133856
21
5.7089600000000003
0
LINE
8
BLACK
6
CONTINUOUS
10
-3.9170166929133856
20
5.7089600000000003
11
-3.9282738188976376
21
5.7089600000000003
0
LINE
8
BLACK
6
CONTINUOUS
10
-3.9282738188976376
20
5.7089600000000003
11
-3.9290965748031494
21
5.7091236614173226
0
LINE
8
BLACK
6
CONTINUOUS
10
-3.9290965748031494
20
5.7091236614173226
11
-3.9302601574803147
21
5.7102872440944878
0
LINE
8
BLACK
6
CONTINUOUS
10
-3.9302601574803147
20
5.7102872440944878
11
-3.9302601574803147
21
5.7119327559055115
0
LINE
8
BLACK
6
CONTINUOUS
10
-3.9302601574803147
20
5.7119327559055115
11
-3.9290965748031494
21
5.7130963385826767
0
LINE
8
BLACK
6
CONTINUOUS
10
-3.9290965748031494
20
5.7130963385826767
11
-3.9282738188976376
21
5.71326
0
LINE
8
BLACK
6
CONTINUOUS
10
-3.9282738188976376
20
5.71326
11
-3.9247952755905513
21
5.71326
0
LINE
8
BLACK
6
CONTINUOUS
10
-3.9247952755905513
20
5.71326
11
-3.9247952755905513
21
5.73081
0
LINE
8
BLACK
6
CONTINUOUS
10
-3.9247952755905513
20
5.73081
11
-3.9246316141732285
21
5.7316327559055118
0
LINE
8
BLACK
6
CONTINUOUS
10
-3.9246316141732285
20
5.7316327559055118
11
-3.924475118110236
21
5.7317892519685039
0
LINE
8
BLACK
6
CONTINUOUS
10
-3.924475118110236
20
5.7317892519685039
11
-3.9244316929133856
21
5.7320063385826767
0
LINE
8
BLACK
6
CONTINUOUS
10
-3.9244316929133856
20
5.7320063385826767
11
-3.9239107480314961
21
5.7323536220472437
0
LINE
8
BLACK
6
CONTINUOUS
10
-3.9239107480314961
20
5.7323536220472437
11
-3.9234680314960628
21
5.732796338582677
0
LINE
8
BLACK
6
CONTINUOUS
10
-3.9234680314960628
20
5.732796338582677
11
-3.9232466535433068
21
5.732796338582677
0
LINE
8
BLACK
6
CONTINUOUS
10
-3.9232466535433068
20
5.732796338582677
11
-3.9230625196850393
21
5.7329190944881887
0
LINE
8
BLACK
6
CONTINUOUS
10
-3.9230625196850393
20
5.7329190944881887
11
-3.9224486614173228
21
5.732796338582677
0
LINE
8
BLACK
6
CONTINUOUS
10
-3.953492244094488
20
5.7316327559055118
11
-3.9533285826771651
21
5.73081
0
LINE
8
BLACK
6
CONTINUOUS
10
-3.9533285826771651
20
5.73081
11
-3.9533285826771651
21
5.7111099999999997
0
LINE
8
BLACK
6
CONTINUOUS
10
-3.9533285826771651
20
5.7111099999999997
11
-3.953492244094488
21
5.7102872440944878
0
LINE
8
BLACK
6
CONTINUOUS
10
-3.953492244094488
20
5.7102872440944878
11
-3.9546558267716536
21
5.7091236614173226
0
LINE
8
BLACK
6
CONTINUOUS
10
-3.9546558267716536
20
5.7091236614173226
11
-3.9563013385826773
21
5.7091236614173226
0
LINE
8
BLACK
6
CONTINUOUS
10
-3.9563013385826773
20
5.7091236614173226
11
-3.9574649212598425
21
5.7102872440944878
0
LINE
8
BLACK
6
CONTINUOUS
10
-3.9574649212598425
20
5.7102872440944878
11
-3.9576285826771653
21
5.7111099999999997
0
LINE
8
BLACK
6
CONTINUOUS
10
-3.9576285826771653
20
5.7111099999999997
11
-3.9576285826771653
21
5.7146663385826768
0
LINE
8
BLACK
6
CONTINUOUS
10
-3.9576285826771653
20
5.7146663385826768
11
-3.9612633464566929
21
5.7098199999999997
0
LINE
8
BLACK
6
CONTINUOUS
10
-3.9612633464566929
20
5.7098199999999997
11
-3.9618879133858265
21
5.7092599999999996
0
LINE
8
BLACK
6
CONTINUOUS
10
-3.9618879133858265
20
5.7092599999999996
11
-3.9635169291338581
21
5.7090272834645672
0
LINE
8
BLACK
6
CONTINUOUS
10
-3.9635169291338581
20
5.7090272834645672
11
-3.9648333464566927
21
5.710014566929134
0
LINE
8
BLACK
6
CONTINUOUS
10
-3.9648333464566927
20
5.710014566929134
11
-3.9650660629921259
21
5.7116435826771657
0
LINE
8
BLACK
6
CONTINUOUS
10
-3.9650660629921259
20
5.7116435826771657
11
-3.9647033464566928
21
5.7123999999999997
0
LINE
8
BLACK
6
CONTINUOUS
10
-3.9647033464566928
20
5.7123999999999997
11
-3.9601935826771655
21
5.7184129921259839
0
LINE
8
BLACK
6
CONTINUOUS
10
-3.9601935826771655
20
5.7184129921259839
11
-3.964503622047244
21
5.7227230708661416
0
LINE
8
BLACK
6
CONTINUOUS
10
-3.964503622047244
20
5.7227230708661416
11
-3.9649696850393701
21
5.7234205511811025
0
LINE
8
BLACK
6
CONTINUOUS
10
-3.9649696850393701
20
5.7234205511811025
11
-3.9649696850393701
21
5.7250661417322837
0
LINE
8
BLACK
6
CONTINUOUS
10
-3.9649696850393701
20
5.7250661417322837
11
-3.9638061417322832
21
5.7262296850393701
0
LINE
8
BLACK
6
CONTINUOUS
10
-3.9638061417322832
20
5.7262296850393701
11
-3.9621605511811024
21
5.7262296850393701
0
LINE
8
BLACK
6
CONTINUOUS
10
-3.9621605511811024
20
5.7262296850393701
11
-3.9614630708661416
21
5.7257636220472437
0
LINE
8
BLACK
6
CONTINUOUS
10
-3.9614630708661416
20
5.7257636220472437
11
-3.9576285826771653
21
5.7219291338582678
0
LINE
8
BLACK
6
CONTINUOUS
10
-3.9576285826771653
20
5.7219291338582678
11
-3.9576285826771653
21
5.73081
0
LINE
8
BLACK
6
CONTINUOUS
10
-3.9576285826771653
20
5.73081
11
-3.9574649212598425
21
5.7316327559055118
0
LINE
8
BLACK
6
CONTINUOUS
10
-3.9574649212598425
20
5.7316327559055118
11
-3.9563013385826773
21
5.732796338582677
0
LINE
8
BLACK
6
CONTINUOUS
10
-3.9563013385826773
20
5.732796338582677
11
-3.9546558267716536
21
5.732796338582677
0
LINE
8
BLACK
6
CONTINUOUS
10
-3.9546558267716536
20
5.732796338582677
11
-3.953492244094488
21
5.7316327559055118
0
LINE
8
BLACK
6
CONTINUOUS
10
-3.7424605905511812
20
5.7352963385826774
11
-3.7412970078740155
21
5.7341327559055113
0
LINE
8
BLACK
6
CONTINUOUS
10
-3.7412970078740155
20
5.7341327559055113
11
-3.7412970078740155
21
5.7324872440944876
0
LINE
8
BLACK
6
CONTINUOUS
10
-3.7412970078740155
20
5.7324872440944876
11
-3.7424605905511812
21
5.7313236614173224
0
LINE
8
BLACK
6
CONTINUOUS
10
-3.7424605905511812
20
5.7313236614173224
11
-3.743283346456693
21
5.73116
0
LINE
8
BLACK
6
CONTINUOUS
10
-3.743283346456693
20
5.73116
11
-3.7531561417322834
21
5.73116
0
LINE
8
BLACK
6
CONTINUOUS
10
-3.7531561417322834
20
5.73116
11
-3.745997677165354
21
5.7144569291338581
0
LINE
8
BLACK
6
CONTINUOUS
10
-3.745997677165354
20
5.7144569291338581
11
-3.7458239763779528
21
5.7136362598425192
0
LINE
8
BLACK
6
CONTINUOUS
10
-3.7458239763779528
20
5.7136362598425192
11
-3.7464351181102362
21
5.7121083858267712
0
LINE
8
BLACK
6
CONTINUOUS
10
-3.7464351181102362
20
5.7121083858267712
11
-3.7479475984251969
21
5.7114601968503935
0
LINE
8
BLACK
6
CONTINUOUS
10
-3.7479475984251969
20
5.7114601968503935
11
-3.7494754724409449
21
5.7120713385826773
0
LINE
8
BLACK
6
CONTINUOUS
10
-3.7494754724409449
20
5.7120713385826773
11
-3.7499500000000001
21
5.7127630708661412
0
LINE
8
BLACK
6
CONTINUOUS
10
-3.7499500000000001
20
5.7127630708661412
11
-3.7583928346456692
21
5.7324630708661415
0
LINE
8
BLACK
6
CONTINUOUS
10
-3.7583928346456692
20
5.7324630708661415
11
-3.7583966141732281
21
5.7324807874015749
0
LINE
8
BLACK
6
CONTINUOUS
10
-3.7583966141732281
20
5.7324807874015749
11
-3.758403031496063
21
5.7324872440944876
0
LINE
8
BLACK
6
CONTINUOUS
10
-3.758403031496063
20
5.7324872440944876
11
-3.758403031496063
21
5.7325112204724409
0
LINE
8
BLACK
6
CONTINUOUS
10
-3.758403031496063
20
5.7325112204724409
11
-3.7585665354330708
21
5.7332837795275591
0
LINE
8
BLACK
6
CONTINUOUS
10
-3.7585665354330708
20
5.7332837795275591
11
-3.758403031496063
21
5.7336925196850395
0
LINE
8
BLACK
6
CONTINUOUS
10
-3.758403031496063
20
5.7336925196850395
11
-3.758403031496063
21
5.7341327559055113
0
LINE
8
BLACK
6
CONTINUOUS
10
-3.758403031496063
20
5.7341327559055113
11
-3.7581095669291336
21
5.7344262204724412
0
LINE
8
BLACK
6
CONTINUOUS
10
-3.7581095669291336
20
5.7344262204724412
11
-3.7579553937007875
21
5.7348116141732284
0
LINE
8
BLACK
6
CONTINUOUS
10
-3.7579553937007875
20
5.7348116141732284
11
-3.757550748031496
21
5.7349850393700788
0
LINE
8
BLACK
6
CONTINUOUS
10
-3.757550748031496
20
5.7349850393700788
11
-3.7572394488188974
21
5.7352963385826774
0
LINE
8
BLACK
6
CONTINUOUS
10
-3.7572394488188974
20
5.7352963385826774
11
-3.7564649606299212
21
5.7354503937007877
0
LINE
8
BLACK
6
CONTINUOUS
10
-3.7564649606299212
20
5.7354503937007877
11
-3.7564429133858268
21
5.7354598425196848
0
LINE
8
BLACK
6
CONTINUOUS
10
-3.7564429133858268
20
5.7354598425196848
11
-3.7564344881889764
21
5.7354564566929129
0
LINE
8
BLACK
6
CONTINUOUS
10
-3.7564344881889764
20
5.7354564566929129
11
-3.7564166929133855
21
5.7354599999999998
0
LINE
8
BLACK
6
CONTINUOUS
10
-3.7564166929133855
20
5.7354599999999998
11
-3.743283346456693
21
5.7354599999999998
0
LINE
8
BLACK
6
CONTINUOUS
10
-3.743283346456693
20
5.7354599999999998
11
-3.7424605905511812
21
5.7352963385826774
0
LINE
8
BLACK
6
CONTINUOUS
10
-3.7246368110236219
20
5.7352963385826774
11
-3.7234732283464567
21
5.7341327559055113
0
LINE
8
BLACK
6
CONTINUOUS
10
-3.7234732283464567
20
5.7341327559055113
11
-3.7233095669291338
21
5.7333099999999995
0
LINE
8
BLACK
6
CONTINUOUS
10
-3.7233095669291338
20
5.7333099999999995
11
-3.7233095669291338
21
5.7136100000000001
0
LINE
8
BLACK
6
CONTINUOUS
10
-3.7233095669291338
20
5.7136100000000001
11
-3.7234732283464567
21
5.7127872440944882
0
LINE
8
BLACK
6
CONTINUOUS
10
-3.7234732283464567
20
5.7127872440944882
11
-3.7246368110236219
21
5.711623661417323
0
LINE
8
BLACK
6
CONTINUOUS
10
-3.7246368110236219
20
5.711623661417323
11
-3.7262823228346456
21
5.711623661417323
0
LINE
8
BLACK
6
CONTINUOUS
10
-3.7262823228346456
20
5.711623661417323
11
-3.7274459055118108
21
5.7127872440944882
0
LINE
8
BLACK
6
CONTINUOUS
10
-3.7274459055118108
20
5.7127872440944882
11
-3.7276095669291336
21
5.7136100000000001
0
LINE
8
BLACK
6
CONTINUOUS
10
-3.7276095669291336
20
5.7136100000000001
11
-3.7276095669291336
21
5.72084094488189
0
LINE
8
BLACK
6
CONTINUOUS
10
-3.7276095669291336
20
5.72084094488189
11
-3.7290306299212599
21
5.72084094488189
0
LINE
8
BLACK
6
CONTINUOUS
10
-3.7290306299212599
20
5.72084094488189
11
-3.7349553543307086
21
5.712377047244094
0
LINE
8
BLACK
6
CONTINUOUS
10
-3.7349553543307086
20
5.712377047244094
11
-3.7355612204724409
21
5.7117968897637796
0
LINE
8
BLACK
6
CONTINUOUS
10
-3.7355612204724409
20
5.7117968897637796
11
-3.7371817716535434
21
5.711510905511811
0
LINE
8
BLACK
6
CONTINUOUS
10
-3.7371817716535434
20
5.711510905511811
11
-3.7385298031496061
21
5.7124545275590553
0
LINE
8
BLACK
6
CONTINUOUS
10
-3.7385298031496061
20
5.7124545275590553
11
-3.7388157874015748
21
5.7140750787401577
0
LINE
8
BLACK
6
CONTINUOUS
10
-3.7388157874015748
20
5.7140750787401577
11
-3.7384780314960628
21
5.7148429527559053
0
LINE
8
BLACK
6
CONTINUOUS
10
-3.7384780314960628
20
5.7148429527559053
11
-3.7340700787401575
21
5.7211400393700789
0
LINE
8
BLACK
6
CONTINUOUS
10
-3.7340700787401575
20
5.7211400393700789
11
-3.7358020472440945
21
5.7220060629921257
0
LINE
8
BLACK
6
CONTINUOUS
10
-3.7358020472440945
20
5.7220060629921257
11
-3.7360742519685037
21
5.722217283464567
0
LINE
8
BLACK
6
CONTINUOUS
10
-3.7360742519685037
20
5.722217283464567
11
-3.7363607874015745
21
5.7224087795275587
0
LINE
8
BLACK
6
CONTINUOUS
10
-3.7363607874015745
20
5.7224087795275587
11
-3.7372988582677165
21
5.7233468503937006
0
LINE
8
BLACK
6
CONTINUOUS
10
-3.7372988582677165
20
5.7233468503937006
11
-3.7374903149606298
21
5.7236333464566931
0
LINE
8
BLACK
6
CONTINUOUS
10
-3.7374903149606298
20
5.7236333464566931
11
-3.7377016141732282
21
5.7239056299212594
0
LINE
8
BLACK
6
CONTINUOUS
10
-3.7377016141732282
20
5.7239056299212594
11
-3.7386397244094489
21
5.7257818503937008
0
LINE
8
BLACK
6
CONTINUOUS
10
-3.7386397244094489
20
5.7257818503937008
11
-3.7386681889763778
21
5.7258857086614174
0
LINE
8
BLACK
6
CONTINUOUS
10
-3.7386681889763778
20
5.7258857086614174
11
-3.7387030314960628
21
5.7259205905511807
0
LINE
8
BLACK
6
CONTINUOUS
10
-3.7387030314960628
20
5.7259205905511807
11
-3.738770275590551
21
5.7262585826771648
0
LINE
8
BLACK
6
CONTINUOUS
10
-3.738770275590551
20
5.7262585826771648
11
-3.7388612598425195
21
5.7265909055118112
0
LINE
8
BLACK
6
CONTINUOUS
10
-3.7388612598425195
20
5.7265909055118112
11
-3.7388457086614171
21
5.7266376377952755
0
LINE
8
BLACK
6
CONTINUOUS
10
-3.7388457086614171
20
5.7266376377952755
11
-3.7388666929133856
21
5.7267433464566926
0
LINE
8
BLACK
6
CONTINUOUS
10
-3.7388666929133856
20
5.7267433464566926
11
-3.7388666929133856
21
5.7295575984251963
0
LINE
8
BLACK
6
CONTINUOUS
10
-3.7388666929133856
20
5.7295575984251963
11
-3.7388457086614171
21
5.7296632677165356
0
LINE
8
BLACK
6
CONTINUOUS
10
-3.7388457086614171
20
5.7296632677165356
11
-3.7388612598425195
21
5.7297100393700786
0
LINE
8
BLACK
6
CONTINUOUS
10
-3.7388612598425195
20
5.7297100393700786
11
-3.738770275590551
21
5.7300423228346453
0
LINE
8
BLACK
6
CONTINUOUS
10
-3.738770275590551
20
5.7300423228346453
11
-3.7387030314960628
21
5.7303803543307081
0
LINE
8
BLACK
6
CONTINUOUS
10
-3.7387030314960628
20
5.7303803543307081
11
-3.7386681889763778
21
5.7304151968503936
0
LINE
8
BLACK
6
CONTINUOUS
10
-3.7386681889763778
20
5.7304151968503936
11
-3.7386397244094489
21
5.730519094488189
0
LINE
8
BLACK
6
CONTINUOUS
10
-3.7386397244094489
20
5.730519094488189
11
-3.7377016141732282
21
5.7323953149606295
0
LINE
8
BLACK
6
CONTINUOUS
10
-3.7377016141732282
20
5.7323953149606295
11
-3.7374903149606298
21
5.7326675590551179
0
LINE
8
BLACK
6
CONTINUOUS
10
-3.7374903149606298
20
5.7326675590551179
11
-3.7372988582677165
21
5.7329540944881892
0
LINE
8
BLACK
6
CONTINUOUS
10
-3.7372988582677165
20
5.7329540944881892
11
-3.7363607874015745
21
5.7338921653543302
0
LINE
8
BLACK
6
CONTINUOUS
10
-3.7363607874015745
20
5.7338921653543302
11
-3.7360742519685037
21
5.734083622047244
0
LINE
8
BLACK
6
CONTINUOUS
10
-3.7360742519685037
20
5.734083622047244
11
-3.7358020472440945
21
5.7342948818897632
0
LINE
8
BLACK
6
CONTINUOUS
10
-3.7358020472440945
20
5.7342948818897632
11
-3.7339258661417323
21
5.7352329921259839
0
LINE
8
BLACK
6
CONTINUOUS
10
-3.7339258661417323
20
5.7352329921259839
11
-3.7338220078740156
21
5.7352614173228345
0
LINE
8
BLACK
6
CONTINUOUS
10
-3.7338220078740156
20
5.7352614173228345
11
-3.7337870866141731
21
5.7352963385826774
0
LINE
8
BLACK
6
CONTINUOUS
10
-3.7337870866141731
20
5.7352963385826774
11
-3.7334489370078741
21
5.7353635826771656
0
LINE
8
BLACK
6
CONTINUOUS
10
-3.7334489370078741
20
5.7353635826771656
11
-3.7331167716535432
21
5.7354545669291337
0
LINE
8
BLACK
6
CONTINUOUS
10
-3.7331167716535432
20
5.7354545669291337
11
-3.7330700393700789
21
5.735438976377953
0
LINE
8
BLACK
6
CONTINUOUS
10
-3.7330700393700789
20
5.735438976377953
11
-3.7329643307086613
21
5.7354599999999998
0
LINE
8
BLACK
6
CONTINUOUS
10
-3.7329643307086613
20
5.7354599999999998
11
-3.7254595669291337
21
5.7354599999999998
0
LINE
8
BLACK
6
CONTINUOUS
10
-3.7254595669291337
20
5.7354599999999998
11
-3.7246368110236219
21
5.7352963385826774
0
LINE
8
BLACK
6
CONTINUOUS
10
-3.7335669685039368
20
5.7306048818897635
11
-3.7340115748031497
21
5.730160275590551
0
LINE
8
BLACK
6
CONTINUOUS
10
-3.7340115748031497
20
5.730160275590551
11
-3.7345666929133858
21
5.7290500393700787
0
LINE
8
BLACK
6
CONTINUOUS
10
-3.7345666929133858
20
5.7290500393700787
11
-3.7345666929133858
21
5.727250905511811
0
LINE
8
BLACK
6
CONTINUOUS
10
-3.7345666929133858
20
5.727250905511811
11
-3.7340115748031497
21
5.7261406692913388
0
LINE
8
BLACK
6
CONTINUOUS
10
-3.7340115748031497
20
5.7261406692913388
11
-3.7335669685039368
21
5.7256960236220475
0
LINE
8
BLACK
6
CONTINUOUS
10
-3.7335669685039368
20
5.7256960236220475
11
-3.7324567322834645
21
5.7251409448818897
0
LINE
8
BLACK
6
CONTINUOUS
10
-3.7324567322834645
20
5.7251409448818897
11
-3.7276095669291336
21
5.7251409448818897
0
LINE
8
BLACK
6
CONTINUOUS
10
-3.7276095669291336
20
5.7251409448818897
11
-3.7276095669291336
21
5.73116
0
LINE
8
BLACK
6
CONTINUOUS
10
-3.7276095669291336
20
5.73116
11
-3.7324567322834645
21
5.73116
0
LINE
8
BLACK
6
CONTINUOUS
10
-3.7324567322834645
20
5.73116
11
-3.7335669685039368
21
5.7306048818897635
0
LINE
8
BLACK
6
CONTINUOUS
10
-3.543123937007874
20
5.7634960236220474
11
-3.5420595275590552
21
5.7630551181102359
0
LINE
8
BLACK
6
CONTINUOUS
10
-3.5420595275590552
20
5.7630551181102359
11
-3.5412448818897637
21
5.7622404724409444
0
LINE
8
BLACK
6
CONTINUOUS
10
-3.5412448818897637
20
5.7622404724409444
11
-3.5408039763779526
21
5.761176062992126
0
LINE
8
BLACK
6
CONTINUOUS
10
-3.5408039763779526
20
5.761176062992126
11
-3.5408039763779526
21
5.7600239370078743
0
LINE
8
BLACK
6
CONTINUOUS
10
-3.5408039763779526
20
5.7600239370078743
11
-3.5412448818897637
21
5.758959527559055
0
LINE
8
BLACK
6
CONTINUOUS
10
-3.5412448818897637
20
5.758959527559055
11
-3.5420595275590552
21
5.7581448818897636
0
LINE
8
BLACK
6
CONTINUOUS
10
-3.5420595275590552
20
5.7581448818897636
11
-3.543123937007874
21
5.7577039763779529
0
LINE
8
BLACK
6
CONTINUOUS
10
-3.543123937007874
20
5.7577039763779529
11
-3.5436999999999999
21
5.7576472440944881
0
LINE
8
BLACK
6
CONTINUOUS
10
-3.5436999999999999
20
5.7576472440944881
11
-3.5796142519685037
21
5.7576472440944881
0
LINE
8
BLACK
6
CONTINUOUS
10
-3.5796142519685037
20
5.7576472440944881
11
-3.54356437007874
21
5.723338937007874
0
LINE
8
BLACK
6
CONTINUOUS
10
-3.54356437007874
20
5.723338937007874
11
-3.5431862204724407
21
5.7229007086614168
0
LINE
8
BLACK
6
CONTINUOUS
10
-3.5431862204724407
20
5.7229007086614168
11
-3.5431711811023621
21
5.7228667322834648
0
LINE
8
BLACK
6
CONTINUOUS
10
-3.5431711811023621
20
5.7228667322834648
11
-3.5431448818897637
21
5.7228404724409447
0
LINE
8
BLACK
6
CONTINUOUS
10
-3.5431448818897637
20
5.7228404724409447
11
-3.5429379527559055
21
5.7223408661417325
0
LINE
8
BLACK
6
CONTINUOUS
10
-3.5429379527559055
20
5.7223408661417325
11
-3.5427191338582675
21
5.7218475196850394
0
LINE
8
BLACK
6
CONTINUOUS
10
-3.5427191338582675
20
5.7218475196850394
11
-3.5427182283464567
21
5.7218104330708659
0
LINE
8
BLACK
6
CONTINUOUS
10
-3.5427182283464567
20
5.7218104330708659
11
-3.5427039763779526
21
5.7217760629921255
0
LINE
8
BLACK
6
CONTINUOUS
10
-3.5427039763779526
20
5.7217760629921255
11
-3.5427039763779526
21
5.7212359055118105
0
LINE
8
BLACK
6
CONTINUOUS
10
-3.5427039763779526
20
5.7212359055118105
11
-3.5426905905511812
21
5.7206957874015743
0
LINE
8
BLACK
6
CONTINUOUS
10
-3.5426905905511812
20
5.7206957874015743
11
-3.5427039763779526
21
5.720661062992126
0
LINE
8
BLACK
6
CONTINUOUS
10
-3.5427039763779526
20
5.720661062992126
11
-3.5427039763779526
21
5.7206239370078737
0
LINE
8
BLACK
6
CONTINUOUS
10
-3.5427039763779526
20
5.7206239370078737
11
-3.5429103543307088
21
5.720125708661417
0
LINE
8
BLACK
6
CONTINUOUS
10
-3.5429103543307088
20
5.720125708661417
11
-3.5431049999999997
21
5.719620787401575
0
LINE
8
BLACK
6
CONTINUOUS
10
-3.5431049999999997
20
5.719620787401575
11
-3.5431307086614172
21
5.7195937795275587
0
LINE
8
BLACK
6
CONTINUOUS
10
-3.5431307086614172
20
5.7195937795275587
11
-3.5431448818897637
21
5.7195595275590554
0
LINE
8
BLACK
6
CONTINUOUS
10
-3.5431448818897637
20
5.7195595275590554
11
-3.5435266141732282
21
5.7191777952755904
0
LINE
8
BLACK
6
CONTINUOUS
10
-3.5435266141732282
20
5.7191777952755904
11
-3.5438992913385827
21
5.7187862204724409
0
LINE
8
BLACK
6
CONTINUOUS
10
-3.5438992913385827
20
5.7187862204724409
11
-3.5439332677165352
21
5.7187711417322831
0
LINE
8
BLACK
6
CONTINUOUS
10
-3.5439332677165352
20
5.7187711417322831
11
-3.5439595275590552
21
5.7187448818897639
0
LINE
8
BLACK
6
CONTINUOUS
10
-3.5439595275590552
20
5.7187448818897639
11
-3.5444591338582678
21
5.718537913385827
0
LINE
8
BLACK
6
CONTINUOUS
10
-3.5444591338582678
20
5.718537913385827
11
-3.5449524803149606
21
5.7183191338582677
0
LINE
8
BLACK
6
CONTINUOUS
10
-3.5449524803149606
20
5.7183191338582677
11
-3.5449895669291336
21
5.7183181889763777
0
LINE
8
BLACK
6
CONTINUOUS
10
-3.5449895669291336
20
5.7183181889763777
11
-3.545023937007874
21
5.7183039763779524
0
LINE
8
BLACK
6
CONTINUOUS
10
-3.545023937007874
20
5.7183039763779524
11
-3.5455999999999999
21
5.7182472440944885
0
LINE
8
BLACK
6
CONTINUOUS
10
-3.5455999999999999
20
5.7182472440944885
11
-3.6244000000000001
21
5.7182472440944885
0
LINE
8
BLACK
6
CONTINUOUS
10
-3.6244000000000001
20
5.7182472440944885
11
-3.6249760629921259
21
5.7183039763779524
0
LINE
8
BLACK
6
CONTINUOUS
10
-3.6249760629921259
20
5.7183039763779524
11
-3.6260404724409447
21
5.7187448818897639
0
LINE
8
BLACK
6
CONTINUOUS
10
-3.6260404724409447
20
5.7187448818897639
11
-3.6268551181102362
21
5.7195595275590554
0
LINE
8
BLACK
6
CONTINUOUS
10
-3.6268551181102362
20
5.7195595275590554
11
-3.6272960236220473
21
5.7206239370078737
0
LINE
8
BLACK
6
CONTINUOUS
10
-3.6272960236220473
20
5.7206239370078737
11
-3.6272960236220473
21
5.7217760629921255
0
LINE
8
BLACK
6
CONTINUOUS
10
-3.6272960236220473
20
5.7217760629921255
11
-3.6268551181102362
21
5.7228404724409447
0
LINE
8
BLACK
6
CONTINUOUS
10
-3.6268551181102362
20
5.7228404724409447
11
-3.6264879133858265
21
5.7232879133858265
0
LINE
8
BLACK
6
CONTINUOUS
10
-3.6264879133858265
20
5.7232879133858265
11
-3.5921285826771654
21
5.7576472440944881
0
LINE
8
BLACK
6
CONTINUOUS
10
-3.5921285826771654
20
5.7576472440944881
11
-3.6263000000000001
21
5.7576472440944881
0
LINE
8
BLACK
6
CONTINUOUS
10
-3.6263000000000001
20
5.7576472440944881
11
-3.6268760629921259
21
5.7577039763779529
0
LINE
8
BLACK
6
CONTINUOUS
10
-3.6268760629921259
20
5.7577039763779529
11
-3.6279404724409448
21
5.7581448818897636
0
LINE
8
BLACK
6
CONTINUOUS
10
-3.6279404724409448
20
5.7581448818897636
11
-3.6287551181102362
21
5.758959527559055
0
LINE
8
BLACK
6
CONTINUOUS
10
-3.6287551181102362
20
5.758959527559055
11
-3.6291960236220473
21
5.7600239370078743
0
LINE
8
BLACK
6
CONTINUOUS
10
-3.6291960236220473
20
5.7600239370078743
11
-3.6291960236220473
21
5.761176062992126
0
LINE
8
BLACK
6
CONTINUOUS
10
-3.6291960236220473
20
5.761176062992126
11
-3.6287551181102362
21
5.7622404724409444
0
LINE
8
BLACK
6
CONTINUOUS
10
-3.6287551181102362
20
5.7622404724409444
11
-3.6279404724409448
21
5.7630551181102359
0
LINE
8
BLACK
6
CONTINUOUS
10
-3.6279404724409448
20
5.7630551181102359
11
-3.6268760629921259
21
5.7634960236220474
0
LINE
8
BLACK
6
CONTINUOUS
10
-3.6268760629921259
20
5.7634960236220474
11
-3.6263000000000001
21
5.7635527559055113
0
LINE
8
BLACK
6
CONTINUOUS
10
-3.6263000000000001
20
5.7635527559055113
11
-3.5436999999999999
21
5.7635527559055113
0
LINE
8
BLACK
6
CONTINUOUS
10
-3.5436999999999999
20
5.7635527559055113
11
-3.543123937007874
21
5.7634960236220474
0
LINE
8
BLACK
6
CONTINUOUS
10
-3.6172714173228346
20
5.7241527559055116
11
-3.5529857480314959
21
5.7241527559055116
0
LINE
8
BLACK
6
CONTINUOUS
10
-3.5529857480314959
20
5.7241527559055116
11
-3.585924212598425
21
5.7554999606299209
0
LINE
8
BLACK
6
CONTINUOUS
10
-3.585924212598425
20
5.7554999606299209
11
-3.6172714173228346
21
5.7241527559055116
0
LINE
8
BLACK
6
CONTINUOUS
10
-3.4716963385826771
20
5.7701703937007869
11
-3.4695334645669291
21
5.7692744881889766
0
LINE
8
BLACK
6
CONTINUOUS
10
-3.4695334645669291
20
5.7692744881889766
11
-3.4678780708661416
21
5.7676190944881887
0
LINE
8
BLACK
6
CONTINUOUS
10
-3.4678780708661416
20
5.7676190944881887
11
-3.4669821653543305
21
5.7654562204724407
0
LINE
8
BLACK
6
CONTINUOUS
10
-3.4669821653543305
20
5.7654562204724407
11
-3.4668668897637795
21
5.764285669291338
0
LINE
8
BLACK
6
CONTINUOUS
10
-3.4668668897637795
20
5.764285669291338
11
-3.4668668897637795
21
5.7499999606299212
0
LINE
8
BLACK
6
CONTINUOUS
10
-3.4668668897637795
20
5.7499999606299212
11
-3.4669252362204723
21
5.7494076771653546
0
LINE
8
BLACK
6
CONTINUOUS
10
-3.4669252362204723
20
5.7494076771653546
11
-3.4669139763779526
21
5.7492495669291337
0
LINE
8
BLACK
6
CONTINUOUS
10
-3.4669139763779526
20
5.7492495669291337
11
-3.4669612992125982
21
5.7490415354330704
0
LINE
8
BLACK
6
CONTINUOUS
10
-3.4669612992125982
20
5.7490415354330704
11
-3.4669821653543305
21
5.7488294094488186
0
LINE
8
BLACK
6
CONTINUOUS
10
-3.4669821653543305
20
5.7488294094488186
11
-3.4670427952755904
21
5.7486830708661412
0
LINE
8
BLACK
6
CONTINUOUS
10
-3.4670427952755904
20
5.7486830708661412
11
-3.4671747637795276
21
5.7481025984251968
0
LINE
8
BLACK
6
CONTINUOUS
10
-3.4671747637795276
20
5.7481025984251968
11
-3.4700319291338584
21
5.7395311811023619
0
LINE
8
BLACK
6
CONTINUOUS
10
-3.4700319291338584
20
5.7395311811023619
11
-3.4705114173228346
21
5.7384571653543306
0
LINE
8
BLACK
6
CONTINUOUS
10
-3.4705114173228346
20
5.7384571653543306
11
-3.4706527165354331
21
5.7382942519685036
0
LINE
8
BLACK
6
CONTINUOUS
10
-3.4706527165354331
20
5.7382942519685036
11
-3.4707351968503937
21
5.7380951181102358
0
LINE
8
BLACK
6
CONTINUOUS
10
-3.4707351968503937
20
5.7380951181102358
11
-3.471481377952756
21
5.7371859055118106
0
LINE
8
BLACK
6
CONTINUOUS
10
-3.471481377952756
20
5.7371859055118106
11
-3.4771956692913384
21
5.7314716141732278
0
LINE
8
BLACK
6
CONTINUOUS
10
-3.4771956692913384
20
5.7314716141732278
11
-3.4776557874015745
21
5.7310939763779523
0
LINE
8
BLACK
6
CONTINUOUS
10
-3.4776557874015745
20
5.7310939763779523
11
-3.4777596062992124
21
5.7309742913385824
0
LINE
8
BLACK
6
CONTINUOUS
10
-3.4777596062992124
20
5.7309742913385824
11
-3.4779400787401573
21
5.7308606692913386
0
LINE
8
BLACK
6
CONTINUOUS
10
-3.4779400787401573
20
5.7308606692913386
11
-3.4781048818897635
21
5.7307254330708659
0
LINE
8
BLACK
6
CONTINUOUS
10
-3.4781048818897635
20
5.7307254330708659
11
-3.4782512992125985
21
5.7306647637795276
0
LINE
8
BLACK
6
CONTINUOUS
10
-3.4782512992125985
20
5.7306647637795276
11
-3.4787550393700788
21
5.7303476771653541
0
LINE
8
BLACK
6
CONTINUOUS
10
-3.4787550393700788
20
5.7303476771653541
11
-3.4844693307086612
21
5.7274905511811021
0
LINE
8
BLACK
6
CONTINUOUS
10
-3.4844693307086612
20
5.7274905511811021
11
-3.4845549212598423
21
5.7274577952755905
0
LINE
8
BLACK
6
CONTINUOUS
10
-3.4845549212598423
20
5.7274577952755905
11
-3.4845897244094486
21
5.7274320078740155
0
LINE
8
BLACK
6
CONTINUOUS
10
-3.4845897244094486
20
5.7274320078740155
11
-3.4850817322834646
21
5.7272562204724409
0
LINE
8
BLACK
6
CONTINUOUS
10
-3.4850817322834646
20
5.7272562204724409
11
-3.4855678740157479
21
5.7270701968503932
0
LINE
8
BLACK
6
CONTINUOUS
10
-3.4855678740157479
20
5.7270701968503932
11
-3.4856109448818895
21
5.7270671259842523
0
LINE
8
BLACK
6
CONTINUOUS
10
-3.4856109448818895
20
5.7270671259842523
11
-3.4856973622047245
21
5.72703625984252
0
LINE
8
BLACK
6
CONTINUOUS
10
-3.4856973622047245
20
5.72703625984252
11
-3.4971259448818897
21
5.7241790944881892
0
LINE
8
BLACK
6
CONTINUOUS
10
-3.4971259448818897
20
5.7241790944881892
11
-3.497328937007874
21
5.7241490551181098
0
LINE
8
BLACK
6
CONTINUOUS
10
-3.497328937007874
20
5.7241490551181098
11
-3.49741062992126
21
5.7241152362204719
0
LINE
8
BLACK
6
CONTINUOUS
10
-3.49741062992126
20
5.7241152362204719
11
-3.4978514173228348
21
5.7240718110236219
0
LINE
8
BLACK
6
CONTINUOUS
10
-3.4978514173228348
20
5.7240718110236219
11
-3.4982895275590549
21
5.7240070472440943
0
LINE
8
BLACK
6
CONTINUOUS
10
-3.4982895275590549
20
5.7240070472440943
11
-3.4983770472440945
21
5.7240200393700782
0
LINE
8
BLACK
6
CONTINUOUS
10
-3.4983770472440945
20
5.7240200393700782
11
-3.4985811811023622
21
5.7239999606299214
0
LINE
8
BLACK
6
CONTINUOUS
10
-3.4985811811023622
20
5.7239999606299214
11
-3.5071525984251966
21
5.7239999606299214
0
LINE
8
BLACK
6
CONTINUOUS
10
-3.5071525984251966
20
5.7239999606299214
11
-3.5073567716535434
21
5.7240200393700782
0
LINE
8
BLACK
6
CONTINUOUS
10
-3.5073567716535434
20
5.7240200393700782
11
-3.5074442519685038
21
5.7240070472440943
0
LINE
8
BLACK
6
CONTINUOUS
10
-3.5074442519685038
20
5.7240070472440943
11
-3.5078824015748031
21
5.7240718110236219
0
LINE
8
BLACK
6
CONTINUOUS
10
-3.5078824015748031
20
5.7240718110236219
11
-3.5083231496062992
21
5.7241152362204719
0
LINE
8
BLACK
6
CONTINUOUS
10
-3.5083231496062992
20
5.7241152362204719
11
-3.5084048818897635
21
5.7241490551181098
0
LINE
8
BLACK
6
CONTINUOUS
10
-3.5084048818897635
20
5.7241490551181098
11
-3.5086078346456691
21
5.7241790944881892
0
LINE
8
BLACK
6
CONTINUOUS
10
-3.5086078346456691
20
5.7241790944881892
11
-3.5200364173228347
21
5.72703625984252
0
LINE
8
BLACK
6
CONTINUOUS
10
-3.5200364173228347
20
5.72703625984252
11
-3.520122716535433
21
5.7270670866141735
0
LINE
8
BLACK
6
CONTINUOUS
10
-3.520122716535433
20
5.7270670866141735
11
-3.5201659055118109
21
5.7270701574803144
0
LINE
8
BLACK
6
CONTINUOUS
10
-3.5201659055118109
20
5.7270701574803144
11
-3.5206529527559054
21
5.7272565354330709
0
LINE
8
BLACK
6
CONTINUOUS
10
-3.5206529527559054
20
5.7272565354330709
11
-3.5211440551181101
21
5.7274320078740155
0
LINE
8
BLACK
6
CONTINUOUS
10
-3.5211440551181101
20
5.7274320078740155
11
-3.5211788976377951
21
5.7274577952755905
0
LINE
8
BLACK
6
CONTINUOUS
10
-3.5211788976377951
20
5.7274577952755905
11
-3.5212644488188976
21
5.7274905511811021
0
LINE
8
BLACK
6
CONTINUOUS
10
-3.5212644488188976
20
5.7274905511811021
11
-3.5269787401574804
21
5.7303476771653541
0
LINE
8
BLACK
6
CONTINUOUS
10
-3.5269787401574804
20
5.7303476771653541
11
-3.5274826377952757
21
5.7306648031496064
0
LINE
8
BLACK
6
CONTINUOUS
10
-3.5274826377952757
20
5.7306648031496064
11
-3.5276288976377952
21
5.7307254330708659
0
LINE
8
BLACK
6
CONTINUOUS
10
-3.5276288976377952
20
5.7307254330708659
11
-3.5277935433070864
21
5.7308605118110236
0
LINE
8
BLACK
6
CONTINUOUS
10
-3.5277935433070864
20
5.7308605118110236
11
-3.5279741732283463
21
5.7309742519685036
0
LINE
8
BLACK
6
CONTINUOUS
10
-3.5279741732283463
20
5.7309742519685036
11
-3.5280781496062992
21
5.7310940944881885
0
LINE
8
BLACK
6
CONTINUOUS
10
-3.5280781496062992
20
5.7310940944881885
11
-3.5285381102362203
21
5.7314716141732278
0
LINE
8
BLACK
6
CONTINUOUS
10
-3.5285381102362203
20
5.7314716141732278
11
-3.5342524015748031
21
5.7371859055118106
0
LINE
8
BLACK
6
CONTINUOUS
10
-3.5342524015748031
20
5.7371859055118106
11
-3.5349985826771655
21
5.7380951181102358
0
LINE
8
BLACK
6
CONTINUOUS
10
-3.5349985826771655
20
5.7380951181102358
11
-3.5350811023622049
21
5.7382942519685036
0
LINE
8
BLACK
6
CONTINUOUS
10
-3.5350811023622049
20
5.7382942519685036
11
-3.5352223228346458
21
5.7384571259842518
0
LINE
8
BLACK
6
CONTINUOUS
10
-3.5352223228346458
20
5.7384571259842518
11
-3.5357018503937008
21
5.7395311811023619
0
LINE
8
BLACK
6
CONTINUOUS
10
-3.5357018503937008
20
5.7395311811023619
11
-3.5385589763779528
21
5.7481025984251968
0
LINE
8
BLACK
6
CONTINUOUS
10
-3.5385589763779528
20
5.7481025984251968
11
-3.5386909842519683
21
5.7486829921259845
0
LINE
8
BLACK
6
CONTINUOUS
10
-3.5386909842519683
20
5.7486829921259845
11
-3.5387516141732283
21
5.7488294094488186
0
LINE
8
BLACK
6
CONTINUOUS
10
-3.5387516141732283
20
5.7488294094488186
11
-3.5387725196850393
21
5.7490415354330704
0
LINE
8
BLACK
6
CONTINUOUS
10
-3.5387725196850393
20
5.7490415354330704
11
-3.5388198031496061
21
5.7492495275590549
0
LINE
8
BLACK
6
CONTINUOUS
10
-3.5388198031496061
20
5.7492495275590549
11
-3.5388085826771651
21
5.7494076771653546
0
LINE
8
BLACK
6
CONTINUOUS
10
-3.5388085826771651
20
5.7494076771653546
11
-3.5388668897637796
21
5.7499999606299212
0
LINE
8
BLACK
6
CONTINUOUS
10
-3.5388668897637796
20
5.7499999606299212
11
-3.5388668897637796
21
5.764285669291338
0
LINE
8
BLACK
6
CONTINUOUS
10
-3.5388668897637796
20
5.764285669291338
11
-3.5387516141732283
21
5.7654562204724407
0
LINE
8
BLACK
6
CONTINUOUS
10
-3.5387516141732283
20
5.7654562204724407
11
-3.5378557086614171
21
5.7676190944881887
0
LINE
8
BLACK
6
CONTINUOUS
10
-3.5378557086614171
20
5.7676190944881887
11
-3.53620031496063
21
5.7692744881889766
0
LINE
8
BLACK
6
CONTINUOUS
10
-3.53620031496063
20
5.7692744881889766
11
-3.5340374409448816
21
5.7701703937007869
0
LINE
8
BLACK
6
CONTINUOUS
10
-3.5340374409448816
20
5.7701703937007869
11
-3.5328668897637794
21
5.7702856692913382
0
LINE
8
BLACK
6
CONTINUOUS
10
-3.5328668897637794
20
5.7702856692913382
11
-3.4728668897637793
21
5.7702856692913382
0
LINE
8
BLACK
6
CONTINUOUS
10
-3.4728668897637793
20
5.7702856692913382
11
-3.4716963385826771
21
5.7701703937007869
0
LINE
8
BLACK
6
CONTINUOUS
10
-3.5268668897637796
20
5.7509735826771653
11
-3.5247655511811025
21
5.7446695669291339
0
LINE
8
BLACK
6
CONTINUOUS
10
-3.5247655511811025
20
5.7446695669291339
11
-3.5207413779527559
21
5.7406453937007873
0
LINE
8
BLACK
6
CONTINUOUS
10
-3.5207413779527559
20
5.7406453937007873
11
-3.5164870866141733
21
5.7385182283464564
0
LINE
8
BLACK
6
CONTINUOUS
10
-3.5164870866141733
20
5.7385182283464564
11
-3.506413897637795
21
5.735999960629921
0
LINE
8
BLACK
6
CONTINUOUS
10
-3.506413897637795
20
5.735999960629921
11
-3.4993198818897637
21
5.735999960629921
0
LINE
8
BLACK
6
CONTINUOUS
10
-3.4993198818897637
20
5.735999960629921
11
-3.4892467322834646
21
5.7385182283464564
0
LINE
8
BLACK
6
CONTINUOUS
10
-3.4892467322834646
20
5.7385182283464564
11
-3.484992440944882
21
5.7406453937007873
0
LINE
8
BLACK
6
CONTINUOUS
10
-3.484992440944882
20
5.7406453937007873
11
-3.4809682283464567
21
5.7446696062992126
0
LINE
8
BLACK
6
CONTINUOUS
10
-3.4809682283464567
20
5.7446696062992126
11
-3.4788668897637796
21
5.7509735433070865
0
LINE
8
BLACK
6
CONTINUOUS
10
-3.4788668897637796
20
5.7509735433070865
11
-3.4788668897637796
21
5.7582856692913387
0
LINE
8
BLACK
6
CONTINUOUS
10
-3.4788668897637796
20
5.7582856692913387
11
-3.5268668897637796
21
5.7582856692913387
0
LINE
8
BLACK
6
CONTINUOUS
10
-3.5268668897637796
20
5.7582856692913387
11
-3.5268668897637796
21
5.7509735826771653
0
LINE
8
BLACK
6
CONTINUOUS
10
-3.94974437007874
20
5.7604389763779524
11
-3.949697598425197
21
5.760454566929134
0
LINE
8
BLACK
6
CONTINUOUS
10
-3.949697598425197
20
5.760454566929134
11
-3.9493653149606298
21
5.7603635433070863
0
LINE
8
BLACK
6
CONTINUOUS
10
-3.9493653149606298
20
5.7603635433070863
11
-3.949027283464567
21
5.7602963385826769
0
LINE
8
BLACK
6
CONTINUOUS
10
-3.949027283464567
20
5.7602963385826769
11
-3.948992440944882
21
5.7602614566929136
0
LINE
8
BLACK
6
CONTINUOUS
10
-3.948992440944882
20
5.7602614566929136
11
-3.9488885433070866
21
5.760233031496063
0
LINE
8
BLACK
6
CONTINUOUS
10
-3.9488885433070866
20
5.760233031496063
11
-3.9470123228346456
21
5.7592949212598423
0
LINE
8
BLACK
6
CONTINUOUS
10
-3.9470123228346456
20
5.7592949212598423
11
-3.9467400787401572
21
5.7590835826771656
0
LINE
8
BLACK
6
CONTINUOUS
10
-3.9467400787401572
20
5.7590835826771656
11
-3.9464535433070864
21
5.7588921653543306
0
LINE
8
BLACK
6
CONTINUOUS
10
-3.9464535433070864
20
5.7588921653543306
11
-3.9455154724409449
21
5.7579540944881886
0
LINE
8
BLACK
6
CONTINUOUS
10
-3.9455154724409449
20
5.7579540944881886
11
-3.9453972047244092
21
5.7577770472440948
0
LINE
8
BLACK
6
CONTINUOUS
10
-3.9453972047244092
20
5.7577770472440948
11
-3.9452468503937008
21
5.7576264173228342
0
LINE
8
BLACK
6
CONTINUOUS
10
-3.9452468503937008
20
5.7576264173228342
11
-3.9433706299212599
21
5.7548121259842517
0
LINE
8
BLACK
6
CONTINUOUS
10
-3.9433706299212599
20
5.7548121259842517
11
-3.9432303543307086
21
5.7544723622047247
0
LINE
8
BLACK
6
CONTINUOUS
10
-3.9432303543307086
20
5.7544723622047247
11
-3.943073779527559
21
5.7541409842519684
0
LINE
8
BLACK
6
CONTINUOUS
10
-3.943073779527559
20
5.7541409842519684
11
-3.9421356692913383
21
5.7503885826771652
0
LINE
8
BLACK
6
CONTINUOUS
10
-3.9421356692913383
20
5.7503885826771652
11
-3.9421228740157481
21
5.7501255511811022
0
LINE
8
BLACK
6
CONTINUOUS
10
-3.9421228740157481
20
5.7501255511811022
11
-3.9420714566929131
21
5.7498671259842515
0
LINE
8
BLACK
6
CONTINUOUS
10
-3.9420714566929131
20
5.7498671259842515
11
-3.9420714566929131
21
5.742362362204724
0
LINE
8
BLACK
6
CONTINUOUS
10
-3.9420714566929131
20
5.742362362204724
11
-3.9420924803149604
21
5.7422566535433068
0
LINE
8
BLACK
6
CONTINUOUS
10
-3.9420924803149604
20
5.7422566535433068
11
-3.9420768897637792
21
5.7422099212598425
0
LINE
8
BLACK
6
CONTINUOUS
10
-3.9420768897637792
20
5.7422099212598425
11
-3.9421678740157478
21
5.7418777559055121
0
LINE
8
BLACK
6
CONTINUOUS
10
-3.9421678740157478
20
5.7418777559055121
11
-3.942235118110236
21
5.7415396062992121
0
LINE
8
BLACK
6
CONTINUOUS
10
-3.942235118110236
20
5.7415396062992121
11
-3.9422700393700785
21
5.7415046850393701
0
LINE
8
BLACK
6
CONTINUOUS
10
-3.9422700393700785
20
5.7415046850393701
11
-3.942298464566929
21
5.7414008267716534
0
LINE
8
BLACK
6
CONTINUOUS
10
-3.942298464566929
20
5.7414008267716534
11
-3.9432365748031497
21
5.7395246456692908
0
LINE
8
BLACK
6
CONTINUOUS
10
-3.9432365748031497
20
5.7395246456692908
11
-3.9434478346456694
21
5.739252440944882
0
LINE
8
BLACK
6
CONTINUOUS
10
-3.9434478346456694
20
5.739252440944882
11
-3.9436392913385827
21
5.7389659055118107
0
LINE
8
BLACK
6
CONTINUOUS
10
-3.9436392913385827
20
5.7389659055118107
11
-3.9445773622047242
21
5.7380278346456688
0
LINE
8
BLACK
6
CONTINUOUS
10
-3.9445773622047242
20
5.7380278346456688
11
-3.9448638582677162
21
5.7378363779527559
0
LINE
8
BLACK
6
CONTINUOUS
10
-3.9448638582677162
20
5.7378363779527559
11
-3.9451361023622047
21
5.737625078740157
0
LINE
8
BLACK
6
CONTINUOUS
10
-3.9451361023622047
20
5.737625078740157
11
-3.9470122834645669
21
5.736687007874016
0
LINE
8
BLACK
6
CONTINUOUS
10
-3.9470122834645669
20
5.736687007874016
11
-3.9471161811023623
21
5.7366585433070867
0
LINE
8
BLACK
6
CONTINUOUS
10
-3.9471161811023623
20
5.7366585433070867
11
-3.947151062992126
21
5.7366236614173225
0
LINE
8
BLACK
6
CONTINUOUS
10
-3.947151062992126
20
5.7366236614173225
11
-3.9474892519685039
21
5.7365563779527555
0
LINE
8
BLACK
6
CONTINUOUS
10
-3.9474892519685039
20
5.7365563779527555
11
-3.947821377952756
21
5.7364654330708662
0
LINE
8
BLACK
6
CONTINUOUS
10
-3.947821377952756
20
5.7364654330708662
11
-3.9478681496062991
21
5.7364809842519682
0
LINE
8
BLACK
6
CONTINUOUS
10
-3.9478681496062991
20
5.7364809842519682
11
-3.9479738188976379
21
5.7364600000000001
0
LINE
8
BLACK
6
CONTINUOUS
10
-3.9479738188976379
20
5.7364600000000001
11
-3.951726220472441
21
5.7364600000000001
0
LINE
8
BLACK
6
CONTINUOUS
10
-3.951726220472441
20
5.7364600000000001
11
-3.9518319291338582
21
5.7364809842519682
0
LINE
8
BLACK
6
CONTINUOUS
10
-3.9518319291338582
20
5.7364809842519682
11
-3.9518786614173229
21
5.7364654330708662
0
LINE
8
BLACK
6
CONTINUOUS
10
-3.9518786614173229
20
5.7364654330708662
11
-3.9522108267716534
21
5.7365563779527555
0
LINE
8
BLACK
6
CONTINUOUS
10
-3.9522108267716534
20
5.7365563779527555
11
-3.9525489763779529
21
5.7366236614173225
0
LINE
8
BLACK
6
CONTINUOUS
10
-3.9525489763779529
20
5.7366236614173225
11
-3.9525838976377954
21
5.7366585433070867
0
LINE
8
BLACK
6
CONTINUOUS
10
-3.9525838976377954
20
5.7366585433070867
11
-3.9526877559055116
21
5.736687007874016
0
LINE
8
BLACK
6
CONTINUOUS
10
-3.9526877559055116
20
5.736687007874016
11
-3.9545639370078738
21
5.7376251181102358
0
LINE
8
BLACK
6
CONTINUOUS
10
-3.9545639370078738
20
5.7376251181102358
11
-3.9548360236220472
21
5.7378362598425197
0
LINE
8
BLACK
6
CONTINUOUS
10
-3.9548360236220472
20
5.7378362598425197
11
-3.9551226377952755
21
5.73802779527559
0
LINE
8
BLACK
6
CONTINUOUS
10
-3.9551226377952755
20
5.73802779527559
11
-3.9560607480314958
21
5.738965866141732
0
LINE
8
BLACK
6
CONTINUOUS
10
-3.9560607480314958
20
5.738965866141732
11
-3.9562521653543308
21
5.739252283464567
0
LINE
8
BLACK
6
CONTINUOUS
10
-3.9562521653543308
20
5.739252283464567
11
-3.9564635433070867
21
5.7395246850393695
0
LINE
8
BLACK
6
CONTINUOUS
10
-3.9564635433070867
20
5.7395246850393695
11
-3.9574016141732282
21
5.7414008661417322
0
LINE
8
BLACK
6
CONTINUOUS
10
-3.9574016141732282
20
5.7414008661417322
11
-3.9574300787401575
21
5.7415047244094488
0
LINE
8
BLACK
6
CONTINUOUS
10
-3.9574300787401575
20
5.7415047244094488
11
-3.9574649212598425
21
5.7415396062992121
0
LINE
8
BLACK
6
CONTINUOUS
10
-3.9574649212598425
20
5.7415396062992121
11
-3.9575322047244095
21
5.7418776771653546
0
LINE
8
BLACK
6
CONTINUOUS
10
-3.9575322047244095
20
5.7418776771653546
11
-3.9576231496062992
21
5.7422099606299213
0
LINE
8
BLACK
6
CONTINUOUS
10
-3.9576231496062992
20
5.7422099606299213
11
-3.9576075984251968
21
5.7422566929133856
0
LINE
8
BLACK
6
CONTINUOUS
10
-3.9576075984251968
20
5.7422566929133856
11
-3.9576285826771653
21
5.742362362204724
0
LINE
8
BLACK
6
CONTINUOUS
10
-3.9576285826771653
20
5.742362362204724
11
-3.9576285826771653
21
5.7470528346456691
0
LINE
8
BLACK
6
CONTINUOUS
10
-3.9576285826771653
20
5.7470528346456691
11
-3.9576075984251968
21
5.7471584645669287
0
LINE
8
BLACK
6
CONTINUOUS
10
-3.9576075984251968
20
5.7471584645669287
11
-3.9576231496062992
21
5.7472052362204726
0
LINE
8
BLACK
6
CONTINUOUS
10
-3.9576231496062992
20
5.7472052362204726
11
-3.9575322047244095
21
5.7475374803149606
0
LINE
8
BLACK
6
CONTINUOUS
10
-3.9575322047244095
20
5.7475374803149606
11
-3.9574649212598425
21
5.7478755905511809
0
LINE
8
BLACK
6
CONTINUOUS
10
-3.9574649212598425
20
5.7478755905511809
11
-3.9574300787401575
21
5.7479104330708664
0
LINE
8
BLACK
6
CONTINUOUS
10
-3.9574300787401575
20
5.7479104330708664
11
-3.9574016141732282
21
5.7480143307086609
0
LINE
8
BLACK
6
CONTINUOUS
10
-3.9574016141732282
20
5.7480143307086609
11
-3.9564635433070867
21
5.7498905511811023
0
LINE
8
BLACK
6
CONTINUOUS
10
-3.9564635433070867
20
5.7498905511811023
11
-3.9562521653543308
21
5.750162913385827
0
LINE
8
BLACK
6
CONTINUOUS
10
-3.9562521653543308
20
5.750162913385827
11
-3.9560607480314958
21
5.7504493700787398
0
LINE
8
BLACK
6
CONTINUOUS
10
-3.9560607480314958
20
5.7504493700787398
11
-3.9551226377952755
21
5.7513874409448817
0
LINE
8
BLACK
6
CONTINUOUS
10
-3.9551226377952755
20
5.7513874409448817
11
-3.9548360236220472
21
5.7515789370078743
0
LINE
8
BLACK
6
CONTINUOUS
10
-3.9548360236220472
20
5.7515789370078743
11
-3.9545639370078738
21
5.751790118110236
0
LINE
8
BLACK
6
CONTINUOUS
10
-3.9545639370078738
20
5.751790118110236
11
-3.9526877559055116
21
5.7527282283464567
0
LINE
8
BLACK
6
CONTINUOUS
10
-3.9526877559055116
20
5.7527282283464567
11
-3.9525838976377954
21
5.7527566535433072
0
LINE
8
BLACK
6
CONTINUOUS
10
-3.9525838976377954
20
5.7527566535433072
11
-3.9525489763779529
21
5.7527915748031493
0
LINE
8
BLACK
6
CONTINUOUS
10
-3.9525489763779529
20
5.7527915748031493
11
-3.9522108267716534
21
5.7528588188976375
0
LINE
8
BLACK
6
CONTINUOUS
10
-3.9522108267716534
20
5.7528588188976375
11
-3.9518786614173229
21
5.7529498031496065
0
LINE
8
BLACK
6
CONTINUOUS
10
-3.9518786614173229
20
5.7529498031496065
11
-3.9518319291338582
21
5.7529342125984249
0
LINE
8
BLACK
6
CONTINUOUS
10
-3.9518319291338582
20
5.7529342125984249
11
-3.951726220472441
21
5.7529552362204726
0
LINE
8
BLACK
6
CONTINUOUS
10
-3.951726220472441
20
5.7529552362204726
11
-3.9479738188976379
21
5.7529552362204726
0
LINE
8
BLACK
6
CONTINUOUS
10
-3.9479738188976379
20
5.7529552362204726
11
-3.9478681496062991
21
5.7529342125984249
0
LINE
8
BLACK
6
CONTINUOUS
10
-3.9478681496062991
20
5.7529342125984249
11
-3.947821377952756
21
5.7529498031496065
0
LINE
8
BLACK
6
CONTINUOUS
10
-3.947821377952756
20
5.7529498031496065
11
-3.9474892519685039
21
5.7528588188976375
0
LINE
8
BLACK
6
CONTINUOUS
10
-3.9474892519685039
20
5.7528588188976375
11
-3.9471977559055116
21
5.7528008267716535
0
LINE
8
BLACK
6
CONTINUOUS
10
-3.9471977559055116
20
5.7528008267716535
11
-3.9487065748031496
21
5.75506405511811
0
LINE
8
BLACK
6
CONTINUOUS
10
-3.9487065748031496
20
5.75506405511811
11
-3.9492473622047242
21
5.7556048818897638
0
LINE
8
BLACK
6
CONTINUOUS
10
-3.9492473622047242
20
5.7556048818897638
11
-3.9503575984251968
21
5.7561599999999995
0
LINE
8
BLACK
6
CONTINUOUS
10
-3.9503575984251968
20
5.7561599999999995
11
-3.9536024015748032
21
5.7561599999999995
0
LINE
8
BLACK
6
CONTINUOUS
10
-3.9536024015748032
20
5.7561599999999995
11
-3.9544251574803151
21
5.7563236614173228
0
LINE
8
BLACK
6
CONTINUOUS
10
-3.9544251574803151
20
5.7563236614173228
11
-3.9555887401574803
21
5.757487244094488
0
LINE
8
BLACK
6
CONTINUOUS
10
-3.9555887401574803
20
5.757487244094488
11
-3.9555887401574803
21
5.7591327559055117
0
LINE
8
BLACK
6
CONTINUOUS
10
-3.9555887401574803
20
5.7591327559055117
11
-3.9544251574803151
21
5.7602963385826769
0
LINE
8
BLACK
6
CONTINUOUS
10
-3.9544251574803151
20
5.7602963385826769
11
-3.9536024015748032
21
5.7604600000000001
0
LINE
8
BLACK
6
CONTINUOUS
10
-3.9536024015748032
20
5.7604600000000001
11
-3.9498500393700788
21
5.7604600000000001
0
LINE
8
BLACK
6
CONTINUOUS
10
-3.9498500393700788
20
5.7604600000000001
11
-3.94974437007874
21
5.7604389763779524
0
LINE
8
BLACK
6
CONTINUOUS
10
-3.9523288582677165
20
5.7481001181102362
11
-3.9527735433070865
21
5.7476554330708662
0
LINE
8
BLACK
6
CONTINUOUS
10
-3.9527735433070865
20
5.7476554330708662
11
-3.9533285826771651
21
5.7465452755905506
0
LINE
8
BLACK
6
CONTINUOUS
10
-3.9533285826771651
20
5.7465452755905506
11
-3.9533285826771651
21
5.7428698818897637
0
LINE
8
BLACK
6
CONTINUOUS
10
-3.9533285826771651
20
5.7428698818897637
11
-3.9527735433070865
21
5.7417597244094489
0
LINE
8
BLACK
6
CONTINUOUS
10
-3.9527735433070865
20
5.7417597244094489
11
-3.9523288582677165
21
5.7413150787401577
0
LINE
8
BLACK
6
CONTINUOUS
10
-3.9523288582677165
20
5.7413150787401577
11
-3.9512186220472438
21
5.7407599999999999
0
LINE
8
BLACK
6
CONTINUOUS
10
-3.9512186220472438
20
5.7407599999999999
11
-3.9484813385826771
21
5.7407599999999999
0
LINE
8
BLACK
6
CONTINUOUS
10
-3.9484813385826771
20
5.7407599999999999
11
-3.9473712598425195
21
5.7413150393700789
0
LINE
8
BLACK
6
CONTINUOUS
10
-3.9473712598425195
20
5.7413150393700789
11
-3.9469265748031495
21
5.7417597244094489
0
LINE
8
BLACK
6
CONTINUOUS
10
-3.9469265748031495
20
5.7417597244094489
11
-3.9463714566929133
21
5.7428699212598424
0
LINE
8
BLACK
6
CONTINUOUS
10
-3.9463714566929133
20
5.7428699212598424
11
-3.9463714566929133
21
5.7465452755905506
0
LINE
8
BLACK
6
CONTINUOUS
10
-3.9463714566929133
20
5.7465452755905506
11
-3.9469265748031495
21
5.7476555118110237
0
LINE
8
BLACK
6
CONTINUOUS
10
-3.9469265748031495
20
5.7476555118110237
11
-3.9473712598425195
21
5.748100157480315
0
LINE
8
BLACK
6
CONTINUOUS
10
-3.9473712598425195
20
5.748100157480315
11
-3.9484813385826771
21
5.7486552362204719
0
LINE
8
BLACK
6
CONTINUOUS
10
-3.9484813385826771
20
5.7486552362204719
11
-3.9512186220472438
21
5.7486552362204719
0
LINE
8
BLACK
6
CONTINUOUS
10
-3.9512186220472438
20
5.7486552362204719
11
-3.9523288582677165
21
5.7481001181102362
0
LINE
8
BLACK
6
CONTINUOUS
10
-3.9246368110236221
20
5.7602963385826769
11
-3.9234732283464564
21
5.7591327559055117
0
LINE
8
BLACK
6
CONTINUOUS
10
-3.9234732283464564
20
5.7591327559055117
11
-3.9233095669291336
21
5.7583099999999998
0
LINE
8
BLACK
6
CONTINUOUS
10
-3.9233095669291336
20
5.7583099999999998
11
-3.9233095669291336
21
5.7386099999999995
0
LINE
8
BLACK
6
CONTINUOUS
10
-3.9233095669291336
20
5.7386099999999995
11
-3.9234732283464564
21
5.7377872440944877
0
LINE
8
BLACK
6
CONTINUOUS
10
-3.9234732283464564
20
5.7377872440944877
11
-3.9246368110236221
21
5.7366236614173225
0
LINE
8
BLACK
6
CONTINUOUS
10
-3.9246368110236221
20
5.7366236614173225
11
-3.9262823228346457
21
5.7366236614173225
0
LINE
8
BLACK
6
CONTINUOUS
10
-3.9262823228346457
20
5.7366236614173225
11
-3.9274459055118109
21
5.7377872440944877
0
LINE
8
BLACK
6
CONTINUOUS
10
-3.9274459055118109
20
5.7377872440944877
11
-3.9276095669291338
21
5.7386099999999995
0
LINE
8
BLACK
6
CONTINUOUS
10
-3.9276095669291338
20
5.7386099999999995
11
-3.9276095669291338
21
5.7458409448818895
0
LINE
8
BLACK
6
CONTINUOUS
10
-3.9276095669291338
20
5.7458409448818895
11
-3.9290306299212596
21
5.7458409448818895
0
LINE
8
BLACK
6
CONTINUOUS
10
-3.9290306299212596
20
5.7458409448818895
11
-3.9349553543307088
21
5.7373770472440944
0
LINE
8
BLACK
6
CONTINUOUS
10
-3.9349553543307088
20
5.7373770472440944
11
-3.9355612204724411
21
5.7367968897637791
0
LINE
8
BLACK
6
CONTINUOUS
10
-3.9355612204724411
20
5.7367968897637791
11
-3.9371817716535431
21
5.7365109055118113
0
LINE
8
BLACK
6
CONTINUOUS
10
-3.9371817716535431
20
5.7365109055118113
11
-3.9385298031496063
21
5.7374545275590547
0
LINE
8
BLACK
6
CONTINUOUS
10
-3.9385298031496063
20
5.7374545275590547
11
-3.9388157874015746
21
5.7390750787401572
0
LINE
8
BLACK
6
CONTINUOUS
10
-3.9388157874015746
20
5.7390750787401572
11
-3.938478031496063
21
5.7398429527559056
0
LINE
8
BLACK
6
CONTINUOUS
10
-3.938478031496063
20
5.7398429527559056
11
-3.9340700787401572
21
5.7461400393700783
0
LINE
8
BLACK
6
CONTINUOUS
10
-3.9340700787401572
20
5.7461400393700783
11
-3.9358020472440942
21
5.747006062992126
0
LINE
8
BLACK
6
CONTINUOUS
10
-3.9358020472440942
20
5.747006062992126
11
-3.9360742519685039
21
5.7472172834645665
0
LINE
8
BLACK
6
CONTINUOUS
10
-3.9360742519685039
20
5.7472172834645665
11
-3.9363607874015747
21
5.747408779527559
0
LINE
8
BLACK
6
CONTINUOUS
10
-3.9363607874015747
20
5.747408779527559
11
-3.9372988582677166
21
5.748346850393701
0
LINE
8
BLACK
6
CONTINUOUS
10
-3.9372988582677166
20
5.748346850393701
11
-3.93749031496063
21
5.7486333464566925
0
LINE
8
BLACK
6
CONTINUOUS
10
-3.93749031496063
20
5.7486333464566925
11
-3.9377016141732284
21
5.7489056299212598
0
LINE
8
BLACK
6
CONTINUOUS
10
-3.9377016141732284
20
5.7489056299212598
11
-3.9386397244094487
21
5.7507818503937003
0
LINE
8
BLACK
6
CONTINUOUS
10
-3.9386397244094487
20
5.7507818503937003
11
-3.9386681889763779
21
5.7508857086614169
0
LINE
8
BLACK
6
CONTINUOUS
10
-3.9386681889763779
20
5.7508857086614169
11
-3.9387030314960629
21
5.7509205905511811
0
LINE
8
BLACK
6
CONTINUOUS
10
-3.9387030314960629
20
5.7509205905511811
11
-3.9387702755905512
21
5.7512585826771652
0
LINE
8
BLACK
6
CONTINUOUS
10
-3.9387702755905512
20
5.7512585826771652
11
-3.9388612598425197
21
5.7515909055118106
0
LINE
8
BLACK
6
CONTINUOUS
10
-3.9388612598425197
20
5.7515909055118106
11
-3.9388457086614173
21
5.7516376377952758
0
LINE
8
BLACK
6
CONTINUOUS
10
-3.9388457086614173
20
5.7516376377952758
11
-3.9388666929133858
21
5.7517433464566929
0
LINE
8
BLACK
6
CONTINUOUS
10
-3.9388666929133858
20
5.7517433464566929
11
-3.9388666929133858
21
5.7545575984251967
0
LINE
8
BLACK
6
CONTINUOUS
10
-3.9388666929133858
20
5.7545575984251967
11
-3.9388457086614173
21
5.754663267716535
0
LINE
8
BLACK
6
CONTINUOUS
10
-3.9388457086614173
20
5.754663267716535
11
-3.9388612598425197
21
5.754710039370079
0
LINE
8
BLACK
6
CONTINUOUS
10
-3.9388612598425197
20
5.754710039370079
11
-3.9387702755905512
21
5.7550423228346457
0
LINE
8
BLACK
6
CONTINUOUS
10
-3.9387702755905512
20
5.7550423228346457
11
-3.9387030314960629
21
5.7553803543307085
0
LINE
8
BLACK
6
CONTINUOUS
10
-3.9387030314960629
20
5.7553803543307085
11
-3.9386681889763779
21
5.7554151968503939
0
LINE
8
BLACK
6
CONTINUOUS
10
-3.9386681889763779
20
5.7554151968503939
11
-3.9386397244094487
21
5.7555190944881884
0
LINE
8
BLACK
6
CONTINUOUS
10
-3.9386397244094487
20
5.7555190944881884
11
-3.9377016141732284
21
5.7573953149606298
0
LINE
8
BLACK
6
CONTINUOUS
10
-3.9377016141732284
20
5.7573953149606298
11
-3.93749031496063
21
5.7576675590551183
0
LINE
8
BLACK
6
CONTINUOUS
10
-3.93749031496063
20
5.7576675590551183
11
-3.9372988582677166
21
5.7579540944881886
0
LINE
8
BLACK
6
CONTINUOUS
10
-3.9372988582677166
20
5.7579540944881886
11
-3.9363607874015747
21
5.7588921653543306
0
LINE
8
BLACK
6
CONTINUOUS
10
-3.9363607874015747
20
5.7588921653543306
11
-3.9360742519685039
21
5.7590836220472443
0
LINE
8
BLACK
6
CONTINUOUS
10
-3.9360742519685039
20
5.7590836220472443
11
-3.9358020472440942
21
5.7592948818897636
0
LINE
8
BLACK
6
CONTINUOUS
10
-3.9358020472440942
20
5.7592948818897636
11
-3.933925866141732
21
5.7602329921259843
0
LINE
8
BLACK
6
CONTINUOUS
10
-3.933925866141732
20
5.7602329921259843
11
-3.9338220078740158
21
5.7602614173228348
0
LINE
8
BLACK
6
CONTINUOUS
10
-3.9338220078740158
20
5.7602614173228348
11
-3.9337870866141733
21
5.7602963385826769
0
LINE
8
BLACK
6
CONTINUOUS
10
-3.9337870866141733
20
5.7602963385826769
11
-3.9334489370078738
21
5.7603635826771651
0
LINE
8
BLACK
6
CONTINUOUS
10
-3.9334489370078738
20
5.7603635826771651
11
-3.9331167716535433
21
5.760454566929134
0
LINE
8
BLACK
6
CONTINUOUS
10
-3.9331167716535433
20
5.760454566929134
11
-3.9330700393700786
21
5.7604389763779524
0
LINE
8
BLACK
6
CONTINUOUS
10
-3.9330700393700786
20
5.7604389763779524
11
-3.9329643307086615
21
5.7604600000000001
0
LINE
8
BLACK
6
CONTINUOUS
10
-3.9329643307086615
20
5.7604600000000001
11
-3.9254595669291339
21
5.7604600000000001
0
LINE
8
BLACK
6
CONTINUOUS
10
-3.9254595669291339
20
5.7604600000000001
11
-3.9246368110236221
21
5.7602963385826769
0
LINE
8
BLACK
6
CONTINUOUS
10
-3.9335669685039369
20
5.7556048818897638
11
-3.9340115748031494
21
5.7551602755905513
0
LINE
8
BLACK
6
CONTINUOUS
10
-3.9340115748031494
20
5.7551602755905513
11
-3.9345666929133856
21
5.7540500393700782
0
LINE
8
BLACK
6
CONTINUOUS
10
-3.9345666929133856
20
5.7540500393700782
11
-3.9345666929133856
21
5.7522509055118105
0
LINE
8
BLACK
6
CONTINUOUS
10
-3.9345666929133856
20
5.7522509055118105
11
-3.9340115748031494
21
5.7511406692913383
0
LINE
8
BLACK
6
CONTINUOUS
10
-3.9340115748031494
20
5.7511406692913383
11
-3.9335669685039369
21
5.750696023622047
0
LINE
8
BLACK
6
CONTINUOUS
10
-3.9335669685039369
20
5.750696023622047
11
-3.9324567322834643
21
5.7501409448818892
0
LINE
8
BLACK
6
CONTINUOUS
10
-3.9324567322834643
20
5.7501409448818892
11
-3.9276095669291338
21
5.7501409448818892
0
LINE
8
BLACK
6
CONTINUOUS
10
-3.9276095669291338
20
5.7501409448818892
11
-3.9276095669291338
21
5.7561599999999995
0
LINE
8
BLACK
6
CONTINUOUS
10
-3.9276095669291338
20
5.7561599999999995
11
-3.9324567322834643
21
5.7561599999999995
0
LINE
8
BLACK
6
CONTINUOUS
10
-3.9324567322834643
20
5.7561599999999995
11
-3.9335669685039369
21
5.7556048818897638
0
LINE
8
BLACK
6
CONTINUOUS
10
-3.7403633858267717
20
5.7629389763779528
11
-3.7403166141732282
21
5.7629545669291335
0
LINE
8
BLACK
6
CONTINUOUS
10
-3.7403166141732282
20
5.7629545669291335
11
-3.7399844881889761
21
5.7628635826771655
0
LINE
8
BLACK
6
CONTINUOUS
10
-3.7399844881889761
20
5.7628635826771655
11
-3.7396462992125983
21
5.7627963385826773
0
LINE
8
BLACK
6
CONTINUOUS
10
-3.7396462992125983
20
5.7627963385826773
11
-3.7396114173228345
21
5.7627614173228343
0
LINE
8
BLACK
6
CONTINUOUS
10
-3.7396114173228345
20
5.7627614173228343
11
-3.7395075196850391
21
5.7627329921259838
0
LINE
8
BLACK
6
CONTINUOUS
10
-3.7395075196850391
20
5.7627329921259838
11
-3.7376313385826769
21
5.7617949212598427
0
LINE
8
BLACK
6
CONTINUOUS
10
-3.7376313385826769
20
5.7617949212598427
11
-3.7373589763779527
21
5.7615834645669288
0
LINE
8
BLACK
6
CONTINUOUS
10
-3.7373589763779527
20
5.7615834645669288
11
-3.7370726377952757
21
5.7613922047244097
0
LINE
8
BLACK
6
CONTINUOUS
10
-3.7370726377952757
20
5.7613922047244097
11
-3.736134527559055
21
5.7604541338582678
0
LINE
8
BLACK
6
CONTINUOUS
10
-3.736134527559055
20
5.7604541338582678
11
-3.7359430708661416
21
5.7601675590551178
0
LINE
8
BLACK
6
CONTINUOUS
10
-3.7359430708661416
20
5.7601675590551178
11
-3.7357317322834644
21
5.7598953149606302
0
LINE
8
BLACK
6
CONTINUOUS
10
-3.7357317322834644
20
5.7598953149606302
11
-3.7347936614173229
21
5.7580190551181101
0
LINE
8
BLACK
6
CONTINUOUS
10
-3.7347936614173229
20
5.7580190551181101
11
-3.734731496062992
21
5.7577918897637792
0
LINE
8
BLACK
6
CONTINUOUS
10
-3.734731496062992
20
5.7577918897637792
11
-3.734630905511811
21
5.7575790551181099
0
LINE
8
BLACK
6
CONTINUOUS
10
-3.734630905511811
20
5.7575790551181099
11
-3.7336927952755903
21
5.7538267322834642
0
LINE
8
BLACK
6
CONTINUOUS
10
-3.7336927952755903
20
5.7538267322834642
11
-3.7336800000000001
21
5.7535636614173225
0
LINE
8
BLACK
6
CONTINUOUS
10
-3.7336800000000001
20
5.7535636614173225
11
-3.7336285826771651
21
5.7533052362204726
0
LINE
8
BLACK
6
CONTINUOUS
10
-3.7336285826771651
20
5.7533052362204726
11
-3.7336285826771651
21
5.7486147637795275
0
LINE
8
BLACK
6
CONTINUOUS
10
-3.7336285826771651
20
5.7486147637795275
11
-3.7336800000000001
21
5.7483562992125981
0
LINE
8
BLACK
6
CONTINUOUS
10
-3.7336800000000001
20
5.7483562992125981
11
-3.7336927952755903
21
5.7480933070866138
0
LINE
8
BLACK
6
CONTINUOUS
10
-3.7336927952755903
20
5.7480933070866138
11
-3.734630905511811
21
5.7443409055118106
0
LINE
8
BLACK
6
CONTINUOUS
10
-3.734630905511811
20
5.7443409055118106
11
-3.7347314566929133
21
5.7441280708661413
0
LINE
8
BLACK
6
CONTINUOUS
10
-3.7347314566929133
20
5.7441280708661413
11
-3.7347936614173229
21
5.7439008661417326
0
LINE
8
BLACK
6
CONTINUOUS
10
-3.7347936614173229
20
5.7439008661417326
11
-3.7357317322834644
21
5.7420246850393699
0
LINE
8
BLACK
6
CONTINUOUS
10
-3.7357317322834644
20
5.7420246850393699
11
-3.7359431496062991
21
5.7417522834645665
0
LINE
8
BLACK
6
CONTINUOUS
10
-3.7359431496062991
20
5.7417522834645665
11
-3.736134527559055
21
5.7414658661417324
0
LINE
8
BLACK
6
CONTINUOUS
10
-3.736134527559055
20
5.7414658661417324
11
-3.7370726377952757
21
5.7405277952755904
0
LINE
8
BLACK
6
CONTINUOUS
10
-3.7370726377952757
20
5.7405277952755904
11
-3.7373589763779527
21
5.7403364960629917
0
LINE
8
BLACK
6
CONTINUOUS
10
-3.7373589763779527
20
5.7403364960629917
11
-3.7376313385826769
21
5.7401250787401574
0
LINE
8
BLACK
6
CONTINUOUS
10
-3.7376313385826769
20
5.7401250787401574
11
-3.7395075196850391
21
5.7391870078740155
0
LINE
8
BLACK
6
CONTINUOUS
10
-3.7395075196850391
20
5.7391870078740155
11
-3.7396114173228345
21
5.7391585433070862
0
LINE
8
BLACK
6
CONTINUOUS
10
-3.7396114173228345
20
5.7391585433070862
11
-3.7396462992125983
21
5.7391236614173229
0
LINE
8
BLACK
6
CONTINUOUS
10
-3.7396462992125983
20
5.7391236614173229
11
-3.7399844881889761
21
5.7390563779527559
0
LINE
8
BLACK
6
CONTINUOUS
10
-3.7399844881889761
20
5.7390563779527559
11
-3.7403166141732282
21
5.7389654330708657
0
LINE
8
BLACK
6
CONTINUOUS
10
-3.7403166141732282
20
5.7389654330708657
11
-3.7403633858267717
21
5.7389809842519686
0
LINE
8
BLACK
6
CONTINUOUS
10
-3.7403633858267717
20
5.7389809842519686
11
-3.7404690551181101
21
5.7389599999999996
0
LINE
8
BLACK
6
CONTINUOUS
10
-3.7404690551181101
20
5.7389599999999996
11
-3.7423452362204723
21
5.7389599999999996
0
LINE
8
BLACK
6
CONTINUOUS
10
-3.7423452362204723
20
5.7389599999999996
11
-3.7424509448818899
21
5.7389809842519686
0
LINE
8
BLACK
6
CONTINUOUS
10
-3.7424509448818899
20
5.7389809842519686
11
-3.7424976771653542
21
5.7389654330708657
0
LINE
8
BLACK
6
CONTINUOUS
10
-3.7424976771653542
20
5.7389654330708657
11
-3.7428300000000001
21
5.7390564173228347
0
LINE
8
BLACK
6
CONTINUOUS
10
-3.7428300000000001
20
5.7390564173228347
11
-3.7431679921259842
21
5.7391236614173229
0
LINE
8
BLACK
6
CONTINUOUS
10
-3.7431679921259842
20
5.7391236614173229
11
-3.7432028740157479
21
5.7391585039370074
0
LINE
8
BLACK
6
CONTINUOUS
10
-3.7432028740157479
20
5.7391585039370074
11
-3.7433067322834646
21
5.7391869685039367
0
LINE
8
BLACK
6
CONTINUOUS
10
-3.7433067322834646
20
5.7391869685039367
11
-3.7451829527559055
21
5.7401250787401574
0
LINE
8
BLACK
6
CONTINUOUS
10
-3.7451829527559055
20
5.7401250787401574
11
-3.7454553937007873
21
5.7403364960629917
0
LINE
8
BLACK
6
CONTINUOUS
10
-3.7454553937007873
20
5.7403364960629917
11
-3.7457417322834643
21
5.7405278346456692
0
LINE
8
BLACK
6
CONTINUOUS
10
-3.7457417322834643
20
5.7405278346456692
11
-3.7466798031496062
21
5.7414659055118111
0
LINE
8
BLACK
6
CONTINUOUS
10
-3.7466798031496062
20
5.7414659055118111
11
-3.7468712598425196
21
5.741752362204724
0
LINE
8
BLACK
6
CONTINUOUS
10
-3.7468712598425196
20
5.741752362204724
11
-3.747082559055118
21
5.7420246456692912
0
LINE
8
BLACK
6
CONTINUOUS
10
-3.747082559055118
20
5.7420246456692912
11
-3.7480206299212599
21
5.7439008267716538
0
LINE
8
BLACK
6
CONTINUOUS
10
-3.7480206299212599
20
5.7439008267716538
11
-3.7480828346456692
21
5.7441278740157475
0
LINE
8
BLACK
6
CONTINUOUS
10
-3.7480828346456692
20
5.7441278740157475
11
-3.748183464566929
21
5.7443409448818894
0
LINE
8
BLACK
6
CONTINUOUS
10
-3.748183464566929
20
5.7443409448818894
11
-3.7491215354330709
21
5.7480933464566926
0
LINE
8
BLACK
6
CONTINUOUS
10
-3.7491215354330709
20
5.7480933464566926
11
-3.7491343700787403
21
5.7483564566929131
0
LINE
8
BLACK
6
CONTINUOUS
10
-3.7491343700787403
20
5.7483564566929131
11
-3.7491857086614173
21
5.7486147637795275
0
LINE
8
BLACK
6
CONTINUOUS
10
-3.7491857086614173
20
5.7486147637795275
11
-3.7491857086614173
21
5.7533052362204726
0
LINE
8
BLACK
6
CONTINUOUS
10
-3.7491857086614173
20
5.7533052362204726
11
-3.7491343700787403
21
5.7535635039370074
0
LINE
8
BLACK
6
CONTINUOUS
10
-3.7491343700787403
20
5.7535635039370074
11
-3.7491215354330709
21
5.7538266929133854
0
LINE
8
BLACK
6
CONTINUOUS
10
-3.7491215354330709
20
5.7538266929133854
11
-3.748183464566929
21
5.7575790157480311
0
LINE
8
BLACK
6
CONTINUOUS
10
-3.748183464566929
20
5.7575790157480311
11
-3.7480828740157479
21
5.757791929133858
0
LINE
8
BLACK
6
CONTINUOUS
10
-3.7480828740157479
20
5.757791929133858
11
-3.7480206692913387
21
5.7580190944881888
0
LINE
8
BLACK
6
CONTINUOUS
10
-3.7480206692913387
20
5.7580190944881888
11
-3.747082559055118
21
5.7598953149606302
0
LINE
8
BLACK
6
CONTINUOUS
10
-3.747082559055118
20
5.7598953149606302
11
-3.7468712598425196
21
5.7601675590551178
0
LINE
8
BLACK
6
CONTINUOUS
10
-3.7468712598425196
20
5.7601675590551178
11
-3.7466798031496062
21
5.760454094488189
0
LINE
8
BLACK
6
CONTINUOUS
10
-3.7466798031496062
20
5.760454094488189
11
-3.7457417322834643
21
5.761392165354331
0
LINE
8
BLACK
6
CONTINUOUS
10
-3.7457417322834643
20
5.761392165354331
11
-3.7454553937007873
21
5.7615834645669288
0
LINE
8
BLACK
6
CONTINUOUS
10
-3.7454553937007873
20
5.7615834645669288
11
-3.7451829527559055
21
5.7617949212598427
0
LINE
8
BLACK
6
CONTINUOUS
10
-3.7451829527559055
20
5.7617949212598427
11
-3.7433067322834646
21
5.7627330314960625
0
LINE
8
BLACK
6
CONTINUOUS
10
-3.7433067322834646
20
5.7627330314960625
11
-3.7432028740157479
21
5.7627614566929131
0
LINE
8
BLACK
6
CONTINUOUS
10
-3.7432028740157479
20
5.7627614566929131
11
-3.7431679921259842
21
5.7627963385826773
0
LINE
8
BLACK
6
CONTINUOUS
10
-3.7431679921259842
20
5.7627963385826773
11
-3.7428300000000001
21
5.7628635433070867
0
LINE
8
BLACK
6
CONTINUOUS
10
-3.7428300000000001
20
5.7628635433070867
11
-3.7424976771653542
21
5.7629545669291335
0
LINE
8
BLACK
6
CONTINUOUS
10
-3.7424976771653542
20
5.7629545669291335
11
-3.7424509448818899
21
5.7629389763779528
0
LINE
8
BLACK
6
CONTINUOUS
10
-3.7424509448818899
20
5.7629389763779528
11
-3.7423452362204723
21
5.7629599999999996
0
LINE
8
BLACK
6
CONTINUOUS
10
-3.7423452362204723
20
5.7629599999999996
11
-3.7404690551181101
21
5.7629599999999996
0
LINE
8
BLACK
6
CONTINUOUS
10
-3.7404690551181101
20
5.7629599999999996
11
-3.7403633858267717
21
5.7629389763779528
0
LINE
8
BLACK
6
CONTINUOUS
10
-3.7429479133858266
20
5.7581048818897633
11
-3.7433925196850395
21
5.7576602755905508
0
LINE
8
BLACK
6
CONTINUOUS
10
-3.7433925196850395
20
5.7576602755905508
11
-3.7440690551181102
21
5.7563072440944882
0
LINE
8
BLACK
6
CONTINUOUS
10
-3.7440690551181102
20
5.7563072440944882
11
-3.7448857086614171
21
5.7530404724409445
0
LINE
8
BLACK
6
CONTINUOUS
10
-3.7448857086614171
20
5.7530404724409445
11
-3.7448857086614171
21
5.7488794488188972
0
LINE
8
BLACK
6
CONTINUOUS
10
-3.7448857086614171
20
5.7488794488188972
11
-3.7440690157480314
21
5.7456126377952756
0
LINE
8
BLACK
6
CONTINUOUS
10
-3.7440690157480314
20
5.7456126377952756
11
-3.7433925984251966
21
5.7442597637795272
0
LINE
8
BLACK
6
CONTINUOUS
10
-3.7433925984251966
20
5.7442597637795272
11
-3.7429479133858266
21
5.7438151181102359
0
LINE
8
BLACK
6
CONTINUOUS
10
-3.7429479133858266
20
5.7438151181102359
11
-3.7418376771653543
21
5.7432600000000003
0
LINE
8
BLACK
6
CONTINUOUS
10
-3.7418376771653543
20
5.7432600000000003
11
-3.7409765748031494
21
5.7432600000000003
0
LINE
8
BLACK
6
CONTINUOUS
10
-3.7409765748031494
20
5.7432600000000003
11
-3.7398664566929134
21
5.7438150787401572
0
LINE
8
BLACK
6
CONTINUOUS
10
-3.7398664566929134
20
5.7438150787401572
11
-3.7394217716535434
21
5.7442597244094484
0
LINE
8
BLACK
6
CONTINUOUS
10
-3.7394217716535434
20
5.7442597244094484
11
-3.7387452362204723
21
5.7456128346456694
0
LINE
8
BLACK
6
CONTINUOUS
10
-3.7387452362204723
20
5.7456128346456694
11
-3.7379285826771653
21
5.748879488188976
0
LINE
8
BLACK
6
CONTINUOUS
10
-3.7379285826771653
20
5.748879488188976
11
-3.7379285826771653
21
5.7530404724409445
0
LINE
8
BLACK
6
CONTINUOUS
10
-3.7379285826771653
20
5.7530404724409445
11
-3.7387452362204723
21
5.7563070866141732
0
LINE
8
BLACK
6
CONTINUOUS
10
-3.7387452362204723
20
5.7563070866141732
11
-3.7394218110236221
21
5.7576602362204721
0
LINE
8
BLACK
6
CONTINUOUS
10
-3.7394218110236221
20
5.7576602362204721
11
-3.7398664566929134
21
5.7581048818897633
0
LINE
8
BLACK
6
CONTINUOUS
10
-3.7398664566929134
20
5.7581048818897633
11
-3.7409765748031494
21
5.7586599999999999
0
LINE
8
BLACK
6
CONTINUOUS
10
-3.7409765748031494
20
5.7586599999999999
11
-3.7418376771653543
21
5.7586599999999999
0
LINE
8
BLACK
6
CONTINUOUS
10
-3.7418376771653543
20
5.7586599999999999
11
-3.7429479133858266
21
5.7581048818897633
0
LINE
8
BLACK
6
CONTINUOUS
10
-3.7534922440944882
20
5.761632755905512
11
-3.7533285826771654
21
5.7608100000000002
0
LINE
8
BLACK
6
CONTINUOUS
10
-3.7533285826771654
20
5.7608100000000002
11
-3.7533285826771654
21
5.7411099999999999
0
LINE
8
BLACK
6
CONTINUOUS
10
-3.7533285826771654
20
5.7411099999999999
11
-3.7534922440944882
21
5.7402872440944881
0
LINE
8
BLACK
6
CONTINUOUS
10
-3.7534922440944882
20
5.7402872440944881
11
-3.7546558267716534
21
5.7391236614173229
0
LINE
8
BLACK
6
CONTINUOUS
10
-3.7546558267716534
20
5.7391236614173229
11
-3.7563013385826771
21
5.7391236614173229
0
LINE
8
BLACK
6
CONTINUOUS
10
-3.7563013385826771
20
5.7391236614173229
11
-3.7574649212598423
21
5.7402872440944881
0
LINE
8
BLACK
6
CONTINUOUS
10
-3.7574649212598423
20
5.7402872440944881
11
-3.7576285826771652
21
5.7411099999999999
0
LINE
8
BLACK
6
CONTINUOUS
10
-3.7576285826771652
20
5.7411099999999999
11
-3.7576285826771652
21
5.7446663385826771
0
LINE
8
BLACK
6
CONTINUOUS
10
-3.7576285826771652
20
5.7446663385826771
11
-3.7612633464566927
21
5.7398199999999999
0
LINE
8
BLACK
6
CONTINUOUS
10
-3.7612633464566927
20
5.7398199999999999
11
-3.7618879133858267
21
5.7392599999999998
0
LINE
8
BLACK
6
CONTINUOUS
10
-3.7618879133858267
20
5.7392599999999998
11
-3.7635169291338584
21
5.7390272834645666
0
LINE
8
BLACK
6
CONTINUOUS
10
-3.7635169291338584
20
5.7390272834645666
11
-3.764833346456693
21
5.7400145669291334
0
LINE
8
BLACK
6
CONTINUOUS
10
-3.764833346456693
20
5.7400145669291334
11
-3.7650660629921258
21
5.741643582677165
0
LINE
8
BLACK
6
CONTINUOUS
10
-3.7650660629921258
20
5.741643582677165
11
-3.764703346456693
21
5.7423999999999999
0
LINE
8
BLACK
6
CONTINUOUS
10
-3.764703346456693
20
5.7423999999999999
11
-3.7601935826771653
21
5.7484129921259841
0
LINE
8
BLACK
6
CONTINUOUS
10
-3.7601935826771653
20
5.7484129921259841
11
-3.7645036220472439
21
5.7527230708661419
0
LINE
8
BLACK
6
CONTINUOUS
10
-3.7645036220472439
20
5.7527230708661419
11
-3.7649696850393699
21
5.7534205511811018
0
LINE
8
BLACK
6
CONTINUOUS
10
-3.7649696850393699
20
5.7534205511811018
11
-3.7649696850393699
21
5.755066141732283
0
LINE
8
BLACK
6
CONTINUOUS
10
-3.7649696850393699
20
5.755066141732283
11
-3.7638061417322835
21
5.7562296850393704
0
LINE
8
BLACK
6
CONTINUOUS
10
-3.7638061417322835
20
5.7562296850393704
11
-3.7621605511811023
21
5.7562296850393704
0
LINE
8
BLACK
6
CONTINUOUS
10
-3.7621605511811023
20
5.7562296850393704
11
-3.7614630708661418
21
5.7557636220472439
0
LINE
8
BLACK
6
CONTINUOUS
10
-3.7614630708661418
20
5.7557636220472439
11
-3.7576285826771652
21
5.7519291338582672
0
LINE
8
BLACK
6
CONTINUOUS
10
-3.7576285826771652
20
5.7519291338582672
11
-3.7576285826771652
21
5.7608100000000002
0
LINE
8
BLACK
6
CONTINUOUS
10
-3.7576285826771652
20
5.7608100000000002
11
-3.7574649212598423
21
5.761632755905512
0
LINE
8
BLACK
6
CONTINUOUS
10
-3.7574649212598423
20
5.761632755905512
11
-3.7563013385826771
21
5.7627963385826773
0
LINE
8
BLACK
6
CONTINUOUS
10
-3.7563013385826771
20
5.7627963385826773
11
-3.7546558267716534
21
5.7627963385826773
0
LINE
8
BLACK
6
CONTINUOUS
10
-3.7546558267716534
20
5.7627963385826773
11
-3.7534922440944882
21
5.761632755905512
0
LINE
8
BLACK
6
CONTINUOUS
10
-3.9011387795275589
20
5.8557787007874014
11
-3.8992212992125985
21
5.8538612204724405
0
LINE
8
BLACK
6
CONTINUOUS
10
-3.8992212992125985
20
5.8538612204724405
11
-3.8984296456692911
21
5.8519499999999995
0
LINE
8
BLACK
6
CONTINUOUS
10
-3.8984296456692911
20
5.8519499999999995
11
-3.8599999999999999
21
5.8519499999999995
0
LINE
8
BLACK
6
CONTINUOUS
10
-3.8599999999999999
20
5.8519499999999995
11
-3.8592537795275588
21
5.8518015748031491
0
LINE
8
BLACK
6
CONTINUOUS
10
-3.8592537795275588
20
5.8518015748031491
11
-3.8581984251968504
21
5.8507462204724412
0
LINE
8
BLACK
6
CONTINUOUS
10
-3.8581984251968504
20
5.8507462204724412
11
-3.8581984251968504
21
5.849253779527559
0
LINE
8
BLACK
6
CONTINUOUS
10
-3.8581984251968504
20
5.849253779527559
11
-3.8592537795275588
21
5.8481984251968502
0
LINE
8
BLACK
6
CONTINUOUS
10
-3.8592537795275588
20
5.8481984251968502
11
-3.8599999999999999
21
5.8480499999999997
0
LINE
8
BLACK
6
CONTINUOUS
10
-3.8599999999999999
20
5.8480499999999997
11
-3.89805
21
5.8480499999999997
0
LINE
8
BLACK
6
CONTINUOUS
10
-3.89805
20
5.8480499999999997
11
-3.89805
21
5.7919499999999999
0
LINE
8
BLACK
6
CONTINUOUS
10
-3.89805
20
5.7919499999999999
11
-3.8599999999999999
21
5.7919499999999999
0
LINE
8
BLACK
6
CONTINUOUS
10
-3.8599999999999999
20
5.7919499999999999
11
-3.8592537795275588
21
5.7918015748031495
0
LINE
8
BLACK
6
CONTINUOUS
10
-3.8592537795275588
20
5.7918015748031495
11
-3.8581984251968504
21
5.7907462204724407
0
LINE
8
BLACK
6
CONTINUOUS
10
-3.8581984251968504
20
5.7907462204724407
11
-3.8581984251968504
21
5.7892537795275585
0
LINE
8
BLACK
6
CONTINUOUS
10
-3.8581984251968504
20
5.7892537795275585
11
-3.8592537795275588
21
5.7881984251968506
0
LINE
8
BLACK
6
CONTINUOUS
10
-3.8592537795275588
20
5.7881984251968506
11
-3.8599999999999999
21
5.7880500000000001
0
LINE
8
BLACK
6
CONTINUOUS
10
-3.8599999999999999
20
5.7880500000000001
11
-3.8999999999999999
21
5.7880500000000001
0
LINE
8
BLACK
6
CONTINUOUS
10
-3.8999999999999999
20
5.7880500000000001
11
-3.900746220472441
21
5.7881984251968506
0
LINE
8
BLACK
6
CONTINUOUS
10
-3.900746220472441
20
5.7881984251968506
11
-3.9018015748031494
21
5.7892537795275585
0
LINE
8
BLACK
6
CONTINUOUS
10
-3.9018015748031494
20
5.7892537795275585
11
-3.9019499999999998
21
5.79
0
LINE
8
BLACK
6
CONTINUOUS
10
-3.9019499999999998
20
5.79
11
-3.9019499999999998
21
5.8438852755905515
0
LINE
8
BLACK
6
CONTINUOUS
10
-3.9019499999999998
20
5.8438852755905515
11
-3.9036441338582675
21
5.8431835433070862
0
LINE
8
BLACK
6
CONTINUOUS
10
-3.9036441338582675
20
5.8431835433070862
11
-3.9063558661417321
21
5.8431835433070862
0
LINE
8
BLACK
6
CONTINUOUS
10
-3.9063558661417321
20
5.8431835433070862
11
-3.9088612204724407
21
5.8442212992125979
0
LINE
8
BLACK
6
CONTINUOUS
10
-3.9088612204724407
20
5.8442212992125979
11
-3.9107787007874015
21
5.8461387795275588
0
LINE
8
BLACK
6
CONTINUOUS
10
-3.9107787007874015
20
5.8461387795275588
11
-3.9118164566929132
21
5.8486441338582678
0
LINE
8
BLACK
6
CONTINUOUS
10
-3.9118164566929132
20
5.8486441338582678
11
-3.9118164566929132
21
5.8506066929133853
0
LINE
8
BLACK
6
CONTINUOUS
10
-3.9118164566929132
20
5.8506066929133853
11
-3.9118164566929132
21
5.8513558661417324
0
LINE
8
BLACK
6
CONTINUOUS
10
-3.9118164566929132
20
5.8513558661417324
11
-3.9107787007874015
21
5.8538612204724405
0
LINE
8
BLACK
6
CONTINUOUS
10
-3.9107787007874015
20
5.8538612204724405
11
-3.9088612204724407
21
5.8557787007874014
0
LINE
8
BLACK
6
CONTINUOUS
10
-3.9088612204724407
20
5.8557787007874014
11
-3.9063558661417321
21
5.8568164566929131
0
LINE
8
BLACK
6
CONTINUOUS
10
-3.9063558661417321
20
5.8568164566929131
11
-3.9036441338582675
21
5.8568164566929131
0
LINE
8
BLACK
6
CONTINUOUS
10
-3.9036441338582675
20
5.8568164566929131
11
-3.9011387795275589
21
5.8557787007874014
0
LINE
8
BLACK
6
CONTINUOUS
10
-3.9080499999999998
20
5.849393307086614
11
-3.9075856692913384
21
5.8482723228346458
0
LINE
8
BLACK
6
CONTINUOUS
10
-3.9075856692913384
20
5.8482723228346458
11
-3.9067276771653541
21
5.847414330708661
0
LINE
8
BLACK
6
CONTINUOUS
10
-3.9067276771653541
20
5.847414330708661
11
-3.9056066929133859
21
5.8469499999999996
0
LINE
8
BLACK
6
CONTINUOUS
10
-3.9056066929133859
20
5.8469499999999996
11
-3.9043933070866141
21
5.8469499999999996
0
LINE
8
BLACK
6
CONTINUOUS
10
-3.9043933070866141
20
5.8469499999999996
11
-3.9032723228346455
21
5.847414330708661
0
LINE
8
BLACK
6
CONTINUOUS
10
-3.9032723228346455
20
5.847414330708661
11
-3.9024143307086612
21
5.8482723228346458
0
LINE
8
BLACK
6
CONTINUOUS
10
-3.9024143307086612
20
5.8482723228346458
11
-3.9019499999999998
21
5.849393307086614
0
LINE
8
BLACK
6
CONTINUOUS
10
-3.9019499999999998
20
5.849393307086614
11
-3.9019499999999998
21
5.8506066929133853
0
LINE
8
BLACK
6
CONTINUOUS
10
-3.9019499999999998
20
5.8506066929133853
11
-3.9024143307086612
21
5.8517276771653544
0
LINE
8
BLACK
6
CONTINUOUS
10
-3.9024143307086612
20
5.8517276771653544
11
-3.9032723228346455
21
5.8525856692913383
0
LINE
8
BLACK
6
CONTINUOUS
10
-3.9032723228346455
20
5.8525856692913383
11
-3.9043933070866141
21
5.8530499999999996
0
LINE
8
BLACK
6
CONTINUOUS
10
-3.9043933070866141
20
5.8530499999999996
11
-3.9056066929133859
21
5.8530499999999996
0
LINE
8
BLACK
6
CONTINUOUS
10
-3.9056066929133859
20
5.8530499999999996
11
-3.9067276771653541
21
5.8525856692913383
0
LINE
8
BLACK
6
CONTINUOUS
10
-3.9067276771653541
20
5.8525856692913383
11
-3.9075856692913384
21
5.8517276771653544
0
LINE
8
BLACK
6
CONTINUOUS
10
-3.9075856692913384
20
5.8517276771653544
11
-3.9080499999999998
21
5.8506066929133853
0
LINE
8
BLACK
6
CONTINUOUS
10
-3.9080499999999998
20
5.8506066929133853
11
-3.9080499999999998
21
5.849393307086614
0
LINE
8
BLACK
6
CONTINUOUS
10
-3.7792537795275591
20
5.8518015748031491
11
-3.7781984251968503
21
5.8507462204724412
0
LINE
8
BLACK
6
CONTINUOUS
10
-3.7781984251968503
20
5.8507462204724412
11
-3.7780499999999999
21
5.8499999999999996
0
LINE
8
BLACK
6
CONTINUOUS
10
-3.7780499999999999
20
5.8499999999999996
11
-3.7780499999999999
21
5.79
0
LINE
8
BLACK
6
CONTINUOUS
10
-3.7780499999999999
20
5.79
11
-3.7781984251968503
21
5.7892537795275585
0
LINE
8
BLACK
6
CONTINUOUS
10
-3.7781984251968503
20
5.7892537795275585
11
-3.7792537795275591
21
5.7881984251968506
0
LINE
8
BLACK
6
CONTINUOUS
10
-3.7792537795275591
20
5.7881984251968506
11
-3.7799999999999998
21
5.7880500000000001
0
LINE
8
BLACK
6
CONTINUOUS
10
-3.7799999999999998
20
5.7880500000000001
11
-3.8199999999999998
21
5.7880500000000001
0
LINE
8
BLACK
6
CONTINUOUS
10
-3.8199999999999998
20
5.7880500000000001
11
-3.8207462204724409
21
5.7881984251968506
0
LINE
8
BLACK
6
CONTINUOUS
10
-3.8207462204724409
20
5.7881984251968506
11
-3.8218015748031493
21
5.7892537795275585
0
LINE
8
BLACK
6
CONTINUOUS
10
-3.8218015748031493
20
5.7892537795275585
11
-3.8218015748031493
21
5.7907462204724407
0
LINE
8
BLACK
6
CONTINUOUS
10
-3.8218015748031493
20
5.7907462204724407
11
-3.8207462204724409
21
5.7918015748031495
0
LINE
8
BLACK
6
CONTINUOUS
10
-3.8207462204724409
20
5.7918015748031495
11
-3.8199999999999998
21
5.7919499999999999
0
LINE
8
BLACK
6
CONTINUOUS
10
-3.8199999999999998
20
5.7919499999999999
11
-3.7819499999999997
21
5.7919499999999999
0
LINE
8
BLACK
6
CONTINUOUS
10
-3.7819499999999997
20
5.7919499999999999
11
-3.7819499999999997
21
5.8480499999999997
0
LINE
8
BLACK
6
CONTINUOUS
10
-3.7819499999999997
20
5.8480499999999997
11
-3.8199999999999998
21
5.8480499999999997
0
LINE
8
BLACK
6
CONTINUOUS
10
-3.8199999999999998
20
5.8480499999999997
11
-3.8207462204724409
21
5.8481984251968502
0
LINE
8
BLACK
6
CONTINUOUS
10
-3.8207462204724409
20
5.8481984251968502
11
-3.8218015748031493
21
5.849253779527559
0
LINE
8
BLACK
6
CONTINUOUS
10
-3.8218015748031493
20
5.849253779527559
11
-3.8218015748031493
21
5.8507462204724412
0
LINE
8
BLACK
6
CONTINUOUS
10
-3.8218015748031493
20
5.8507462204724412
11
-3.8207462204724409
21
5.8518015748031491
0
LINE
8
BLACK
6
CONTINUOUS
10
-3.8207462204724409
20
5.8518015748031491
11
-3.8199999999999998
21
5.8519499999999995
0
LINE
8
BLACK
6
CONTINUOUS
10
-3.8199999999999998
20
5.8519499999999995
11
-3.7799999999999998
21
5.8519499999999995
0
LINE
8
BLACK
6
CONTINUOUS
10
-3.7799999999999998
20
5.8519499999999995
11
-3.7792537795275591
21
5.8518015748031491
0
LINE
8
BLACK
6
CONTINUOUS
10
-3.8424605905511808
20
5.8202963385826774
11
-3.8412970078740156
21
5.8191327559055113
0
LINE
8
BLACK
6
CONTINUOUS
10
-3.8412970078740156
20
5.8191327559055113
11
-3.8412970078740156
21
5.8174872440944885
0
LINE
8
BLACK
6
CONTINUOUS
10
-3.8412970078740156
20
5.8174872440944885
11
-3.8424605905511808
21
5.8163236614173224
0
LINE
8
BLACK
6
CONTINUOUS
10
-3.8424605905511808
20
5.8163236614173224
11
-3.8432833464566927
21
5.81616
0
LINE
8
BLACK
6
CONTINUOUS
10
-3.8432833464566927
20
5.81616
11
-3.8507405118110234
21
5.81616
0
LINE
8
BLACK
6
CONTINUOUS
10
-3.8507405118110234
20
5.81616
11
-3.8472938976377953
21
5.8122210236220475
0
LINE
8
BLACK
6
CONTINUOUS
10
-3.8472938976377953
20
5.8122210236220475
11
-3.8469888188976378
21
5.8116911811023622
0
LINE
8
BLACK
6
CONTINUOUS
10
-3.8469888188976378
20
5.8116911811023622
11
-3.846925590551181
21
5.8116279921259837
0
LINE
8
BLACK
6
CONTINUOUS
10
-3.846925590551181
20
5.8116279921259837
11
-3.846925590551181
21
5.8115814173228344
0
LINE
8
BLACK
6
CONTINUOUS
10
-3.846925590551181
20
5.8115814173228344
11
-3.8468752755905511
21
5.8114940551181098
0
LINE
8
BLACK
6
CONTINUOUS
10
-3.8468752755905511
20
5.8114940551181098
11
-3.846925590551181
21
5.8107392519685037
0
LINE
8
BLACK
6
CONTINUOUS
10
-3.846925590551181
20
5.8107392519685037
11
-3.846925590551181
21
5.8099824803149609
0
LINE
8
BLACK
6
CONTINUOUS
10
-3.846925590551181
20
5.8099824803149609
11
-3.8469796456692911
21
5.8099284251968504
0
LINE
8
BLACK
6
CONTINUOUS
10
-3.8469796456692911
20
5.8099284251968504
11
-3.8469847244094488
21
5.8098521653543305
0
LINE
8
BLACK
6
CONTINUOUS
10
-3.8469847244094488
20
5.8098521653543305
11
-3.8475541732283465
21
5.809353897637795
0
LINE
8
BLACK
6
CONTINUOUS
10
-3.8475541732283465
20
5.809353897637795
11
-3.8480891732283462
21
5.8088188976377948
0
LINE
8
BLACK
6
CONTINUOUS
10
-3.8480891732283462
20
5.8088188976377948
11
-3.8481881102362205
21
5.8087992125984247
0
LINE
8
BLACK
6
CONTINUOUS
10
-3.8481881102362205
20
5.8087992125984247
11
-3.8482231102362205
21
5.8087685826771649
0
LINE
8
BLACK
6
CONTINUOUS
10
-3.8482231102362205
20
5.8087685826771649
11
-3.8483122834645669
21
5.808774488188976
0
LINE
8
BLACK
6
CONTINUOUS
10
-3.8483122834645669
20
5.808774488188976
11
-3.848911929133858
21
5.8086552362204724
0
LINE
8
BLACK
6
CONTINUOUS
10
-3.848911929133858
20
5.8086552362204724
11
-3.8512186220472442
21
5.8086552362204724
0
LINE
8
BLACK
6
CONTINUOUS
10
-3.8512186220472442
20
5.8086552362204724
11
-3.8523288582677164
21
5.8081001181102359
0
LINE
8
BLACK
6
CONTINUOUS
10
-3.8523288582677164
20
5.8081001181102359
11
-3.8527735433070864
21
5.8076554330708658
0
LINE
8
BLACK
6
CONTINUOUS
10
-3.8527735433070864
20
5.8076554330708658
11
-3.853328582677165
21
5.8065452755905511
0
LINE
8
BLACK
6
CONTINUOUS
10
-3.853328582677165
20
5.8065452755905511
11
-3.853328582677165
21
5.8028698818897633
0
LINE
8
BLACK
6
CONTINUOUS
10
-3.853328582677165
20
5.8028698818897633
11
-3.8527735433070864
21
5.8017597244094485
0
LINE
8
BLACK
6
CONTINUOUS
10
-3.8527735433070864
20
5.8017597244094485
11
-3.8523288582677164
21
5.8013150787401573
0
LINE
8
BLACK
6
CONTINUOUS
10
-3.8523288582677164
20
5.8013150787401573
11
-3.8512186220472442
21
5.8007599999999995
0
LINE
8
BLACK
6
CONTINUOUS
10
-3.8512186220472442
20
5.8007599999999995
11
-3.8466051574803148
21
5.8007599999999995
0
LINE
8
BLACK
6
CONTINUOUS
10
-3.8466051574803148
20
5.8007599999999995
11
-3.8454950393700789
21
5.8013150787401573
0
LINE
8
BLACK
6
CONTINUOUS
10
-3.8454950393700789
20
5.8013150787401573
11
-3.8448035826771654
21
5.802006496062992
0
LINE
8
BLACK
6
CONTINUOUS
10
-3.8448035826771654
20
5.802006496062992
11
-3.8441061023622045
21
5.8024725196850389
0
LINE
8
BLACK
6
CONTINUOUS
10
-3.8441061023622045
20
5.8024725196850389
11
-3.8424605511811021
21
5.8024724803149601
0
LINE
8
BLACK
6
CONTINUOUS
10
-3.8424605511811021
20
5.8024724803149601
11
-3.8412970078740156
21
5.8013088976377949
0
LINE
8
BLACK
6
CONTINUOUS
10
-3.8412970078740156
20
5.8013088976377949
11
-3.8412970472440944
21
5.7996633464566925
0
LINE
8
BLACK
6
CONTINUOUS
10
-3.8412970472440944
20
5.7996633464566925
11
-3.8417631102362204
21
5.7989658661417325
0
LINE
8
BLACK
6
CONTINUOUS
10
-3.8417631102362204
20
5.7989658661417325
11
-3.8427012204724407
21
5.7980277952755905
0
LINE
8
BLACK
6
CONTINUOUS
10
-3.8427012204724407
20
5.7980277952755905
11
-3.8429875590551181
21
5.7978364960629918
0
LINE
8
BLACK
6
CONTINUOUS
10
-3.8429875590551181
20
5.7978364960629918
11
-3.8432599212598424
21
5.7976250787401575
0
LINE
8
BLACK
6
CONTINUOUS
10
-3.8432599212598424
20
5.7976250787401575
11
-3.8451361023622046
21
5.7966870078740156
0
LINE
8
BLACK
6
CONTINUOUS
10
-3.8451361023622046
20
5.7966870078740156
11
-3.84524
21
5.7966585433070863
0
LINE
8
BLACK
6
CONTINUOUS
10
-3.84524
20
5.7966585433070863
11
-3.8452748818897637
21
5.796623661417323
0
LINE
8
BLACK
6
CONTINUOUS
10
-3.8452748818897637
20
5.796623661417323
11
-3.8456130708661416
21
5.796556377952756
0
LINE
8
BLACK
6
CONTINUOUS
10
-3.8456130708661416
20
5.796556377952756
11
-3.8459451968503937
21
5.7964654330708658
0
LINE
8
BLACK
6
CONTINUOUS
10
-3.8459451968503937
20
5.7964654330708658
11
-3.8459919685039368
21
5.7964809842519687
0
LINE
8
BLACK
6
CONTINUOUS
10
-3.8459919685039368
20
5.7964809842519687
11
-3.8460976377952756
21
5.7964599999999997
0
LINE
8
BLACK
6
CONTINUOUS
10
-3.8460976377952756
20
5.7964599999999997
11
-3.851726220472441
21
5.7964599999999997
0
LINE
8
BLACK
6
CONTINUOUS
10
-3.851726220472441
20
5.7964599999999997
11
-3.8518319291338581
21
5.7964809842519687
0
LINE
8
BLACK
6
CONTINUOUS
10
-3.8518319291338581
20
5.7964809842519687
11
-3.8518786614173228
21
5.7964654330708658
0
LINE
8
BLACK
6
CONTINUOUS
10
-3.8518786614173228
20
5.7964654330708658
11
-3.8522108267716533
21
5.796556377952756
0
LINE
8
BLACK
6
CONTINUOUS
10
-3.8522108267716533
20
5.796556377952756
11
-3.8525489763779528
21
5.796623661417323
0
LINE
8
BLACK
6
CONTINUOUS
10
-3.8525489763779528
20
5.796623661417323
11
-3.8525838976377953
21
5.7966585433070863
0
LINE
8
BLACK
6
CONTINUOUS
10
-3.8525838976377953
20
5.7966585433070863
11
-3.8526877559055119
21
5.7966870078740156
0
LINE
8
BLACK
6
CONTINUOUS
10
-3.8526877559055119
20
5.7966870078740156
11
-3.8545639370078741
21
5.7976251181102363
0
LINE
8
BLACK
6
CONTINUOUS
10
-3.8545639370078741
20
5.7976251181102363
11
-3.8548360236220471
21
5.7978362598425193
0
LINE
8
BLACK
6
CONTINUOUS
10
-3.8548360236220471
20
5.7978362598425193
11
-3.8551226377952754
21
5.7980277952755905
0
LINE
8
BLACK
6
CONTINUOUS
10
-3.8551226377952754
20
5.7980277952755905
11
-3.8560607480314961
21
5.7989658661417325
0
LINE
8
BLACK
6
CONTINUOUS
10
-3.8560607480314961
20
5.7989658661417325
11
-3.8562521653543307
21
5.7992522834645666
0
LINE
8
BLACK
6
CONTINUOUS
10
-3.8562521653543307
20
5.7992522834645666
11
-3.8564635433070866
21
5.79952468503937
0
LINE
8
BLACK
6
CONTINUOUS
10
-3.8564635433070866
20
5.79952468503937
11
-3.8574016141732281
21
5.8014008661417318
0
LINE
8
BLACK
6
CONTINUOUS
10
-3.8574016141732281
20
5.8014008661417318
11
-3.8574300787401574
21
5.8015047244094484
0
LINE
8
BLACK
6
CONTINUOUS
10
-3.8574300787401574
20
5.8015047244094484
11
-3.8574649212598424
21
5.8015396062992126
0
LINE
8
BLACK
6
CONTINUOUS
10
-3.8574649212598424
20
5.8015396062992126
11
-3.8575322047244094
21
5.8018776771653542
0
LINE
8
BLACK
6
CONTINUOUS
10
-3.8575322047244094
20
5.8018776771653542
11
-3.8576231496062992
21
5.8022099606299209
0
LINE
8
BLACK
6
CONTINUOUS
10
-3.8576231496062992
20
5.8022099606299209
11
-3.8576075984251967
21
5.8022566929133861
0
LINE
8
BLACK
6
CONTINUOUS
10
-3.8576075984251967
20
5.8022566929133861
11
-3.8576285826771652
21
5.8023623622047245
0
LINE
8
BLACK
6
CONTINUOUS
10
-3.8576285826771652
20
5.8023623622047245
11
-3.8576285826771652
21
5.8070528346456696
0
LINE
8
BLACK
6
CONTINUOUS
10
-3.8576285826771652
20
5.8070528346456696
11
-3.8576075984251967
21
5.8071584645669292
0
LINE
8
BLACK
6
CONTINUOUS
10
-3.8576075984251967
20
5.8071584645669292
11
-3.8576231496062992
21
5.8072052362204722
0
LINE
8
BLACK
6
CONTINUOUS
10
-3.8576231496062992
20
5.8072052362204722
11
-3.8575322047244094
21
5.8075374803149602
0
LINE
8
BLACK
6
CONTINUOUS
10
-3.8575322047244094
20
5.8075374803149602
11
-3.8574649212598424
21
5.8078755905511814
0
LINE
8
BLACK
6
CONTINUOUS
10
-3.8574649212598424
20
5.8078755905511814
11
-3.8574300787401574
21
5.807910433070866
0
LINE
8
BLACK
6
CONTINUOUS
10
-3.8574300787401574
20
5.807910433070866
11
-3.8574016141732281
21
5.8080143307086614
0
LINE
8
BLACK
6
CONTINUOUS
10
-3.8574016141732281
20
5.8080143307086614
11
-3.8564635433070866
21
5.8098905511811019
0
LINE
8
BLACK
6
CONTINUOUS
10
-3.8564635433070866
20
5.8098905511811019
11
-3.8562521653543307
21
5.8101629133858266
0
LINE
8
BLACK
6
CONTINUOUS
10
-3.8562521653543307
20
5.8101629133858266
11
-3.8560607480314961
21
5.8104493700787403
0
LINE
8
BLACK
6
CONTINUOUS
10
-3.8560607480314961
20
5.8104493700787403
11
-3.8551226377952754
21
5.8113874409448814
0
LINE
8
BLACK
6
CONTINUOUS
10
-3.8551226377952754
20
5.8113874409448814
11
-3.8548360236220471
21
5.8115789370078739
0
LINE
8
BLACK
6
CONTINUOUS
10
-3.8548360236220471
20
5.8115789370078739
11
-3.8545639370078741
21
5.8117901181102365
0
LINE
8
BLACK
6
CONTINUOUS
10
-3.8545639370078741
20
5.8117901181102365
11
-3.8532189763779527
21
5.8124625984251965
0
LINE
8
BLACK
6
CONTINUOUS
10
-3.8532189763779527
20
5.8124625984251965
11
-3.8570966141732281
21
5.8168942125984247
0
LINE
8
BLACK
6
CONTINUOUS
10
-3.8570966141732281
20
5.8168942125984247
11
-3.8574017322834644
21
5.8174240157480313
0
LINE
8
BLACK
6
CONTINUOUS
10
-3.8574017322834644
20
5.8174240157480313
11
-3.8574649212598424
21
5.8174872440944885
0
LINE
8
BLACK
6
CONTINUOUS
10
-3.8574649212598424
20
5.8174872440944885
11
-3.8574649212598424
21
5.817533779527559
0
LINE
8
BLACK
6
CONTINUOUS
10
-3.8574649212598424
20
5.817533779527559
11
-3.8575152362204723
21
5.8176211811023624
0
LINE
8
BLACK
6
CONTINUOUS
10
-3.8575152362204723
20
5.8176211811023624
11
-3.8574649212598424
21
5.8183759448818897
0
LINE
8
BLACK
6
CONTINUOUS
10
-3.8574649212598424
20
5.8183759448818897
11
-3.8574649212598424
21
5.8191327559055113
0
LINE
8
BLACK
6
CONTINUOUS
10
-3.8574649212598424
20
5.8191327559055113
11
-3.8574109055118111
21
5.819186771653543
0
LINE
8
BLACK
6
CONTINUOUS
10
-3.8574109055118111
20
5.819186771653543
11
-3.8574057874015746
21
5.8192630708661417
0
LINE
8
BLACK
6
CONTINUOUS
10
-3.8574057874015746
20
5.8192630708661417
11
-3.8568363779527557
21
5.8197612992125984
0
LINE
8
BLACK
6
CONTINUOUS
10
-3.8568363779527557
20
5.8197612992125984
11
-3.8563013385826772
21
5.8202963385826774
0
LINE
8
BLACK
6
CONTINUOUS
10
-3.8563013385826772
20
5.8202963385826774
11
-3.8562024409448816
21
5.8203159842519687
0
LINE
8
BLACK
6
CONTINUOUS
10
-3.8562024409448816
20
5.8203159842519687
11
-3.8561674015748029
21
5.8203466535433073
0
LINE
8
BLACK
6
CONTINUOUS
10
-3.8561674015748029
20
5.8203466535433073
11
-3.8560782677165353
21
5.8203407086614174
0
LINE
8
BLACK
6
CONTINUOUS
10
-3.8560782677165353
20
5.8203407086614174
11
-3.8554785826771654
21
5.8204599999999997
0
LINE
8
BLACK
6
CONTINUOUS
10
-3.8554785826771654
20
5.8204599999999997
11
-3.8432833464566927
21
5.8204599999999997
0
LINE
8
BLACK
6
CONTINUOUS
10
-3.8432833464566927
20
5.8204599999999997
11
-3.8424605905511808
21
5.8202963385826774
0
LINE
8
BLACK
6
CONTINUOUS
10
-3.824636811023622
20
5.8202963385826774
11
-3.8234732283464568
21
5.8191327559055113
0
LINE
8
BLACK
6
CONTINUOUS
10
-3.8234732283464568
20
5.8191327559055113
11
-3.8233095669291339
21
5.8183099999999994
0
LINE
8
BLACK
6
CONTINUOUS
10
-3.8233095669291339
20
5.8183099999999994
11
-3.8233095669291339
21
5.79861
0
LINE
8
BLACK
6
CONTINUOUS
10
-3.8233095669291339
20
5.79861
11
-3.8234732283464568
21
5.7977872440944882
0
LINE
8
BLACK
6
CONTINUOUS
10
-3.8234732283464568
20
5.7977872440944882
11
-3.824636811023622
21
5.796623661417323
0
LINE
8
BLACK
6
CONTINUOUS
10
-3.824636811023622
20
5.796623661417323
11
-3.8262823228346456
21
5.796623661417323
0
LINE
8
BLACK
6
CONTINUOUS
10
-3.8262823228346456
20
5.796623661417323
11
-3.8274459055118109
21
5.7977872440944882
0
LINE
8
BLACK
6
CONTINUOUS
10
-3.8274459055118109
20
5.7977872440944882
11
-3.8276095669291337
21
5.79861
0
LINE
8
BLACK
6
CONTINUOUS
10
-3.8276095669291337
20
5.79861
11
-3.8276095669291337
21
5.80584094488189
0
LINE
8
BLACK
6
CONTINUOUS
10
-3.8276095669291337
20
5.80584094488189
11
-3.82903062992126
21
5.80584094488189
0
LINE
8
BLACK
6
CONTINUOUS
10
-3.82903062992126
20
5.80584094488189
11
-3.8349553543307087
21
5.797377047244094
0
LINE
8
BLACK
6
CONTINUOUS
10
-3.8349553543307087
20
5.797377047244094
11
-3.835561220472441
21
5.7967968897637796
0
LINE
8
BLACK
6
CONTINUOUS
10
-3.835561220472441
20
5.7967968897637796
11
-3.837181771653543
21
5.7965109055118109
0
LINE
8
BLACK
6
CONTINUOUS
10
-3.837181771653543
20
5.7965109055118109
11
-3.8385298031496062
21
5.7974545275590552
0
LINE
8
BLACK
6
CONTINUOUS
10
-3.8385298031496062
20
5.7974545275590552
11
-3.8388157874015749
21
5.7990750787401577
0
LINE
8
BLACK
6
CONTINUOUS
10
-3.8388157874015749
20
5.7990750787401577
11
-3.8384780314960629
21
5.7998429527559052
0
LINE
8
BLACK
6
CONTINUOUS
10
-3.8384780314960629
20
5.7998429527559052
11
-3.8340700787401576
21
5.8061400393700788
0
LINE
8
BLACK
6
CONTINUOUS
10
-3.8340700787401576
20
5.8061400393700788
11
-3.8358020472440946
21
5.8070060629921256
0
LINE
8
BLACK
6
CONTINUOUS
10
-3.8358020472440946
20
5.8070060629921256
11
-3.8360742519685038
21
5.807217283464567
0
LINE
8
BLACK
6
CONTINUOUS
10
-3.8360742519685038
20
5.807217283464567
11
-3.8363607874015746
21
5.8074087795275586
0
LINE
8
BLACK
6
CONTINUOUS
10
-3.8363607874015746
20
5.8074087795275586
11
-3.8372988582677166
21
5.8083468503937006
0
LINE
8
BLACK
6
CONTINUOUS
10
-3.8372988582677166
20
5.8083468503937006
11
-3.8374903149606299
21
5.808633346456693
0
LINE
8
BLACK
6
CONTINUOUS
10
-3.8374903149606299
20
5.808633346456693
11
-3.8377016141732283
21
5.8089056299212594
0
LINE
8
BLACK
6
CONTINUOUS
10
-3.8377016141732283
20
5.8089056299212594
11
-3.8386397244094486
21
5.8107818503937008
0
LINE
8
BLACK
6
CONTINUOUS
10
-3.8386397244094486
20
5.8107818503937008
11
-3.8386681889763778
21
5.8108857086614174
0
LINE
8
BLACK
6
CONTINUOUS
10
-3.8386681889763778
20
5.8108857086614174
11
-3.8387030314960628
21
5.8109205905511807
0
LINE
8
BLACK
6
CONTINUOUS
10
-3.8387030314960628
20
5.8109205905511807
11
-3.8387702755905511
21
5.8112585826771657
0
LINE
8
BLACK
6
CONTINUOUS
10
-3.8387702755905511
20
5.8112585826771657
11
-3.8388612598425196
21
5.8115909055118111
0
LINE
8
BLACK
6
CONTINUOUS
10
-3.8388612598425196
20
5.8115909055118111
11
-3.8388457086614172
21
5.8116376377952754
0
LINE
8
BLACK
6
CONTINUOUS
10
-3.8388457086614172
20
5.8116376377952754
11
-3.8388666929133857
21
5.8117433464566925
0
LINE
8
BLACK
6
CONTINUOUS
10
-3.8388666929133857
20
5.8117433464566925
11
-3.8388666929133857
21
5.8145575984251971
0
LINE
8
BLACK
6
CONTINUOUS
10
-3.8388666929133857
20
5.8145575984251971
11
-3.8388457086614172
21
5.8146632677165355
0
LINE
8
BLACK
6
CONTINUOUS
10
-3.8388457086614172
20
5.8146632677165355
11
-3.8388612598425196
21
5.8147100393700786
0
LINE
8
BLACK
6
CONTINUOUS
10
-3.8388612598425196
20
5.8147100393700786
11
-3.8387702755905511
21
5.8150423228346453
0
LINE
8
BLACK
6
CONTINUOUS
10
-3.8387702755905511
20
5.8150423228346453
11
-3.8387030314960628
21
5.8153803543307081
0
LINE
8
BLACK
6
CONTINUOUS
10
-3.8387030314960628
20
5.8153803543307081
11
-3.8386681889763778
21
5.8154151968503935
0
LINE
8
BLACK
6
CONTINUOUS
10
-3.8386681889763778
20
5.8154151968503935
11
-3.8386397244094486
21
5.8155190944881889
0
LINE
8
BLACK
6
CONTINUOUS
10
-3.8386397244094486
20
5.8155190944881889
11
-3.8377016141732283
21
5.8173953149606294
0
LINE
8
BLACK
6
CONTINUOUS
10
-3.8377016141732283
20
5.8173953149606294
11
-3.8374903149606299
21
5.8176675590551179
0
LINE
8
BLACK
6
CONTINUOUS
10
-3.8374903149606299
20
5.8176675590551179
11
-3.8372988582677166
21
5.8179540944881891
0
LINE
8
BLACK
6
CONTINUOUS
10
-3.8372988582677166
20
5.8179540944881891
11
-3.8363607874015746
21
5.8188921653543302
0
LINE
8
BLACK
6
CONTINUOUS
10
-3.8363607874015746
20
5.8188921653543302
11
-3.8360742519685038
21
5.8190836220472439
0
LINE
8
BLACK
6
CONTINUOUS
10
-3.8360742519685038
20
5.8190836220472439
11
-3.8358020472440946
21
5.8192948818897641
0
LINE
8
BLACK
6
CONTINUOUS
10
-3.8358020472440946
20
5.8192948818897641
11
-3.8339258661417324
21
5.8202329921259839
0
LINE
8
BLACK
6
CONTINUOUS
10
-3.8339258661417324
20
5.8202329921259839
11
-3.8338220078740157
21
5.8202614173228344
0
LINE
8
BLACK
6
CONTINUOUS
10
-3.8338220078740157
20
5.8202614173228344
11
-3.8337870866141732
21
5.8202963385826774
0
LINE
8
BLACK
6
CONTINUOUS
10
-3.8337870866141732
20
5.8202963385826774
11
-3.8334489370078741
21
5.8203635826771656
0
LINE
8
BLACK
6
CONTINUOUS
10
-3.8334489370078741
20
5.8203635826771656
11
-3.8331167716535433
21
5.8204545669291337
0
LINE
8
BLACK
6
CONTINUOUS
10
-3.8331167716535433
20
5.8204545669291337
11
-3.8330700393700785
21
5.8204389763779529
0
LINE
8
BLACK
6
CONTINUOUS
10
-3.8330700393700785
20
5.8204389763779529
11
-3.8329643307086614
21
5.8204599999999997
0
LINE
8
BLACK
6
CONTINUOUS
10
-3.8329643307086614
20
5.8204599999999997
11
-3.8254595669291338
21
5.8204599999999997
0
LINE
8
BLACK
6
CONTINUOUS
10
-3.8254595669291338
20
5.8204599999999997
11
-3.824636811023622
21
5.8202963385826774
0
LINE
8
BLACK
6
CONTINUOUS
10
-3.8335669685039369
20
5.8156048818897634
11
-3.8340115748031494
21
5.8151602755905509
0
LINE
8
BLACK
6
CONTINUOUS
10
-3.8340115748031494
20
5.8151602755905509
11
-3.8345666929133859
21
5.8140500393700787
0
LINE
8
BLACK
6
CONTINUOUS
10
-3.8345666929133859
20
5.8140500393700787
11
-3.8345666929133859
21
5.812250905511811
0
LINE
8
BLACK
6
CONTINUOUS
10
-3.8345666929133859
20
5.812250905511811
11
-3.8340115748031494
21
5.8111406692913388
0
LINE
8
BLACK
6
CONTINUOUS
10
-3.8340115748031494
20
5.8111406692913388
11
-3.8335669685039369
21
5.8106960236220475
0
LINE
8
BLACK
6
CONTINUOUS
10
-3.8335669685039369
20
5.8106960236220475
11
-3.8324567322834646
21
5.8101409448818897
0
LINE
8
BLACK
6
CONTINUOUS
10
-3.8324567322834646
20
5.8101409448818897
11
-3.8276095669291337
21
5.8101409448818897
0
LINE
8
BLACK
6
CONTINUOUS
10
-3.8276095669291337
20
5.8101409448818897
11
-3.8276095669291337
21
5.81616
0
LINE
8
BLACK
6
CONTINUOUS
10
-3.8276095669291337
20
5.81616
11
-3.8324567322834646
21
5.81616
0
LINE
8
BLACK
6
CONTINUOUS
10
-3.8324567322834646
20
5.81616
11
-3.8335669685039369
21
5.8156048818897634
0
LINE
8
BLACK
6
CONTINUOUS
10
-3.6363430314960627
20
5.812861062992126
11
-3.6352876771653544
21
5.8118057086614172
0
LINE
8
BLACK
6
CONTINUOUS
10
-3.6352876771653544
20
5.8118057086614172
11
-3.6352876771653544
21
5.810313267716535
0
LINE
8
BLACK
6
CONTINUOUS
10
-3.6352876771653544
20
5.810313267716535
11
-3.6363430314960627
21
5.8092579133858262
0
LINE
8
BLACK
6
CONTINUOUS
10
-3.6363430314960627
20
5.8092579133858262
11
-3.6370892519685039
21
5.8091094881889767
0
LINE
8
BLACK
6
CONTINUOUS
10
-3.6370892519685039
20
5.8091094881889767
11
-3.6447243700787402
21
5.8091094881889767
0
LINE
8
BLACK
6
CONTINUOUS
10
-3.6447243700787402
20
5.8091094881889767
11
-3.6453776771653543
21
5.8084561811023621
0
LINE
8
BLACK
6
CONTINUOUS
10
-3.6453776771653543
20
5.8084561811023621
11
-3.6359192519685037
21
5.8013623622047241
0
LINE
8
BLACK
6
CONTINUOUS
10
-3.6359192519685037
20
5.8013623622047241
11
-3.635411338582677
21
5.8007959055118112
0
LINE
8
BLACK
6
CONTINUOUS
10
-3.635411338582677
20
5.8007959055118112
11
-3.635200275590551
21
5.7993183858267718
0
LINE
8
BLACK
6
CONTINUOUS
10
-3.635200275590551
20
5.7993183858267718
11
-3.6360957480314959
21
5.7981244488188972
0
LINE
8
BLACK
6
CONTINUOUS
10
-3.6360957480314959
20
5.7981244488188972
11
-3.6375732283464566
21
5.7979133858267717
0
LINE
8
BLACK
6
CONTINUOUS
10
-3.6375732283464566
20
5.7979133858267717
11
-3.638259251968504
21
5.7982423622047241
0
LINE
8
BLACK
6
CONTINUOUS
10
-3.638259251968504
20
5.7982423622047241
11
-3.6481633858267717
21
5.8056704724409451
0
LINE
8
BLACK
6
CONTINUOUS
10
-3.6481633858267717
20
5.8056704724409451
11
-3.6554103937007874
21
5.7984235039370073
0
LINE
8
BLACK
6
CONTINUOUS
10
-3.6554103937007874
20
5.7984235039370073
11
-3.6560429921259843
21
5.7980007874015751
0
LINE
8
BLACK
6
CONTINUOUS
10
-3.6560429921259843
20
5.7980007874015751
11
-3.6575355118110235
21
5.7980007874015751
0
LINE
8
BLACK
6
CONTINUOUS
10
-3.6575355118110235
20
5.7980007874015751
11
-3.6585908267716536
21
5.7990561023622043
0
LINE
8
BLACK
6
CONTINUOUS
10
-3.6585908267716536
20
5.7990561023622043
11
-3.6585908267716536
21
5.800548622047244
0
LINE
8
BLACK
6
CONTINUOUS
10
-3.6585908267716536
20
5.800548622047244
11
-3.6581681102362205
21
5.8011812204724409
0
LINE
8
BLACK
6
CONTINUOUS
10
-3.6581681102362205
20
5.8011812204724409
11
-3.6502398031496064
21
5.8091094881889767
0
LINE
8
BLACK
6
CONTINUOUS
10
-3.6502398031496064
20
5.8091094881889767
11
-3.6567892519685037
21
5.8091094881889767
0
LINE
8
BLACK
6
CONTINUOUS
10
-3.6567892519685037
20
5.8091094881889767
11
-3.6575354724409448
21
5.8092579133858262
0
LINE
8
BLACK
6
CONTINUOUS
10
-3.6575354724409448
20
5.8092579133858262
11
-3.6585908267716536
21
5.810313267716535
0
LINE
8
BLACK
6
CONTINUOUS
10
-3.6585908267716536
20
5.810313267716535
11
-3.6585908267716536
21
5.8118057086614172
0
LINE
8
BLACK
6
CONTINUOUS
10
-3.6585908267716536
20
5.8118057086614172
11
-3.6575354724409448
21
5.812861062992126
0
LINE
8
BLACK
6
CONTINUOUS
10
-3.6575354724409448
20
5.812861062992126
11
-3.6567892519685037
21
5.8130094881889764
0
LINE
8
BLACK
6
CONTINUOUS
10
-3.6567892519685037
20
5.8130094881889764
11
-3.6370892519685039
21
5.8130094881889764
0
LINE
8
BLACK
6
CONTINUOUS
10
-3.6370892519685039
20
5.8130094881889764
11
-3.6363430314960627
21
5.812861062992126
0
LINE
8
BLACK
6
CONTINUOUS
10
-3.8291062598425194
20
5.8479389763779528
11
-3.8290594881889763
21
5.8479545669291335
0
LINE
8
BLACK
6
CONTINUOUS
10
-3.8290594881889763
20
5.8479545669291335
11
-3.8287273622047242
21
5.8478635826771654
0
LINE
8
BLACK
6
CONTINUOUS
10
-3.8287273622047242
20
5.8478635826771654
11
-3.8283891732283464
21
5.8477963385826772
0
LINE
8
BLACK
6
CONTINUOUS
10
-3.8283891732283464
20
5.8477963385826772
11
-3.8283542913385826
21
5.8477614173228343
0
LINE
8
BLACK
6
CONTINUOUS
10
-3.8283542913385826
20
5.8477614173228343
11
-3.8282503937007872
21
5.8477329921259837
0
LINE
8
BLACK
6
CONTINUOUS
10
-3.8282503937007872
20
5.8477329921259837
11
-3.826374212598425
21
5.8467949212598427
0
LINE
8
BLACK
6
CONTINUOUS
10
-3.826374212598425
20
5.8467949212598427
11
-3.8261018503937008
21
5.8465834645669288
0
LINE
8
BLACK
6
CONTINUOUS
10
-3.8261018503937008
20
5.8465834645669288
11
-3.8258155118110238
21
5.8463922047244097
0
LINE
8
BLACK
6
CONTINUOUS
10
-3.8258155118110238
20
5.8463922047244097
11
-3.824877401574803
21
5.8454541338582677
0
LINE
8
BLACK
6
CONTINUOUS
10
-3.824877401574803
20
5.8454541338582677
11
-3.8246859448818897
21
5.8451675590551178
0
LINE
8
BLACK
6
CONTINUOUS
10
-3.8246859448818897
20
5.8451675590551178
11
-3.8244746062992125
21
5.8448953149606302
0
LINE
8
BLACK
6
CONTINUOUS
10
-3.8244746062992125
20
5.8448953149606302
11
-3.8235365354330706
21
5.84301905511811
0
LINE
8
BLACK
6
CONTINUOUS
10
-3.8235365354330706
20
5.84301905511811
11
-3.8234743700787401
21
5.8427918897637792
0
LINE
8
BLACK
6
CONTINUOUS
10
-3.8234743700787401
20
5.8427918897637792
11
-3.8233737795275591
21
5.8425790551181098
0
LINE
8
BLACK
6
CONTINUOUS
10
-3.8233737795275591
20
5.8425790551181098
11
-3.8224356692913384
21
5.8388267322834642
0
LINE
8
BLACK
6
CONTINUOUS
10
-3.8224356692913384
20
5.8388267322834642
11
-3.8224228740157478
21
5.8385636614173224
0
LINE
8
BLACK
6
CONTINUOUS
10
-3.8224228740157478
20
5.8385636614173224
11
-3.8223714566929132
21
5.8383052362204726
0
LINE
8
BLACK
6
CONTINUOUS
10
-3.8223714566929132
20
5.8383052362204726
11
-3.8223714566929132
21
5.8336147637795275
0
LINE
8
BLACK
6
CONTINUOUS
10
-3.8223714566929132
20
5.8336147637795275
11
-3.8224228740157478
21
5.833356299212598
0
LINE
8
BLACK
6
CONTINUOUS
10
-3.8224228740157478
20
5.833356299212598
11
-3.8224356692913384
21
5.8330933070866138
0
LINE
8
BLACK
6
CONTINUOUS
10
-3.8224356692913384
20
5.8330933070866138
11
-3.8233737795275591
21
5.8293409055118106
0
LINE
8
BLACK
6
CONTINUOUS
10
-3.8233737795275591
20
5.8293409055118106
11
-3.8234743307086614
21
5.8291280708661413
0
LINE
8
BLACK
6
CONTINUOUS
10
-3.8234743307086614
20
5.8291280708661413
11
-3.8235365354330706
21
5.8289008661417325
0
LINE
8
BLACK
6
CONTINUOUS
10
-3.8235365354330706
20
5.8289008661417325
11
-3.8244746062992125
21
5.8270246850393699
0
LINE
8
BLACK
6
CONTINUOUS
10
-3.8244746062992125
20
5.8270246850393699
11
-3.8246860236220472
21
5.8267522834645664
0
LINE
8
BLACK
6
CONTINUOUS
10
-3.8246860236220472
20
5.8267522834645664
11
-3.824877401574803
21
5.8264658661417323
0
LINE
8
BLACK
6
CONTINUOUS
10
-3.824877401574803
20
5.8264658661417323
11
-3.8258155118110238
21
5.8255277952755904
0
LINE
8
BLACK
6
CONTINUOUS
10
-3.8258155118110238
20
5.8255277952755904
11
-3.8261018503937008
21
5.8253364960629916
0
LINE
8
BLACK
6
CONTINUOUS
10
-3.8261018503937008
20
5.8253364960629916
11
-3.826374212598425
21
5.8251250787401574
0
LINE
8
BLACK
6
CONTINUOUS
10
-3.826374212598425
20
5.8251250787401574
11
-3.8282503937007872
21
5.8241870078740154
0
LINE
8
BLACK
6
CONTINUOUS
10
-3.8282503937007872
20
5.8241870078740154
11
-3.8283542913385826
21
5.8241585433070862
0
LINE
8
BLACK
6
CONTINUOUS
10
-3.8283542913385826
20
5.8241585433070862
11
-3.8283891732283464
21
5.8241236614173229
0
LINE
8
BLACK
6
CONTINUOUS
10
-3.8283891732283464
20
5.8241236614173229
11
-3.8287273622047242
21
5.8240563779527559
0
LINE
8
BLACK
6
CONTINUOUS
10
-3.8287273622047242
20
5.8240563779527559
11
-3.8290594881889763
21
5.8239654330708657
0
LINE
8
BLACK
6
CONTINUOUS
10
-3.8290594881889763
20
5.8239654330708657
11
-3.8291062598425194
21
5.8239809842519685
0
LINE
8
BLACK
6
CONTINUOUS
10
-3.8291062598425194
20
5.8239809842519685
11
-3.8292119291338582
21
5.8239599999999996
0
LINE
8
BLACK
6
CONTINUOUS
10
-3.8292119291338582
20
5.8239599999999996
11
-3.8310881102362204
21
5.8239599999999996
0
LINE
8
BLACK
6
CONTINUOUS
10
-3.8310881102362204
20
5.8239599999999996
11
-3.8311938188976375
21
5.8239809842519685
0
LINE
8
BLACK
6
CONTINUOUS
10
-3.8311938188976375
20
5.8239809842519685
11
-3.8312405511811023
21
5.8239654330708657
0
LINE
8
BLACK
6
CONTINUOUS
10
-3.8312405511811023
20
5.8239654330708657
11
-3.8315728740157478
21
5.8240564173228346
0
LINE
8
BLACK
6
CONTINUOUS
10
-3.8315728740157478
20
5.8240564173228346
11
-3.8319108661417323
21
5.8241236614173229
0
LINE
8
BLACK
6
CONTINUOUS
10
-3.8319108661417323
20
5.8241236614173229
11
-3.831945748031496
21
5.8241585039370074
0
LINE
8
BLACK
6
CONTINUOUS
10
-3.831945748031496
20
5.8241585039370074
11
-3.8320496062992127
21
5.8241869685039367
0
LINE
8
BLACK
6
CONTINUOUS
10
-3.8320496062992127
20
5.8241869685039367
11
-3.8339258267716536
21
5.8251250787401574
0
LINE
8
BLACK
6
CONTINUOUS
10
-3.8339258267716536
20
5.8251250787401574
11
-3.8341982677165354
21
5.8253364960629916
0
LINE
8
BLACK
6
CONTINUOUS
10
-3.8341982677165354
20
5.8253364960629916
11
-3.8344846062992124
21
5.8255278346456691
0
LINE
8
BLACK
6
CONTINUOUS
10
-3.8344846062992124
20
5.8255278346456691
11
-3.8354226771653543
21
5.8264659055118111
0
LINE
8
BLACK
6
CONTINUOUS
10
-3.8354226771653543
20
5.8264659055118111
11
-3.8356141338582677
21
5.8267523622047239
0
LINE
8
BLACK
6
CONTINUOUS
10
-3.8356141338582677
20
5.8267523622047239
11
-3.8358254330708661
21
5.8270246456692911
0
LINE
8
BLACK
6
CONTINUOUS
10
-3.8358254330708661
20
5.8270246456692911
11
-3.8367635039370076
21
5.8289008267716538
0
LINE
8
BLACK
6
CONTINUOUS
10
-3.8367635039370076
20
5.8289008267716538
11
-3.8368257086614173
21
5.8291278740157475
0
LINE
8
BLACK
6
CONTINUOUS
10
-3.8368257086614173
20
5.8291278740157475
11
-3.8369263385826771
21
5.8293409448818894
0
LINE
8
BLACK
6
CONTINUOUS
10
-3.8369263385826771
20
5.8293409448818894
11
-3.837864409448819
21
5.8330933464566925
0
LINE
8
BLACK
6
CONTINUOUS
10
-3.837864409448819
20
5.8330933464566925
11
-3.8378772440944879
21
5.833356456692913
0
LINE
8
BLACK
6
CONTINUOUS
10
-3.8378772440944879
20
5.833356456692913
11
-3.8379285826771654
21
5.8336147637795275
0
LINE
8
BLACK
6
CONTINUOUS
10
-3.8379285826771654
20
5.8336147637795275
11
-3.8379285826771654
21
5.8383052362204726
0
LINE
8
BLACK
6
CONTINUOUS
10
-3.8379285826771654
20
5.8383052362204726
11
-3.8378772440944879
21
5.8385635039370074
0
LINE
8
BLACK
6
CONTINUOUS
10
-3.8378772440944879
20
5.8385635039370074
11
-3.837864409448819
21
5.8388266929133854
0
LINE
8
BLACK
6
CONTINUOUS
10
-3.837864409448819
20
5.8388266929133854
11
-3.8369263385826771
21
5.8425790157480311
0
LINE
8
BLACK
6
CONTINUOUS
10
-3.8369263385826771
20
5.8425790157480311
11
-3.836825748031496
21
5.8427919291338579
0
LINE
8
BLACK
6
CONTINUOUS
10
-3.836825748031496
20
5.8427919291338579
11
-3.8367635433070864
21
5.8430190944881888
0
LINE
8
BLACK
6
CONTINUOUS
10
-3.8367635433070864
20
5.8430190944881888
11
-3.8358254330708661
21
5.8448953149606302
0
LINE
8
BLACK
6
CONTINUOUS
10
-3.8358254330708661
20
5.8448953149606302
11
-3.8356141338582677
21
5.8451675590551178
0
LINE
8
BLACK
6
CONTINUOUS
10
-3.8356141338582677
20
5.8451675590551178
11
-3.8354226771653543
21
5.845454094488189
0
LINE
8
BLACK
6
CONTINUOUS
10
-3.8354226771653543
20
5.845454094488189
11
-3.8344846062992124
21
5.8463921653543309
0
LINE
8
BLACK
6
CONTINUOUS
10
-3.8344846062992124
20
5.8463921653543309
11
-3.8341982677165354
21
5.8465834645669288
0
LINE
8
BLACK
6
CONTINUOUS
10
-3.8341982677165354
20
5.8465834645669288
11
-3.8339258267716536
21
5.8467949212598427
0
LINE
8
BLACK
6
CONTINUOUS
10
-3.8339258267716536
20
5.8467949212598427
11
-3.8320496062992127
21
5.8477330314960625
0
LINE
8
BLACK
6
CONTINUOUS
10
-3.8320496062992127
20
5.8477330314960625
11
-3.831945748031496
21
5.847761456692913
0
LINE
8
BLACK
6
CONTINUOUS
10
-3.831945748031496
20
5.847761456692913
11
-3.8319108661417323
21
5.8477963385826772
0
LINE
8
BLACK
6
CONTINUOUS
10
-3.8319108661417323
20
5.8477963385826772
11
-3.8315728740157478
21
5.8478635433070867
0
LINE
8
BLACK
6
CONTINUOUS
10
-3.8315728740157478
20
5.8478635433070867
11
-3.8312405511811023
21
5.8479545669291335
0
LINE
8
BLACK
6
CONTINUOUS
10
-3.8312405511811023
20
5.8479545669291335
11
-3.8311938188976375
21
5.8479389763779528
0
LINE
8
BLACK
6
CONTINUOUS
10
-3.8311938188976375
20
5.8479389763779528
11
-3.8310881102362204
21
5.8479599999999996
0
LINE
8
BLACK
6
CONTINUOUS
10
-3.8310881102362204
20
5.8479599999999996
11
-3.8292119291338582
21
5.8479599999999996
0
LINE
8
BLACK
6
CONTINUOUS
10
-3.8292119291338582
20
5.8479599999999996
11
-3.8291062598425194
21
5.8479389763779528
0
LINE
8
BLACK
6
CONTINUOUS
10
-3.8316907874015746
20
5.8431048818897633
11
-3.8321353937007872
21
5.8426602755905508
0
LINE
8
BLACK
6
CONTINUOUS
10
-3.8321353937007872
20
5.8426602755905508
11
-3.8328119291338583
21
5.8413072440944882
0
LINE
8
BLACK
6
CONTINUOUS
10
-3.8328119291338583
20
5.8413072440944882
11
-3.8336285826771652
21
5.8380404724409445
0
LINE
8
BLACK
6
CONTINUOUS
10
-3.8336285826771652
20
5.8380404724409445
11
-3.8336285826771652
21
5.8338794488188972
0
LINE
8
BLACK
6
CONTINUOUS
10
-3.8336285826771652
20
5.8338794488188972
11
-3.8328118897637795
21
5.8306126377952756
0
LINE
8
BLACK
6
CONTINUOUS
10
-3.8328118897637795
20
5.8306126377952756
11
-3.8321354724409447
21
5.8292597637795271
0
LINE
8
BLACK
6
CONTINUOUS
10
-3.8321354724409447
20
5.8292597637795271
11
-3.8316907874015746
21
5.8288151181102359
0
LINE
8
BLACK
6
CONTINUOUS
10
-3.8316907874015746
20
5.8288151181102359
11
-3.8305805511811024
21
5.8282600000000002
0
LINE
8
BLACK
6
CONTINUOUS
10
-3.8305805511811024
20
5.8282600000000002
11
-3.8297194488188975
21
5.8282600000000002
0
LINE
8
BLACK
6
CONTINUOUS
10
-3.8297194488188975
20
5.8282600000000002
11
-3.8286093307086615
21
5.8288150787401571
0
LINE
8
BLACK
6
CONTINUOUS
10
-3.8286093307086615
20
5.8288150787401571
11
-3.828164645669291
21
5.8292597244094484
0
LINE
8
BLACK
6
CONTINUOUS
10
-3.828164645669291
20
5.8292597244094484
11
-3.8274881102362204
21
5.8306128346456694
0
LINE
8
BLACK
6
CONTINUOUS
10
-3.8274881102362204
20
5.8306128346456694
11
-3.8266714566929134
21
5.8338794881889759
0
LINE
8
BLACK
6
CONTINUOUS
10
-3.8266714566929134
20
5.8338794881889759
11
-3.8266714566929134
21
5.8380404724409445
0
LINE
8
BLACK
6
CONTINUOUS
10
-3.8266714566929134
20
5.8380404724409445
11
-3.8274881102362204
21
5.8413070866141732
0
LINE
8
BLACK
6
CONTINUOUS
10
-3.8274881102362204
20
5.8413070866141732
11
-3.8281646850393698
21
5.842660236220472
0
LINE
8
BLACK
6
CONTINUOUS
10
-3.8281646850393698
20
5.842660236220472
11
-3.8286093307086615
21
5.8431048818897633
0
LINE
8
BLACK
6
CONTINUOUS
10
-3.8286093307086615
20
5.8431048818897633
11
-3.8297194488188975
21
5.8436599999999999
0
LINE
8
BLACK
6
CONTINUOUS
10
-3.8297194488188975
20
5.8436599999999999
11
-3.8305805511811024
21
5.8436599999999999
0
LINE
8
BLACK
6
CONTINUOUS
10
-3.8305805511811024
20
5.8436599999999999
11
-3.8316907874015746
21
5.8431048818897633
0
LINE
8
BLACK
6
CONTINUOUS
10
-3.8433987007874015
20
5.8477963385826772
11
-3.8422351181102363
21
5.846632755905512
0
LINE
8
BLACK
6
CONTINUOUS
10
-3.8422351181102363
20
5.846632755905512
11
-3.8420714566929135
21
5.8458100000000002
0
LINE
8
BLACK
6
CONTINUOUS
10
-3.8420714566929135
20
5.8458100000000002
11
-3.8420714566929135
21
5.8261099999999999
0
LINE
8
BLACK
6
CONTINUOUS
10
-3.8420714566929135
20
5.8261099999999999
11
-3.8422351181102363
21
5.8252872440944881
0
LINE
8
BLACK
6
CONTINUOUS
10
-3.8422351181102363
20
5.8252872440944881
11
-3.8433987007874015
21
5.8241236614173229
0
LINE
8
BLACK
6
CONTINUOUS
10
-3.8433987007874015
20
5.8241236614173229
11
-3.8450442125984252
21
5.8241236614173229
0
LINE
8
BLACK
6
CONTINUOUS
10
-3.8450442125984252
20
5.8241236614173229
11
-3.8462077952755904
21
5.8252872440944881
0
LINE
8
BLACK
6
CONTINUOUS
10
-3.8462077952755904
20
5.8252872440944881
11
-3.8463714566929132
21
5.8261099999999999
0
LINE
8
BLACK
6
CONTINUOUS
10
-3.8463714566929132
20
5.8261099999999999
11
-3.8463714566929132
21
5.8333409448818898
0
LINE
8
BLACK
6
CONTINUOUS
10
-3.8463714566929132
20
5.8333409448818898
11
-3.8477925196850391
21
5.8333409448818898
0
LINE
8
BLACK
6
CONTINUOUS
10
-3.8477925196850391
20
5.8333409448818898
11
-3.8537172440944882
21
5.8248770472440947
0
LINE
8
BLACK
6
CONTINUOUS
10
-3.8537172440944882
20
5.8248770472440947
11
-3.8543231102362205
21
5.8242968897637795
0
LINE
8
BLACK
6
CONTINUOUS
10
-3.8543231102362205
20
5.8242968897637795
11
-3.8559436614173226
21
5.8240109055118108
0
LINE
8
BLACK
6
CONTINUOUS
10
-3.8559436614173226
20
5.8240109055118108
11
-3.8572916929133858
21
5.8249545275590551
0
LINE
8
BLACK
6
CONTINUOUS
10
-3.8572916929133858
20
5.8249545275590551
11
-3.857577677165354
21
5.8265750787401576
0
LINE
8
BLACK
6
CONTINUOUS
10
-3.857577677165354
20
5.8265750787401576
11
-3.8572399212598425
21
5.8273429527559051
0
LINE
8
BLACK
6
CONTINUOUS
10
-3.8572399212598425
20
5.8273429527559051
11
-3.8528319685039367
21
5.8336400393700787
0
LINE
8
BLACK
6
CONTINUOUS
10
-3.8528319685039367
20
5.8336400393700787
11
-3.8545639370078741
21
5.8345060629921255
0
LINE
8
BLACK
6
CONTINUOUS
10
-3.8545639370078741
20
5.8345060629921255
11
-3.8548361417322834
21
5.8347172834645669
0
LINE
8
BLACK
6
CONTINUOUS
10
-3.8548361417322834
20
5.8347172834645669
11
-3.8551226771653542
21
5.8349087795275585
0
LINE
8
BLACK
6
CONTINUOUS
10
-3.8551226771653542
20
5.8349087795275585
11
-3.8560607480314961
21
5.8358468503937004
0
LINE
8
BLACK
6
CONTINUOUS
10
-3.8560607480314961
20
5.8358468503937004
11
-3.8562522047244094
21
5.8361333464566929
0
LINE
8
BLACK
6
CONTINUOUS
10
-3.8562522047244094
20
5.8361333464566929
11
-3.8564635039370079
21
5.8364056299212601
0
LINE
8
BLACK
6
CONTINUOUS
10
-3.8564635039370079
20
5.8364056299212601
11
-3.8574016141732281
21
5.8382818503937006
0
LINE
8
BLACK
6
CONTINUOUS
10
-3.8574016141732281
20
5.8382818503937006
11
-3.8574300787401574
21
5.8383857086614173
0
LINE
8
BLACK
6
CONTINUOUS
10
-3.8574300787401574
20
5.8383857086614173
11
-3.8574649212598424
21
5.8384205905511806
0
LINE
8
BLACK
6
CONTINUOUS
10
-3.8574649212598424
20
5.8384205905511806
11
-3.8575321653543306
21
5.8387585826771655
0
LINE
8
BLACK
6
CONTINUOUS
10
-3.8575321653543306
20
5.8387585826771655
11
-3.8576231496062992
21
5.839090905511811
0
LINE
8
BLACK
6
CONTINUOUS
10
-3.8576231496062992
20
5.839090905511811
11
-3.8576075984251967
21
5.8391376377952753
0
LINE
8
BLACK
6
CONTINUOUS
10
-3.8576075984251967
20
5.8391376377952753
11
-3.8576285826771652
21
5.8392433464566924
0
LINE
8
BLACK
6
CONTINUOUS
10
-3.8576285826771652
20
5.8392433464566924
11
-3.8576285826771652
21
5.842057598425197
0
LINE
8
BLACK
6
CONTINUOUS
10
-3.8576285826771652
20
5.842057598425197
11
-3.8576075984251967
21
5.8421632677165354
0
LINE
8
BLACK
6
CONTINUOUS
10
-3.8576075984251967
20
5.8421632677165354
11
-3.8576231496062992
21
5.8422100393700784
0
LINE
8
BLACK
6
CONTINUOUS
10
-3.8576231496062992
20
5.8422100393700784
11
-3.8575321653543306
21
5.8425423228346451
0
LINE
8
BLACK
6
CONTINUOUS
10
-3.8575321653543306
20
5.8425423228346451
11
-3.8574649212598424
21
5.8428803543307088
0
LINE
8
BLACK
6
CONTINUOUS
10
-3.8574649212598424
20
5.8428803543307088
11
-3.8574300787401574
21
5.8429151968503934
0
LINE
8
BLACK
6
CONTINUOUS
10
-3.8574300787401574
20
5.8429151968503934
11
-3.8574016141732281
21
5.8430190944881888
0
LINE
8
BLACK
6
CONTINUOUS
10
-3.8574016141732281
20
5.8430190944881888
11
-3.8564635039370079
21
5.8448953149606302
0
LINE
8
BLACK
6
CONTINUOUS
10
-3.8564635039370079
20
5.8448953149606302
11
-3.8562522047244094
21
5.8451675590551178
0
LINE
8
BLACK
6
CONTINUOUS
10
-3.8562522047244094
20
5.8451675590551178
11
-3.8560607480314961
21
5.845454094488189
0
LINE
8
BLACK
6
CONTINUOUS
10
-3.8560607480314961
20
5.845454094488189
11
-3.8551226771653542
21
5.8463921653543309
0
LINE
8
BLACK
6
CONTINUOUS
10
-3.8551226771653542
20
5.8463921653543309
11
-3.8548361417322834
21
5.8465836220472438
0
LINE
8
BLACK
6
CONTINUOUS
10
-3.8548361417322834
20
5.8465836220472438
11
-3.8545639370078741
21
5.8467948818897639
0
LINE
8
BLACK
6
CONTINUOUS
10
-3.8545639370078741
20
5.8467948818897639
11
-3.8526877559055119
21
5.8477329921259837
0
LINE
8
BLACK
6
CONTINUOUS
10
-3.8526877559055119
20
5.8477329921259837
11
-3.8525838976377953
21
5.8477614173228343
0
LINE
8
BLACK
6
CONTINUOUS
10
-3.8525838976377953
20
5.8477614173228343
11
-3.8525489763779528
21
5.8477963385826772
0
LINE
8
BLACK
6
CONTINUOUS
10
-3.8525489763779528
20
5.8477963385826772
11
-3.8522108267716533
21
5.8478635826771654
0
LINE
8
BLACK
6
CONTINUOUS
10
-3.8522108267716533
20
5.8478635826771654
11
-3.8518786614173228
21
5.8479545669291335
0
LINE
8
BLACK
6
CONTINUOUS
10
-3.8518786614173228
20
5.8479545669291335
11
-3.8518319291338581
21
5.8479389763779528
0
LINE
8
BLACK
6
CONTINUOUS
10
-3.8518319291338581
20
5.8479389763779528
11
-3.851726220472441
21
5.8479599999999996
0
LINE
8
BLACK
6
CONTINUOUS
10
-3.851726220472441
20
5.8479599999999996
11
-3.8442214566929134
21
5.8479599999999996
0
LINE
8
BLACK
6
CONTINUOUS
10
-3.8442214566929134
20
5.8479599999999996
11
-3.8433987007874015
21
5.8477963385826772
0
LINE
8
BLACK
6
CONTINUOUS
10
-3.8523288582677164
20
5.8431048818897633
11
-3.8527734645669289
21
5.8426602755905508
0
LINE
8
BLACK
6
CONTINUOUS
10
-3.8527734645669289
20
5.8426602755905508
11
-3.853328582677165
21
5.8415500393700786
0
LINE
8
BLACK
6
CONTINUOUS
10
-3.853328582677165
20
5.8415500393700786
11
-3.853328582677165
21
5.8397509055118109
0
LINE
8
BLACK
6
CONTINUOUS
10
-3.853328582677165
20
5.8397509055118109
11
-3.8527734645669289
21
5.8386406692913386
0
LINE
8
BLACK
6
CONTINUOUS
10
-3.8527734645669289
20
5.8386406692913386
11
-3.8523288582677164
21
5.8381960236220474
0
LINE
8
BLACK
6
CONTINUOUS
10
-3.8523288582677164
20
5.8381960236220474
11
-3.8512186220472442
21
5.8376409448818896
0
LINE
8
BLACK
6
CONTINUOUS
10
-3.8512186220472442
20
5.8376409448818896
11
-3.8463714566929132
21
5.8376409448818896
0
LINE
8
BLACK
6
CONTINUOUS
10
-3.8463714566929132
20
5.8376409448818896
11
-3.8463714566929132
21
5.8436599999999999
0
LINE
8
BLACK
6
CONTINUOUS
10
-3.8463714566929132
20
5.8436599999999999
11
-3.8512186220472442
21
5.8436599999999999
0
LINE
8
BLACK
6
CONTINUOUS
10
-3.8512186220472442
20
5.8436599999999999
11
-3.8523288582677164
21
5.8431048818897633
0
LINE
8
BLACK
6
CONTINUOUS
10
-3.7531984251968504
20
5.8907462204724412
11
-3.75305
21
5.8899999999999997
0
LINE
8
BLACK
6
CONTINUOUS
10
-3.75305
20
5.8899999999999997
11
-3.75305
21
5.8519499999999995
0
LINE
8
BLACK
6
CONTINUOUS
10
-3.75305
20
5.8519499999999995
11
-3.6969499999999997
21
5.8519499999999995
0
LINE
8
BLACK
6
CONTINUOUS
10
-3.6969499999999997
20
5.8519499999999995
11
-3.6969499999999997
21
5.8899999999999997
0
LINE
8
BLACK
6
CONTINUOUS
10
-3.6969499999999997
20
5.8899999999999997
11
-3.6968015748031493
21
5.8907462204724412
0
LINE
8
BLACK
6
CONTINUOUS
10
-3.6968015748031493
20
5.8907462204724412
11
-3.6957462204724409
21
5.8918015748031491
0
LINE
8
BLACK
6
CONTINUOUS
10
-3.6957462204724409
20
5.8918015748031491
11
-3.6942537795275592
21
5.8918015748031491
0
LINE
8
BLACK
6
CONTINUOUS
10
-3.6942537795275592
20
5.8918015748031491
11
-3.6931984251968504
21
5.8907462204724412
0
LINE
8
BLACK
6
CONTINUOUS
10
-3.6931984251968504
20
5.8907462204724412
11
-3.6930499999999999
21
5.8899999999999997
0
LINE
8
BLACK
6
CONTINUOUS
10
-3.6930499999999999
20
5.8899999999999997
11
-3.6930499999999999
21
5.8499999999999996
0
LINE
8
BLACK
6
CONTINUOUS
10
-3.6930499999999999
20
5.8499999999999996
11
-3.6931984251968504
21
5.849253779527559
0
LINE
8
BLACK
6
CONTINUOUS
10
-3.6931984251968504
20
5.849253779527559
11
-3.6942537795275592
21
5.8481984251968502
0
LINE
8
BLACK
6
CONTINUOUS
10
-3.6942537795275592
20
5.8481984251968502
11
-3.6949999999999998
21
5.8480499999999997
0
LINE
8
BLACK
6
CONTINUOUS
10
-3.6949999999999998
20
5.8480499999999997
11
-3.7549999999999999
21
5.8480499999999997
0
LINE
8
BLACK
6
CONTINUOUS
10
-3.7549999999999999
20
5.8480499999999997
11
-3.755746220472441
21
5.8481984251968502
0
LINE
8
BLACK
6
CONTINUOUS
10
-3.755746220472441
20
5.8481984251968502
11
-3.7568015748031494
21
5.849253779527559
0
LINE
8
BLACK
6
CONTINUOUS
10
-3.7568015748031494
20
5.849253779527559
11
-3.7569499999999998
21
5.8499999999999996
0
LINE
8
BLACK
6
CONTINUOUS
10
-3.7569499999999998
20
5.8499999999999996
11
-3.7569499999999998
21
5.8899999999999997
0
LINE
8
BLACK
6
CONTINUOUS
10
-3.7569499999999998
20
5.8899999999999997
11
-3.7568015748031494
21
5.8907462204724412
0
LINE
8
BLACK
6
CONTINUOUS
10
-3.7568015748031494
20
5.8907462204724412
11
-3.755746220472441
21
5.8918015748031491
0
LINE
8
BLACK
6
CONTINUOUS
10
-3.755746220472441
20
5.8918015748031491
11
-3.7542537795275588
21
5.8918015748031491
0
LINE
8
BLACK
6
CONTINUOUS
10
-3.7542537795275588
20
5.8918015748031491
11
-3.7531984251968504
21
5.8907462204724412
0
LINE
8
BLACK
6
CONTINUOUS
10
-3.6431984251968501
20
5.8907462204724412
11
-3.6430500000000001
21
5.8899999999999997
0
LINE
8
BLACK
6
CONTINUOUS
10
-3.6430500000000001
20
5.8899999999999997
11
-3.6430500000000001
21
5.8519499999999995
0
LINE
8
BLACK
6
CONTINUOUS
10
-3.6430500000000001
20
5.8519499999999995
11
-3.5869499999999999
21
5.8519499999999995
0
LINE
8
BLACK
6
CONTINUOUS
10
-3.5869499999999999
20
5.8519499999999995
11
-3.5869499999999999
21
5.8899999999999997
0
LINE
8
BLACK
6
CONTINUOUS
10
-3.5869499999999999
20
5.8899999999999997
11
-3.5868015748031494
21
5.8907462204724412
0
LINE
8
BLACK
6
CONTINUOUS
10
-3.5868015748031494
20
5.8907462204724412
11
-3.5857462204724411
21
5.8918015748031491
0
LINE
8
BLACK
6
CONTINUOUS
10
-3.5857462204724411
20
5.8918015748031491
11
-3.5842537795275589
21
5.8918015748031491
0
LINE
8
BLACK
6
CONTINUOUS
10
-3.5842537795275589
20
5.8918015748031491
11
-3.5831984251968505
21
5.8907462204724412
0
LINE
8
BLACK
6
CONTINUOUS
10
-3.5831984251968505
20
5.8907462204724412
11
-3.5830500000000001
21
5.8899999999999997
0
LINE
8
BLACK
6
CONTINUOUS
10
-3.5830500000000001
20
5.8899999999999997
11
-3.5830500000000001
21
5.8499999999999996
0
LINE
8
BLACK
6
CONTINUOUS
10
-3.5830500000000001
20
5.8499999999999996
11
-3.5831984251968505
21
5.849253779527559
0
LINE
8
BLACK
6
CONTINUOUS
10
-3.5831984251968505
20
5.849253779527559
11
-3.5842537795275589
21
5.8481984251968502
0
LINE
8
BLACK
6
CONTINUOUS
10
-3.5842537795275589
20
5.8481984251968502
11
-3.585
21
5.8480499999999997
0
LINE
8
BLACK
6
CONTINUOUS
10
-3.585
20
5.8480499999999997
11
-3.645
21
5.8480499999999997
0
LINE
8
BLACK
6
CONTINUOUS
10
-3.645
20
5.8480499999999997
11
-3.6457462204724407
21
5.8481984251968502
0
LINE
8
BLACK
6
CONTINUOUS
10
-3.6457462204724407
20
5.8481984251968502
11
-3.6468015748031495
21
5.849253779527559
0
LINE
8
BLACK
6
CONTINUOUS
10
-3.6468015748031495
20
5.849253779527559
11
-3.6469499999999999
21
5.8499999999999996
0
LINE
8
BLACK
6
CONTINUOUS
10
-3.6469499999999999
20
5.8499999999999996
11
-3.6469499999999999
21
5.8899999999999997
0
LINE
8
BLACK
6
CONTINUOUS
10
-3.6469499999999999
20
5.8899999999999997
11
-3.6468015748031495
21
5.8907462204724412
0
LINE
8
BLACK
6
CONTINUOUS
10
-3.6468015748031495
20
5.8907462204724412
11
-3.6457462204724407
21
5.8918015748031491
0
LINE
8
BLACK
6
CONTINUOUS
10
-3.6457462204724407
20
5.8918015748031491
11
-3.6442537795275589
21
5.8918015748031491
0
LINE
8
BLACK
6
CONTINUOUS
10
-3.6442537795275589
20
5.8918015748031491
11
-3.6431984251968501
21
5.8907462204724412
0
LINE
8
BLACK
6
CONTINUOUS
10
-3.7002872834645668
20
5.8786839370078736
11
-3.6991237007874016
21
5.8775203543307084
0
LINE
8
BLACK
6
CONTINUOUS
10
-3.6991237007874016
20
5.8775203543307084
11
-3.6991237007874016
21
5.8758748425196847
0
LINE
8
BLACK
6
CONTINUOUS
10
-3.6991237007874016
20
5.8758748425196847
11
-3.7002872834645668
21
5.8747112598425195
0
LINE
8
BLACK
6
CONTINUOUS
10
-3.7002872834645668
20
5.8747112598425195
11
-3.7011100393700787
21
5.8745475984251971
0
LINE
8
BLACK
6
CONTINUOUS
10
-3.7011100393700787
20
5.8745475984251971
11
-3.7092790944881888
21
5.8745475984251971
0
LINE
8
BLACK
6
CONTINUOUS
10
-3.7092790944881888
20
5.8745475984251971
11
-3.7092790944881888
21
5.8701309448818897
0
LINE
8
BLACK
6
CONTINUOUS
10
-3.7092790944881888
20
5.8701309448818897
11
-3.7094427559055116
21
5.8693081889763778
0
LINE
8
BLACK
6
CONTINUOUS
10
-3.7094427559055116
20
5.8693081889763778
11
-3.7106063385826773
21
5.8681446062992126
0
LINE
8
BLACK
6
CONTINUOUS
10
-3.7106063385826773
20
5.8681446062992126
11
-3.7122518503937005
21
5.8681446062992126
0
LINE
8
BLACK
6
CONTINUOUS
10
-3.7122518503937005
20
5.8681446062992126
11
-3.7134154330708662
21
5.8693081889763778
0
LINE
8
BLACK
6
CONTINUOUS
10
-3.7134154330708662
20
5.8693081889763778
11
-3.713579094488189
21
5.8701309448818897
0
LINE
8
BLACK
6
CONTINUOUS
10
-3.713579094488189
20
5.8701309448818897
11
-3.713579094488189
21
5.8745475984251971
0
LINE
8
BLACK
6
CONTINUOUS
10
-3.713579094488189
20
5.8745475984251971
11
-3.7186600393700786
21
5.8745475984251971
0
LINE
8
BLACK
6
CONTINUOUS
10
-3.7186600393700786
20
5.8745475984251971
11
-3.7186600393700786
21
5.8673166535433072
0
LINE
8
BLACK
6
CONTINUOUS
10
-3.7186600393700786
20
5.8673166535433072
11
-3.7188237007874014
21
5.8664938976377954
0
LINE
8
BLACK
6
CONTINUOUS
10
-3.7188237007874014
20
5.8664938976377954
11
-3.7199872834645666
21
5.8653303149606302
0
LINE
8
BLACK
6
CONTINUOUS
10
-3.7199872834645666
20
5.8653303149606302
11
-3.7216327952755903
21
5.8653303149606302
0
LINE
8
BLACK
6
CONTINUOUS
10
-3.7216327952755903
20
5.8653303149606302
11
-3.722796377952756
21
5.8664938976377954
0
LINE
8
BLACK
6
CONTINUOUS
10
-3.722796377952756
20
5.8664938976377954
11
-3.7229600393700788
21
5.8673166535433072
0
LINE
8
BLACK
6
CONTINUOUS
10
-3.7229600393700788
20
5.8673166535433072
11
-3.7229600393700788
21
5.8766975984251966
0
LINE
8
BLACK
6
CONTINUOUS
10
-3.7229600393700788
20
5.8766975984251966
11
-3.722796377952756
21
5.8775203543307084
0
LINE
8
BLACK
6
CONTINUOUS
10
-3.722796377952756
20
5.8775203543307084
11
-3.7216327952755903
21
5.8786839370078736
0
LINE
8
BLACK
6
CONTINUOUS
10
-3.7216327952755903
20
5.8786839370078736
11
-3.7208100393700785
21
5.8788475984251969
0
LINE
8
BLACK
6
CONTINUOUS
10
-3.7208100393700785
20
5.8788475984251969
11
-3.7011100393700787
21
5.8788475984251969
0
LINE
8
BLACK
6
CONTINUOUS
10
-3.7011100393700787
20
5.8788475984251969
11
-3.7002872834645668
21
5.8786839370078736
0
LINE
8
BLACK
6
CONTINUOUS
10
-3.5902872834645669
20
5.8880648818897638
11
-3.5891237007874013
21
5.8869012992125986
0
LINE
8
BLACK
6
CONTINUOUS
10
-3.5891237007874013
20
5.8869012992125986
11
-3.5891237007874013
21
5.885255787401575
0
LINE
8
BLACK
6
CONTINUOUS
10
-3.5891237007874013
20
5.885255787401575
11
-3.5902872834645669
21
5.8840922047244097
0
LINE
8
BLACK
6
CONTINUOUS
10
-3.5902872834645669
20
5.8840922047244097
11
-3.5911100393700788
21
5.8839285433070865
0
LINE
8
BLACK
6
CONTINUOUS
10
-3.5911100393700788
20
5.8839285433070865
11
-3.5992790944881889
21
5.8839285433070865
0
LINE
8
BLACK
6
CONTINUOUS
10
-3.5992790944881889
20
5.8839285433070865
11
-3.5992790944881889
21
5.879511889763779
0
LINE
8
BLACK
6
CONTINUOUS
10
-3.5992790944881889
20
5.879511889763779
11
-3.5994427559055118
21
5.8786891338582672
0
LINE
8
BLACK
6
CONTINUOUS
10
-3.5994427559055118
20
5.8786891338582672
11
-3.600606338582677
21
5.877525551181102
0
LINE
8
BLACK
6
CONTINUOUS
10
-3.600606338582677
20
5.877525551181102
11
-3.6022518503937007
21
5.877525551181102
0
LINE
8
BLACK
6
CONTINUOUS
10
-3.6022518503937007
20
5.877525551181102
11
-3.6034154330708659
21
5.8786891338582672
0
LINE
8
BLACK
6
CONTINUOUS
10
-3.6034154330708659
20
5.8786891338582672
11
-3.6035790944881887
21
5.879511889763779
0
LINE
8
BLACK
6
CONTINUOUS
10
-3.6035790944881887
20
5.879511889763779
11
-3.6035790944881887
21
5.8839285433070865
0
LINE
8
BLACK
6
CONTINUOUS
10
-3.6035790944881887
20
5.8839285433070865
11
-3.6086600393700787
21
5.8839285433070865
0
LINE
8
BLACK
6
CONTINUOUS
10
-3.6086600393700787
20
5.8839285433070865
11
-3.6086600393700787
21
5.8766975984251966
0
LINE
8
BLACK
6
CONTINUOUS
10
-3.6086600393700787
20
5.8766975984251966
11
-3.6088237007874016
21
5.8758748425196847
0
LINE
8
BLACK
6
CONTINUOUS
10
-3.6088237007874016
20
5.8758748425196847
11
-3.6099872834645668
21
5.8747112598425195
0
LINE
8
BLACK
6
CONTINUOUS
10
-3.6099872834645668
20
5.8747112598425195
11
-3.6116327952755904
21
5.8747112598425195
0
LINE
8
BLACK
6
CONTINUOUS
10
-3.6116327952755904
20
5.8747112598425195
11
-3.6127963779527557
21
5.8758748425196847
0
LINE
8
BLACK
6
CONTINUOUS
10
-3.6127963779527557
20
5.8758748425196847
11
-3.6129600393700785
21
5.8766975984251966
0
LINE
8
BLACK
6
CONTINUOUS
10
-3.6129600393700785
20
5.8766975984251966
11
-3.6129600393700785
21
5.8860785433070868
0
LINE
8
BLACK
6
CONTINUOUS
10
-3.6129600393700785
20
5.8860785433070868
11
-3.6127963779527557
21
5.8869012992125986
0
LINE
8
BLACK
6
CONTINUOUS
10
-3.6127963779527557
20
5.8869012992125986
11
-3.6116327952755904
21
5.8880648818897638
0
LINE
8
BLACK
6
CONTINUOUS
10
-3.6116327952755904
20
5.8880648818897638
11
-3.6108100393700786
21
5.8882285433070862
0
LINE
8
BLACK
6
CONTINUOUS
10
-3.6108100393700786
20
5.8882285433070862
11
-3.5911100393700788
21
5.8882285433070862
0
LINE
8
BLACK
6
CONTINUOUS
10
-3.5911100393700788
20
5.8882285433070862
11
-3.5902872834645669
21
5.8880648818897638
0
LINE
8
BLACK
6
CONTINUOUS
10
-3.7792537795275591
20
5.9468015748031497
11
-3.7781984251968503
21
5.9457462204724409
0
LINE
8
BLACK
6
CONTINUOUS
10
-3.7781984251968503
20
5.9457462204724409
11
-3.7780499999999999
21
5.9450000000000003
0
LINE
8
BLACK
6
CONTINUOUS
10
-3.7780499999999999
20
5.9450000000000003
11
-3.7780499999999999
21
5.8911146850393701
0
LINE
8
BLACK
6
CONTINUOUS
10
-3.7780499999999999
20
5.8911146850393701
11
-3.7763558661417322
21
5.8918164566929132
0
LINE
8
BLACK
6
CONTINUOUS
10
-3.7763558661417322
20
5.8918164566929132
11
-3.7736441338582676
21
5.8918164566929132
0
LINE
8
BLACK
6
CONTINUOUS
10
-3.7736441338582676
20
5.8918164566929132
11
-3.771138779527559
21
5.8907787007874015
0
LINE
8
BLACK
6
CONTINUOUS
10
-3.771138779527559
20
5.8907787007874015
11
-3.7692212992125982
21
5.8888612204724406
0
LINE
8
BLACK
6
CONTINUOUS
10
-3.7692212992125982
20
5.8888612204724406
11
-3.7681835433070865
21
5.8863558661417326
0
LINE
8
BLACK
6
CONTINUOUS
10
-3.7681835433070865
20
5.8863558661417326
11
-3.7681835433070865
21
5.8836441338582679
0
LINE
8
BLACK
6
CONTINUOUS
10
-3.7681835433070865
20
5.8836441338582679
11
-3.7692212992125982
21
5.8811387795275589
0
LINE
8
BLACK
6
CONTINUOUS
10
-3.7692212992125982
20
5.8811387795275589
11
-3.771138779527559
21
5.8792212992125981
0
LINE
8
BLACK
6
CONTINUOUS
10
-3.771138779527559
20
5.8792212992125981
11
-3.7736441338582676
21
5.8781835433070864
0
LINE
8
BLACK
6
CONTINUOUS
10
-3.7736441338582676
20
5.8781835433070864
11
-3.7763558661417322
21
5.8781835433070864
0
LINE
8
BLACK
6
CONTINUOUS
10
-3.7763558661417322
20
5.8781835433070864
11
-3.7788612204724408
21
5.8792212992125981
0
LINE
8
BLACK
6
CONTINUOUS
10
-3.7788612204724408
20
5.8792212992125981
11
-3.7807787007874016
21
5.8811387795275589
0
LINE
8
BLACK
6
CONTINUOUS
10
-3.7807787007874016
20
5.8811387795275589
11
-3.7815703543307086
21
5.8830499999999999
0
LINE
8
BLACK
6
CONTINUOUS
10
-3.7815703543307086
20
5.8830499999999999
11
-3.8199999999999998
21
5.8830499999999999
0
LINE
8
BLACK
6
CONTINUOUS
10
-3.8199999999999998
20
5.8830499999999999
11
-3.8207462204724409
21
5.8831984251968503
0
LINE
8
BLACK
6
CONTINUOUS
10
-3.8207462204724409
20
5.8831984251968503
11
-3.8218015748031493
21
5.8842537795275591
0
LINE
8
BLACK
6
CONTINUOUS
10
-3.8218015748031493
20
5.8842537795275591
11
-3.8218015748031493
21
5.8857462204724404
0
LINE
8
BLACK
6
CONTINUOUS
10
-3.8218015748031493
20
5.8857462204724404
11
-3.8207462204724409
21
5.8868015748031493
0
LINE
8
BLACK
6
CONTINUOUS
10
-3.8207462204724409
20
5.8868015748031493
11
-3.8199999999999998
21
5.8869499999999997
0
LINE
8
BLACK
6
CONTINUOUS
10
-3.8199999999999998
20
5.8869499999999997
11
-3.7819499999999997
21
5.8869499999999997
0
LINE
8
BLACK
6
CONTINUOUS
10
-3.7819499999999997
20
5.8869499999999997
11
-3.7819499999999997
21
5.9430499999999995
0
LINE
8
BLACK
6
CONTINUOUS
10
-3.7819499999999997
20
5.9430499999999995
11
-3.8199999999999998
21
5.9430499999999995
0
LINE
8
BLACK
6
CONTINUOUS
10
-3.8199999999999998
20
5.9430499999999995
11
-3.8207462204724409
21
5.9431984251968499
0
LINE
8
BLACK
6
CONTINUOUS
10
-3.8207462204724409
20
5.9431984251968499
11
-3.8218015748031493
21
5.9442537795275587
0
LINE
8
BLACK
6
CONTINUOUS
10
-3.8218015748031493
20
5.9442537795275587
11
-3.8218015748031493
21
5.9457462204724409
0
LINE
8
BLACK
6
CONTINUOUS
10
-3.8218015748031493
20
5.9457462204724409
11
-3.8207462204724409
21
5.9468015748031497
0
LINE
8
BLACK
6
CONTINUOUS
10
-3.8207462204724409
20
5.9468015748031497
11
-3.8199999999999998
21
5.9469500000000002
0
LINE
8
BLACK
6
CONTINUOUS
10
-3.8199999999999998
20
5.9469500000000002
11
-3.7799999999999998
21
5.9469500000000002
0
LINE
8
BLACK
6
CONTINUOUS
10
-3.7799999999999998
20
5.9469500000000002
11
-3.7792537795275591
21
5.9468015748031497
0
LINE
8
BLACK
6
CONTINUOUS
10
-3.7767276771653542
20
5.8875856692913384
11
-3.7775856692913385
21
5.8867276771653545
0
LINE
8
BLACK
6
CONTINUOUS
10
-3.7775856692913385
20
5.8867276771653545
11
-3.7780499999999999
21
5.8856066929133855
0
LINE
8
BLACK
6
CONTINUOUS
10
-3.7780499999999999
20
5.8856066929133855
11
-3.7780499999999999
21
5.8843933070866141
0
LINE
8
BLACK
6
CONTINUOUS
10
-3.7780499999999999
20
5.8843933070866141
11
-3.7775856692913385
21
5.883272322834646
0
LINE
8
BLACK
6
CONTINUOUS
10
-3.7775856692913385
20
5.883272322834646
11
-3.7767276771653542
21
5.8824143307086612
0
LINE
8
BLACK
6
CONTINUOUS
10
-3.7767276771653542
20
5.8824143307086612
11
-3.7756066929133856
21
5.8819499999999998
0
LINE
8
BLACK
6
CONTINUOUS
10
-3.7756066929133856
20
5.8819499999999998
11
-3.7743933070866142
21
5.8819499999999998
0
LINE
8
BLACK
6
CONTINUOUS
10
-3.7743933070866142
20
5.8819499999999998
11
-3.7732723228346456
21
5.8824143307086612
0
LINE
8
BLACK
6
CONTINUOUS
10
-3.7732723228346456
20
5.8824143307086612
11
-3.7724143307086613
21
5.883272322834646
0
LINE
8
BLACK
6
CONTINUOUS
10
-3.7724143307086613
20
5.883272322834646
11
-3.7719499999999999
21
5.8843933070866141
0
LINE
8
BLACK
6
CONTINUOUS
10
-3.7719499999999999
20
5.8843933070866141
11
-3.7719499999999999
21
5.8856066929133855
0
LINE
8
BLACK
6
CONTINUOUS
10
-3.7719499999999999
20
5.8856066929133855
11
-3.7724143307086613
21
5.8867276771653545
0
LINE
8
BLACK
6
CONTINUOUS
10
-3.7724143307086613
20
5.8867276771653545
11
-3.7732723228346456
21
5.8875856692913384
0
LINE
8
BLACK
6
CONTINUOUS
10
-3.7732723228346456
20
5.8875856692913384
11
-3.7743933070866142
21
5.8880499999999998
0
LINE
8
BLACK
6
CONTINUOUS
10
-3.7743933070866142
20
5.8880499999999998
11
-3.7756066929133856
21
5.8880499999999998
0
LINE
8
BLACK
6
CONTINUOUS
10
-3.7756066929133856
20
5.8880499999999998
11
-3.7767276771653542
21
5.8875856692913384
0
LINE
8
BLACK
6
CONTINUOUS
10
-3.8592537795275588
20
5.9468015748031497
11
-3.8581984251968504
21
5.9457462204724409
0
LINE
8
BLACK
6
CONTINUOUS
10
-3.8581984251968504
20
5.9457462204724409
11
-3.8581984251968504
21
5.9442537795275587
0
LINE
8
BLACK
6
CONTINUOUS
10
-3.8581984251968504
20
5.9442537795275587
11
-3.8592537795275588
21
5.9431984251968499
0
LINE
8
BLACK
6
CONTINUOUS
10
-3.8592537795275588
20
5.9431984251968499
11
-3.8599999999999999
21
5.9430499999999995
0
LINE
8
BLACK
6
CONTINUOUS
10
-3.8599999999999999
20
5.9430499999999995
11
-3.89805
21
5.9430499999999995
0
LINE
8
BLACK
6
CONTINUOUS
10
-3.89805
20
5.9430499999999995
11
-3.89805
21
5.8869499999999997
0
LINE
8
BLACK
6
CONTINUOUS
10
-3.89805
20
5.8869499999999997
11
-3.8599999999999999
21
5.8869499999999997
0
LINE
8
BLACK
6
CONTINUOUS
10
-3.8599999999999999
20
5.8869499999999997
11
-3.8592537795275588
21
5.8868015748031493
0
LINE
8
BLACK
6
CONTINUOUS
10
-3.8592537795275588
20
5.8868015748031493
11
-3.8581984251968504
21
5.8857462204724404
0
LINE
8
BLACK
6
CONTINUOUS
10
-3.8581984251968504
20
5.8857462204724404
11
-3.8581984251968504
21
5.8842537795275591
0
LINE
8
BLACK
6
CONTINUOUS
10
-3.8581984251968504
20
5.8842537795275591
11
-3.8592537795275588
21
5.8831984251968503
0
LINE
8
BLACK
6
CONTINUOUS
10
-3.8592537795275588
20
5.8831984251968503
11
-3.8599999999999999
21
5.8830499999999999
0
LINE
8
BLACK
6
CONTINUOUS
10
-3.8599999999999999
20
5.8830499999999999
11
-3.8999999999999999
21
5.8830499999999999
0
LINE
8
BLACK
6
CONTINUOUS
10
-3.8999999999999999
20
5.8830499999999999
11
-3.900746220472441
21
5.8831984251968503
0
LINE
8
BLACK
6
CONTINUOUS
10
-3.900746220472441
20
5.8831984251968503
11
-3.9018015748031494
21
5.8842537795275591
0
LINE
8
BLACK
6
CONTINUOUS
10
-3.9018015748031494
20
5.8842537795275591
11
-3.9019499999999998
21
5.8849999999999998
0
LINE
8
BLACK
6
CONTINUOUS
10
-3.9019499999999998
20
5.8849999999999998
11
-3.9019499999999998
21
5.9450000000000003
0
LINE
8
BLACK
6
CONTINUOUS
10
-3.9019499999999998
20
5.9450000000000003
11
-3.9018015748031494
21
5.9457462204724409
0
LINE
8
BLACK
6
CONTINUOUS
10
-3.9018015748031494
20
5.9457462204724409
11
-3.900746220472441
21
5.9468015748031497
0
LINE
8
BLACK
6
CONTINUOUS
10
-3.900746220472441
20
5.9468015748031497
11
-3.8999999999999999
21
5.9469500000000002
0
LINE
8
BLACK
6
CONTINUOUS
10
-3.8999999999999999
20
5.9469500000000002
11
-3.8599999999999999
21
5.9469500000000002
0
LINE
8
BLACK
6
CONTINUOUS
10
-3.8599999999999999
20
5.9469500000000002
11
-3.8592537795275588
21
5.9468015748031497
0
LINE
8
BLACK
6
CONTINUOUS
10
-3.7002872834645668
20
5.8965077559055112
11
-3.6991237007874016
21
5.895344173228346
0
LINE
8
BLACK
6
CONTINUOUS
10
-3.6991237007874016
20
5.895344173228346
11
-3.6991237007874016
21
5.8936986614173223
0
LINE
8
BLACK
6
CONTINUOUS
10
-3.6991237007874016
20
5.8936986614173223
11
-3.7002872834645668
21
5.8925350787401571
0
LINE
8
BLACK
6
CONTINUOUS
10
-3.7002872834645668
20
5.8925350787401571
11
-3.7011100393700787
21
5.8923714173228348
0
LINE
8
BLACK
6
CONTINUOUS
10
-3.7011100393700787
20
5.8923714173228348
11
-3.7114766535433068
21
5.8923714173228348
0
LINE
8
BLACK
6
CONTINUOUS
10
-3.7114766535433068
20
5.8923714173228348
11
-3.7115383464566927
21
5.8923097244094489
0
LINE
8
BLACK
6
CONTINUOUS
10
-3.7115383464566927
20
5.8923097244094489
11
-3.7120933858267717
21
5.891199606299212
0
LINE
8
BLACK
6
CONTINUOUS
10
-3.7120933858267717
20
5.891199606299212
11
-3.7120933858267717
21
5.8894004330708656
0
LINE
8
BLACK
6
CONTINUOUS
10
-3.7120933858267717
20
5.8894004330708656
11
-3.7117027952755905
21
5.8886191732283466
0
LINE
8
BLACK
6
CONTINUOUS
10
-3.7117027952755905
20
5.8886191732283466
11
-3.7109215354330707
21
5.888228582677165
0
LINE
8
BLACK
6
CONTINUOUS
10
-3.7109215354330707
20
5.888228582677165
11
-3.7011100393700787
21
5.888228582677165
0
LINE
8
BLACK
6
CONTINUOUS
10
-3.7011100393700787
20
5.888228582677165
11
-3.7002872834645668
21
5.8880649212598426
0
LINE
8
BLACK
6
CONTINUOUS
10
-3.7002872834645668
20
5.8880649212598426
11
-3.6991237007874016
21
5.8869013385826774
0
LINE
8
BLACK
6
CONTINUOUS
10
-3.6991237007874016
20
5.8869013385826774
11
-3.6991237007874016
21
5.8852558267716537
0
LINE
8
BLACK
6
CONTINUOUS
10
-3.6991237007874016
20
5.8852558267716537
11
-3.7002872834645668
21
5.8840922440944876
0
LINE
8
BLACK
6
CONTINUOUS
10
-3.7002872834645668
20
5.8840922440944876
11
-3.7011100393700787
21
5.8839285826771652
0
LINE
8
BLACK
6
CONTINUOUS
10
-3.7011100393700787
20
5.8839285826771652
11
-3.7114290944881887
21
5.8839285826771652
0
LINE
8
BLACK
6
CONTINUOUS
10
-3.7114290944881887
20
5.8839285826771652
11
-3.71153468503937
21
5.8839495669291333
0
LINE
8
BLACK
6
CONTINUOUS
10
-3.71153468503937
20
5.8839495669291333
11
-3.7115814960629923
21
5.8839339763779526
0
LINE
8
BLACK
6
CONTINUOUS
10
-3.7115814960629923
20
5.8839339763779526
11
-3.711914094488189
21
5.884025039370079
0
LINE
8
BLACK
6
CONTINUOUS
10
-3.711914094488189
20
5.884025039370079
11
-3.7122518503937005
21
5.8840922440944876
0
LINE
8
BLACK
6
CONTINUOUS
10
-3.7122518503937005
20
5.8840922440944876
11
-3.7122867322834643
21
5.8841270866141731
0
LINE
8
BLACK
6
CONTINUOUS
10
-3.7122867322834643
20
5.8841270866141731
11
-3.7123905905511809
21
5.8841555511811023
0
LINE
8
BLACK
6
CONTINUOUS
10
-3.7123905905511809
20
5.8841555511811023
11
-3.7142667716535431
21
5.8850936220472443
0
LINE
8
BLACK
6
CONTINUOUS
10
-3.7142667716535431
20
5.8850936220472443
11
-3.7146049999999997
21
5.8853561023622047
0
LINE
8
BLACK
6
CONTINUOUS
10
-3.7146049999999997
20
5.8853561023622047
11
-3.7147139763779529
21
5.8853924409448819
0
LINE
8
BLACK
6
CONTINUOUS
10
-3.7147139763779529
20
5.8853924409448819
11
-3.714808149606299
21
5.8855137795275585
0
LINE
8
BLACK
6
CONTINUOUS
10
-3.714808149606299
20
5.8855137795275585
11
-3.7149294881889765
21
5.8856079527559055
0
LINE
8
BLACK
6
CONTINUOUS
10
-3.7149294881889765
20
5.8856079527559055
11
-3.7149658267716537
21
5.8857169291338582
0
LINE
8
BLACK
6
CONTINUOUS
10
-3.7149658267716537
20
5.8857169291338582
11
-3.7152283070866141
21
5.8860551574803148
0
LINE
8
BLACK
6
CONTINUOUS
10
-3.7152283070866141
20
5.8860551574803148
11
-3.7161664173228344
21
5.8879313779527553
0
LINE
8
BLACK
6
CONTINUOUS
10
-3.7161664173228344
20
5.8879313779527553
11
-3.7161948818897637
21
5.888035236220472
0
LINE
8
BLACK
6
CONTINUOUS
10
-3.7161948818897637
20
5.888035236220472
11
-3.7162297244094487
21
5.8880701181102362
0
LINE
8
BLACK
6
CONTINUOUS
10
-3.7162297244094487
20
5.8880701181102362
11
-3.7162969685039369
21
5.8884081102362202
0
LINE
8
BLACK
6
CONTINUOUS
10
-3.7162969685039369
20
5.8884081102362202
11
-3.7163879527559054
21
5.8887404330708657
0
LINE
8
BLACK
6
CONTINUOUS
10
-3.7163879527559054
20
5.8887404330708657
11
-3.716372401574803
21
5.8887871653543309
0
LINE
8
BLACK
6
CONTINUOUS
10
-3.716372401574803
20
5.8887871653543309
11
-3.7163933858267715
21
5.888892874015748
0
LINE
8
BLACK
6
CONTINUOUS
10
-3.7163933858267715
20
5.888892874015748
11
-3.7163933858267715
21
5.8917071653543305
0
LINE
8
BLACK
6
CONTINUOUS
10
-3.7163933858267715
20
5.8917071653543305
11
-3.716372401574803
21
5.8918128346456689
0
LINE
8
BLACK
6
CONTINUOUS
10
-3.716372401574803
20
5.8918128346456689
11
-3.7163879527559054
21
5.8918596062992128
0
LINE
8
BLACK
6
CONTINUOUS
10
-3.7163879527559054
20
5.8918596062992128
11
-3.7162970078740156
21
5.8921917322834645
0
LINE
8
BLACK
6
CONTINUOUS
10
-3.7162970078740156
20
5.8921917322834645
11
-3.7162297244094487
21
5.8925299212598423
0
LINE
8
BLACK
6
CONTINUOUS
10
-3.7162297244094487
20
5.8925299212598423
11
-3.7161948425196849
21
5.8925648031496065
0
LINE
8
BLACK
6
CONTINUOUS
10
-3.7161948425196849
20
5.8925648031496065
11
-3.7161663779527556
21
5.892668700787401
0
LINE
8
BLACK
6
CONTINUOUS
10
-3.7161663779527556
20
5.892668700787401
11
-3.7158442125984252
21
5.8933131102362202
0
LINE
8
BLACK
6
CONTINUOUS
10
-3.7158442125984252
20
5.8933131102362202
11
-3.7162297244094487
21
5.8936986614173223
0
LINE
8
BLACK
6
CONTINUOUS
10
-3.7162297244094487
20
5.8936986614173223
11
-3.7162297244094487
21
5.895344173228346
0
LINE
8
BLACK
6
CONTINUOUS
10
-3.7162297244094487
20
5.895344173228346
11
-3.7150661417322834
21
5.8965077559055112
0
LINE
8
BLACK
6
CONTINUOUS
10
-3.7150661417322834
20
5.8965077559055112
11
-3.7142433858267716
21
5.8966714173228345
0
LINE
8
BLACK
6
CONTINUOUS
10
-3.7142433858267716
20
5.8966714173228345
11
-3.7011100393700787
21
5.8966714173228345
0
LINE
8
BLACK
6
CONTINUOUS
10
-3.7011100393700787
20
5.8966714173228345
11
-3.7002872834645668
21
5.8965077559055112
0
LINE
8
BLACK
6
CONTINUOUS
10
-3.6166237007874016
20
5.9075394094488187
11
-3.6164600393700788
21
5.9067166535433069
0
LINE
8
BLACK
6
CONTINUOUS
10
-3.6164600393700788
20
5.9067166535433069
11
-3.6164600393700788
21
5.8945214173228342
0
LINE
8
BLACK
6
CONTINUOUS
10
-3.6164600393700788
20
5.8945214173228342
11
-3.6166237007874016
21
5.8936986614173223
0
LINE
8
BLACK
6
CONTINUOUS
10
-3.6166237007874016
20
5.8936986614173223
11
-3.6177872834645668
21
5.8925350787401571
0
LINE
8
BLACK
6
CONTINUOUS
10
-3.6177872834645668
20
5.8925350787401571
11
-3.6194327952755905
21
5.8925350787401571
0
LINE
8
BLACK
6
CONTINUOUS
10
-3.6194327952755905
20
5.8925350787401571
11
-3.6205963779527557
21
5.8936986614173223
0
LINE
8
BLACK
6
CONTINUOUS
10
-3.6205963779527557
20
5.8936986614173223
11
-3.6207600393700785
21
5.8945214173228342
0
LINE
8
BLACK
6
CONTINUOUS
10
-3.6207600393700785
20
5.8945214173228342
11
-3.6207600393700785
21
5.9015260629921258
0
LINE
8
BLACK
6
CONTINUOUS
10
-3.6207600393700785
20
5.9015260629921258
11
-3.6283468897637796
21
5.8939392125984247
0
LINE
8
BLACK
6
CONTINUOUS
10
-3.6283468897637796
20
5.8939392125984247
11
-3.6284364960629922
21
5.8938793307086614
0
LINE
8
BLACK
6
CONTINUOUS
10
-3.6284364960629922
20
5.8938793307086614
11
-3.6284585433070866
21
5.8938352362204727
0
LINE
8
BLACK
6
CONTINUOUS
10
-3.6284585433070866
20
5.8938352362204727
11
-3.628757716535433
21
5.8936646850393704
0
LINE
8
BLACK
6
CONTINUOUS
10
-3.628757716535433
20
5.8936646850393704
11
-3.62904437007874
21
5.8934731496062991
0
LINE
8
BLACK
6
CONTINUOUS
10
-3.62904437007874
20
5.8934731496062991
11
-3.6290937401574803
21
5.8934731496062991
0
LINE
8
BLACK
6
CONTINUOUS
10
-3.6290937401574803
20
5.8934731496062991
11
-3.6291873228346456
21
5.8934198031496061
0
LINE
8
BLACK
6
CONTINUOUS
10
-3.6291873228346456
20
5.8934198031496061
11
-3.6320015748031493
21
5.8924817322834642
0
LINE
8
BLACK
6
CONTINUOUS
10
-3.6320015748031493
20
5.8924817322834642
11
-3.6323435039370078
21
5.8924386220472442
0
LINE
8
BLACK
6
CONTINUOUS
10
-3.6323435039370078
20
5.8924386220472442
11
-3.6326814566929131
21
5.8923714173228348
0
LINE
8
BLACK
6
CONTINUOUS
10
-3.6326814566929131
20
5.8923714173228348
11
-3.6345576377952753
21
5.8923714173228348
0
LINE
8
BLACK
6
CONTINUOUS
10
-3.6345576377952753
20
5.8923714173228348
11
-3.6346632283464566
21
5.8923924015748028
0
LINE
8
BLACK
6
CONTINUOUS
10
-3.6346632283464566
20
5.8923924015748028
11
-3.6347100000000001
21
5.8923768110236221
0
LINE
8
BLACK
6
CONTINUOUS
10
-3.6347100000000001
20
5.8923768110236221
11
-3.6350424803149606
21
5.8924678346456689
0
LINE
8
BLACK
6
CONTINUOUS
10
-3.6350424803149606
20
5.8924678346456689
11
-3.6353803937007871
21
5.8925350787401571
0
LINE
8
BLACK
6
CONTINUOUS
10
-3.6353803937007871
20
5.8925350787401571
11
-3.6354152755905509
21
5.8925699212598426
0
LINE
8
BLACK
6
CONTINUOUS
10
-3.6354152755905509
20
5.8925699212598426
11
-3.6355190944881888
21
5.8925983858267719
0
LINE
8
BLACK
6
CONTINUOUS
10
-3.6355190944881888
20
5.8925983858267719
11
-3.6373953543307085
21
5.8935364566929129
0
LINE
8
BLACK
6
CONTINUOUS
10
-3.6373953543307085
20
5.8935364566929129
11
-3.6376676377952757
21
5.8937477559055118
0
LINE
8
BLACK
6
CONTINUOUS
10
-3.6376676377952757
20
5.8937477559055118
11
-3.6379541732283465
21
5.8939392519685034
0
LINE
8
BLACK
6
CONTINUOUS
10
-3.6379541732283465
20
5.8939392519685034
11
-3.638892244094488
21
5.8948773622047241
0
LINE
8
BLACK
6
CONTINUOUS
10
-3.638892244094488
20
5.8948773622047241
11
-3.6390835433070867
21
5.8951636614173228
0
LINE
8
BLACK
6
CONTINUOUS
10
-3.6390835433070867
20
5.8951636614173228
11
-3.639294960629921
21
5.8954360629921254
0
LINE
8
BLACK
6
CONTINUOUS
10
-3.639294960629921
20
5.8954360629921254
11
-3.6402330314960629
21
5.8973122440944881
0
LINE
8
BLACK
6
CONTINUOUS
10
-3.6402330314960629
20
5.8973122440944881
11
-3.6402614960629922
21
5.8974161023622047
0
LINE
8
BLACK
6
CONTINUOUS
10
-3.6402614960629922
20
5.8974161023622047
11
-3.640296377952756
21
5.8974510236220468
0
LINE
8
BLACK
6
CONTINUOUS
10
-3.640296377952756
20
5.8974510236220468
11
-3.6403636614173229
21
5.8977891732283467
0
LINE
8
BLACK
6
CONTINUOUS
10
-3.6403636614173229
20
5.8977891732283467
11
-3.6404546062992127
21
5.8981213385826772
0
LINE
8
BLACK
6
CONTINUOUS
10
-3.6404546062992127
20
5.8981213385826772
11
-3.6404390551181103
21
5.8981680708661415
0
LINE
8
BLACK
6
CONTINUOUS
10
-3.6404390551181103
20
5.8981680708661415
11
-3.6404600393700788
21
5.8982737795275586
0
LINE
8
BLACK
6
CONTINUOUS
10
-3.6404600393700788
20
5.8982737795275586
11
-3.6404600393700788
21
5.9029642519685037
0
LINE
8
BLACK
6
CONTINUOUS
10
-3.6404600393700788
20
5.9029642519685037
11
-3.6404390551181103
21
5.9030699212598421
0
LINE
8
BLACK
6
CONTINUOUS
10
-3.6404390551181103
20
5.9030699212598421
11
-3.6404546062992127
21
5.903116692913386
0
LINE
8
BLACK
6
CONTINUOUS
10
-3.6404546062992127
20
5.903116692913386
11
-3.6403636614173229
21
5.9034488188976377
0
LINE
8
BLACK
6
CONTINUOUS
10
-3.6403636614173229
20
5.9034488188976377
11
-3.640296377952756
21
5.9037870078740156
0
LINE
8
BLACK
6
CONTINUOUS
10
-3.640296377952756
20
5.9037870078740156
11
-3.6402614960629922
21
5.9038218897637798
0
LINE
8
BLACK
6
CONTINUOUS
10
-3.6402614960629922
20
5.9038218897637798
11
-3.6402330314960629
21
5.9039257874015743
0
LINE
8
BLACK
6
CONTINUOUS
10
-3.6402330314960629
20
5.9039257874015743
11
-3.639294960629921
21
5.9058019685039369
0
LINE
8
BLACK
6
CONTINUOUS
10
-3.639294960629921
20
5.9058019685039369
11
-3.6390835433070867
21
5.9060743307086616
0
LINE
8
BLACK
6
CONTINUOUS
10
-3.6390835433070867
20
5.9060743307086616
11
-3.638892244094488
21
5.9063606692913382
0
LINE
8
BLACK
6
CONTINUOUS
10
-3.638892244094488
20
5.9063606692913382
11
-3.6379541732283465
21
5.9072987795275589
0
LINE
8
BLACK
6
CONTINUOUS
10
-3.6379541732283465
20
5.9072987795275589
11
-3.6372566929133856
21
5.9077648425196845
0
LINE
8
BLACK
6
CONTINUOUS
10
-3.6372566929133856
20
5.9077648425196845
11
-3.6356111417322832
21
5.9077648818897632
0
LINE
8
BLACK
6
CONTINUOUS
10
-3.6356111417322832
20
5.9077648818897632
11
-3.634447559055118
21
5.9066013385826768
0
LINE
8
BLACK
6
CONTINUOUS
10
-3.634447559055118
20
5.9066013385826768
11
-3.6344475196850392
21
5.9049557874015743
0
LINE
8
BLACK
6
CONTINUOUS
10
-3.6344475196850392
20
5.9049557874015743
11
-3.6349135433070865
21
5.9042583070866144
0
LINE
8
BLACK
6
CONTINUOUS
10
-3.6349135433070865
20
5.9042583070866144
11
-3.6356049606299212
21
5.9035668503937009
0
LINE
8
BLACK
6
CONTINUOUS
10
-3.6356049606299212
20
5.9035668503937009
11
-3.6361600393700786
21
5.9024566929133853
0
LINE
8
BLACK
6
CONTINUOUS
10
-3.6361600393700786
20
5.9024566929133853
11
-3.6361600393700786
21
5.8987812992125983
0
LINE
8
BLACK
6
CONTINUOUS
10
-3.6361600393700786
20
5.8987812992125983
11
-3.6356049606299212
21
5.8976711417322836
0
LINE
8
BLACK
6
CONTINUOUS
10
-3.6356049606299212
20
5.8976711417322836
11
-3.63516031496063
21
5.8972264960629923
0
LINE
8
BLACK
6
CONTINUOUS
10
-3.63516031496063
20
5.8972264960629923
11
-3.6340500787401573
21
5.8966714173228345
0
LINE
8
BLACK
6
CONTINUOUS
10
-3.6340500787401573
20
5.8966714173228345
11
-3.6330303937007873
21
5.8966714173228345
0
LINE
8
BLACK
6
CONTINUOUS
10
-3.6330303937007873
20
5.8966714173228345
11
-3.6310285433070866
21
5.8973386614173231
0
LINE
8
BLACK
6
CONTINUOUS
10
-3.6310285433070866
20
5.8973386614173231
11
-3.6201303149606296
21
5.9082369291338583
0
LINE
8
BLACK
6
CONTINUOUS
10
-3.6201303149606296
20
5.9082369291338583
11
-3.6194328346456692
21
5.9087029921259839
0
LINE
8
BLACK
6
CONTINUOUS
10
-3.6194328346456692
20
5.9087029921259839
11
-3.6177872834645668
21
5.9087029921259839
0
LINE
8
BLACK
6
CONTINUOUS
10
-3.6177872834645668
20
5.9087029921259839
11
-3.6166237007874016
21
5.9075394094488187
0
LINE
8
BLACK
6
CONTINUOUS
10
-3.7410572440944883
20
5.9071872047244094
11
-3.7405368897637796
21
5.9056261023622048
0
LINE
8
BLACK
6
CONTINUOUS
10
-3.7405368897637796
20
5.9056261023622048
11
-3.740758464566929
21
5.9048170078740156
0
LINE
8
BLACK
6
CONTINUOUS
10
-3.740758464566929
20
5.9048170078740156
11
-3.7416965748031497
21
5.902940826771653
0
LINE
8
BLACK
6
CONTINUOUS
10
-3.7416965748031497
20
5.902940826771653
11
-3.7419077165354331
21
5.9026687795275592
0
LINE
8
BLACK
6
CONTINUOUS
10
-3.7419077165354331
20
5.9026687795275592
11
-3.7420992913385827
21
5.902382086614173
0
LINE
8
BLACK
6
CONTINUOUS
10
-3.7420992913385827
20
5.902382086614173
11
-3.7421814173228345
21
5.9022999606299207
0
LINE
8
BLACK
6
CONTINUOUS
10
-3.7421814173228345
20
5.9022999606299207
11
-3.7307600393700788
21
5.9022999606299207
0
LINE
8
BLACK
6
CONTINUOUS
10
-3.7307600393700788
20
5.9022999606299207
11
-3.7307600393700788
21
5.9057785433070862
0
LINE
8
BLACK
6
CONTINUOUS
10
-3.7307600393700788
20
5.9057785433070862
11
-3.730596377952756
21
5.906601299212598
0
LINE
8
BLACK
6
CONTINUOUS
10
-3.730596377952756
20
5.906601299212598
11
-3.7294327952755904
21
5.9077648818897632
0
LINE
8
BLACK
6
CONTINUOUS
10
-3.7294327952755904
20
5.9077648818897632
11
-3.7277872834645667
21
5.9077648818897632
0
LINE
8
BLACK
6
CONTINUOUS
10
-3.7277872834645667
20
5.9077648818897632
11
-3.7266237007874015
21
5.906601299212598
0
LINE
8
BLACK
6
CONTINUOUS
10
-3.7266237007874015
20
5.906601299212598
11
-3.7264600393700786
21
5.9057785433070862
0
LINE
8
BLACK
6
CONTINUOUS
10
-3.7264600393700786
20
5.9057785433070862
11
-3.7264600393700786
21
5.8945214173228342
0
LINE
8
BLACK
6
CONTINUOUS
10
-3.7264600393700786
20
5.8945214173228342
11
-3.7266237007874015
21
5.8936986614173223
0
LINE
8
BLACK
6
CONTINUOUS
10
-3.7266237007874015
20
5.8936986614173223
11
-3.7277872834645667
21
5.8925350787401571
0
LINE
8
BLACK
6
CONTINUOUS
10
-3.7277872834645667
20
5.8925350787401571
11
-3.7294327952755904
21
5.8925350787401571
0
LINE
8
BLACK
6
CONTINUOUS
10
-3.7294327952755904
20
5.8925350787401571
11
-3.730596377952756
21
5.8936986614173223
0
LINE
8
BLACK
6
CONTINUOUS
10
-3.730596377952756
20
5.8936986614173223
11
-3.7307600393700788
21
5.8945214173228342
0
LINE
8
BLACK
6
CONTINUOUS
10
-3.7307600393700788
20
5.8945214173228342
11
-3.7307600393700788
21
5.8979999606299209
0
LINE
8
BLACK
6
CONTINUOUS
10
-3.7307600393700788
20
5.8979999606299209
11
-3.7483100393700788
21
5.8979999606299209
0
LINE
8
BLACK
6
CONTINUOUS
10
-3.7483100393700788
20
5.8979999606299209
11
-3.7491327952755906
21
5.8981636220472442
0
LINE
8
BLACK
6
CONTINUOUS
10
-3.7491327952755906
20
5.8981636220472442
11
-3.7492893307086614
21
5.8983201181102363
0
LINE
8
BLACK
6
CONTINUOUS
10
-3.7492893307086614
20
5.8983201181102363
11
-3.749506377952756
21
5.8983635433070862
0
LINE
8
BLACK
6
CONTINUOUS
10
-3.749506377952756
20
5.8983635433070862
11
-3.7498537007874013
21
5.8988844881889761
0
LINE
8
BLACK
6
CONTINUOUS
10
-3.7498537007874013
20
5.8988844881889761
11
-3.7502963779527558
21
5.8993272047244094
0
LINE
8
BLACK
6
CONTINUOUS
10
-3.7502963779527558
20
5.8993272047244094
11
-3.7502963779527558
21
5.8995485433070867
0
LINE
8
BLACK
6
CONTINUOUS
10
-3.7502963779527558
20
5.8995485433070867
11
-3.7504191338582675
21
5.899732716535433
0
LINE
8
BLACK
6
CONTINUOUS
10
-3.7504191338582675
20
5.899732716535433
11
-3.7502963779527558
21
5.9003465354330711
0
LINE
8
BLACK
6
CONTINUOUS
10
-3.7502963779527558
20
5.9003465354330711
11
-3.7502963779527558
21
5.9009727165354331
0
LINE
8
BLACK
6
CONTINUOUS
10
-3.7502963779527558
20
5.9009727165354331
11
-3.7501398818897638
21
5.9011292125984252
0
LINE
8
BLACK
6
CONTINUOUS
10
-3.7501398818897638
20
5.9011292125984252
11
-3.7500964566929134
21
5.901346299212598
0
LINE
8
BLACK
6
CONTINUOUS
10
-3.7500964566929134
20
5.901346299212598
11
-3.7495026377952754
21
5.9019388582677168
0
LINE
8
BLACK
6
CONTINUOUS
10
-3.7495026377952754
20
5.9019388582677168
11
-3.7468654724409447
21
5.9036970078740154
0
LINE
8
BLACK
6
CONTINUOUS
10
-3.7468654724409447
20
5.9036970078740154
11
-3.7453865748031494
21
5.9051759055118112
0
LINE
8
BLACK
6
CONTINUOUS
10
-3.7453865748031494
20
5.9051759055118112
11
-3.7446044881889762
21
5.9067400787401576
0
LINE
8
BLACK
6
CONTINUOUS
10
-3.7446044881889762
20
5.9067400787401576
11
-3.7440901181102362
21
5.9074027559055118
0
LINE
8
BLACK
6
CONTINUOUS
10
-3.7440901181102362
20
5.9074027559055118
11
-3.7425290157480315
21
5.9079231102362204
0
LINE
8
BLACK
6
CONTINUOUS
10
-3.7425290157480315
20
5.9079231102362204
11
-3.7410572440944883
21
5.9071872047244094
0
LINE
8
BLACK
6
CONTINUOUS
10
-3.5938187007874016
20
5.906031338582677
11
-3.5937719291338581
21
5.9060469291338578
0
LINE
8
BLACK
6
CONTINUOUS
10
-3.5937719291338581
20
5.9060469291338578
11
-3.5934396850393702
21
5.9059559448818897
0
LINE
8
BLACK
6
CONTINUOUS
10
-3.5934396850393702
20
5.9059559448818897
11
-3.5931015748031494
21
5.9058887007874015
0
LINE
8
BLACK
6
CONTINUOUS
10
-3.5931015748031494
20
5.9058887007874015
11
-3.5930667322834644
21
5.9058538188976373
0
LINE
8
BLACK
6
CONTINUOUS
10
-3.5930667322834644
20
5.9058538188976373
11
-3.592962834645669
21
5.9058253937007876
0
LINE
8
BLACK
6
CONTINUOUS
10
-3.592962834645669
20
5.9058253937007876
11
-3.5910866141732281
21
5.9048873228346457
0
LINE
8
BLACK
6
CONTINUOUS
10
-3.5910866141732281
20
5.9048873228346457
11
-3.5907484251968502
21
5.9046248031496065
0
LINE
8
BLACK
6
CONTINUOUS
10
-3.5907484251968502
20
5.9046248031496065
11
-3.5906394094488188
21
5.9045885039370081
0
LINE
8
BLACK
6
CONTINUOUS
10
-3.5906394094488188
20
5.9045885039370081
11
-3.5905452755905509
21
5.9044671259842518
0
LINE
8
BLACK
6
CONTINUOUS
10
-3.5905452755905509
20
5.9044671259842518
11
-3.5904238976377951
21
5.9043729921259844
0
LINE
8
BLACK
6
CONTINUOUS
10
-3.5904238976377951
20
5.9043729921259844
11
-3.5903875984251967
21
5.904263976377953
0
LINE
8
BLACK
6
CONTINUOUS
10
-3.5903875984251967
20
5.904263976377953
11
-3.5901250787401575
21
5.9039257874015743
0
LINE
8
BLACK
6
CONTINUOUS
10
-3.5901250787401575
20
5.9039257874015743
11
-3.5891870078740156
21
5.9020496062992125
0
LINE
8
BLACK
6
CONTINUOUS
10
-3.5891870078740156
20
5.9020496062992125
11
-3.5891585826771655
21
5.9019457086614171
0
LINE
8
BLACK
6
CONTINUOUS
10
-3.5891585826771655
20
5.9019457086614171
11
-3.5891237007874013
21
5.9019108661417325
0
LINE
8
BLACK
6
CONTINUOUS
10
-3.5891237007874013
20
5.9019108661417325
11
-3.5890565354330706
21
5.9015730708661414
0
LINE
8
BLACK
6
CONTINUOUS
10
-3.5890565354330706
20
5.9015730708661414
11
-3.5889654330708662
21
5.9012405118110234
0
LINE
8
BLACK
6
CONTINUOUS
10
-3.5889654330708662
20
5.9012405118110234
11
-3.5889810629921257
21
5.9011936614173228
0
LINE
8
BLACK
6
CONTINUOUS
10
-3.5889810629921257
20
5.9011936614173228
11
-3.5889600393700785
21
5.9010881102362207
0
LINE
8
BLACK
6
CONTINUOUS
10
-3.5889600393700785
20
5.9010881102362207
11
-3.5889600393700785
21
5.8982738188976374
0
LINE
8
BLACK
6
CONTINUOUS
10
-3.5889600393700785
20
5.8982738188976374
11
-3.5889810629921257
21
5.8981682283464565
0
LINE
8
BLACK
6
CONTINUOUS
10
-3.5889810629921257
20
5.8981682283464565
11
-3.5889654330708662
21
5.8981214566929134
0
LINE
8
BLACK
6
CONTINUOUS
10
-3.5889654330708662
20
5.8981214566929134
11
-3.5890564960629923
21
5.897788976377953
0
LINE
8
BLACK
6
CONTINUOUS
10
-3.5890564960629923
20
5.897788976377953
11
-3.5891237007874013
21
5.8974510629921255
0
LINE
8
BLACK
6
CONTINUOUS
10
-3.5891237007874013
20
5.8974510629921255
11
-3.5891585826771655
21
5.8974161811023622
0
LINE
8
BLACK
6
CONTINUOUS
10
-3.5891585826771655
20
5.8974161811023622
11
-3.5891870078740156
21
5.8973123622047243
0
LINE
8
BLACK
6
CONTINUOUS
10
-3.5891870078740156
20
5.8973123622047243
11
-3.5895092519685039
21
5.8966677952755902
0
LINE
8
BLACK
6
CONTINUOUS
10
-3.5895092519685039
20
5.8966677952755902
11
-3.5891237007874013
21
5.8962822834645667
0
LINE
8
BLACK
6
CONTINUOUS
10
-3.5891237007874013
20
5.8962822834645667
11
-3.5891237007874013
21
5.8946367716535431
0
LINE
8
BLACK
6
CONTINUOUS
10
-3.5891237007874013
20
5.8946367716535431
11
-3.5902872834645669
21
5.8934731889763778
0
LINE
8
BLACK
6
CONTINUOUS
10
-3.5902872834645669
20
5.8934731889763778
11
-3.5911100393700788
21
5.8933095275590546
0
LINE
8
BLACK
6
CONTINUOUS
10
-3.5911100393700788
20
5.8933095275590546
11
-3.6042433858267717
21
5.8933095275590546
0
LINE
8
BLACK
6
CONTINUOUS
10
-3.6042433858267717
20
5.8933095275590546
11
-3.6050661417322836
21
5.8934731889763778
0
LINE
8
BLACK
6
CONTINUOUS
10
-3.6050661417322836
20
5.8934731889763778
11
-3.6062297244094488
21
5.8946367716535431
0
LINE
8
BLACK
6
CONTINUOUS
10
-3.6062297244094488
20
5.8946367716535431
11
-3.6062297244094488
21
5.8962822834645667
0
LINE
8
BLACK
6
CONTINUOUS
10
-3.6062297244094488
20
5.8962822834645667
11
-3.6050661417322836
21
5.8974458661417319
0
LINE
8
BLACK
6
CONTINUOUS
10
-3.6050661417322836
20
5.8974458661417319
11
-3.6042433858267717
21
5.8976095275590552
0
LINE
8
BLACK
6
CONTINUOUS
10
-3.6042433858267717
20
5.8976095275590552
11
-3.5938767322834644
21
5.8976095275590552
0
LINE
8
BLACK
6
CONTINUOUS
10
-3.5938767322834644
20
5.8976095275590552
11
-3.5938151574803148
21
5.8976711417322836
0
LINE
8
BLACK
6
CONTINUOUS
10
-3.5938151574803148
20
5.8976711417322836
11
-3.5932600393700787
21
5.8987813385826771
0
LINE
8
BLACK
6
CONTINUOUS
10
-3.5932600393700787
20
5.8987813385826771
11
-3.5932600393700787
21
5.9005805511811023
0
LINE
8
BLACK
6
CONTINUOUS
10
-3.5932600393700787
20
5.9005805511811023
11
-3.5936506692913386
21
5.9013617716535434
0
LINE
8
BLACK
6
CONTINUOUS
10
-3.5936506692913386
20
5.9013617716535434
11
-3.5944318503937005
21
5.9017523622047241
0
LINE
8
BLACK
6
CONTINUOUS
10
-3.5944318503937005
20
5.9017523622047241
11
-3.6042433858267717
21
5.9017523622047241
0
LINE
8
BLACK
6
CONTINUOUS
10
-3.6042433858267717
20
5.9017523622047241
11
-3.6050661417322836
21
5.9019160236220474
0
LINE
8
BLACK
6
CONTINUOUS
10
-3.6050661417322836
20
5.9019160236220474
11
-3.6062297244094488
21
5.9030796062992126
0
LINE
8
BLACK
6
CONTINUOUS
10
-3.6062297244094488
20
5.9030796062992126
11
-3.6062297244094488
21
5.9047251181102363
0
LINE
8
BLACK
6
CONTINUOUS
10
-3.6062297244094488
20
5.9047251181102363
11
-3.6050661417322836
21
5.9058887007874015
0
LINE
8
BLACK
6
CONTINUOUS
10
-3.6050661417322836
20
5.9058887007874015
11
-3.6042433858267717
21
5.9060523622047238
0
LINE
8
BLACK
6
CONTINUOUS
10
-3.6042433858267717
20
5.9060523622047238
11
-3.5939243307086612
21
5.9060523622047238
0
LINE
8
BLACK
6
CONTINUOUS
10
-3.5939243307086612
20
5.9060523622047238
11
-3.5938187007874016
21
5.906031338582677
0
LINE
8
BLACK
6
CONTINUOUS
10
-3.8316725196850392
20
5.9006011023622049
11
-3.830508937007874
21
5.8994375196850388
0
LINE
8
BLACK
6
CONTINUOUS
10
-3.830508937007874
20
5.8994375196850388
11
-3.830508937007874
21
5.897792007874016
0
LINE
8
BLACK
6
CONTINUOUS
10
-3.830508937007874
20
5.897792007874016
11
-3.8316725196850392
21
5.8966284251968499
0
LINE
8
BLACK
6
CONTINUOUS
10
-3.8316725196850392
20
5.8966284251968499
11
-3.832495275590551
21
5.8964647637795276
0
LINE
8
BLACK
6
CONTINUOUS
10
-3.832495275590551
20
5.8964647637795276
11
-3.8475047637795274
21
5.8964647637795276
0
LINE
8
BLACK
6
CONTINUOUS
10
-3.8475047637795274
20
5.8964647637795276
11
-3.8483275196850393
21
5.8966284251968499
0
LINE
8
BLACK
6
CONTINUOUS
10
-3.8483275196850393
20
5.8966284251968499
11
-3.8494911023622045
21
5.897792007874016
0
LINE
8
BLACK
6
CONTINUOUS
10
-3.8494911023622045
20
5.897792007874016
11
-3.8494911023622045
21
5.8994375196850388
0
LINE
8
BLACK
6
CONTINUOUS
10
-3.8494911023622045
20
5.8994375196850388
11
-3.8483275196850393
21
5.9006011023622049
0
LINE
8
BLACK
6
CONTINUOUS
10
-3.8483275196850393
20
5.9006011023622049
11
-3.8475047637795274
21
5.9007647637795273
0
LINE
8
BLACK
6
CONTINUOUS
10
-3.8475047637795274
20
5.9007647637795273
11
-3.832495275590551
21
5.9007647637795273
0
LINE
8
BLACK
6
CONTINUOUS
10
-3.832495275590551
20
5.9007647637795273
11
-3.8316725196850392
21
5.9006011023622049
0
LINE
8
BLACK
6
CONTINUOUS
10
-3.708356377952756
20
5.9163199999999998
11
-3.708093346456693
21
5.9163072047244096
0
LINE
8
BLACK
6
CONTINUOUS
10
-3.708093346456693
20
5.9163072047244096
11
-3.7043409448818898
21
5.9153691338582677
0
LINE
8
BLACK
6
CONTINUOUS
10
-3.7043409448818898
20
5.9153691338582677
11
-3.7041279921259842
21
5.9152685039370079
0
LINE
8
BLACK
6
CONTINUOUS
10
-3.7041279921259842
20
5.9152685039370079
11
-3.7039009055118108
21
5.915206338582677
0
LINE
8
BLACK
6
CONTINUOUS
10
-3.7039009055118108
20
5.915206338582677
11
-3.7020247244094486
21
5.914268267716535
0
LINE
8
BLACK
6
CONTINUOUS
10
-3.7020247244094486
20
5.914268267716535
11
-3.7017524803149606
21
5.9140569291338583
0
LINE
8
BLACK
6
CONTINUOUS
10
-3.7017524803149606
20
5.9140569291338583
11
-3.7014659448818898
21
5.9138655118110233
0
LINE
8
BLACK
6
CONTINUOUS
10
-3.7014659448818898
20
5.9138655118110233
11
-3.7005278346456691
21
5.9129274015748035
0
LINE
8
BLACK
6
CONTINUOUS
10
-3.7005278346456691
20
5.9129274015748035
11
-3.7003364960629921
21
5.9126409842519685
0
LINE
8
BLACK
6
CONTINUOUS
10
-3.7003364960629921
20
5.9126409842519685
11
-3.7001250787401574
21
5.9123686220472438
0
LINE
8
BLACK
6
CONTINUOUS
10
-3.7001250787401574
20
5.9123686220472438
11
-3.6991870078740154
21
5.910492440944882
0
LINE
8
BLACK
6
CONTINUOUS
10
-3.6991870078740154
20
5.910492440944882
11
-3.6991585826771654
21
5.9103885433070866
0
LINE
8
BLACK
6
CONTINUOUS
10
-3.6991585826771654
20
5.9103885433070866
11
-3.6991237007874016
21
5.9103537007874012
0
LINE
8
BLACK
6
CONTINUOUS
10
-3.6991237007874016
20
5.9103537007874012
11
-3.6990565354330709
21
5.9100159055118109
0
LINE
8
BLACK
6
CONTINUOUS
10
-3.6990565354330709
20
5.9100159055118109
11
-3.6989654330708661
21
5.9096833464566929
0
LINE
8
BLACK
6
CONTINUOUS
10
-3.6989654330708661
20
5.9096833464566929
11
-3.698981062992126
21
5.9096364960629924
0
LINE
8
BLACK
6
CONTINUOUS
10
-3.698981062992126
20
5.9096364960629924
11
-3.6989600393700788
21
5.9095309448818893
0
LINE
8
BLACK
6
CONTINUOUS
10
-3.6989600393700788
20
5.9095309448818893
11
-3.6989600393700788
21
5.9076547637795276
0
LINE
8
BLACK
6
CONTINUOUS
10
-3.6989600393700788
20
5.9076547637795276
11
-3.698981062992126
21
5.9075491732283467
0
LINE
8
BLACK
6
CONTINUOUS
10
-3.698981062992126
20
5.9075491732283467
11
-3.6989654330708661
21
5.9075024015748028
0
LINE
8
BLACK
6
CONTINUOUS
10
-3.6989654330708661
20
5.9075024015748028
11
-3.6990564960629921
21
5.9071699212598423
0
LINE
8
BLACK
6
CONTINUOUS
10
-3.6990564960629921
20
5.9071699212598423
11
-3.6991237007874016
21
5.9068320078740157
0
LINE
8
BLACK
6
CONTINUOUS
10
-3.6991237007874016
20
5.9068320078740157
11
-3.6991585826771654
21
5.9067971259842516
0
LINE
8
BLACK
6
CONTINUOUS
10
-3.6991585826771654
20
5.9067971259842516
11
-3.6991870078740154
21
5.9066933070866137
0
LINE
8
BLACK
6
CONTINUOUS
10
-3.6991870078740154
20
5.9066933070866137
11
-3.7001250787401574
21
5.9048170472440944
0
LINE
8
BLACK
6
CONTINUOUS
10
-3.7001250787401574
20
5.9048170472440944
11
-3.7003364173228346
21
5.9045447637795272
0
LINE
8
BLACK
6
CONTINUOUS
10
-3.7003364173228346
20
5.9045447637795272
11
-3.7005278740157479
21
5.9042582283464569
0
LINE
8
BLACK
6
CONTINUOUS
10
-3.7005278740157479
20
5.9042582283464569
11
-3.7014659842519686
21
5.9033201574803149
0
LINE
8
BLACK
6
CONTINUOUS
10
-3.7014659842519686
20
5.9033201574803149
11
-3.7017523228346456
21
5.9031288582677162
0
LINE
8
BLACK
6
CONTINUOUS
10
-3.7017523228346456
20
5.9031288582677162
11
-3.7020246850393699
21
5.9029174409448819
0
LINE
8
BLACK
6
CONTINUOUS
10
-3.7020246850393699
20
5.9029174409448819
11
-3.7039008661417321
21
5.90197937007874
0
LINE
8
BLACK
6
CONTINUOUS
10
-3.7039008661417321
20
5.90197937007874
11
-3.7041279527559055
21
5.9019171653543303
0
LINE
8
BLACK
6
CONTINUOUS
10
-3.7041279527559055
20
5.9019171653543303
11
-3.7043409842519686
21
5.9018165354330705
0
LINE
8
BLACK
6
CONTINUOUS
10
-3.7043409842519686
20
5.9018165354330705
11
-3.7080933858267717
21
5.9008784645669294
0
LINE
8
BLACK
6
CONTINUOUS
10
-3.7080933858267717
20
5.9008784645669294
11
-3.708356535433071
21
5.9008656299212596
0
LINE
8
BLACK
6
CONTINUOUS
10
-3.708356535433071
20
5.9008656299212596
11
-3.7086148031496062
21
5.9008142913385822
0
LINE
8
BLACK
6
CONTINUOUS
10
-3.7086148031496062
20
5.9008142913385822
11
-3.7133052755905509
21
5.9008142913385822
0
LINE
8
BLACK
6
CONTINUOUS
10
-3.7133052755905509
20
5.9008142913385822
11
-3.7135635433070866
21
5.9008656299212596
0
LINE
8
BLACK
6
CONTINUOUS
10
-3.7135635433070866
20
5.9008656299212596
11
-3.7138267322834646
21
5.9008784645669294
0
LINE
8
BLACK
6
CONTINUOUS
10
-3.7138267322834646
20
5.9008784645669294
11
-3.717579094488189
21
5.9018165354330705
0
LINE
8
BLACK
6
CONTINUOUS
10
-3.717579094488189
20
5.9018165354330705
11
-3.7177920866141729
21
5.9019171259842516
0
LINE
8
BLACK
6
CONTINUOUS
10
-3.7177920866141729
20
5.9019171259842516
11
-3.7180191338582675
21
5.9019793307086612
0
LINE
8
BLACK
6
CONTINUOUS
10
-3.7180191338582675
20
5.9019793307086612
11
-3.7198953543307085
21
5.9029174409448819
0
LINE
8
BLACK
6
CONTINUOUS
10
-3.7198953543307085
20
5.9029174409448819
11
-3.7201677952755903
21
5.9031288582677162
0
LINE
8
BLACK
6
CONTINUOUS
10
-3.7201677952755903
20
5.9031288582677162
11
-3.7204541338582677
21
5.9033201968503937
0
LINE
8
BLACK
6
CONTINUOUS
10
-3.7204541338582677
20
5.9033201968503937
11
-3.7213922047244092
21
5.9042582677165356
0
LINE
8
BLACK
6
CONTINUOUS
10
-3.7213922047244092
20
5.9042582677165356
11
-3.7215836614173226
21
5.9045447637795272
0
LINE
8
BLACK
6
CONTINUOUS
10
-3.7215836614173226
20
5.9045447637795272
11
-3.721794960629921
21
5.9048170472440944
0
LINE
8
BLACK
6
CONTINUOUS
10
-3.721794960629921
20
5.9048170472440944
11
-3.7227330708661417
21
5.9066932677165349
0
LINE
8
BLACK
6
CONTINUOUS
10
-3.7227330708661417
20
5.9066932677165349
11
-3.722761535433071
21
5.9067971259842516
0
LINE
8
BLACK
6
CONTINUOUS
10
-3.722761535433071
20
5.9067971259842516
11
-3.722796377952756
21
5.9068320078740157
0
LINE
8
BLACK
6
CONTINUOUS
10
-3.722796377952756
20
5.9068320078740157
11
-3.7228636220472442
21
5.9071699999999998
0
LINE
8
BLACK
6
CONTINUOUS
10
-3.7228636220472442
20
5.9071699999999998
11
-3.7229546062992127
21
5.9075023228346453
0
LINE
8
BLACK
6
CONTINUOUS
10
-3.7229546062992127
20
5.9075023228346453
11
-3.7229390551181103
21
5.9075490551181105
0
LINE
8
BLACK
6
CONTINUOUS
10
-3.7229390551181103
20
5.9075490551181105
11
-3.7229600393700788
21
5.9076547637795276
0
LINE
8
BLACK
6
CONTINUOUS
10
-3.7229600393700788
20
5.9076547637795276
11
-3.7229600393700788
21
5.9095309448818893
0
LINE
8
BLACK
6
CONTINUOUS
10
-3.7229600393700788
20
5.9095309448818893
11
-3.7229390551181103
21
5.9096366141732286
0
LINE
8
BLACK
6
CONTINUOUS
10
-3.7229390551181103
20
5.9096366141732286
11
-3.7229546062992127
21
5.9096833858267717
0
LINE
8
BLACK
6
CONTINUOUS
10
-3.7229546062992127
20
5.9096833858267717
11
-3.7228636614173229
21
5.9100155118110234
0
LINE
8
BLACK
6
CONTINUOUS
10
-3.7228636614173229
20
5.9100155118110234
11
-3.722796377952756
21
5.9103537007874012
0
LINE
8
BLACK
6
CONTINUOUS
10
-3.722796377952756
20
5.9103537007874012
11
-3.7227614960629922
21
5.9103885826771654
0
LINE
8
BLACK
6
CONTINUOUS
10
-3.7227614960629922
20
5.9103885826771654
11
-3.7227330314960629
21
5.9104924803149608
0
LINE
8
BLACK
6
CONTINUOUS
10
-3.7227330314960629
20
5.9104924803149608
11
-3.721794960629921
21
5.9123686614173225
0
LINE
8
BLACK
6
CONTINUOUS
10
-3.721794960629921
20
5.9123686614173225
11
-3.7215835433070867
21
5.9126410236220472
0
LINE
8
BLACK
6
CONTINUOUS
10
-3.7215835433070867
20
5.9126410236220472
11
-3.721392244094488
21
5.9129273622047247
0
LINE
8
BLACK
6
CONTINUOUS
10
-3.721392244094488
20
5.9129273622047247
11
-3.7204541732283465
21
5.9138654724409445
0
LINE
8
BLACK
6
CONTINUOUS
10
-3.7204541732283465
20
5.9138654724409445
11
-3.7201676377952757
21
5.9140569291338583
0
LINE
8
BLACK
6
CONTINUOUS
10
-3.7201676377952757
20
5.9140569291338583
11
-3.7198953543307085
21
5.914268267716535
0
LINE
8
BLACK
6
CONTINUOUS
10
-3.7198953543307085
20
5.914268267716535
11
-3.7180190944881888
21
5.915206338582677
0
LINE
8
BLACK
6
CONTINUOUS
10
-3.7180190944881888
20
5.915206338582677
11
-3.7177919685039371
21
5.9152685039370079
0
LINE
8
BLACK
6
CONTINUOUS
10
-3.7177919685039371
20
5.9152685039370079
11
-3.717579094488189
21
5.9153690944881889
0
LINE
8
BLACK
6
CONTINUOUS
10
-3.717579094488189
20
5.9153690944881889
11
-3.7138267716535434
21
5.9163072047244096
0
LINE
8
BLACK
6
CONTINUOUS
10
-3.7138267716535434
20
5.9163072047244096
11
-3.7135637401574804
21
5.9163199999999998
0
LINE
8
BLACK
6
CONTINUOUS
10
-3.7135637401574804
20
5.9163199999999998
11
-3.7133052755905509
21
5.9163714173228348
0
LINE
8
BLACK
6
CONTINUOUS
10
-3.7133052755905509
20
5.9163714173228348
11
-3.7086148031496062
21
5.9163714173228348
0
LINE
8
BLACK
6
CONTINUOUS
10
-3.7086148031496062
20
5.9163714173228348
11
-3.708356377952756
21
5.9163199999999998
0
LINE
8
BLACK
6
CONTINUOUS
10
-3.7163071653543307
20
5.9112547637795272
11
-3.71766031496063
21
5.9105781889763778
0
LINE
8
BLACK
6
CONTINUOUS
10
-3.71766031496063
20
5.9105781889763778
11
-3.7181049606299212
21
5.9101335433070865
0
LINE
8
BLACK
6
CONTINUOUS
10
-3.7181049606299212
20
5.9101335433070865
11
-3.7186600393700786
21
5.9090233858267718
0
LINE
8
BLACK
6
CONTINUOUS
10
-3.7186600393700786
20
5.9090233858267718
11
-3.7186600393700786
21
5.9081623228346452
0
LINE
8
BLACK
6
CONTINUOUS
10
-3.7186600393700786
20
5.9081623228346452
11
-3.7181049212598425
21
5.9070520866141729
0
LINE
8
BLACK
6
CONTINUOUS
10
-3.7181049212598425
20
5.9070520866141729
11
-3.71766031496063
21
5.9066074803149604
0
LINE
8
BLACK
6
CONTINUOUS
10
-3.71766031496063
20
5.9066074803149604
11
-3.7163073228346457
21
5.9059309448818897
0
LINE
8
BLACK
6
CONTINUOUS
10
-3.7163073228346457
20
5.9059309448818897
11
-3.7130405511811024
21
5.9051142913385828
0
LINE
8
BLACK
6
CONTINUOUS
10
-3.7130405511811024
20
5.9051142913385828
11
-3.7088795275590551
21
5.9051142913385828
0
LINE
8
BLACK
6
CONTINUOUS
10
-3.7088795275590551
20
5.9051142913385828
11
-3.7056127165354331
21
5.9059309842519685
0
LINE
8
BLACK
6
CONTINUOUS
10
-3.7056127165354331
20
5.9059309842519685
11
-3.7042598031496063
21
5.9066074409448817
0
LINE
8
BLACK
6
CONTINUOUS
10
-3.7042598031496063
20
5.9066074409448817
11
-3.7038151574803151
21
5.9070520866141729
0
LINE
8
BLACK
6
CONTINUOUS
10
-3.7038151574803151
20
5.9070520866141729
11
-3.7032600393700785
21
5.9081622834645664
0
LINE
8
BLACK
6
CONTINUOUS
10
-3.7032600393700785
20
5.9081622834645664
11
-3.7032600393700785
21
5.9090233858267718
0
LINE
8
BLACK
6
CONTINUOUS
10
-3.7032600393700785
20
5.9090233858267718
11
-3.7038151574803151
21
5.9101335826771653
0
LINE
8
BLACK
6
CONTINUOUS
10
-3.7038151574803151
20
5.9101335826771653
11
-3.7042597637795276
21
5.9105781889763778
0
LINE
8
BLACK
6
CONTINUOUS
10
-3.7042597637795276
20
5.9105781889763778
11
-3.7056129133858269
21
5.9112547637795272
0
LINE
8
BLACK
6
CONTINUOUS
10
-3.7056129133858269
20
5.9112547637795272
11
-3.7088794094488189
21
5.9120714173228341
0
LINE
8
BLACK
6
CONTINUOUS
10
-3.7088794094488189
20
5.9120714173228341
11
-3.7130405118110237
21
5.9120714173228341
0
LINE
8
BLACK
6
CONTINUOUS
10
-3.7130405118110237
20
5.9120714173228341
11
-3.7163071653543307
21
5.9112547637795272
0
LINE
8
BLACK
6
CONTINUOUS
10
-3.5983563779527556
20
5.92570094488189
11
-3.5980933464566927
21
5.925688149606299
0
LINE
8
BLACK
6
CONTINUOUS
10
-3.5980933464566927
20
5.925688149606299
11
-3.5943409448818895
21
5.924750078740157
0
LINE
8
BLACK
6
CONTINUOUS
10
-3.5943409448818895
20
5.924750078740157
11
-3.5941279921259843
21
5.9246494488188972
0
LINE
8
BLACK
6
CONTINUOUS
10
-3.5941279921259843
20
5.9246494488188972
11
-3.593900905511811
21
5.9245872834645672
0
LINE
8
BLACK
6
CONTINUOUS
10
-3.593900905511811
20
5.9245872834645672
11
-3.5920247244094488
21
5.9236492125984253
0
LINE
8
BLACK
6
CONTINUOUS
10
-3.5920247244094488
20
5.9236492125984253
11
-3.5917524803149607
21
5.9234378740157476
0
LINE
8
BLACK
6
CONTINUOUS
10
-3.5917524803149607
20
5.9234378740157476
11
-3.5914659448818895
21
5.9232464566929135
0
LINE
8
BLACK
6
CONTINUOUS
10
-3.5914659448818895
20
5.9232464566929135
11
-3.5905278346456693
21
5.9223083464566928
0
LINE
8
BLACK
6
CONTINUOUS
10
-3.5905278346456693
20
5.9223083464566928
11
-3.5903364960629922
21
5.9220219291338578
0
LINE
8
BLACK
6
CONTINUOUS
10
-3.5903364960629922
20
5.9220219291338578
11
-3.5901250787401575
21
5.921749566929134
0
LINE
8
BLACK
6
CONTINUOUS
10
-3.5901250787401575
20
5.921749566929134
11
-3.5891870078740156
21
5.9198733858267714
0
LINE
8
BLACK
6
CONTINUOUS
10
-3.5891870078740156
20
5.9198733858267714
11
-3.5891585826771655
21
5.919769488188976
0
LINE
8
BLACK
6
CONTINUOUS
10
-3.5891585826771655
20
5.919769488188976
11
-3.5891237007874013
21
5.9197346456692914
0
LINE
8
BLACK
6
CONTINUOUS
10
-3.5891237007874013
20
5.9197346456692914
11
-3.5890565354330706
21
5.9193968503937002
0
LINE
8
BLACK
6
CONTINUOUS
10
-3.5890565354330706
20
5.9193968503937002
11
-3.5889654330708662
21
5.9190642913385823
0
LINE
8
BLACK
6
CONTINUOUS
10
-3.5889654330708662
20
5.9190642913385823
11
-3.5889810629921257
21
5.9190174409448817
0
LINE
8
BLACK
6
CONTINUOUS
10
-3.5889810629921257
20
5.9190174409448817
11
-3.5889600393700785
21
5.9189118897637796
0
LINE
8
BLACK
6
CONTINUOUS
10
-3.5889600393700785
20
5.9189118897637796
11
-3.5889600393700785
21
5.9170357086614169
0
LINE
8
BLACK
6
CONTINUOUS
10
-3.5889600393700785
20
5.9170357086614169
11
-3.5889810629921257
21
5.9169301181102361
0
LINE
8
BLACK
6
CONTINUOUS
10
-3.5889810629921257
20
5.9169301181102361
11
-3.5889654330708662
21
5.916883346456693
0
LINE
8
BLACK
6
CONTINUOUS
10
-3.5889654330708662
20
5.916883346456693
11
-3.5890564960629923
21
5.9165508661417325
0
LINE
8
BLACK
6
CONTINUOUS
10
-3.5890564960629923
20
5.9165508661417325
11
-3.5891237007874013
21
5.9162129527559051
0
LINE
8
BLACK
6
CONTINUOUS
10
-3.5891237007874013
20
5.9162129527559051
11
-3.5891585826771655
21
5.9161780708661418
0
LINE
8
BLACK
6
CONTINUOUS
10
-3.5891585826771655
20
5.9161780708661418
11
-3.5891870078740156
21
5.9160742519685039
0
LINE
8
BLACK
6
CONTINUOUS
10
-3.5891870078740156
20
5.9160742519685039
11
-3.5901250787401575
21
5.9141979921259837
0
LINE
8
BLACK
6
CONTINUOUS
10
-3.5901250787401575
20
5.9141979921259837
11
-3.5903364173228347
21
5.9139257086614174
0
LINE
8
BLACK
6
CONTINUOUS
10
-3.5903364173228347
20
5.9139257086614174
11
-3.590527874015748
21
5.9136391732283462
0
LINE
8
BLACK
6
CONTINUOUS
10
-3.590527874015748
20
5.9136391732283462
11
-3.5914659842519683
21
5.9127011023622043
0
LINE
8
BLACK
6
CONTINUOUS
10
-3.5914659842519683
20
5.9127011023622043
11
-3.5917523228346457
21
5.9125098031496064
0
LINE
8
BLACK
6
CONTINUOUS
10
-3.5917523228346457
20
5.9125098031496064
11
-3.59202468503937
21
5.9122983858267713
0
LINE
8
BLACK
6
CONTINUOUS
10
-3.59202468503937
20
5.9122983858267713
11
-3.5939008661417322
21
5.9113603149606302
0
LINE
8
BLACK
6
CONTINUOUS
10
-3.5939008661417322
20
5.9113603149606302
11
-3.5941279527559056
21
5.9112981102362205
0
LINE
8
BLACK
6
CONTINUOUS
10
-3.5941279527559056
20
5.9112981102362205
11
-3.5943409842519682
21
5.9111974803149607
0
LINE
8
BLACK
6
CONTINUOUS
10
-3.5943409842519682
20
5.9111974803149607
11
-3.5980933858267714
21
5.9102594094488188
0
LINE
8
BLACK
6
CONTINUOUS
10
-3.5980933858267714
20
5.9102594094488188
11
-3.5983565354330707
21
5.9102465748031499
0
LINE
8
BLACK
6
CONTINUOUS
10
-3.5983565354330707
20
5.9102465748031499
11
-3.5986148031496064
21
5.9101952362204724
0
LINE
8
BLACK
6
CONTINUOUS
10
-3.5986148031496064
20
5.9101952362204724
11
-3.603305275590551
21
5.9101952362204724
0
LINE
8
BLACK
6
CONTINUOUS
10
-3.603305275590551
20
5.9101952362204724
11
-3.6035635433070867
21
5.9102465748031499
0
LINE
8
BLACK
6
CONTINUOUS
10
-3.6035635433070867
20
5.9102465748031499
11
-3.6038267322834643
21
5.9102594094488188
0
LINE
8
BLACK
6
CONTINUOUS
10
-3.6038267322834643
20
5.9102594094488188
11
-3.6075790944881887
21
5.9111974803149607
0
LINE
8
BLACK
6
CONTINUOUS
10
-3.6075790944881887
20
5.9111974803149607
11
-3.6077920866141731
21
5.9112980708661418
0
LINE
8
BLACK
6
CONTINUOUS
10
-3.6077920866141731
20
5.9112980708661418
11
-3.6080191338582677
21
5.9113602755905514
0
LINE
8
BLACK
6
CONTINUOUS
10
-3.6080191338582677
20
5.9113602755905514
11
-3.6098953543307086
21
5.9122983858267713
0
LINE
8
BLACK
6
CONTINUOUS
10
-3.6098953543307086
20
5.9122983858267713
11
-3.6101677952755904
21
5.9125098031496064
0
LINE
8
BLACK
6
CONTINUOUS
10
-3.6101677952755904
20
5.9125098031496064
11
-3.6104541338582679
21
5.912701141732283
0
LINE
8
BLACK
6
CONTINUOUS
10
-3.6104541338582679
20
5.912701141732283
11
-3.6113922047244094
21
5.913639212598425
0
LINE
8
BLACK
6
CONTINUOUS
10
-3.6113922047244094
20
5.913639212598425
11
-3.6115836614173227
21
5.9139257086614174
0
LINE
8
BLACK
6
CONTINUOUS
10
-3.6115836614173227
20
5.9139257086614174
11
-3.6117949606299211
21
5.9141979921259837
0
LINE
8
BLACK
6
CONTINUOUS
10
-3.6117949606299211
20
5.9141979921259837
11
-3.6127330708661418
21
5.9160742125984251
0
LINE
8
BLACK
6
CONTINUOUS
10
-3.6127330708661418
20
5.9160742125984251
11
-3.6127615354330707
21
5.9161780708661418
0
LINE
8
BLACK
6
CONTINUOUS
10
-3.6127615354330707
20
5.9161780708661418
11
-3.6127963779527557
21
5.9162129527559051
0
LINE
8
BLACK
6
CONTINUOUS
10
-3.6127963779527557
20
5.9162129527559051
11
-3.6128636220472439
21
5.91655094488189
0
LINE
8
BLACK
6
CONTINUOUS
10
-3.6128636220472439
20
5.91655094488189
11
-3.6129546062992124
21
5.9168832677165355
0
LINE
8
BLACK
6
CONTINUOUS
10
-3.6129546062992124
20
5.9168832677165355
11
-3.61293905511811
21
5.9169299999999998
0
LINE
8
BLACK
6
CONTINUOUS
10
-3.61293905511811
20
5.9169299999999998
11
-3.6129600393700785
21
5.9170357086614169
0
LINE
8
BLACK
6
CONTINUOUS
10
-3.6129600393700785
20
5.9170357086614169
11
-3.6129600393700785
21
5.9189118897637796
0
LINE
8
BLACK
6
CONTINUOUS
10
-3.6129600393700785
20
5.9189118897637796
11
-3.61293905511811
21
5.9190175590551179
0
LINE
8
BLACK
6
CONTINUOUS
10
-3.61293905511811
20
5.9190175590551179
11
-3.6129546062992124
21
5.919064330708661
0
LINE
8
BLACK
6
CONTINUOUS
10
-3.6129546062992124
20
5.919064330708661
11
-3.6128636614173226
21
5.9193964566929136
0
LINE
8
BLACK
6
CONTINUOUS
10
-3.6128636614173226
20
5.9193964566929136
11
-3.6127963779527557
21
5.9197346456692914
0
LINE
8
BLACK
6
CONTINUOUS
10
-3.6127963779527557
20
5.9197346456692914
11
-3.6127614960629919
21
5.9197695275590547
0
LINE
8
BLACK
6
CONTINUOUS
10
-3.6127614960629919
20
5.9197695275590547
11
-3.6127330314960631
21
5.9198734251968501
0
LINE
8
BLACK
6
CONTINUOUS
10
-3.6127330314960631
20
5.9198734251968501
11
-3.6117949606299211
21
5.9217496062992128
0
LINE
8
BLACK
6
CONTINUOUS
10
-3.6117949606299211
20
5.9217496062992128
11
-3.6115835433070864
21
5.9220219685039366
0
LINE
8
BLACK
6
CONTINUOUS
10
-3.6115835433070864
20
5.9220219685039366
11
-3.6113922440944881
21
5.922308307086614
0
LINE
8
BLACK
6
CONTINUOUS
10
-3.6113922440944881
20
5.922308307086614
11
-3.6104541732283462
21
5.9232464173228347
0
LINE
8
BLACK
6
CONTINUOUS
10
-3.6104541732283462
20
5.9232464173228347
11
-3.6101676377952754
21
5.9234378740157476
0
LINE
8
BLACK
6
CONTINUOUS
10
-3.6101676377952754
20
5.9234378740157476
11
-3.6098953543307086
21
5.9236492125984253
0
LINE
8
BLACK
6
CONTINUOUS
10
-3.6098953543307086
20
5.9236492125984253
11
-3.6080190944881889
21
5.9245872834645672
0
LINE
8
BLACK
6
CONTINUOUS
10
-3.6080190944881889
20
5.9245872834645672
11
-3.6077919685039368
21
5.9246494488188972
0
LINE
8
BLACK
6
CONTINUOUS
10
-3.6077919685039368
20
5.9246494488188972
11
-3.6075790944881887
21
5.9247500393700783
0
LINE
8
BLACK
6
CONTINUOUS
10
-3.6075790944881887
20
5.9247500393700783
11
-3.603826771653543
21
5.925688149606299
0
LINE
8
BLACK
6
CONTINUOUS
10
-3.603826771653543
20
5.925688149606299
11
-3.60356374015748
21
5.92570094488189
0
LINE
8
BLACK
6
CONTINUOUS
10
-3.60356374015748
20
5.92570094488189
11
-3.603305275590551
21
5.9257523622047241
0
LINE
8
BLACK
6
CONTINUOUS
10
-3.603305275590551
20
5.9257523622047241
11
-3.5986148031496064
21
5.9257523622047241
0
LINE
8
BLACK
6
CONTINUOUS
10
-3.5986148031496064
20
5.9257523622047241
11
-3.5983563779527556
21
5.92570094488189
0
LINE
8
BLACK
6
CONTINUOUS
10
-3.6063071653543308
20
5.9206357086614174
11
-3.6076603149606297
21
5.919959133858268
0
LINE
8
BLACK
6
CONTINUOUS
10
-3.6076603149606297
20
5.919959133858268
11
-3.6081049606299214
21
5.9195144881889759
0
LINE
8
BLACK
6
CONTINUOUS
10
-3.6081049606299214
20
5.9195144881889759
11
-3.6086600393700787
21
5.9184043307086611
0
LINE
8
BLACK
6
CONTINUOUS
10
-3.6086600393700787
20
5.9184043307086611
11
-3.6086600393700787
21
5.9175432677165354
0
LINE
8
BLACK
6
CONTINUOUS
10
-3.6086600393700787
20
5.9175432677165354
11
-3.6081049212598426
21
5.9164330314960631
0
LINE
8
BLACK
6
CONTINUOUS
10
-3.6081049212598426
20
5.9164330314960631
11
-3.6076603149606297
21
5.9159884251968506
0
LINE
8
BLACK
6
CONTINUOUS
10
-3.6076603149606297
20
5.9159884251968506
11
-3.6063073228346454
21
5.9153118897637791
0
LINE
8
BLACK
6
CONTINUOUS
10
-3.6063073228346454
20
5.9153118897637791
11
-3.6030405511811021
21
5.9144952362204721
0
LINE
8
BLACK
6
CONTINUOUS
10
-3.6030405511811021
20
5.9144952362204721
11
-3.5988795275590548
21
5.9144952362204721
0
LINE
8
BLACK
6
CONTINUOUS
10
-3.5988795275590548
20
5.9144952362204721
11
-3.5956127165354328
21
5.9153119291338578
0
LINE
8
BLACK
6
CONTINUOUS
10
-3.5956127165354328
20
5.9153119291338578
11
-3.594259803149606
21
5.9159883858267719
0
LINE
8
BLACK
6
CONTINUOUS
10
-3.594259803149606
20
5.9159883858267719
11
-3.5938151574803148
21
5.9164330314960631
0
LINE
8
BLACK
6
CONTINUOUS
10
-3.5938151574803148
20
5.9164330314960631
11
-3.5932600393700787
21
5.9175432283464566
0
LINE
8
BLACK
6
CONTINUOUS
10
-3.5932600393700787
20
5.9175432283464566
11
-3.5932600393700787
21
5.9184043307086611
0
LINE
8
BLACK
6
CONTINUOUS
10
-3.5932600393700787
20
5.9184043307086611
11
-3.5938151574803148
21
5.9195145275590546
0
LINE
8
BLACK
6
CONTINUOUS
10
-3.5938151574803148
20
5.9195145275590546
11
-3.5942597637795273
21
5.919959133858268
0
LINE
8
BLACK
6
CONTINUOUS
10
-3.5942597637795273
20
5.919959133858268
11
-3.5956129133858266
21
5.9206357086614174
0
LINE
8
BLACK
6
CONTINUOUS
10
-3.5956129133858266
20
5.9206357086614174
11
-3.598879409448819
21
5.9214523622047244
0
LINE
8
BLACK
6
CONTINUOUS
10
-3.598879409448819
20
5.9214523622047244
11
-3.6030405118110234
21
5.9214523622047244
0
LINE
8
BLACK
6
CONTINUOUS
10
-3.6030405118110234
20
5.9214523622047244
11
-3.6063071653543308
21
5.9206357086614174
0
LINE
8
BLACK
6
CONTINUOUS
10
-3.7367944488188978
20
5.9275771259842518
11
-3.7365314173228348
21
5.9275643307086616
0
LINE
8
BLACK
6
CONTINUOUS
10
-3.7365314173228348
20
5.9275643307086616
11
-3.7327790551181104
21
5.9266262598425197
0
LINE
8
BLACK
6
CONTINUOUS
10
-3.7327790551181104
20
5.9266262598425197
11
-3.7325661023622048
21
5.9265256299212599
0
LINE
8
BLACK
6
CONTINUOUS
10
-3.7325661023622048
20
5.9265256299212599
11
-3.7323390157480314
21
5.926463464566929
0
LINE
8
BLACK
6
CONTINUOUS
10
-3.7323390157480314
20
5.926463464566929
11
-3.7304628346456692
21
5.925525393700787
0
LINE
8
BLACK
6
CONTINUOUS
10
-3.7304628346456692
20
5.925525393700787
11
-3.7301907086614174
21
5.9253141732283465
0
LINE
8
BLACK
6
CONTINUOUS
10
-3.7301907086614174
20
5.9253141732283465
11
-3.72990405511811
21
5.925122677165354
0
LINE
8
BLACK
6
CONTINUOUS
10
-3.72990405511811
20
5.925122677165354
11
-3.728027834645669
21
5.9232464960629923
0
LINE
8
BLACK
6
CONTINUOUS
10
-3.728027834645669
20
5.9232464960629923
11
-3.7279679921259841
21
5.9231568897637796
0
LINE
8
BLACK
6
CONTINUOUS
10
-3.7279679921259841
20
5.9231568897637796
11
-3.7279238582677166
21
5.9231348425196853
0
LINE
8
BLACK
6
CONTINUOUS
10
-3.7279238582677166
20
5.9231348425196853
11
-3.7277532677165355
21
5.9228355118110239
0
LINE
8
BLACK
6
CONTINUOUS
10
-3.7277532677165355
20
5.9228355118110239
11
-3.7275617716535434
21
5.9225489763779526
0
LINE
8
BLACK
6
CONTINUOUS
10
-3.7275617716535434
20
5.9225489763779526
11
-3.7275617716535434
21
5.9224996456692915
0
LINE
8
BLACK
6
CONTINUOUS
10
-3.7275617716535434
20
5.9224996456692915
11
-3.7275084251968504
21
5.9224060629921258
0
LINE
8
BLACK
6
CONTINUOUS
10
-3.7275084251968504
20
5.9224060629921258
11
-3.7265703543307085
21
5.9195917716535433
0
LINE
8
BLACK
6
CONTINUOUS
10
-3.7265703543307085
20
5.9195917716535433
11
-3.7265272834645669
21
5.9192498425196849
0
LINE
8
BLACK
6
CONTINUOUS
10
-3.7265272834645669
20
5.9192498425196849
11
-3.7264600393700786
21
5.9189118897637796
0
LINE
8
BLACK
6
CONTINUOUS
10
-3.7264600393700786
20
5.9189118897637796
11
-3.7264600393700786
21
5.9170356692913382
0
LINE
8
BLACK
6
CONTINUOUS
10
-3.7264600393700786
20
5.9170356692913382
11
-3.7265272440944881
21
5.9166978740157479
0
LINE
8
BLACK
6
CONTINUOUS
10
-3.7265272440944881
20
5.9166978740157479
11
-3.7265703543307085
21
5.9163557874015744
0
LINE
8
BLACK
6
CONTINUOUS
10
-3.7265703543307085
20
5.9163557874015744
11
-3.7275084251968504
21
5.9135415354330707
0
LINE
8
BLACK
6
CONTINUOUS
10
-3.7275084251968504
20
5.9135415354330707
11
-3.7275617716535434
21
5.9134479133858262
0
LINE
8
BLACK
6
CONTINUOUS
10
-3.7275617716535434
20
5.9134479133858262
11
-3.7275617716535434
21
5.9133986614173226
0
LINE
8
BLACK
6
CONTINUOUS
10
-3.7275617716535434
20
5.9133986614173226
11
-3.7277531102362205
21
5.9131123228346452
0
LINE
8
BLACK
6
CONTINUOUS
10
-3.7277531102362205
20
5.9131123228346452
11
-3.7279238582677166
21
5.9128127559055113
0
LINE
8
BLACK
6
CONTINUOUS
10
-3.7279238582677166
20
5.9128127559055113
11
-3.7279680314960628
21
5.9127906692913381
0
LINE
8
BLACK
6
CONTINUOUS
10
-3.7279680314960628
20
5.9127906692913381
11
-3.728027834645669
21
5.912701141732283
0
LINE
8
BLACK
6
CONTINUOUS
10
-3.728027834645669
20
5.912701141732283
11
-3.7289659448818897
21
5.9117630314960632
0
LINE
8
BLACK
6
CONTINUOUS
10
-3.7289659448818897
20
5.9117630314960632
11
-3.7296634251968501
21
5.9112969685039367
0
LINE
8
BLACK
6
CONTINUOUS
10
-3.7296634251968501
20
5.9112969685039367
11
-3.7313090157480313
21
5.9112969685039367
0
LINE
8
BLACK
6
CONTINUOUS
10
-3.7313090157480313
20
5.9112969685039367
11
-3.7324725590551182
21
5.9124605118110232
0
LINE
8
BLACK
6
CONTINUOUS
10
-3.7324725590551182
20
5.9124605118110232
11
-3.7324725590551182
21
5.9141061023622044
0
LINE
8
BLACK
6
CONTINUOUS
10
-3.7324725590551182
20
5.9141061023622044
11
-3.7320064960629922
21
5.9148035826771652
0
LINE
8
BLACK
6
CONTINUOUS
10
-3.7320064960629922
20
5.9148035826771652
11
-3.7314273228346457
21
5.9153827559055117
0
LINE
8
BLACK
6
CONTINUOUS
10
-3.7314273228346457
20
5.9153827559055117
11
-3.7307600393700788
21
5.9173845669291341
0
LINE
8
BLACK
6
CONTINUOUS
10
-3.7307600393700788
20
5.9173845669291341
11
-3.7307600393700788
21
5.9185629921259837
0
LINE
8
BLACK
6
CONTINUOUS
10
-3.7307600393700788
20
5.9185629921259837
11
-3.7314273228346457
21
5.9205648031496061
0
LINE
8
BLACK
6
CONTINUOUS
10
-3.7314273228346457
20
5.9205648031496061
11
-3.7326979527559052
21
5.9218353543307085
0
LINE
8
BLACK
6
CONTINUOUS
10
-3.7326979527559052
20
5.9218353543307085
11
-3.7340509842519682
21
5.9225118897637792
0
LINE
8
BLACK
6
CONTINUOUS
10
-3.7340509842519682
20
5.9225118897637792
11
-3.7373174803149607
21
5.9233285433070861
0
LINE
8
BLACK
6
CONTINUOUS
10
-3.7373174803149607
20
5.9233285433070861
11
-3.7396024015748033
21
5.9233285433070861
0
LINE
8
BLACK
6
CONTINUOUS
10
-3.7396024015748033
20
5.9233285433070861
11
-3.7428690944881891
21
5.9225118897637792
0
LINE
8
BLACK
6
CONTINUOUS
10
-3.7428690944881891
20
5.9225118897637792
11
-3.7442222440944879
21
5.9218353149606298
0
LINE
8
BLACK
6
CONTINUOUS
10
-3.7442222440944879
20
5.9218353149606298
11
-3.7454927559055116
21
5.9205648031496061
0
LINE
8
BLACK
6
CONTINUOUS
10
-3.7454927559055116
20
5.9205648031496061
11
-3.7461600393700785
21
5.9185629133858271
0
LINE
8
BLACK
6
CONTINUOUS
10
-3.7461600393700785
20
5.9185629133858271
11
-3.7461600393700785
21
5.9173845275590553
0
LINE
8
BLACK
6
CONTINUOUS
10
-3.7461600393700785
20
5.9173845275590553
11
-3.7454927952755903
21
5.9153827952755904
0
LINE
8
BLACK
6
CONTINUOUS
10
-3.7454927952755903
20
5.9153827952755904
11
-3.7449135433070864
21
5.9148035433070865
0
LINE
8
BLACK
6
CONTINUOUS
10
-3.7449135433070864
20
5.9148035433070865
11
-3.7444475196850391
21
5.9141060629921256
0
LINE
8
BLACK
6
CONTINUOUS
10
-3.7444475196850391
20
5.9141060629921256
11
-3.7444475590551178
21
5.9124605118110232
0
LINE
8
BLACK
6
CONTINUOUS
10
-3.7444475590551178
20
5.9124605118110232
11
-3.7456111417322835
21
5.9112969685039367
0
LINE
8
BLACK
6
CONTINUOUS
10
-3.7456111417322835
20
5.9112969685039367
11
-3.7472566929133859
21
5.9112970078740155
0
LINE
8
BLACK
6
CONTINUOUS
10
-3.7472566929133859
20
5.9112970078740155
11
-3.7479541732283463
21
5.9117630708661419
0
LINE
8
BLACK
6
CONTINUOUS
10
-3.7479541732283463
20
5.9117630708661419
11
-3.7488922440944883
21
5.9127011811023618
0
LINE
8
BLACK
6
CONTINUOUS
10
-3.7488922440944883
20
5.9127011811023618
11
-3.7489520472440945
21
5.9127906299212594
0
LINE
8
BLACK
6
CONTINUOUS
10
-3.7489520472440945
20
5.9127906299212594
11
-3.7489961417322832
21
5.9128127165354325
0
LINE
8
BLACK
6
CONTINUOUS
10
-3.7489961417322832
20
5.9128127165354325
11
-3.7491669291338581
21
5.9131122440944877
0
LINE
8
BLACK
6
CONTINUOUS
10
-3.7491669291338581
20
5.9131122440944877
11
-3.7493582677165351
21
5.9133987007874014
0
LINE
8
BLACK
6
CONTINUOUS
10
-3.7493582677165351
20
5.9133987007874014
11
-3.7493582677165351
21
5.913447952755905
0
LINE
8
BLACK
6
CONTINUOUS
10
-3.7493582677165351
20
5.913447952755905
11
-3.7494115748031493
21
5.913541496062992
0
LINE
8
BLACK
6
CONTINUOUS
10
-3.7494115748031493
20
5.913541496062992
11
-3.7503496850393701
21
5.9163557480314957
0
LINE
8
BLACK
6
CONTINUOUS
10
-3.7503496850393701
20
5.9163557480314957
11
-3.7503927952755904
21
5.9166974409448816
0
LINE
8
BLACK
6
CONTINUOUS
10
-3.7503927952755904
20
5.9166974409448816
11
-3.7504600393700787
21
5.9170356692913382
0
LINE
8
BLACK
6
CONTINUOUS
10
-3.7504600393700787
20
5.9170356692913382
11
-3.7504600393700787
21
5.9189118897637796
0
LINE
8
BLACK
6
CONTINUOUS
10
-3.7504600393700787
20
5.9189118897637796
11
-3.7503928346456692
21
5.9192498425196849
0
LINE
8
BLACK
6
CONTINUOUS
10
-3.7503928346456692
20
5.9192498425196849
11
-3.7503497244094488
21
5.9195917716535433
0
LINE
8
BLACK
6
CONTINUOUS
10
-3.7503497244094488
20
5.9195917716535433
11
-3.7494115748031493
21
5.9224061023622045
0
LINE
8
BLACK
6
CONTINUOUS
10
-3.7494115748031493
20
5.9224061023622045
11
-3.7493582677165351
21
5.9224996062992128
0
LINE
8
BLACK
6
CONTINUOUS
10
-3.7493582677165351
20
5.9224996062992128
11
-3.7493582677165351
21
5.9225489763779526
0
LINE
8
BLACK
6
CONTINUOUS
10
-3.7493582677165351
20
5.9225489763779526
11
-3.7491667716535431
21
5.9228355511811026
0
LINE
8
BLACK
6
CONTINUOUS
10
-3.7491667716535431
20
5.9228355511811026
11
-3.7489961417322832
21
5.923134881889764
0
LINE
8
BLACK
6
CONTINUOUS
10
-3.7489961417322832
20
5.923134881889764
11
-3.7489520472440945
21
5.9231569291338584
0
LINE
8
BLACK
6
CONTINUOUS
10
-3.7489520472440945
20
5.9231569291338584
11
-3.7488922047244095
21
5.9232464566929135
0
LINE
8
BLACK
6
CONTINUOUS
10
-3.7488922047244095
20
5.9232464566929135
11
-3.7470160236220473
21
5.9251226377952753
0
LINE
8
BLACK
6
CONTINUOUS
10
-3.7470160236220473
20
5.9251226377952753
11
-3.7467295275590549
21
5.9253140551181103
0
LINE
8
BLACK
6
CONTINUOUS
10
-3.7467295275590549
20
5.9253140551181103
11
-3.7464572440944881
21
5.925525393700787
0
LINE
8
BLACK
6
CONTINUOUS
10
-3.7464572440944881
20
5.925525393700787
11
-3.7445810629921259
21
5.926463464566929
0
LINE
8
BLACK
6
CONTINUOUS
10
-3.7445810629921259
20
5.926463464566929
11
-3.7443538582677163
21
5.9265256692913386
0
LINE
8
BLACK
6
CONTINUOUS
10
-3.7443538582677163
20
5.9265256692913386
11
-3.7441410236220474
21
5.9266262204724409
0
LINE
8
BLACK
6
CONTINUOUS
10
-3.7441410236220474
20
5.9266262204724409
11
-3.7403886220472442
21
5.9275643307086616
0
LINE
8
BLACK
6
CONTINUOUS
10
-3.7403886220472442
20
5.9275643307086616
11
-3.74012562992126
21
5.9275771259842518
0
LINE
8
BLACK
6
CONTINUOUS
10
-3.74012562992126
20
5.9275771259842518
11
-3.7398671653543305
21
5.9276285433070868
0
LINE
8
BLACK
6
CONTINUOUS
10
-3.7398671653543305
20
5.9276285433070868
11
-3.737052874015748
21
5.9276285433070868
0
LINE
8
BLACK
6
CONTINUOUS
10
-3.737052874015748
20
5.9276285433070868
11
-3.7367944488188978
21
5.9275771259842518
0
LINE
8
BLACK
6
CONTINUOUS
10
-3.6267944488188975
20
5.9275771259842518
11
-3.6265314173228345
21
5.9275643307086616
0
LINE
8
BLACK
6
CONTINUOUS
10
-3.6265314173228345
20
5.9275643307086616
11
-3.62277905511811
21
5.9266262598425197
0
LINE
8
BLACK
6
CONTINUOUS
10
-3.62277905511811
20
5.9266262598425197
11
-3.6225661023622044
21
5.9265256299212599
0
LINE
8
BLACK
6
CONTINUOUS
10
-3.6225661023622044
20
5.9265256299212599
11
-3.6223390157480315
21
5.926463464566929
0
LINE
8
BLACK
6
CONTINUOUS
10
-3.6223390157480315
20
5.926463464566929
11
-3.6204628346456693
21
5.925525393700787
0
LINE
8
BLACK
6
CONTINUOUS
10
-3.6204628346456693
20
5.925525393700787
11
-3.6201907086614171
21
5.9253141732283465
0
LINE
8
BLACK
6
CONTINUOUS
10
-3.6201907086614171
20
5.9253141732283465
11
-3.6199040551181101
21
5.925122677165354
0
LINE
8
BLACK
6
CONTINUOUS
10
-3.6199040551181101
20
5.925122677165354
11
-3.6180278346456691
21
5.9232464960629923
0
LINE
8
BLACK
6
CONTINUOUS
10
-3.6180278346456691
20
5.9232464960629923
11
-3.6179679921259842
21
5.9231568897637796
0
LINE
8
BLACK
6
CONTINUOUS
10
-3.6179679921259842
20
5.9231568897637796
11
-3.6179238582677167
21
5.9231348425196853
0
LINE
8
BLACK
6
CONTINUOUS
10
-3.6179238582677167
20
5.9231348425196853
11
-3.6177532677165352
21
5.9228355118110239
0
LINE
8
BLACK
6
CONTINUOUS
10
-3.6177532677165352
20
5.9228355118110239
11
-3.6175617716535431
21
5.9225489763779526
0
LINE
8
BLACK
6
CONTINUOUS
10
-3.6175617716535431
20
5.9225489763779526
11
-3.6175617716535431
21
5.9224996456692915
0
LINE
8
BLACK
6
CONTINUOUS
10
-3.6175617716535431
20
5.9224996456692915
11
-3.6175084251968501
21
5.9224060629921258
0
LINE
8
BLACK
6
CONTINUOUS
10
-3.6175084251968501
20
5.9224060629921258
11
-3.6165703543307086
21
5.9195917716535433
0
LINE
8
BLACK
6
CONTINUOUS
10
-3.6165703543307086
20
5.9195917716535433
11
-3.616527283464567
21
5.9192498425196849
0
LINE
8
BLACK
6
CONTINUOUS
10
-3.616527283464567
20
5.9192498425196849
11
-3.6164600393700788
21
5.9189118897637796
0
LINE
8
BLACK
6
CONTINUOUS
10
-3.6164600393700788
20
5.9189118897637796
11
-3.6164600393700788
21
5.9170356692913382
0
LINE
8
BLACK
6
CONTINUOUS
10
-3.6164600393700788
20
5.9170356692913382
11
-3.6165272440944882
21
5.9166978740157479
0
LINE
8
BLACK
6
CONTINUOUS
10
-3.6165272440944882
20
5.9166978740157479
11
-3.6165703543307086
21
5.9163557874015744
0
LINE
8
BLACK
6
CONTINUOUS
10
-3.6165703543307086
20
5.9163557874015744
11
-3.6175084251968501
21
5.9135415354330707
0
LINE
8
BLACK
6
CONTINUOUS
10
-3.6175084251968501
20
5.9135415354330707
11
-3.6175617716535431
21
5.9134479133858262
0
LINE
8
BLACK
6
CONTINUOUS
10
-3.6175617716535431
20
5.9134479133858262
11
-3.6175617716535431
21
5.9133986614173226
0
LINE
8
BLACK
6
CONTINUOUS
10
-3.6175617716535431
20
5.9133986614173226
11
-3.6177531102362206
21
5.9131123228346452
0
LINE
8
BLACK
6
CONTINUOUS
10
-3.6177531102362206
20
5.9131123228346452
11
-3.6179238582677167
21
5.9128127559055113
0
LINE
8
BLACK
6
CONTINUOUS
10
-3.6179238582677167
20
5.9128127559055113
11
-3.6179680314960629
21
5.9127906692913381
0
LINE
8
BLACK
6
CONTINUOUS
10
-3.6179680314960629
20
5.9127906692913381
11
-3.6180278346456691
21
5.912701141732283
0
LINE
8
BLACK
6
CONTINUOUS
10
-3.6180278346456691
20
5.912701141732283
11
-3.6189659448818898
21
5.9117630314960632
0
LINE
8
BLACK
6
CONTINUOUS
10
-3.6189659448818898
20
5.9117630314960632
11
-3.6196634251968502
21
5.9112969685039367
0
LINE
8
BLACK
6
CONTINUOUS
10
-3.6196634251968502
20
5.9112969685039367
11
-3.6213090157480314
21
5.9112969685039367
0
LINE
8
BLACK
6
CONTINUOUS
10
-3.6213090157480314
20
5.9112969685039367
11
-3.6224725590551179
21
5.9124605118110232
0
LINE
8
BLACK
6
CONTINUOUS
10
-3.6224725590551179
20
5.9124605118110232
11
-3.6224725590551179
21
5.9141061023622044
0
LINE
8
BLACK
6
CONTINUOUS
10
-3.6224725590551179
20
5.9141061023622044
11
-3.6220064960629919
21
5.9148035826771652
0
LINE
8
BLACK
6
CONTINUOUS
10
-3.6220064960629919
20
5.9148035826771652
11
-3.6214273228346454
21
5.9153827559055117
0
LINE
8
BLACK
6
CONTINUOUS
10
-3.6214273228346454
20
5.9153827559055117
11
-3.6207600393700785
21
5.9173845669291341
0
LINE
8
BLACK
6
CONTINUOUS
10
-3.6207600393700785
20
5.9173845669291341
11
-3.6207600393700785
21
5.9185629921259837
0
LINE
8
BLACK
6
CONTINUOUS
10
-3.6207600393700785
20
5.9185629921259837
11
-3.6214273228346454
21
5.9205648031496061
0
LINE
8
BLACK
6
CONTINUOUS
10
-3.6214273228346454
20
5.9205648031496061
11
-3.6226979527559053
21
5.9218353543307085
0
LINE
8
BLACK
6
CONTINUOUS
10
-3.6226979527559053
20
5.9218353543307085
11
-3.6240509842519684
21
5.9225118897637792
0
LINE
8
BLACK
6
CONTINUOUS
10
-3.6240509842519684
20
5.9225118897637792
11
-3.6273174803149604
21
5.9233285433070861
0
LINE
8
BLACK
6
CONTINUOUS
10
-3.6273174803149604
20
5.9233285433070861
11
-3.629602401574803
21
5.9233285433070861
0
LINE
8
BLACK
6
CONTINUOUS
10
-3.629602401574803
20
5.9233285433070861
11
-3.6328690944881887
21
5.9225118897637792
0
LINE
8
BLACK
6
CONTINUOUS
10
-3.6328690944881887
20
5.9225118897637792
11
-3.634222244094488
21
5.9218353149606298
0
LINE
8
BLACK
6
CONTINUOUS
10
-3.634222244094488
20
5.9218353149606298
11
-3.6354927559055117
21
5.9205648031496061
0
LINE
8
BLACK
6
CONTINUOUS
10
-3.6354927559055117
20
5.9205648031496061
11
-3.6361600393700786
21
5.9185629133858271
0
LINE
8
BLACK
6
CONTINUOUS
10
-3.6361600393700786
20
5.9185629133858271
11
-3.6361600393700786
21
5.9173845275590553
0
LINE
8
BLACK
6
CONTINUOUS
10
-3.6361600393700786
20
5.9173845275590553
11
-3.6354927952755904
21
5.9153827952755904
0
LINE
8
BLACK
6
CONTINUOUS
10
-3.6354927952755904
20
5.9153827952755904
11
-3.6349135433070865
21
5.9148035433070865
0
LINE
8
BLACK
6
CONTINUOUS
10
-3.6349135433070865
20
5.9148035433070865
11
-3.6344475196850392
21
5.9141060629921256
0
LINE
8
BLACK
6
CONTINUOUS
10
-3.6344475196850392
20
5.9141060629921256
11
-3.634447559055118
21
5.9124605118110232
0
LINE
8
BLACK
6
CONTINUOUS
10
-3.634447559055118
20
5.9124605118110232
11
-3.6356111417322832
21
5.9112969685039367
0
LINE
8
BLACK
6
CONTINUOUS
10
-3.6356111417322832
20
5.9112969685039367
11
-3.6372566929133856
21
5.9112970078740155
0
LINE
8
BLACK
6
CONTINUOUS
10
-3.6372566929133856
20
5.9112970078740155
11
-3.6379541732283465
21
5.9117630708661419
0
LINE
8
BLACK
6
CONTINUOUS
10
-3.6379541732283465
20
5.9117630708661419
11
-3.638892244094488
21
5.9127011811023618
0
LINE
8
BLACK
6
CONTINUOUS
10
-3.638892244094488
20
5.9127011811023618
11
-3.6389520472440946
21
5.9127906299212594
0
LINE
8
BLACK
6
CONTINUOUS
10
-3.6389520472440946
20
5.9127906299212594
11
-3.6389961417322834
21
5.9128127165354325
0
LINE
8
BLACK
6
CONTINUOUS
10
-3.6389961417322834
20
5.9128127165354325
11
-3.6391669291338582
21
5.9131122440944877
0
LINE
8
BLACK
6
CONTINUOUS
10
-3.6391669291338582
20
5.9131122440944877
11
-3.6393582677165353
21
5.9133987007874014
0
LINE
8
BLACK
6
CONTINUOUS
10
-3.6393582677165353
20
5.9133987007874014
11
-3.6393582677165353
21
5.913447952755905
0
LINE
8
BLACK
6
CONTINUOUS
10
-3.6393582677165353
20
5.913447952755905
11
-3.6394115748031495
21
5.913541496062992
0
LINE
8
BLACK
6
CONTINUOUS
10
-3.6394115748031495
20
5.913541496062992
11
-3.6403496850393702
21
5.9163557480314957
0
LINE
8
BLACK
6
CONTINUOUS
10
-3.6403496850393702
20
5.9163557480314957
11
-3.6403927952755906
21
5.9166974409448816
0
LINE
8
BLACK
6
CONTINUOUS
10
-3.6403927952755906
20
5.9166974409448816
11
-3.6404600393700788
21
5.9170356692913382
0
LINE
8
BLACK
6
CONTINUOUS
10
-3.6404600393700788
20
5.9170356692913382
11
-3.6404600393700788
21
5.9189118897637796
0
LINE
8
BLACK
6
CONTINUOUS
10
-3.6404600393700788
20
5.9189118897637796
11
-3.6403928346456693
21
5.9192498425196849
0
LINE
8
BLACK
6
CONTINUOUS
10
-3.6403928346456693
20
5.9192498425196849
11
-3.6403497244094489
21
5.9195917716535433
0
LINE
8
BLACK
6
CONTINUOUS
10
-3.6403497244094489
20
5.9195917716535433
11
-3.6394115748031495
21
5.9224061023622045
0
LINE
8
BLACK
6
CONTINUOUS
10
-3.6394115748031495
20
5.9224061023622045
11
-3.6393582677165353
21
5.9224996062992128
0
LINE
8
BLACK
6
CONTINUOUS
10
-3.6393582677165353
20
5.9224996062992128
11
-3.6393582677165353
21
5.9225489763779526
0
LINE
8
BLACK
6
CONTINUOUS
10
-3.6393582677165353
20
5.9225489763779526
11
-3.6391667716535432
21
5.9228355511811026
0
LINE
8
BLACK
6
CONTINUOUS
10
-3.6391667716535432
20
5.9228355511811026
11
-3.6389961417322834
21
5.923134881889764
0
LINE
8
BLACK
6
CONTINUOUS
10
-3.6389961417322834
20
5.923134881889764
11
-3.6389520472440946
21
5.9231569291338584
0
LINE
8
BLACK
6
CONTINUOUS
10
-3.6389520472440946
20
5.9231569291338584
11
-3.6388922047244092
21
5.9232464566929135
0
LINE
8
BLACK
6
CONTINUOUS
10
-3.6388922047244092
20
5.9232464566929135
11
-3.637016023622047
21
5.9251226377952753
0
LINE
8
BLACK
6
CONTINUOUS
10
-3.637016023622047
20
5.9251226377952753
11
-3.636729527559055
21
5.9253140551181103
0
LINE
8
BLACK
6
CONTINUOUS
10
-3.636729527559055
20
5.9253140551181103
11
-3.6364572440944882
21
5.925525393700787
0
LINE
8
BLACK
6
CONTINUOUS
10
-3.6364572440944882
20
5.925525393700787
11
-3.634581062992126
21
5.926463464566929
0
LINE
8
BLACK
6
CONTINUOUS
10
-3.634581062992126
20
5.926463464566929
11
-3.6343538582677164
21
5.9265256692913386
0
LINE
8
BLACK
6
CONTINUOUS
10
-3.6343538582677164
20
5.9265256692913386
11
-3.6341410236220471
21
5.9266262204724409
0
LINE
8
BLACK
6
CONTINUOUS
10
-3.6341410236220471
20
5.9266262204724409
11
-3.6303886220472439
21
5.9275643307086616
0
LINE
8
BLACK
6
CONTINUOUS
10
-3.6303886220472439
20
5.9275643307086616
11
-3.6301256299212596
21
5.9275771259842518
0
LINE
8
BLACK
6
CONTINUOUS
10
-3.6301256299212596
20
5.9275771259842518
11
-3.6298671653543306
21
5.9276285433070868
0
LINE
8
BLACK
6
CONTINUOUS
10
-3.6298671653543306
20
5.9276285433070868
11
-3.6270528740157482
21
5.9276285433070868
0
LINE
8
BLACK
6
CONTINUOUS
10
-3.6270528740157482
20
5.9276285433070868
11
-3.6267944488188975
21
5.9275771259842518
0
LINE
8
BLACK
6
CONTINUOUS
10
-3.8446451968503936
20
5.9403576771653546
11
-3.8445385433070864
21
5.940368346456693
0
LINE
8
BLACK
6
CONTINUOUS
10
-3.8445385433070864
20
5.940368346456693
11
-3.8444870866141732
21
5.940326220472441
0
LINE
8
BLACK
6
CONTINUOUS
10
-3.8444870866141732
20
5.940326220472441
11
-3.8443368110236218
21
5.9402963385826775
0
LINE
8
BLACK
6
CONTINUOUS
10
-3.8443368110236218
20
5.9402963385826775
11
-3.8438251181102361
21
5.9397846062992121
0
LINE
8
BLACK
6
CONTINUOUS
10
-3.8438251181102361
20
5.9397846062992121
11
-3.843264960629921
21
5.9393263385826769
0
LINE
8
BLACK
6
CONTINUOUS
10
-3.843264960629921
20
5.9393263385826769
11
-3.8432202755905509
21
5.9391797637795278
0
LINE
8
BLACK
6
CONTINUOUS
10
-3.8432202755905509
20
5.9391797637795278
11
-3.8431732283464566
21
5.9391327559055114
0
LINE
8
BLACK
6
CONTINUOUS
10
-3.8431732283464566
20
5.9391327559055114
11
-3.8431732283464566
21
5.9390255511811025
0
LINE
8
BLACK
6
CONTINUOUS
10
-3.8431732283464566
20
5.9390255511811025
11
-3.8430202362204722
21
5.938523937007874
0
LINE
8
BLACK
6
CONTINUOUS
10
-3.8430202362204722
20
5.938523937007874
11
-3.8420821259842519
21
5.9291429921259837
0
LINE
8
BLACK
6
CONTINUOUS
10
-3.8420821259842519
20
5.9291429921259837
11
-3.8421631102362204
21
5.9283080708661418
0
LINE
8
BLACK
6
CONTINUOUS
10
-3.8421631102362204
20
5.9283080708661418
11
-3.8422351574803151
21
5.9282200393700784
0
LINE
8
BLACK
6
CONTINUOUS
10
-3.8422351574803151
20
5.9282200393700784
11
-3.8422351181102363
21
5.9281063385826771
0
LINE
8
BLACK
6
CONTINUOUS
10
-3.8422351181102363
20
5.9281063385826771
11
-3.842746811023622
21
5.9275946062992126
0
LINE
8
BLACK
6
CONTINUOUS
10
-3.842746811023622
20
5.9275946062992126
11
-3.843205118110236
21
5.9270344488188975
0
LINE
8
BLACK
6
CONTINUOUS
10
-3.843205118110236
20
5.9270344488188975
11
-3.8433183070866139
21
5.9270231102362203
0
LINE
8
BLACK
6
CONTINUOUS
10
-3.8433183070866139
20
5.9270231102362203
11
-3.8433986614173228
21
5.9269427559055119
0
LINE
8
BLACK
6
CONTINUOUS
10
-3.8433986614173228
20
5.9269427559055119
11
-3.8441222047244095
21
5.9269427165354331
0
LINE
8
BLACK
6
CONTINUOUS
10
-3.8441222047244095
20
5.9269427165354331
11
-3.8448424803149606
21
5.9268707086614176
0
LINE
8
BLACK
6
CONTINUOUS
10
-3.8448424803149606
20
5.9268707086614176
11
-3.8449305118110235
21
5.9269427165354331
0
LINE
8
BLACK
6
CONTINUOUS
10
-3.8449305118110235
20
5.9269427165354331
11
-3.8450442125984252
21
5.9269427165354331
0
LINE
8
BLACK
6
CONTINUOUS
10
-3.8450442125984252
20
5.9269427165354331
11
-3.8457416929133856
21
5.92740874015748
0
LINE
8
BLACK
6
CONTINUOUS
10
-3.8457416929133856
20
5.92740874015748
11
-3.8464331496062991
21
5.928100118110236
0
LINE
8
BLACK
6
CONTINUOUS
10
-3.8464331496062991
20
5.928100118110236
11
-3.8475432677165355
21
5.9286552362204725
0
LINE
8
BLACK
6
CONTINUOUS
10
-3.8475432677165355
20
5.9286552362204725
11
-3.8512186220472442
21
5.9286552362204725
0
LINE
8
BLACK
6
CONTINUOUS
10
-3.8512186220472442
20
5.9286552362204725
11
-3.8523288582677164
21
5.928100118110236
0
LINE
8
BLACK
6
CONTINUOUS
10
-3.8523288582677164
20
5.928100118110236
11
-3.8527735433070864
21
5.927655433070866
0
LINE
8
BLACK
6
CONTINUOUS
10
-3.8527735433070864
20
5.927655433070866
11
-3.853328582677165
21
5.9265452755905512
0
LINE
8
BLACK
6
CONTINUOUS
10
-3.853328582677165
20
5.9265452755905512
11
-3.853328582677165
21
5.9228698818897634
0
LINE
8
BLACK
6
CONTINUOUS
10
-3.853328582677165
20
5.9228698818897634
11
-3.8527735433070864
21
5.9217597244094486
0
LINE
8
BLACK
6
CONTINUOUS
10
-3.8527735433070864
20
5.9217597244094486
11
-3.8523288582677164
21
5.9213150787401574
0
LINE
8
BLACK
6
CONTINUOUS
10
-3.8523288582677164
20
5.9213150787401574
11
-3.8512186220472442
21
5.9207599999999996
0
LINE
8
BLACK
6
CONTINUOUS
10
-3.8512186220472442
20
5.9207599999999996
11
-3.8475432677165355
21
5.9207599999999996
0
LINE
8
BLACK
6
CONTINUOUS
10
-3.8475432677165355
20
5.9207599999999996
11
-3.8464331496062991
21
5.9213150787401574
0
LINE
8
BLACK
6
CONTINUOUS
10
-3.8464331496062991
20
5.9213150787401574
11
-3.8457416929133856
21
5.9220064960629921
0
LINE
8
BLACK
6
CONTINUOUS
10
-3.8457416929133856
20
5.9220064960629921
11
-3.8450442125984252
21
5.922472519685039
0
LINE
8
BLACK
6
CONTINUOUS
10
-3.8450442125984252
20
5.922472519685039
11
-3.8433986614173228
21
5.9224724803149602
0
LINE
8
BLACK
6
CONTINUOUS
10
-3.8433986614173228
20
5.9224724803149602
11
-3.8422351181102363
21
5.921308897637795
0
LINE
8
BLACK
6
CONTINUOUS
10
-3.8422351181102363
20
5.921308897637795
11
-3.8422351574803151
21
5.9196633464566926
0
LINE
8
BLACK
6
CONTINUOUS
10
-3.8422351574803151
20
5.9196633464566926
11
-3.8427012204724407
21
5.9189658661417326
0
LINE
8
BLACK
6
CONTINUOUS
10
-3.8427012204724407
20
5.9189658661417326
11
-3.8436393307086614
21
5.9180277952755906
0
LINE
8
BLACK
6
CONTINUOUS
10
-3.8436393307086614
20
5.9180277952755906
11
-3.8439256692913384
21
5.9178364960629919
0
LINE
8
BLACK
6
CONTINUOUS
10
-3.8439256692913384
20
5.9178364960629919
11
-3.8441980314960631
21
5.9176250787401576
0
LINE
8
BLACK
6
CONTINUOUS
10
-3.8441980314960631
20
5.9176250787401576
11
-3.8460742125984253
21
5.9166870078740157
0
LINE
8
BLACK
6
CONTINUOUS
10
-3.8460742125984253
20
5.9166870078740157
11
-3.8461781102362202
21
5.9166585433070864
0
LINE
8
BLACK
6
CONTINUOUS
10
-3.8461781102362202
20
5.9166585433070864
11
-3.846212992125984
21
5.9166236614173231
0
LINE
8
BLACK
6
CONTINUOUS
10
-3.846212992125984
20
5.9166236614173231
11
-3.8465511811023623
21
5.9165563779527561
0
LINE
8
BLACK
6
CONTINUOUS
10
-3.8465511811023623
20
5.9165563779527561
11
-3.846883307086614
21
5.9164654330708659
0
LINE
8
BLACK
6
CONTINUOUS
10
-3.846883307086614
20
5.9164654330708659
11
-3.8469300787401575
21
5.9164809842519688
0
LINE
8
BLACK
6
CONTINUOUS
10
-3.8469300787401575
20
5.9164809842519688
11
-3.8470357480314958
21
5.9164599999999998
0
LINE
8
BLACK
6
CONTINUOUS
10
-3.8470357480314958
20
5.9164599999999998
11
-3.851726220472441
21
5.9164599999999998
0
LINE
8
BLACK
6
CONTINUOUS
10
-3.851726220472441
20
5.9164599999999998
11
-3.8518319291338581
21
5.9164809842519688
0
LINE
8
BLACK
6
CONTINUOUS
10
-3.8518319291338581
20
5.9164809842519688
11
-3.8518786614173228
21
5.9164654330708659
0
LINE
8
BLACK
6
CONTINUOUS
10
-3.8518786614173228
20
5.9164654330708659
11
-3.8522108267716533
21
5.9165563779527561
0
LINE
8
BLACK
6
CONTINUOUS
10
-3.8522108267716533
20
5.9165563779527561
11
-3.8525489763779528
21
5.9166236614173231
0
LINE
8
BLACK
6
CONTINUOUS
10
-3.8525489763779528
20
5.9166236614173231
11
-3.8525838976377953
21
5.9166585433070864
0
LINE
8
BLACK
6
CONTINUOUS
10
-3.8525838976377953
20
5.9166585433070864
11
-3.8526877559055119
21
5.9166870078740157
0
LINE
8
BLACK
6
CONTINUOUS
10
-3.8526877559055119
20
5.9166870078740157
11
-3.8545639370078741
21
5.9176251181102364
0
LINE
8
BLACK
6
CONTINUOUS
10
-3.8545639370078741
20
5.9176251181102364
11
-3.8548360236220471
21
5.9178362598425194
0
LINE
8
BLACK
6
CONTINUOUS
10
-3.8548360236220471
20
5.9178362598425194
11
-3.8551226377952754
21
5.9180277952755906
0
LINE
8
BLACK
6
CONTINUOUS
10
-3.8551226377952754
20
5.9180277952755906
11
-3.8560607480314961
21
5.9189658661417326
0
LINE
8
BLACK
6
CONTINUOUS
10
-3.8560607480314961
20
5.9189658661417326
11
-3.8562521653543307
21
5.9192522834645667
0
LINE
8
BLACK
6
CONTINUOUS
10
-3.8562521653543307
20
5.9192522834645667
11
-3.8564635433070866
21
5.9195246850393701
0
LINE
8
BLACK
6
CONTINUOUS
10
-3.8564635433070866
20
5.9195246850393701
11
-3.8574016141732281
21
5.9214008661417319
0
LINE
8
BLACK
6
CONTINUOUS
10
-3.8574016141732281
20
5.9214008661417319
11
-3.8574300787401574
21
5.9215047244094485
0
LINE
8
BLACK
6
CONTINUOUS
10
-3.8574300787401574
20
5.9215047244094485
11
-3.8574649212598424
21
5.9215396062992127
0
LINE
8
BLACK
6
CONTINUOUS
10
-3.8574649212598424
20
5.9215396062992127
11
-3.8575322047244094
21
5.9218776771653543
0
LINE
8
BLACK
6
CONTINUOUS
10
-3.8575322047244094
20
5.9218776771653543
11
-3.8576231496062992
21
5.922209960629921
0
LINE
8
BLACK
6
CONTINUOUS
10
-3.8576231496062992
20
5.922209960629921
11
-3.8576075984251967
21
5.9222566929133853
0
LINE
8
BLACK
6
CONTINUOUS
10
-3.8576075984251967
20
5.9222566929133853
11
-3.8576285826771652
21
5.9223623622047246
0
LINE
8
BLACK
6
CONTINUOUS
10
-3.8576285826771652
20
5.9223623622047246
11
-3.8576285826771652
21
5.9270528346456688
0
LINE
8
BLACK
6
CONTINUOUS
10
-3.8576285826771652
20
5.9270528346456688
11
-3.8576075984251967
21
5.9271584645669293
0
LINE
8
BLACK
6
CONTINUOUS
10
-3.8576075984251967
20
5.9271584645669293
11
-3.8576231496062992
21
5.9272052362204724
0
LINE
8
BLACK
6
CONTINUOUS
10
-3.8576231496062992
20
5.9272052362204724
11
-3.8575322047244094
21
5.9275374803149603
0
LINE
8
BLACK
6
CONTINUOUS
10
-3.8575322047244094
20
5.9275374803149603
11
-3.8574649212598424
21
5.9278755905511806
0
LINE
8
BLACK
6
CONTINUOUS
10
-3.8574649212598424
20
5.9278755905511806
11
-3.8574300787401574
21
5.9279104330708661
0
LINE
8
BLACK
6
CONTINUOUS
10
-3.8574300787401574
20
5.9279104330708661
11
-3.8574016141732281
21
5.9280143307086615
0
LINE
8
BLACK
6
CONTINUOUS
10
-3.8574016141732281
20
5.9280143307086615
11
-3.8564635433070866
21
5.929890551181102
0
LINE
8
BLACK
6
CONTINUOUS
10
-3.8564635433070866
20
5.929890551181102
11
-3.8562521653543307
21
5.9301629133858267
0
LINE
8
BLACK
6
CONTINUOUS
10
-3.8562521653543307
20
5.9301629133858267
11
-3.8560607480314961
21
5.9304493700787404
0
LINE
8
BLACK
6
CONTINUOUS
10
-3.8560607480314961
20
5.9304493700787404
11
-3.8551226377952754
21
5.9313874409448815
0
LINE
8
BLACK
6
CONTINUOUS
10
-3.8551226377952754
20
5.9313874409448815
11
-3.8548360236220471
21
5.931578937007874
0
LINE
8
BLACK
6
CONTINUOUS
10
-3.8548360236220471
20
5.931578937007874
11
-3.8545639370078741
21
5.9317901181102357
0
LINE
8
BLACK
6
CONTINUOUS
10
-3.8545639370078741
20
5.9317901181102357
11
-3.8526877559055119
21
5.9327282283464564
0
LINE
8
BLACK
6
CONTINUOUS
10
-3.8526877559055119
20
5.9327282283464564
11
-3.8525838976377953
21
5.9327566535433069
0
LINE
8
BLACK
6
CONTINUOUS
10
-3.8525838976377953
20
5.9327566535433069
11
-3.8525489763779528
21
5.9327915748031499
0
LINE
8
BLACK
6
CONTINUOUS
10
-3.8525489763779528
20
5.9327915748031499
11
-3.8522108267716533
21
5.9328588188976372
0
LINE
8
BLACK
6
CONTINUOUS
10
-3.8522108267716533
20
5.9328588188976372
11
-3.8518786614173228
21
5.9329498031496062
0
LINE
8
BLACK
6
CONTINUOUS
10
-3.8518786614173228
20
5.9329498031496062
11
-3.8518319291338581
21
5.9329342125984255
0
LINE
8
BLACK
6
CONTINUOUS
10
-3.8518319291338581
20
5.9329342125984255
11
-3.851726220472441
21
5.9329552362204723
0
LINE
8
BLACK
6
CONTINUOUS
10
-3.851726220472441
20
5.9329552362204723
11
-3.8470357480314958
21
5.9329552362204723
0
LINE
8
BLACK
6
CONTINUOUS
10
-3.8470357480314958
20
5.9329552362204723
11
-3.8469300787401575
21
5.9329342125984255
0
LINE
8
BLACK
6
CONTINUOUS
10
-3.8469300787401575
20
5.9329342125984255
11
-3.846883307086614
21
5.9329498031496062
0
LINE
8
BLACK
6
CONTINUOUS
10
-3.846883307086614
20
5.9329498031496062
11
-3.846781496062992
21
5.9329218897637794
0
LINE
8
BLACK
6
CONTINUOUS
10
-3.846781496062992
20
5.9329218897637794
11
-3.8471052755905513
21
5.9361600000000001
0
LINE
8
BLACK
6
CONTINUOUS
10
-3.8471052755905513
20
5.9361600000000001
11
-3.8545405118110234
21
5.9361600000000001
0
LINE
8
BLACK
6
CONTINUOUS
10
-3.8545405118110234
20
5.9361600000000001
11
-3.8553632677165353
21
5.9363236614173225
0
LINE
8
BLACK
6
CONTINUOUS
10
-3.8553632677165353
20
5.9363236614173225
11
-3.8565268503937009
21
5.9374872440944877
0
LINE
8
BLACK
6
CONTINUOUS
10
-3.8565268503937009
20
5.9374872440944877
11
-3.8565268503937009
21
5.9391327559055114
0
LINE
8
BLACK
6
CONTINUOUS
10
-3.8565268503937009
20
5.9391327559055114
11
-3.8553632677165353
21
5.9402963385826775
0
LINE
8
BLACK
6
CONTINUOUS
10
-3.8553632677165353
20
5.9402963385826775
11
-3.8545405118110234
21
5.9404599999999999
0
LINE
8
BLACK
6
CONTINUOUS
10
-3.8545405118110234
20
5.9404599999999999
11
-3.8451595669291336
21
5.9404599999999999
0
LINE
8
BLACK
6
CONTINUOUS
10
-3.8451595669291336
20
5.9404599999999999
11
-3.8446451968503936
21
5.9403576771653546
0
LINE
8
BLACK
6
CONTINUOUS
10
-3.824636811023622
20
5.9402963385826775
11
-3.8234732283464568
21
5.9391327559055114
0
LINE
8
BLACK
6
CONTINUOUS
10
-3.8234732283464568
20
5.9391327559055114
11
-3.8233095669291339
21
5.9383099999999995
0
LINE
8
BLACK
6
CONTINUOUS
10
-3.8233095669291339
20
5.9383099999999995
11
-3.8233095669291339
21
5.9186100000000001
0
LINE
8
BLACK
6
CONTINUOUS
10
-3.8233095669291339
20
5.9186100000000001
11
-3.8234732283464568
21
5.9177872440944883
0
LINE
8
BLACK
6
CONTINUOUS
10
-3.8234732283464568
20
5.9177872440944883
11
-3.824636811023622
21
5.9166236614173231
0
LINE
8
BLACK
6
CONTINUOUS
10
-3.824636811023622
20
5.9166236614173231
11
-3.8262823228346456
21
5.9166236614173231
0
LINE
8
BLACK
6
CONTINUOUS
10
-3.8262823228346456
20
5.9166236614173231
11
-3.8274459055118109
21
5.9177872440944883
0
LINE
8
BLACK
6
CONTINUOUS
10
-3.8274459055118109
20
5.9177872440944883
11
-3.8276095669291337
21
5.9186100000000001
0
LINE
8
BLACK
6
CONTINUOUS
10
-3.8276095669291337
20
5.9186100000000001
11
-3.8276095669291337
21
5.9258409448818901
0
LINE
8
BLACK
6
CONTINUOUS
10
-3.8276095669291337
20
5.9258409448818901
11
-3.82903062992126
21
5.9258409448818901
0
LINE
8
BLACK
6
CONTINUOUS
10
-3.82903062992126
20
5.9258409448818901
11
-3.8349553543307087
21
5.9173770472440941
0
LINE
8
BLACK
6
CONTINUOUS
10
-3.8349553543307087
20
5.9173770472440941
11
-3.835561220472441
21
5.9167968897637797
0
LINE
8
BLACK
6
CONTINUOUS
10
-3.835561220472441
20
5.9167968897637797
11
-3.837181771653543
21
5.916510905511811
0
LINE
8
BLACK
6
CONTINUOUS
10
-3.837181771653543
20
5.916510905511811
11
-3.8385298031496062
21
5.9174545275590553
0
LINE
8
BLACK
6
CONTINUOUS
10
-3.8385298031496062
20
5.9174545275590553
11
-3.8388157874015749
21
5.9190750787401569
0
LINE
8
BLACK
6
CONTINUOUS
10
-3.8388157874015749
20
5.9190750787401569
11
-3.8384780314960629
21
5.9198429527559053
0
LINE
8
BLACK
6
CONTINUOUS
10
-3.8384780314960629
20
5.9198429527559053
11
-3.8340700787401576
21
5.9261400393700789
0
LINE
8
BLACK
6
CONTINUOUS
10
-3.8340700787401576
20
5.9261400393700789
11
-3.8358020472440946
21
5.9270060629921257
0
LINE
8
BLACK
6
CONTINUOUS
10
-3.8358020472440946
20
5.9270060629921257
11
-3.8360742519685038
21
5.9272172834645671
0
LINE
8
BLACK
6
CONTINUOUS
10
-3.8360742519685038
20
5.9272172834645671
11
-3.8363607874015746
21
5.9274087795275587
0
LINE
8
BLACK
6
CONTINUOUS
10
-3.8363607874015746
20
5.9274087795275587
11
-3.8372988582677166
21
5.9283468503937007
0
LINE
8
BLACK
6
CONTINUOUS
10
-3.8372988582677166
20
5.9283468503937007
11
-3.8374903149606299
21
5.9286333464566932
0
LINE
8
BLACK
6
CONTINUOUS
10
-3.8374903149606299
20
5.9286333464566932
11
-3.8377016141732283
21
5.9289056299212595
0
LINE
8
BLACK
6
CONTINUOUS
10
-3.8377016141732283
20
5.9289056299212595
11
-3.8386397244094486
21
5.9307818503937009
0
LINE
8
BLACK
6
CONTINUOUS
10
-3.8386397244094486
20
5.9307818503937009
11
-3.8386681889763778
21
5.9308857086614175
0
LINE
8
BLACK
6
CONTINUOUS
10
-3.8386681889763778
20
5.9308857086614175
11
-3.8387030314960628
21
5.9309205905511808
0
LINE
8
BLACK
6
CONTINUOUS
10
-3.8387030314960628
20
5.9309205905511808
11
-3.8387702755905511
21
5.9312585826771649
0
LINE
8
BLACK
6
CONTINUOUS
10
-3.8387702755905511
20
5.9312585826771649
11
-3.8388612598425196
21
5.9315909055118112
0
LINE
8
BLACK
6
CONTINUOUS
10
-3.8388612598425196
20
5.9315909055118112
11
-3.8388457086614172
21
5.9316376377952755
0
LINE
8
BLACK
6
CONTINUOUS
10
-3.8388457086614172
20
5.9316376377952755
11
-3.8388666929133857
21
5.9317433464566927
0
LINE
8
BLACK
6
CONTINUOUS
10
-3.8388666929133857
20
5.9317433464566927
11
-3.8388666929133857
21
5.9345575984251964
0
LINE
8
BLACK
6
CONTINUOUS
10
-3.8388666929133857
20
5.9345575984251964
11
-3.8388457086614172
21
5.9346632677165356
0
LINE
8
BLACK
6
CONTINUOUS
10
-3.8388457086614172
20
5.9346632677165356
11
-3.8388612598425196
21
5.9347100393700787
0
LINE
8
BLACK
6
CONTINUOUS
10
-3.8388612598425196
20
5.9347100393700787
11
-3.8387702755905511
21
5.9350423228346454
0
LINE
8
BLACK
6
CONTINUOUS
10
-3.8387702755905511
20
5.9350423228346454
11
-3.8387030314960628
21
5.9353803543307082
0
LINE
8
BLACK
6
CONTINUOUS
10
-3.8387030314960628
20
5.9353803543307082
11
-3.8386681889763778
21
5.9354151968503936
0
LINE
8
BLACK
6
CONTINUOUS
10
-3.8386681889763778
20
5.9354151968503936
11
-3.8386397244094486
21
5.935519094488189
0
LINE
8
BLACK
6
CONTINUOUS
10
-3.8386397244094486
20
5.935519094488189
11
-3.8377016141732283
21
5.9373953149606296
0
LINE
8
BLACK
6
CONTINUOUS
10
-3.8377016141732283
20
5.9373953149606296
11
-3.8374903149606299
21
5.937667559055118
0
LINE
8
BLACK
6
CONTINUOUS
10
-3.8374903149606299
20
5.937667559055118
11
-3.8372988582677166
21
5.9379540944881892
0
LINE
8
BLACK
6
CONTINUOUS
10
-3.8372988582677166
20
5.9379540944881892
11
-3.8363607874015746
21
5.9388921653543303
0
LINE
8
BLACK
6
CONTINUOUS
10
-3.8363607874015746
20
5.9388921653543303
11
-3.8360742519685038
21
5.939083622047244
0
LINE
8
BLACK
6
CONTINUOUS
10
-3.8360742519685038
20
5.939083622047244
11
-3.8358020472440946
21
5.9392948818897633
0
LINE
8
BLACK
6
CONTINUOUS
10
-3.8358020472440946
20
5.9392948818897633
11
-3.8339258661417324
21
5.940232992125984
0
LINE
8
BLACK
6
CONTINUOUS
10
-3.8339258661417324
20
5.940232992125984
11
-3.8338220078740157
21
5.9402614173228345
0
LINE
8
BLACK
6
CONTINUOUS
10
-3.8338220078740157
20
5.9402614173228345
11
-3.8337870866141732
21
5.9402963385826775
0
LINE
8
BLACK
6
CONTINUOUS
10
-3.8337870866141732
20
5.9402963385826775
11
-3.8334489370078741
21
5.9403635826771648
0
LINE
8
BLACK
6
CONTINUOUS
10
-3.8334489370078741
20
5.9403635826771648
11
-3.8331167716535433
21
5.9404545669291338
0
LINE
8
BLACK
6
CONTINUOUS
10
-3.8331167716535433
20
5.9404545669291338
11
-3.8330700393700785
21
5.940438976377953
0
LINE
8
BLACK
6
CONTINUOUS
10
-3.8330700393700785
20
5.940438976377953
11
-3.8329643307086614
21
5.9404599999999999
0
LINE
8
BLACK
6
CONTINUOUS
10
-3.8329643307086614
20
5.9404599999999999
11
-3.8254595669291338
21
5.9404599999999999
0
LINE
8
BLACK
6
CONTINUOUS
10
-3.8254595669291338
20
5.9404599999999999
11
-3.824636811023622
21
5.9402963385826775
0
LINE
8
BLACK
6
CONTINUOUS
10
-3.8335669685039369
20
5.9356048818897635
11
-3.8340115748031494
21
5.935160275590551
0
LINE
8
BLACK
6
CONTINUOUS
10
-3.8340115748031494
20
5.935160275590551
11
-3.8345666929133859
21
5.9340500393700788
0
LINE
8
BLACK
6
CONTINUOUS
10
-3.8345666929133859
20
5.9340500393700788
11
-3.8345666929133859
21
5.9322509055118111
0
LINE
8
BLACK
6
CONTINUOUS
10
-3.8345666929133859
20
5.9322509055118111
11
-3.8340115748031494
21
5.9311406692913389
0
LINE
8
BLACK
6
CONTINUOUS
10
-3.8340115748031494
20
5.9311406692913389
11
-3.8335669685039369
21
5.9306960236220467
0
LINE
8
BLACK
6
CONTINUOUS
10
-3.8335669685039369
20
5.9306960236220467
11
-3.8324567322834646
21
5.9301409448818898
0
LINE
8
BLACK
6
CONTINUOUS
10
-3.8324567322834646
20
5.9301409448818898
11
-3.8276095669291337
21
5.9301409448818898
0
LINE
8
BLACK
6
CONTINUOUS
10
-3.8276095669291337
20
5.9301409448818898
11
-3.8276095669291337
21
5.9361600000000001
0
LINE
8
BLACK
6
CONTINUOUS
10
-3.8276095669291337
20
5.9361600000000001
11
-3.8324567322834646
21
5.9361600000000001
0
LINE
8
BLACK
6
CONTINUOUS
10
-3.8324567322834646
20
5.9361600000000001
11
-3.8335669685039369
21
5.9356048818897635
0
LINE
8
BLACK
6
CONTINUOUS
10
-3.708356377952756
20
5.9350818897637794
11
-3.708093346456693
21
5.9350690944881892
0
LINE
8
BLACK
6
CONTINUOUS
10
-3.708093346456693
20
5.9350690944881892
11
-3.7043409448818898
21
5.9341310236220473
0
LINE
8
BLACK
6
CONTINUOUS
10
-3.7043409448818898
20
5.9341310236220473
11
-3.7041279921259842
21
5.9340303937007874
0
LINE
8
BLACK
6
CONTINUOUS
10
-3.7041279921259842
20
5.9340303937007874
11
-3.7039009055118108
21
5.9339682283464565
0
LINE
8
BLACK
6
CONTINUOUS
10
-3.7039009055118108
20
5.9339682283464565
11
-3.7020247244094486
21
5.9330301574803146
0
LINE
8
BLACK
6
CONTINUOUS
10
-3.7020247244094486
20
5.9330301574803146
11
-3.7017524803149606
21
5.9328188188976378
0
LINE
8
BLACK
6
CONTINUOUS
10
-3.7017524803149606
20
5.9328188188976378
11
-3.7014659448818898
21
5.9326274015748028
0
LINE
8
BLACK
6
CONTINUOUS
10
-3.7014659448818898
20
5.9326274015748028
11
-3.7005278346456691
21
5.9316892913385821
0
LINE
8
BLACK
6
CONTINUOUS
10
-3.7005278346456691
20
5.9316892913385821
11
-3.7003364960629921
21
5.9314028740157481
0
LINE
8
BLACK
6
CONTINUOUS
10
-3.7003364960629921
20
5.9314028740157481
11
-3.7001250787401574
21
5.9311305118110234
0
LINE
8
BLACK
6
CONTINUOUS
10
-3.7001250787401574
20
5.9311305118110234
11
-3.6991870078740154
21
5.9292543307086616
0
LINE
8
BLACK
6
CONTINUOUS
10
-3.6991870078740154
20
5.9292543307086616
11
-3.6991585826771654
21
5.9291504330708662
0
LINE
8
BLACK
6
CONTINUOUS
10
-3.6991585826771654
20
5.9291504330708662
11
-3.6991237007874016
21
5.9291155905511808
0
LINE
8
BLACK
6
CONTINUOUS
10
-3.6991237007874016
20
5.9291155905511808
11
-3.6990565354330709
21
5.9287777952755905
0
LINE
8
BLACK
6
CONTINUOUS
10
-3.6990565354330709
20
5.9287777952755905
11
-3.6989654330708661
21
5.9284452362204725
0
LINE
8
BLACK
6
CONTINUOUS
10
-3.6989654330708661
20
5.9284452362204725
11
-3.698981062992126
21
5.9283983858267719
0
LINE
8
BLACK
6
CONTINUOUS
10
-3.698981062992126
20
5.9283983858267719
11
-3.6989600393700788
21
5.9282928346456689
0
LINE
8
BLACK
6
CONTINUOUS
10
-3.6989600393700788
20
5.9282928346456689
11
-3.6989600393700788
21
5.9264166535433072
0
LINE
8
BLACK
6
CONTINUOUS
10
-3.6989600393700788
20
5.9264166535433072
11
-3.698981062992126
21
5.9263110629921263
0
LINE
8
BLACK
6
CONTINUOUS
10
-3.698981062992126
20
5.9263110629921263
11
-3.6989654330708661
21
5.9262642913385823
0
LINE
8
BLACK
6
CONTINUOUS
10
-3.6989654330708661
20
5.9262642913385823
11
-3.6990564960629921
21
5.9259318110236219
0
LINE
8
BLACK
6
CONTINUOUS
10
-3.6990564960629921
20
5.9259318110236219
11
-3.6991237007874016
21
5.9255938976377953
0
LINE
8
BLACK
6
CONTINUOUS
10
-3.6991237007874016
20
5.9255938976377953
11
-3.6991585826771654
21
5.9255590157480311
0
LINE
8
BLACK
6
CONTINUOUS
10
-3.6991585826771654
20
5.9255590157480311
11
-3.6991870078740154
21
5.9254551968503932
0
LINE
8
BLACK
6
CONTINUOUS
10
-3.6991870078740154
20
5.9254551968503932
11
-3.7001250787401574
21
5.923578937007874
0
LINE
8
BLACK
6
CONTINUOUS
10
-3.7001250787401574
20
5.923578937007874
11
-3.7003364173228346
21
5.9233066535433068
0
LINE
8
BLACK
6
CONTINUOUS
10
-3.7003364173228346
20
5.9233066535433068
11
-3.7005278740157479
21
5.9230201181102364
0
LINE
8
BLACK
6
CONTINUOUS
10
-3.7005278740157479
20
5.9230201181102364
11
-3.7014659842519686
21
5.9220820472440945
0
LINE
8
BLACK
6
CONTINUOUS
10
-3.7014659842519686
20
5.9220820472440945
11
-3.7017523228346456
21
5.9218907480314957
0
LINE
8
BLACK
6
CONTINUOUS
10
-3.7017523228346456
20
5.9218907480314957
11
-3.7020246850393699
21
5.9216793307086615
0
LINE
8
BLACK
6
CONTINUOUS
10
-3.7020246850393699
20
5.9216793307086615
11
-3.7039008661417321
21
5.9207412598425195
0
LINE
8
BLACK
6
CONTINUOUS
10
-3.7039008661417321
20
5.9207412598425195
11
-3.7041279527559055
21
5.9206790551181099
0
LINE
8
BLACK
6
CONTINUOUS
10
-3.7041279527559055
20
5.9206790551181099
11
-3.7043409842519686
21
5.9205784251968501
0
LINE
8
BLACK
6
CONTINUOUS
10
-3.7043409842519686
20
5.9205784251968501
11
-3.7080933858267717
21
5.9196403543307081
0
LINE
8
BLACK
6
CONTINUOUS
10
-3.7080933858267717
20
5.9196403543307081
11
-3.708356535433071
21
5.9196275196850392
0
LINE
8
BLACK
6
CONTINUOUS
10
-3.708356535433071
20
5.9196275196850392
11
-3.7086148031496062
21
5.9195761811023617
0
LINE
8
BLACK
6
CONTINUOUS
10
-3.7086148031496062
20
5.9195761811023617
11
-3.7133052755905509
21
5.9195761811023617
0
LINE
8
BLACK
6
CONTINUOUS
10
-3.7133052755905509
20
5.9195761811023617
11
-3.7135635433070866
21
5.9196275196850392
0
LINE
8
BLACK
6
CONTINUOUS
10
-3.7135635433070866
20
5.9196275196850392
11
-3.7138267322834646
21
5.9196403543307081
0
LINE
8
BLACK
6
CONTINUOUS
10
-3.7138267322834646
20
5.9196403543307081
11
-3.717579094488189
21
5.9205784251968501
0
LINE
8
BLACK
6
CONTINUOUS
10
-3.717579094488189
20
5.9205784251968501
11
-3.7177920866141729
21
5.9206790157480311
0
LINE
8
BLACK
6
CONTINUOUS
10
-3.7177920866141729
20
5.9206790157480311
11
-3.7180191338582675
21
5.9207412204724408
0
LINE
8
BLACK
6
CONTINUOUS
10
-3.7180191338582675
20
5.9207412204724408
11
-3.7198953543307085
21
5.9216793307086615
0
LINE
8
BLACK
6
CONTINUOUS
10
-3.7198953543307085
20
5.9216793307086615
11
-3.7201677952755903
21
5.9218907480314957
0
LINE
8
BLACK
6
CONTINUOUS
10
-3.7201677952755903
20
5.9218907480314957
11
-3.7204541338582677
21
5.9220820866141732
0
LINE
8
BLACK
6
CONTINUOUS
10
-3.7204541338582677
20
5.9220820866141732
11
-3.7213922047244092
21
5.9230201574803152
0
LINE
8
BLACK
6
CONTINUOUS
10
-3.7213922047244092
20
5.9230201574803152
11
-3.7215836614173226
21
5.9233066535433068
0
LINE
8
BLACK
6
CONTINUOUS
10
-3.7215836614173226
20
5.9233066535433068
11
-3.721794960629921
21
5.923578937007874
0
LINE
8
BLACK
6
CONTINUOUS
10
-3.721794960629921
20
5.923578937007874
11
-3.7227330708661417
21
5.9254551574803145
0
LINE
8
BLACK
6
CONTINUOUS
10
-3.7227330708661417
20
5.9254551574803145
11
-3.722761535433071
21
5.9255590157480311
0
LINE
8
BLACK
6
CONTINUOUS
10
-3.722761535433071
20
5.9255590157480311
11
-3.722796377952756
21
5.9255938976377953
0
LINE
8
BLACK
6
CONTINUOUS
10
-3.722796377952756
20
5.9255938976377953
11
-3.7228636220472442
21
5.9259318897637794
0
LINE
8
BLACK
6
CONTINUOUS
10
-3.7228636220472442
20
5.9259318897637794
11
-3.7229546062992127
21
5.9262642125984248
0
LINE
8
BLACK
6
CONTINUOUS
10
-3.7229546062992127
20
5.9262642125984248
11
-3.7229390551181103
21
5.92631094488189
0
LINE
8
BLACK
6
CONTINUOUS
10
-3.7229390551181103
20
5.92631094488189
11
-3.7229600393700788
21
5.9264166535433072
0
LINE
8
BLACK
6
CONTINUOUS
10
-3.7229600393700788
20
5.9264166535433072
11
-3.7229600393700788
21
5.9282928346456689
0
LINE
8
BLACK
6
CONTINUOUS
10
-3.7229600393700788
20
5.9282928346456689
11
-3.7229390551181103
21
5.9283985039370082
0
LINE
8
BLACK
6
CONTINUOUS
10
-3.7229390551181103
20
5.9283985039370082
11
-3.7229546062992127
21
5.9284452755905512
0
LINE
8
BLACK
6
CONTINUOUS
10
-3.7229546062992127
20
5.9284452755905512
11
-3.7228636614173229
21
5.9287774015748029
0
LINE
8
BLACK
6
CONTINUOUS
10
-3.7228636614173229
20
5.9287774015748029
11
-3.722796377952756
21
5.9291155905511808
0
LINE
8
BLACK
6
CONTINUOUS
10
-3.722796377952756
20
5.9291155905511808
11
-3.7227614960629922
21
5.929150472440945
0
LINE
8
BLACK
6
CONTINUOUS
10
-3.7227614960629922
20
5.929150472440945
11
-3.7227330314960629
21
5.9292543700787403
0
LINE
8
BLACK
6
CONTINUOUS
10
-3.7227330314960629
20
5.9292543700787403
11
-3.721794960629921
21
5.9311305511811021
0
LINE
8
BLACK
6
CONTINUOUS
10
-3.721794960629921
20
5.9311305511811021
11
-3.7215835433070867
21
5.9314029133858268
0
LINE
8
BLACK
6
CONTINUOUS
10
-3.7215835433070867
20
5.9314029133858268
11
-3.721392244094488
21
5.9316892519685034
0
LINE
8
BLACK
6
CONTINUOUS
10
-3.721392244094488
20
5.9316892519685034
11
-3.7204541732283465
21
5.9326273622047241
0
LINE
8
BLACK
6
CONTINUOUS
10
-3.7204541732283465
20
5.9326273622047241
11
-3.7201676377952757
21
5.9328188188976378
0
LINE
8
BLACK
6
CONTINUOUS
10
-3.7201676377952757
20
5.9328188188976378
11
-3.7198953543307085
21
5.9330301574803146
0
LINE
8
BLACK
6
CONTINUOUS
10
-3.7198953543307085
20
5.9330301574803146
11
-3.7180190944881888
21
5.9339682283464565
0
LINE
8
BLACK
6
CONTINUOUS
10
-3.7180190944881888
20
5.9339682283464565
11
-3.7177919685039371
21
5.9340303937007874
0
LINE
8
BLACK
6
CONTINUOUS
10
-3.7177919685039371
20
5.9340303937007874
11
-3.717579094488189
21
5.9341309842519685
0
LINE
8
BLACK
6
CONTINUOUS
10
-3.717579094488189
20
5.9341309842519685
11
-3.7138267716535434
21
5.9350690944881892
0
LINE
8
BLACK
6
CONTINUOUS
10
-3.7138267716535434
20
5.9350690944881892
11
-3.7135637401574804
21
5.9350818897637794
0
LINE
8
BLACK
6
CONTINUOUS
10
-3.7135637401574804
20
5.9350818897637794
11
-3.7133052755905509
21
5.9351333070866144
0
LINE
8
BLACK
6
CONTINUOUS
10
-3.7133052755905509
20
5.9351333070866144
11
-3.7086148031496062
21
5.9351333070866144
0
LINE
8
BLACK
6
CONTINUOUS
10
-3.7086148031496062
20
5.9351333070866144
11
-3.708356377952756
21
5.9350818897637794
0
LINE
8
BLACK
6
CONTINUOUS
10
-3.7163071653543307
20
5.9300166535433068
11
-3.71766031496063
21
5.9293400787401573
0
LINE
8
BLACK
6
CONTINUOUS
10
-3.71766031496063
20
5.9293400787401573
11
-3.7181049606299212
21
5.9288954330708661
0
LINE
8
BLACK
6
CONTINUOUS
10
-3.7181049606299212
20
5.9288954330708661
11
-3.7186600393700786
21
5.9277852755905514
0
LINE
8
BLACK
6
CONTINUOUS
10
-3.7186600393700786
20
5.9277852755905514
11
-3.7186600393700786
21
5.9269242125984247
0
LINE
8
BLACK
6
CONTINUOUS
10
-3.7186600393700786
20
5.9269242125984247
11
-3.7181049212598425
21
5.9258139763779525
0
LINE
8
BLACK
6
CONTINUOUS
10
-3.7181049212598425
20
5.9258139763779525
11
-3.71766031496063
21
5.92536937007874
0
LINE
8
BLACK
6
CONTINUOUS
10
-3.71766031496063
20
5.92536937007874
11
-3.7163073228346457
21
5.9246928346456693
0
LINE
8
BLACK
6
CONTINUOUS
10
-3.7163073228346457
20
5.9246928346456693
11
-3.7130405511811024
21
5.9238761811023624
0
LINE
8
BLACK
6
CONTINUOUS
10
-3.7130405511811024
20
5.9238761811023624
11
-3.7088795275590551
21
5.9238761811023624
0
LINE
8
BLACK
6
CONTINUOUS
10
-3.7088795275590551
20
5.9238761811023624
11
-3.7056127165354331
21
5.9246928740157481
0
LINE
8
BLACK
6
CONTINUOUS
10
-3.7056127165354331
20
5.9246928740157481
11
-3.7042598031496063
21
5.9253693307086612
0
LINE
8
BLACK
6
CONTINUOUS
10
-3.7042598031496063
20
5.9253693307086612
11
-3.7038151574803151
21
5.9258139763779525
0
LINE
8
BLACK
6
CONTINUOUS
10
-3.7038151574803151
20
5.9258139763779525
11
-3.7032600393700785
21
5.926924173228346
0
LINE
8
BLACK
6
CONTINUOUS
10
-3.7032600393700785
20
5.926924173228346
11
-3.7032600393700785
21
5.9277852755905514
0
LINE
8
BLACK
6
CONTINUOUS
10
-3.7032600393700785
20
5.9277852755905514
11
-3.7038151574803151
21
5.9288954724409448
0
LINE
8
BLACK
6
CONTINUOUS
10
-3.7038151574803151
20
5.9288954724409448
11
-3.7042597637795276
21
5.9293400787401573
0
LINE
8
BLACK
6
CONTINUOUS
10
-3.7042597637795276
20
5.9293400787401573
11
-3.7056129133858269
21
5.9300166535433068
0
LINE
8
BLACK
6
CONTINUOUS
10
-3.7056129133858269
20
5.9300166535433068
11
-3.7088794094488189
21
5.9308333070866137
0
LINE
8
BLACK
6
CONTINUOUS
10
-3.7088794094488189
20
5.9308333070866137
11
-3.7130405118110237
21
5.9308333070866137
0
LINE
8
BLACK
6
CONTINUOUS
10
-3.7130405118110237
20
5.9308333070866137
11
-3.7163071653543307
21
5.9300166535433068
0
LINE
8
BLACK
6
CONTINUOUS
10
-3.691138779527559
20
5.9807787007874014
11
-3.6892212992125986
21
5.9788612204724405
0
LINE
8
BLACK
6
CONTINUOUS
10
-3.6892212992125986
20
5.9788612204724405
11
-3.6881835433070864
21
5.9763558661417324
0
LINE
8
BLACK
6
CONTINUOUS
10
-3.6881835433070864
20
5.9763558661417324
11
-3.6881835433070864
21
5.9736441338582678
0
LINE
8
BLACK
6
CONTINUOUS
10
-3.6881835433070864
20
5.9736441338582678
11
-3.6892212992125986
21
5.9711387795275588
0
LINE
8
BLACK
6
CONTINUOUS
10
-3.6892212992125986
20
5.9711387795275588
11
-3.691138779527559
21
5.9692212992125979
0
LINE
8
BLACK
6
CONTINUOUS
10
-3.691138779527559
20
5.9692212992125979
11
-3.6930499999999999
21
5.9684296062992122
0
LINE
8
BLACK
6
CONTINUOUS
10
-3.6930499999999999
20
5.9684296062992122
11
-3.6930499999999999
21
5.9299999999999997
0
LINE
8
BLACK
6
CONTINUOUS
10
-3.6930499999999999
20
5.9299999999999997
11
-3.6931984251968504
21
5.9292537795275591
0
LINE
8
BLACK
6
CONTINUOUS
10
-3.6931984251968504
20
5.9292537795275591
11
-3.6942537795275592
21
5.9281984251968503
0
LINE
8
BLACK
6
CONTINUOUS
10
-3.6942537795275592
20
5.9281984251968503
11
-3.6957462204724409
21
5.9281984251968503
0
LINE
8
BLACK
6
CONTINUOUS
10
-3.6957462204724409
20
5.9281984251968503
11
-3.6968015748031493
21
5.9292537795275591
0
LINE
8
BLACK
6
CONTINUOUS
10
-3.6968015748031493
20
5.9292537795275591
11
-3.6969499999999997
21
5.9299999999999997
0
LINE
8
BLACK
6
CONTINUOUS
10
-3.6969499999999997
20
5.9299999999999997
11
-3.6969499999999997
21
5.9680499999999999
0
LINE
8
BLACK
6
CONTINUOUS
10
-3.6969499999999997
20
5.9680499999999999
11
-3.75305
21
5.9680499999999999
0
LINE
8
BLACK
6
CONTINUOUS
10
-3.75305
20
5.9680499999999999
11
-3.75305
21
5.9299999999999997
0
LINE
8
BLACK
6
CONTINUOUS
10
-3.75305
20
5.9299999999999997
11
-3.7531984251968504
21
5.9292537795275591
0
LINE
8
BLACK
6
CONTINUOUS
10
-3.7531984251968504
20
5.9292537795275591
11
-3.7542537795275588
21
5.9281984251968503
0
LINE
8
BLACK
6
CONTINUOUS
10
-3.7542537795275588
20
5.9281984251968503
11
-3.755746220472441
21
5.9281984251968503
0
LINE
8
BLACK
6
CONTINUOUS
10
-3.755746220472441
20
5.9281984251968503
11
-3.7568015748031494
21
5.9292537795275591
0
LINE
8
BLACK
6
CONTINUOUS
10
-3.7568015748031494
20
5.9292537795275591
11
-3.7569499999999998
21
5.9299999999999997
0
LINE
8
BLACK
6
CONTINUOUS
10
-3.7569499999999998
20
5.9299999999999997
11
-3.7569499999999998
21
5.9699999999999998
0
LINE
8
BLACK
6
CONTINUOUS
10
-3.7569499999999998
20
5.9699999999999998
11
-3.7568015748031494
21
5.9707462204724404
0
LINE
8
BLACK
6
CONTINUOUS
10
-3.7568015748031494
20
5.9707462204724404
11
-3.755746220472441
21
5.9718015748031492
0
LINE
8
BLACK
6
CONTINUOUS
10
-3.755746220472441
20
5.9718015748031492
11
-3.7549999999999999
21
5.9719499999999996
0
LINE
8
BLACK
6
CONTINUOUS
10
-3.7549999999999999
20
5.9719499999999996
11
-3.7011147244094489
21
5.9719499999999996
0
LINE
8
BLACK
6
CONTINUOUS
10
-3.7011147244094489
20
5.9719499999999996
11
-3.7018164566929133
21
5.9736441338582678
0
LINE
8
BLACK
6
CONTINUOUS
10
-3.7018164566929133
20
5.9736441338582678
11
-3.7018164566929133
21
5.9756066929133853
0
LINE
8
BLACK
6
CONTINUOUS
10
-3.7018164566929133
20
5.9756066929133853
11
-3.7018164566929133
21
5.9763558661417324
0
LINE
8
BLACK
6
CONTINUOUS
10
-3.7018164566929133
20
5.9763558661417324
11
-3.7007787007874016
21
5.9788612204724405
0
LINE
8
BLACK
6
CONTINUOUS
10
-3.7007787007874016
20
5.9788612204724405
11
-3.6988612204724407
21
5.9807787007874014
0
LINE
8
BLACK
6
CONTINUOUS
10
-3.6988612204724407
20
5.9807787007874014
11
-3.6963558661417322
21
5.9818164566929131
0
LINE
8
BLACK
6
CONTINUOUS
10
-3.6963558661417322
20
5.9818164566929131
11
-3.6936441338582675
21
5.9818164566929131
0
LINE
8
BLACK
6
CONTINUOUS
10
-3.6936441338582675
20
5.9818164566929131
11
-3.691138779527559
21
5.9807787007874014
0
LINE
8
BLACK
6
CONTINUOUS
10
-3.6980499999999998
20
5.974393307086614
11
-3.6975856692913385
21
5.9732723228346458
0
LINE
8
BLACK
6
CONTINUOUS
10
-3.6975856692913385
20
5.9732723228346458
11
-3.6967276771653541
21
5.972414330708661
0
LINE
8
BLACK
6
CONTINUOUS
10
-3.6967276771653541
20
5.972414330708661
11
-3.6956066929133859
21
5.9719499999999996
0
LINE
8
BLACK
6
CONTINUOUS
10
-3.6956066929133859
20
5.9719499999999996
11
-3.6943933070866142
21
5.9719499999999996
0
LINE
8
BLACK
6
CONTINUOUS
10
-3.6943933070866142
20
5.9719499999999996
11
-3.6932723228346456
21
5.972414330708661
0
LINE
8
BLACK
6
CONTINUOUS
10
-3.6932723228346456
20
5.972414330708661
11
-3.6924143307086612
21
5.9732723228346458
0
LINE
8
BLACK
6
CONTINUOUS
10
-3.6924143307086612
20
5.9732723228346458
11
-3.6919499999999998
21
5.974393307086614
0
LINE
8
BLACK
6
CONTINUOUS
10
-3.6919499999999998
20
5.974393307086614
11
-3.6919499999999998
21
5.9756066929133853
0
LINE
8
BLACK
6
CONTINUOUS
10
-3.6919499999999998
20
5.9756066929133853
11
-3.6924143307086612
21
5.9767276771653544
0
LINE
8
BLACK
6
CONTINUOUS
10
-3.6924143307086612
20
5.9767276771653544
11
-3.6932723228346456
21
5.9775856692913383
0
LINE
8
BLACK
6
CONTINUOUS
10
-3.6932723228346456
20
5.9775856692913383
11
-3.6943933070866142
21
5.9780499999999996
0
LINE
8
BLACK
6
CONTINUOUS
10
-3.6943933070866142
20
5.9780499999999996
11
-3.6956066929133859
21
5.9780499999999996
0
LINE
8
BLACK
6
CONTINUOUS
10
-3.6956066929133859
20
5.9780499999999996
11
-3.6967276771653541
21
5.9775856692913383
0
LINE
8
BLACK
6
CONTINUOUS
10
-3.6967276771653541
20
5.9775856692913383
11
-3.6975856692913385
21
5.9767276771653544
0
LINE
8
BLACK
6
CONTINUOUS
10
-3.6975856692913385
20
5.9767276771653544
11
-3.6980499999999998
21
5.9756066929133853
0
LINE
8
BLACK
6
CONTINUOUS
10
-3.6980499999999998
20
5.9756066929133853
11
-3.6980499999999998
21
5.974393307086614
0
LINE
8
BLACK
6
CONTINUOUS
10
-3.5811387795275591
20
5.9807787007874014
11
-3.5792212992125982
21
5.9788612204724405
0
LINE
8
BLACK
6
CONTINUOUS
10
-3.5792212992125982
20
5.9788612204724405
11
-3.5781835433070865
21
5.9763558661417324
0
LINE
8
BLACK
6
CONTINUOUS
10
-3.5781835433070865
20
5.9763558661417324
11
-3.5781835433070865
21
5.9736441338582678
0
LINE
8
BLACK
6
CONTINUOUS
10
-3.5781835433070865
20
5.9736441338582678
11
-3.5792212992125982
21
5.9711387795275588
0
LINE
8
BLACK
6
CONTINUOUS
10
-3.5792212992125982
20
5.9711387795275588
11
-3.5811387795275591
21
5.9692212992125979
0
LINE
8
BLACK
6
CONTINUOUS
10
-3.5811387795275591
20
5.9692212992125979
11
-3.5830500000000001
21
5.9684296062992122
0
LINE
8
BLACK
6
CONTINUOUS
10
-3.5830500000000001
20
5.9684296062992122
11
-3.5830500000000001
21
5.9299999999999997
0
LINE
8
BLACK
6
CONTINUOUS
10
-3.5830500000000001
20
5.9299999999999997
11
-3.5831984251968505
21
5.9292537795275591
0
LINE
8
BLACK
6
CONTINUOUS
10
-3.5831984251968505
20
5.9292537795275591
11
-3.5842537795275589
21
5.9281984251968503
0
LINE
8
BLACK
6
CONTINUOUS
10
-3.5842537795275589
20
5.9281984251968503
11
-3.5857462204724411
21
5.9281984251968503
0
LINE
8
BLACK
6
CONTINUOUS
10
-3.5857462204724411
20
5.9281984251968503
11
-3.5868015748031494
21
5.9292537795275591
0
LINE
8
BLACK
6
CONTINUOUS
10
-3.5868015748031494
20
5.9292537795275591
11
-3.5869499999999999
21
5.9299999999999997
0
LINE
8
BLACK
6
CONTINUOUS
10
-3.5869499999999999
20
5.9299999999999997
11
-3.5869499999999999
21
5.9680499999999999
0
LINE
8
BLACK
6
CONTINUOUS
10
-3.5869499999999999
20
5.9680499999999999
11
-3.6430500000000001
21
5.9680499999999999
0
LINE
8
BLACK
6
CONTINUOUS
10
-3.6430500000000001
20
5.9680499999999999
11
-3.6430500000000001
21
5.9299999999999997
0
LINE
8
BLACK
6
CONTINUOUS
10
-3.6430500000000001
20
5.9299999999999997
11
-3.6431984251968501
21
5.9292537795275591
0
LINE
8
BLACK
6
CONTINUOUS
10
-3.6431984251968501
20
5.9292537795275591
11
-3.6442537795275589
21
5.9281984251968503
0
LINE
8
BLACK
6
CONTINUOUS
10
-3.6442537795275589
20
5.9281984251968503
11
-3.6457462204724407
21
5.9281984251968503
0
LINE
8
BLACK
6
CONTINUOUS
10
-3.6457462204724407
20
5.9281984251968503
11
-3.6468015748031495
21
5.9292537795275591
0
LINE
8
BLACK
6
CONTINUOUS
10
-3.6468015748031495
20
5.9292537795275591
11
-3.6469499999999999
21
5.9299999999999997
0
LINE
8
BLACK
6
CONTINUOUS
10
-3.6469499999999999
20
5.9299999999999997
11
-3.6469499999999999
21
5.9699999999999998
0
LINE
8
BLACK
6
CONTINUOUS
10
-3.6469499999999999
20
5.9699999999999998
11
-3.6468015748031495
21
5.9707462204724404
0
LINE
8
BLACK
6
CONTINUOUS
10
-3.6468015748031495
20
5.9707462204724404
11
-3.6457462204724407
21
5.9718015748031492
0
LINE
8
BLACK
6
CONTINUOUS
10
-3.6457462204724407
20
5.9718015748031492
11
-3.645
21
5.9719499999999996
0
LINE
8
BLACK
6
CONTINUOUS
10
-3.645
20
5.9719499999999996
11
-3.5911147244094486
21
5.9719499999999996
0
LINE
8
BLACK
6
CONTINUOUS
10
-3.5911147244094486
20
5.9719499999999996
11
-3.5918164566929134
21
5.9736441338582678
0
LINE
8
BLACK
6
CONTINUOUS
10
-3.5918164566929134
20
5.9736441338582678
11
-3.5918164566929134
21
5.9756066929133853
0
LINE
8
BLACK
6
CONTINUOUS
10
-3.5918164566929134
20
5.9756066929133853
11
-3.5918164566929134
21
5.9763558661417324
0
LINE
8
BLACK
6
CONTINUOUS
10
-3.5918164566929134
20
5.9763558661417324
11
-3.5907787007874017
21
5.9788612204724405
0
LINE
8
BLACK
6
CONTINUOUS
10
-3.5907787007874017
20
5.9788612204724405
11
-3.5888612204724408
21
5.9807787007874014
0
LINE
8
BLACK
6
CONTINUOUS
10
-3.5888612204724408
20
5.9807787007874014
11
-3.5863558661417323
21
5.9818164566929131
0
LINE
8
BLACK
6
CONTINUOUS
10
-3.5863558661417323
20
5.9818164566929131
11
-3.5836441338582676
21
5.9818164566929131
0
LINE
8
BLACK
6
CONTINUOUS
10
-3.5836441338582676
20
5.9818164566929131
11
-3.5811387795275591
21
5.9807787007874014
0
LINE
8
BLACK
6
CONTINUOUS
10
-3.58805
20
5.974393307086614
11
-3.5875856692913386
21
5.9732723228346458
0
LINE
8
BLACK
6
CONTINUOUS
10
-3.5875856692913386
20
5.9732723228346458
11
-3.5867276771653542
21
5.972414330708661
0
LINE
8
BLACK
6
CONTINUOUS
10
-3.5867276771653542
20
5.972414330708661
11
-3.5856066929133856
21
5.9719499999999996
0
LINE
8
BLACK
6
CONTINUOUS
10
-3.5856066929133856
20
5.9719499999999996
11
-3.5843933070866143
21
5.9719499999999996
0
LINE
8
BLACK
6
CONTINUOUS
10
-3.5843933070866143
20
5.9719499999999996
11
-3.5832723228346457
21
5.972414330708661
0
LINE
8
BLACK
6
CONTINUOUS
10
-3.5832723228346457
20
5.972414330708661
11
-3.5824143307086613
21
5.9732723228346458
0
LINE
8
BLACK
6
CONTINUOUS
10
-3.5824143307086613
20
5.9732723228346458
11
-3.58195
21
5.974393307086614
0
LINE
8
BLACK
6
CONTINUOUS
10
-3.58195
20
5.974393307086614
11
-3.58195
21
5.9756066929133853
0
LINE
8
BLACK
6
CONTINUOUS
10
-3.58195
20
5.9756066929133853
11
-3.5824143307086613
21
5.9767276771653544
0
LINE
8
BLACK
6
CONTINUOUS
10
-3.5824143307086613
20
5.9767276771653544
11
-3.5832723228346457
21
5.9775856692913383
0
LINE
8
BLACK
6
CONTINUOUS
10
-3.5832723228346457
20
5.9775856692913383
11
-3.5843933070866143
21
5.9780499999999996
0
LINE
8
BLACK
6
CONTINUOUS
10
-3.5843933070866143
20
5.9780499999999996
11
-3.5856066929133856
21
5.9780499999999996
0
LINE
8
BLACK
6
CONTINUOUS
10
-3.5856066929133856
20
5.9780499999999996
11
-3.5867276771653542
21
5.9775856692913383
0
LINE
8
BLACK
6
CONTINUOUS
10
-3.5867276771653542
20
5.9775856692913383
11
-3.5875856692913386
21
5.9767276771653544
0
LINE
8
BLACK
6
CONTINUOUS
10
-3.5875856692913386
20
5.9767276771653544
11
-3.58805
21
5.9756066929133853
0
LINE
8
BLACK
6
CONTINUOUS
10
-3.58805
20
5.9756066929133853
11
-3.58805
21
5.974393307086614
0
LINE
8
BLACK
6
CONTINUOUS
10
-3.6035572440944881
20
5.9437729133858266
11
-3.6030368897637794
21
5.9422118110236219
0
LINE
8
BLACK
6
CONTINUOUS
10
-3.6030368897637794
20
5.9422118110236219
11
-3.6032584645669292
21
5.9414027165354328
0
LINE
8
BLACK
6
CONTINUOUS
10
-3.6032584645669292
20
5.9414027165354328
11
-3.6041965748031495
21
5.9395265354330711
0
LINE
8
BLACK
6
CONTINUOUS
10
-3.6041965748031495
20
5.9395265354330711
11
-3.6044077165354329
21
5.9392544881889764
0
LINE
8
BLACK
6
CONTINUOUS
10
-3.6044077165354329
20
5.9392544881889764
11
-3.6045992913385825
21
5.9389677952755902
0
LINE
8
BLACK
6
CONTINUOUS
10
-3.6045992913385825
20
5.9389677952755902
11
-3.6046814173228348
21
5.9388856692913388
0
LINE
8
BLACK
6
CONTINUOUS
10
-3.6046814173228348
20
5.9388856692913388
11
-3.5932600393700787
21
5.9388856692913388
0
LINE
8
BLACK
6
CONTINUOUS
10
-3.5932600393700787
20
5.9388856692913388
11
-3.5932600393700787
21
5.9423642519685034
0
LINE
8
BLACK
6
CONTINUOUS
10
-3.5932600393700787
20
5.9423642519685034
11
-3.5930963779527558
21
5.9431870078740152
0
LINE
8
BLACK
6
CONTINUOUS
10
-3.5930963779527558
20
5.9431870078740152
11
-3.5919327952755906
21
5.9443505905511813
0
LINE
8
BLACK
6
CONTINUOUS
10
-3.5919327952755906
20
5.9443505905511813
11
-3.5902872834645669
21
5.9443505905511813
0
LINE
8
BLACK
6
CONTINUOUS
10
-3.5902872834645669
20
5.9443505905511813
11
-3.5891237007874013
21
5.9431870078740152
0
LINE
8
BLACK
6
CONTINUOUS
10
-3.5891237007874013
20
5.9431870078740152
11
-3.5889600393700785
21
5.9423642519685034
0
LINE
8
BLACK
6
CONTINUOUS
10
-3.5889600393700785
20
5.9423642519685034
11
-3.5889600393700785
21
5.9311071259842523
0
LINE
8
BLACK
6
CONTINUOUS
10
-3.5889600393700785
20
5.9311071259842523
11
-3.5891237007874013
21
5.9302843700787404
0
LINE
8
BLACK
6
CONTINUOUS
10
-3.5891237007874013
20
5.9302843700787404
11
-3.5902872834645669
21
5.9291207874015743
0
LINE
8
BLACK
6
CONTINUOUS
10
-3.5902872834645669
20
5.9291207874015743
11
-3.5919327952755906
21
5.9291207874015743
0
LINE
8
BLACK
6
CONTINUOUS
10
-3.5919327952755906
20
5.9291207874015743
11
-3.5930963779527558
21
5.9302843700787404
0
LINE
8
BLACK
6
CONTINUOUS
10
-3.5930963779527558
20
5.9302843700787404
11
-3.5932600393700787
21
5.9311071259842523
0
LINE
8
BLACK
6
CONTINUOUS
10
-3.5932600393700787
20
5.9311071259842523
11
-3.5932600393700787
21
5.9345856692913381
0
LINE
8
BLACK
6
CONTINUOUS
10
-3.5932600393700787
20
5.9345856692913381
11
-3.6108100393700786
21
5.9345856692913381
0
LINE
8
BLACK
6
CONTINUOUS
10
-3.6108100393700786
20
5.9345856692913381
11
-3.6116327952755904
21
5.9347493307086614
0
LINE
8
BLACK
6
CONTINUOUS
10
-3.6116327952755904
20
5.9347493307086614
11
-3.6117893307086613
21
5.9349058267716535
0
LINE
8
BLACK
6
CONTINUOUS
10
-3.6117893307086613
20
5.9349058267716535
11
-3.6120063779527558
21
5.9349492519685034
0
LINE
8
BLACK
6
CONTINUOUS
10
-3.6120063779527558
20
5.9349492519685034
11
-3.6123537007874016
21
5.9354701968503933
0
LINE
8
BLACK
6
CONTINUOUS
10
-3.6123537007874016
20
5.9354701968503933
11
-3.6127963779527557
21
5.9359129133858266
0
LINE
8
BLACK
6
CONTINUOUS
10
-3.6127963779527557
20
5.9359129133858266
11
-3.6127963779527557
21
5.9361342519685039
0
LINE
8
BLACK
6
CONTINUOUS
10
-3.6127963779527557
20
5.9361342519685039
11
-3.6129191338582678
21
5.9363184251968502
0
LINE
8
BLACK
6
CONTINUOUS
10
-3.6129191338582678
20
5.9363184251968502
11
-3.6127963779527557
21
5.9369322440944883
0
LINE
8
BLACK
6
CONTINUOUS
10
-3.6127963779527557
20
5.9369322440944883
11
-3.6127963779527557
21
5.9375584251968503
0
LINE
8
BLACK
6
CONTINUOUS
10
-3.6127963779527557
20
5.9375584251968503
11
-3.6126398818897636
21
5.9377149212598423
0
LINE
8
BLACK
6
CONTINUOUS
10
-3.6126398818897636
20
5.9377149212598423
11
-3.6125964566929132
21
5.9379320078740152
0
LINE
8
BLACK
6
CONTINUOUS
10
-3.6125964566929132
20
5.9379320078740152
11
-3.6120026377952756
21
5.938524566929134
0
LINE
8
BLACK
6
CONTINUOUS
10
-3.6120026377952756
20
5.938524566929134
11
-3.609365472440945
21
5.9402827165354326
0
LINE
8
BLACK
6
CONTINUOUS
10
-3.609365472440945
20
5.9402827165354326
11
-3.6078865748031497
21
5.9417616141732283
0
LINE
8
BLACK
6
CONTINUOUS
10
-3.6078865748031497
20
5.9417616141732283
11
-3.6071044881889764
21
5.9433257874015748
0
LINE
8
BLACK
6
CONTINUOUS
10
-3.6071044881889764
20
5.9433257874015748
11
-3.606590118110236
21
5.943988464566929
0
LINE
8
BLACK
6
CONTINUOUS
10
-3.606590118110236
20
5.943988464566929
11
-3.6050290157480314
21
5.9445088188976376
0
LINE
8
BLACK
6
CONTINUOUS
10
-3.6050290157480314
20
5.9445088188976376
11
-3.6035572440944881
21
5.9437729133858266
0
LINE
8
BLACK
6
CONTINUOUS
10
-3.713557244094488
20
5.9531538582677168
11
-3.7130368897637793
21
5.9515927559055113
0
LINE
8
BLACK
6
CONTINUOUS
10
-3.7130368897637793
20
5.9515927559055113
11
-3.7132584645669291
21
5.9507836614173231
0
LINE
8
BLACK
6
CONTINUOUS
10
-3.7132584645669291
20
5.9507836614173231
11
-3.7141965748031494
21
5.9489074803149604
0
LINE
8
BLACK
6
CONTINUOUS
10
-3.7141965748031494
20
5.9489074803149604
11
-3.7144077165354328
21
5.9486354330708657
0
LINE
8
BLACK
6
CONTINUOUS
10
-3.7144077165354328
20
5.9486354330708657
11
-3.7145992913385828
21
5.9483487401574804
0
LINE
8
BLACK
6
CONTINUOUS
10
-3.7145992913385828
20
5.9483487401574804
11
-3.7146814173228346
21
5.9482666141732281
0
LINE
8
BLACK
6
CONTINUOUS
10
-3.7146814173228346
20
5.9482666141732281
11
-3.7032600393700785
21
5.9482666141732281
0
LINE
8
BLACK
6
CONTINUOUS
10
-3.7032600393700785
20
5.9482666141732281
11
-3.7032600393700785
21
5.9517451968503936
0
LINE
8
BLACK
6
CONTINUOUS
10
-3.7032600393700785
20
5.9517451968503936
11
-3.7030963779527557
21
5.9525679527559054
0
LINE
8
BLACK
6
CONTINUOUS
10
-3.7030963779527557
20
5.9525679527559054
11
-3.7019327952755905
21
5.9537315354330707
0
LINE
8
BLACK
6
CONTINUOUS
10
-3.7019327952755905
20
5.9537315354330707
11
-3.7002872834645668
21
5.9537315354330707
0
LINE
8
BLACK
6
CONTINUOUS
10
-3.7002872834645668
20
5.9537315354330707
11
-3.6991237007874016
21
5.9525679527559054
0
LINE
8
BLACK
6
CONTINUOUS
10
-3.6991237007874016
20
5.9525679527559054
11
-3.6989600393700788
21
5.9517451968503936
0
LINE
8
BLACK
6
CONTINUOUS
10
-3.6989600393700788
20
5.9517451968503936
11
-3.6989600393700788
21
5.9404880708661416
0
LINE
8
BLACK
6
CONTINUOUS
10
-3.6989600393700788
20
5.9404880708661416
11
-3.6991237007874016
21
5.9396653149606298
0
LINE
8
BLACK
6
CONTINUOUS
10
-3.6991237007874016
20
5.9396653149606298
11
-3.7002872834645668
21
5.9385017322834646
0
LINE
8
BLACK
6
CONTINUOUS
10
-3.7002872834645668
20
5.9385017322834646
11
-3.7019327952755905
21
5.9385017322834646
0
LINE
8
BLACK
6
CONTINUOUS
10
-3.7019327952755905
20
5.9385017322834646
11
-3.7030963779527557
21
5.9396653149606298
0
LINE
8
BLACK
6
CONTINUOUS
10
-3.7030963779527557
20
5.9396653149606298
11
-3.7032600393700785
21
5.9404880708661416
0
LINE
8
BLACK
6
CONTINUOUS
10
-3.7032600393700785
20
5.9404880708661416
11
-3.7032600393700785
21
5.9439666141732284
0
LINE
8
BLACK
6
CONTINUOUS
10
-3.7032600393700785
20
5.9439666141732284
11
-3.7208100393700785
21
5.9439666141732284
0
LINE
8
BLACK
6
CONTINUOUS
10
-3.7208100393700785
20
5.9439666141732284
11
-3.7216327952755903
21
5.9441302755905507
0
LINE
8
BLACK
6
CONTINUOUS
10
-3.7216327952755903
20
5.9441302755905507
11
-3.7217893307086611
21
5.9442867716535428
0
LINE
8
BLACK
6
CONTINUOUS
10
-3.7217893307086611
20
5.9442867716535428
11
-3.7220063779527557
21
5.9443301968503937
0
LINE
8
BLACK
6
CONTINUOUS
10
-3.7220063779527557
20
5.9443301968503937
11
-3.7223537007874015
21
5.9448511417322836
0
LINE
8
BLACK
6
CONTINUOUS
10
-3.7223537007874015
20
5.9448511417322836
11
-3.722796377952756
21
5.9452938582677168
0
LINE
8
BLACK
6
CONTINUOUS
10
-3.722796377952756
20
5.9452938582677168
11
-3.722796377952756
21
5.9455151968503932
0
LINE
8
BLACK
6
CONTINUOUS
10
-3.722796377952756
20
5.9455151968503932
11
-3.7229191338582677
21
5.9456993700787404
0
LINE
8
BLACK
6
CONTINUOUS
10
-3.7229191338582677
20
5.9456993700787404
11
-3.722796377952756
21
5.9463131889763776
0
LINE
8
BLACK
6
CONTINUOUS
10
-3.722796377952756
20
5.9463131889763776
11
-3.722796377952756
21
5.9469393700787396
0
LINE
8
BLACK
6
CONTINUOUS
10
-3.722796377952756
20
5.9469393700787396
11
-3.7226398818897639
21
5.9470958661417326
0
LINE
8
BLACK
6
CONTINUOUS
10
-3.7226398818897639
20
5.9470958661417326
11
-3.7225964566929135
21
5.9473129527559054
0
LINE
8
BLACK
6
CONTINUOUS
10
-3.7225964566929135
20
5.9473129527559054
11
-3.7220026377952755
21
5.9479055118110233
0
LINE
8
BLACK
6
CONTINUOUS
10
-3.7220026377952755
20
5.9479055118110233
11
-3.7193654724409448
21
5.9496636614173228
0
LINE
8
BLACK
6
CONTINUOUS
10
-3.7193654724409448
20
5.9496636614173228
11
-3.7178865748031495
21
5.9511425590551177
0
LINE
8
BLACK
6
CONTINUOUS
10
-3.7178865748031495
20
5.9511425590551177
11
-3.7171044881889763
21
5.9527067322834641
0
LINE
8
BLACK
6
CONTINUOUS
10
-3.7171044881889763
20
5.9527067322834641
11
-3.7165901181102363
21
5.9533694094488192
0
LINE
8
BLACK
6
CONTINUOUS
10
-3.7165901181102363
20
5.9533694094488192
11
-3.7150290157480312
21
5.9538897637795278
0
LINE
8
BLACK
6
CONTINUOUS
10
-3.7150290157480312
20
5.9538897637795278
11
-3.713557244094488
21
5.9531538582677168
0
LINE
8
BLACK
6
CONTINUOUS
10
-3.5881984251968504
20
6.0557462204724404
11
-3.58805
21
6.0549999999999997
0
LINE
8
BLACK
6
CONTINUOUS
10
-3.58805
20
6.0549999999999997
11
-3.58805
21
6.0169499999999996
0
LINE
8
BLACK
6
CONTINUOUS
10
-3.58805
20
6.0169499999999996
11
-3.5319499999999997
21
6.0169499999999996
0
LINE
8
BLACK
6
CONTINUOUS
10
-3.5319499999999997
20
6.0169499999999996
11
-3.5319499999999997
21
6.0549999999999997
0
LINE
8
BLACK
6
CONTINUOUS
10
-3.5319499999999997
20
6.0549999999999997
11
-3.5318015748031497
21
6.0557462204724404
0
LINE
8
BLACK
6
CONTINUOUS
10
-3.5318015748031497
20
6.0557462204724404
11
-3.5307462204724409
21
6.0568015748031492
0
LINE
8
BLACK
6
CONTINUOUS
10
-3.5307462204724409
20
6.0568015748031492
11
-3.5292537795275591
21
6.0568015748031492
0
LINE
8
BLACK
6
CONTINUOUS
10
-3.5292537795275591
20
6.0568015748031492
11
-3.5281984251968503
21
6.0557462204724404
0
LINE
8
BLACK
6
CONTINUOUS
10
-3.5281984251968503
20
6.0557462204724404
11
-3.5280499999999999
21
6.0549999999999997
0
LINE
8
BLACK
6
CONTINUOUS
10
-3.5280499999999999
20
6.0549999999999997
11
-3.5280499999999999
21
6.0149999999999997
0
LINE
8
BLACK
6
CONTINUOUS
10
-3.5280499999999999
20
6.0149999999999997
11
-3.5281984251968503
21
6.014253779527559
0
LINE
8
BLACK
6
CONTINUOUS
10
-3.5281984251968503
20
6.014253779527559
11
-3.5292537795275591
21
6.0131984251968502
0
LINE
8
BLACK
6
CONTINUOUS
10
-3.5292537795275591
20
6.0131984251968502
11
-3.5299999999999998
21
6.0130499999999998
0
LINE
8
BLACK
6
CONTINUOUS
10
-3.5299999999999998
20
6.0130499999999998
11
-3.5838852755905513
21
6.0130499999999998
0
LINE
8
BLACK
6
CONTINUOUS
10
-3.5838852755905513
20
6.0130499999999998
11
-3.5831835433070864
21
6.0113558661417326
0
LINE
8
BLACK
6
CONTINUOUS
10
-3.5831835433070864
20
6.0113558661417326
11
-3.5831835433070864
21
6.0086441338582679
0
LINE
8
BLACK
6
CONTINUOUS
10
-3.5831835433070864
20
6.0086441338582679
11
-3.5842212992125981
21
6.0061387795275589
0
LINE
8
BLACK
6
CONTINUOUS
10
-3.5842212992125981
20
6.0061387795275589
11
-3.586138779527559
21
6.0042212992125981
0
LINE
8
BLACK
6
CONTINUOUS
10
-3.586138779527559
20
6.0042212992125981
11
-3.5886441338582675
21
6.0031835433070864
0
LINE
8
BLACK
6
CONTINUOUS
10
-3.5886441338582675
20
6.0031835433070864
11
-3.5913558661417322
21
6.0031835433070864
0
LINE
8
BLACK
6
CONTINUOUS
10
-3.5913558661417322
20
6.0031835433070864
11
-3.5938612204724407
21
6.0042212992125981
0
LINE
8
BLACK
6
CONTINUOUS
10
-3.5938612204724407
20
6.0042212992125981
11
-3.5957787007874016
21
6.0061387795275589
0
LINE
8
BLACK
6
CONTINUOUS
10
-3.5957787007874016
20
6.0061387795275589
11
-3.5968164566929133
21
6.0086441338582679
0
LINE
8
BLACK
6
CONTINUOUS
10
-3.5968164566929133
20
6.0086441338582679
11
-3.5968164566929133
21
6.0106066929133855
0
LINE
8
BLACK
6
CONTINUOUS
10
-3.5968164566929133
20
6.0106066929133855
11
-3.5968164566929133
21
6.0113558661417326
0
LINE
8
BLACK
6
CONTINUOUS
10
-3.5968164566929133
20
6.0113558661417326
11
-3.5957787007874016
21
6.0138612204724406
0
LINE
8
BLACK
6
CONTINUOUS
10
-3.5957787007874016
20
6.0138612204724406
11
-3.5938612204724407
21
6.0157787007874015
0
LINE
8
BLACK
6
CONTINUOUS
10
-3.5938612204724407
20
6.0157787007874015
11
-3.5919499999999998
21
6.0165703543307085
0
LINE
8
BLACK
6
CONTINUOUS
10
-3.5919499999999998
20
6.0165703543307085
11
-3.5919499999999998
21
6.0549999999999997
0
LINE
8
BLACK
6
CONTINUOUS
10
-3.5919499999999998
20
6.0549999999999997
11
-3.5918015748031493
21
6.0557462204724404
0
LINE
8
BLACK
6
CONTINUOUS
10
-3.5918015748031493
20
6.0557462204724404
11
-3.590746220472441
21
6.0568015748031492
0
LINE
8
BLACK
6
CONTINUOUS
10
-3.590746220472441
20
6.0568015748031492
11
-3.5892537795275588
21
6.0568015748031492
0
LINE
8
BLACK
6
CONTINUOUS
10
-3.5892537795275588
20
6.0568015748031492
11
-3.5881984251968504
21
6.0557462204724404
0
LINE
8
BLACK
6
CONTINUOUS
10
-3.5930499999999999
20
6.0093933070866141
11
-3.5925856692913385
21
6.008272322834646
0
LINE
8
BLACK
6
CONTINUOUS
10
-3.5925856692913385
20
6.008272322834646
11
-3.5917276771653541
21
6.0074143307086612
0
LINE
8
BLACK
6
CONTINUOUS
10
-3.5917276771653541
20
6.0074143307086612
11
-3.590606692913386
21
6.0069499999999998
0
LINE
8
BLACK
6
CONTINUOUS
10
-3.590606692913386
20
6.0069499999999998
11
-3.5893933070866142
21
6.0069499999999998
0
LINE
8
BLACK
6
CONTINUOUS
10
-3.5893933070866142
20
6.0069499999999998
11
-3.5882723228346456
21
6.0074143307086612
0
LINE
8
BLACK
6
CONTINUOUS
10
-3.5882723228346456
20
6.0074143307086612
11
-3.5874143307086612
21
6.008272322834646
0
LINE
8
BLACK
6
CONTINUOUS
10
-3.5874143307086612
20
6.008272322834646
11
-3.5869499999999999
21
6.0093933070866141
0
LINE
8
BLACK
6
CONTINUOUS
10
-3.5869499999999999
20
6.0093933070866141
11
-3.5869499999999999
21
6.0106066929133855
0
LINE
8
BLACK
6
CONTINUOUS
10
-3.5869499999999999
20
6.0106066929133855
11
-3.5874143307086612
21
6.0117276771653545
0
LINE
8
BLACK
6
CONTINUOUS
10
-3.5874143307086612
20
6.0117276771653545
11
-3.5882723228346456
21
6.0125856692913384
0
LINE
8
BLACK
6
CONTINUOUS
10
-3.5882723228346456
20
6.0125856692913384
11
-3.5893933070866142
21
6.0130499999999998
0
LINE
8
BLACK
6
CONTINUOUS
10
-3.5893933070866142
20
6.0130499999999998
11
-3.590606692913386
21
6.0130499999999998
0
LINE
8
BLACK
6
CONTINUOUS
10
-3.590606692913386
20
6.0130499999999998
11
-3.5917276771653541
21
6.0125856692913384
0
LINE
8
BLACK
6
CONTINUOUS
10
-3.5917276771653541
20
6.0125856692913384
11
-3.5925856692913385
21
6.0117276771653545
0
LINE
8
BLACK
6
CONTINUOUS
10
-3.5925856692913385
20
6.0117276771653545
11
-3.5930499999999999
21
6.0106066929133855
0
LINE
8
BLACK
6
CONTINUOUS
10
-3.5930499999999999
20
6.0106066929133855
11
-3.5930499999999999
21
6.0093933070866141
0
LINE
8
BLACK
6
CONTINUOUS
10
-3.565287283464567
20
6.0615077559055113
11
-3.5641237007874014
21
6.0603441732283461
0
LINE
8
BLACK
6
CONTINUOUS
10
-3.5641237007874014
20
6.0603441732283461
11
-3.5641237007874014
21
6.0586986614173224
0
LINE
8
BLACK
6
CONTINUOUS
10
-3.5641237007874014
20
6.0586986614173224
11
-3.565287283464567
21
6.0575350787401572
0
LINE
8
BLACK
6
CONTINUOUS
10
-3.565287283464567
20
6.0575350787401572
11
-3.5661100393700789
21
6.0573714173228348
0
LINE
8
BLACK
6
CONTINUOUS
10
-3.5661100393700789
20
6.0573714173228348
11
-3.569666377952756
21
6.0573714173228348
0
LINE
8
BLACK
6
CONTINUOUS
10
-3.569666377952756
20
6.0573714173228348
11
-3.5648200393700789
21
6.0537366535433073
0
LINE
8
BLACK
6
CONTINUOUS
10
-3.5648200393700789
20
6.0537366535433073
11
-3.5642600393700787
21
6.0531120866141732
0
LINE
8
BLACK
6
CONTINUOUS
10
-3.5642600393700787
20
6.0531120866141732
11
-3.5640273228346455
21
6.0514830708661416
0
LINE
8
BLACK
6
CONTINUOUS
10
-3.5640273228346455
20
6.0514830708661416
11
-3.565014645669291
21
6.0501666535433065
0
LINE
8
BLACK
6
CONTINUOUS
10
-3.565014645669291
20
6.0501666535433065
11
-3.5666436614173227
21
6.0499339370078742
0
LINE
8
BLACK
6
CONTINUOUS
10
-3.5666436614173227
20
6.0499339370078742
11
-3.5674000393700789
21
6.0502966535433069
0
LINE
8
BLACK
6
CONTINUOUS
10
-3.5674000393700789
20
6.0502966535433069
11
-3.5734130708661418
21
6.0548064173228342
0
LINE
8
BLACK
6
CONTINUOUS
10
-3.5734130708661418
20
6.0548064173228342
11
-3.5777231102362204
21
6.0504963779527561
0
LINE
8
BLACK
6
CONTINUOUS
10
-3.5777231102362204
20
6.0504963779527561
11
-3.5784205905511812
21
6.0500303149606296
0
LINE
8
BLACK
6
CONTINUOUS
10
-3.5784205905511812
20
6.0500303149606296
11
-3.580066181102362
21
6.0500303149606296
0
LINE
8
BLACK
6
CONTINUOUS
10
-3.580066181102362
20
6.0500303149606296
11
-3.5812297244094489
21
6.0511938582677161
0
LINE
8
BLACK
6
CONTINUOUS
10
-3.5812297244094489
20
6.0511938582677161
11
-3.5812297244094489
21
6.0528394488188972
0
LINE
8
BLACK
6
CONTINUOUS
10
-3.5812297244094489
20
6.0528394488188972
11
-3.5807636614173228
21
6.0535369291338581
0
LINE
8
BLACK
6
CONTINUOUS
10
-3.5807636614173228
20
6.0535369291338581
11
-3.5769291732283466
21
6.0573714173228348
0
LINE
8
BLACK
6
CONTINUOUS
10
-3.5769291732283466
20
6.0573714173228348
11
-3.5858100393700787
21
6.0573714173228348
0
LINE
8
BLACK
6
CONTINUOUS
10
-3.5858100393700787
20
6.0573714173228348
11
-3.5866327952755905
21
6.0575350787401572
0
LINE
8
BLACK
6
CONTINUOUS
10
-3.5866327952755905
20
6.0575350787401572
11
-3.5877963779527557
21
6.0586986614173224
0
LINE
8
BLACK
6
CONTINUOUS
10
-3.5877963779527557
20
6.0586986614173224
11
-3.5877963779527557
21
6.0603441732283461
0
LINE
8
BLACK
6
CONTINUOUS
10
-3.5877963779527557
20
6.0603441732283461
11
-3.5866327952755905
21
6.0615077559055113
0
LINE
8
BLACK
6
CONTINUOUS
10
-3.5866327952755905
20
6.0615077559055113
11
-3.5858100393700787
21
6.0616714173228345
0
LINE
8
BLACK
6
CONTINUOUS
10
-3.5858100393700787
20
6.0616714173228345
11
-3.5661100393700789
21
6.0616714173228345
0
LINE
8
BLACK
6
CONTINUOUS
10
-3.5661100393700789
20
6.0616714173228345
11
-3.565287283464567
21
6.0615077559055113
0
LINE
8
BLACK
6
CONTINUOUS
10
-4.1875
20
6.0525000000000002
11
-4.2524999999999995
21
6.0525000000000002
0
LINE
8
BLACK
6
CONTINUOUS
10
-4.2524999999999995
20
6.0525000000000002
11
-4.2524999999999995
21
6.1174999999999997
0
LINE
8
BLACK
6
CONTINUOUS
10
-4.2524999999999995
20
6.1174999999999997
11
-4.1875
21
6.1174999999999997
0
LINE
8
BLACK
6
CONTINUOUS
10
-4.1875
20
6.1174999999999997
11
-4.1875
21
6.0525000000000002
0
LINE
8
BLACK
6
CONTINUOUS
10
-3.5447078346456693
20
6.0727648818897633
11
-3.544353937007874
21
6.0727648818897633
0
LINE
8
BLACK
6
CONTINUOUS
10
-3.544353937007874
20
6.0727648818897633
11
-3.5440000393700788
21
6.0724109842519685
0
LINE
8
BLACK
6
CONTINUOUS
10
-3.5440000393700788
20
6.0724109842519685
11
-3.5435524803149607
21
6.0721872047244094
0
LINE
8
BLACK
6
CONTINUOUS
10
-3.5435524803149607
20
6.0721872047244094
11
-3.5434405905511812
21
6.0718515354330709
0
LINE
8
BLACK
6
CONTINUOUS
10
-3.5434405905511812
20
6.0718515354330709
11
-3.5431903543307084
21
6.0716012992125981
0
LINE
8
BLACK
6
CONTINUOUS
10
-3.5431903543307084
20
6.0716012992125981
11
-3.5430266929133856
21
6.0707785433070862
0
LINE
8
BLACK
6
CONTINUOUS
10
-3.5430266929133856
20
6.0707785433070862
11
-3.5430266929133856
21
6.0635475984251963
0
LINE
8
BLACK
6
CONTINUOUS
10
-3.5430266929133856
20
6.0635475984251963
11
-3.5386100393700786
21
6.0635475984251963
0
LINE
8
BLACK
6
CONTINUOUS
10
-3.5386100393700786
20
6.0635475984251963
11
-3.5377872834645667
21
6.0633839370078739
0
LINE
8
BLACK
6
CONTINUOUS
10
-3.5377872834645667
20
6.0633839370078739
11
-3.5366237007874015
21
6.0622203543307087
0
LINE
8
BLACK
6
CONTINUOUS
10
-3.5366237007874015
20
6.0622203543307087
11
-3.5366237007874015
21
6.060574842519685
0
LINE
8
BLACK
6
CONTINUOUS
10
-3.5366237007874015
20
6.060574842519685
11
-3.5377872834645667
21
6.0594112598425198
0
LINE
8
BLACK
6
CONTINUOUS
10
-3.5377872834645667
20
6.0594112598425198
11
-3.5386100393700786
21
6.0592475984251966
0
LINE
8
BLACK
6
CONTINUOUS
10
-3.5386100393700786
20
6.0592475984251966
11
-3.5430266929133856
21
6.0592475984251966
0
LINE
8
BLACK
6
CONTINUOUS
10
-3.5430266929133856
20
6.0592475984251966
11
-3.5430266929133856
21
6.0585833070866144
0
LINE
8
BLACK
6
CONTINUOUS
10
-3.5430266929133856
20
6.0585833070866144
11
-3.5431903543307084
21
6.0577605511811026
0
LINE
8
BLACK
6
CONTINUOUS
10
-3.5431903543307084
20
6.0577605511811026
11
-3.544353937007874
21
6.0565969685039365
0
LINE
8
BLACK
6
CONTINUOUS
10
-3.544353937007874
20
6.0565969685039365
11
-3.5459994488188977
21
6.0565969685039365
0
LINE
8
BLACK
6
CONTINUOUS
10
-3.5459994488188977
20
6.0565969685039365
11
-3.5471630314960629
21
6.0577605511811026
0
LINE
8
BLACK
6
CONTINUOUS
10
-3.5471630314960629
20
6.0577605511811026
11
-3.5473266929133858
21
6.0585833070866144
0
LINE
8
BLACK
6
CONTINUOUS
10
-3.5473266929133858
20
6.0585833070866144
11
-3.5473266929133858
21
6.0592475984251966
0
LINE
8
BLACK
6
CONTINUOUS
10
-3.5473266929133858
20
6.0592475984251966
11
-3.5517433858267715
21
6.0592475984251966
0
LINE
8
BLACK
6
CONTINUOUS
10
-3.5517433858267715
20
6.0592475984251966
11
-3.5525661417322834
21
6.0594112598425198
0
LINE
8
BLACK
6
CONTINUOUS
10
-3.5525661417322834
20
6.0594112598425198
11
-3.5537297244094486
21
6.060574842519685
0
LINE
8
BLACK
6
CONTINUOUS
10
-3.5537297244094486
20
6.060574842519685
11
-3.5537297244094486
21
6.0622203543307087
0
LINE
8
BLACK
6
CONTINUOUS
10
-3.5537297244094486
20
6.0622203543307087
11
-3.5525661417322834
21
6.0633839370078739
0
LINE
8
BLACK
6
CONTINUOUS
10
-3.5525661417322834
20
6.0633839370078739
11
-3.5517433858267715
21
6.0635475984251963
0
LINE
8
BLACK
6
CONTINUOUS
10
-3.5517433858267715
20
6.0635475984251963
11
-3.5473266929133858
21
6.0635475984251963
0
LINE
8
BLACK
6
CONTINUOUS
10
-3.5473266929133858
20
6.0635475984251963
11
-3.5473266929133858
21
6.0677955511811019
0
LINE
8
BLACK
6
CONTINUOUS
10
-3.5473266929133858
20
6.0677955511811019
11
-3.5585682283464566
21
6.0640483858267711
0
LINE
8
BLACK
6
CONTINUOUS
10
-3.5585682283464566
20
6.0640483858267711
11
-3.5594005118110235
21
6.0639435039370078
0
LINE
8
BLACK
6
CONTINUOUS
10
-3.5594005118110235
20
6.0639435039370078
11
-3.5608723228346455
21
6.0646794094488188
0
LINE
8
BLACK
6
CONTINUOUS
10
-3.5608723228346455
20
6.0646794094488188
11
-3.5613926771653541
21
6.0662404724409447
0
LINE
8
BLACK
6
CONTINUOUS
10
-3.5613926771653541
20
6.0662404724409447
11
-3.5606567716535431
21
6.0677122834645667
0
LINE
8
BLACK
6
CONTINUOUS
10
-3.5606567716535431
20
6.0677122834645667
11
-3.5599279921259841
21
6.068127755905512
0
LINE
8
BLACK
6
CONTINUOUS
10
-3.5599279921259841
20
6.068127755905512
11
-3.5458566141732284
21
6.0728181889763775
0
LINE
8
BLACK
6
CONTINUOUS
10
-3.5458566141732284
20
6.0728181889763775
11
-3.5450242913385828
21
6.0729231102362204
0
LINE
8
BLACK
6
CONTINUOUS
10
-3.5450242913385828
20
6.0729231102362204
11
-3.5447078346456693
21
6.0727648818897633
0
LINE
8
BLACK
6
CONTINUOUS
10
-3.5733563779527557
20
6.0813199999999998
11
-3.5730933464566927
21
6.0813072047244097
0
LINE
8
BLACK
6
CONTINUOUS
10
-3.5730933464566927
20
6.0813072047244097
11
-3.5693409448818896
21
6.0803691338582677
0
LINE
8
BLACK
6
CONTINUOUS
10
-3.5693409448818896
20
6.0803691338582677
11
-3.569127992125984
21
6.0802685039370079
0
LINE
8
BLACK
6
CONTINUOUS
10
-3.569127992125984
20
6.0802685039370079
11
-3.5689009055118111
21
6.080206338582677
0
LINE
8
BLACK
6
CONTINUOUS
10
-3.5689009055118111
20
6.080206338582677
11
-3.5670247244094488
21
6.0792682677165351
0
LINE
8
BLACK
6
CONTINUOUS
10
-3.5670247244094488
20
6.0792682677165351
11
-3.5667524803149604
21
6.0790569291338583
0
LINE
8
BLACK
6
CONTINUOUS
10
-3.5667524803149604
20
6.0790569291338583
11
-3.5664659448818896
21
6.0788655118110233
0
LINE
8
BLACK
6
CONTINUOUS
10
-3.5664659448818896
20
6.0788655118110233
11
-3.5655278346456694
21
6.0779274015748026
0
LINE
8
BLACK
6
CONTINUOUS
10
-3.5655278346456694
20
6.0779274015748026
11
-3.5653364960629919
21
6.0776409842519685
0
LINE
8
BLACK
6
CONTINUOUS
10
-3.5653364960629919
20
6.0776409842519685
11
-3.5651250787401576
21
6.0773686220472438
0
LINE
8
BLACK
6
CONTINUOUS
10
-3.5651250787401576
20
6.0773686220472438
11
-3.5641870078740157
21
6.0754924409448821
0
LINE
8
BLACK
6
CONTINUOUS
10
-3.5641870078740157
20
6.0754924409448821
11
-3.5641585826771651
21
6.0753885433070867
0
LINE
8
BLACK
6
CONTINUOUS
10
-3.5641585826771651
20
6.0753885433070867
11
-3.5641237007874014
21
6.0753537007874012
0
LINE
8
BLACK
6
CONTINUOUS
10
-3.5641237007874014
20
6.0753537007874012
11
-3.5640565354330707
21
6.0750159055118109
0
LINE
8
BLACK
6
CONTINUOUS
10
-3.5640565354330707
20
6.0750159055118109
11
-3.5639654330708659
21
6.0746833464566929
0
LINE
8
BLACK
6
CONTINUOUS
10
-3.5639654330708659
20
6.0746833464566929
11
-3.5639810629921258
21
6.0746364960629924
0
LINE
8
BLACK
6
CONTINUOUS
10
-3.5639810629921258
20
6.0746364960629924
11
-3.5639600393700785
21
6.0745309448818894
0
LINE
8
BLACK
6
CONTINUOUS
10
-3.5639600393700785
20
6.0745309448818894
11
-3.5639600393700785
21
6.0726547637795276
0
LINE
8
BLACK
6
CONTINUOUS
10
-3.5639600393700785
20
6.0726547637795276
11
-3.5639810629921258
21
6.0725491732283468
0
LINE
8
BLACK
6
CONTINUOUS
10
-3.5639810629921258
20
6.0725491732283468
11
-3.5639654330708659
21
6.0725024015748028
0
LINE
8
BLACK
6
CONTINUOUS
10
-3.5639654330708659
20
6.0725024015748028
11
-3.5640564960629919
21
6.0721699212598423
0
LINE
8
BLACK
6
CONTINUOUS
10
-3.5640564960629919
20
6.0721699212598423
11
-3.5641237007874014
21
6.0718320078740158
0
LINE
8
BLACK
6
CONTINUOUS
10
-3.5641237007874014
20
6.0718320078740158
11
-3.5641585826771651
21
6.0717971259842516
0
LINE
8
BLACK
6
CONTINUOUS
10
-3.5641585826771651
20
6.0717971259842516
11
-3.5641870078740157
21
6.0716933070866137
0
LINE
8
BLACK
6
CONTINUOUS
10
-3.5641870078740157
20
6.0716933070866137
11
-3.5651250787401576
21
6.0698170472440944
0
LINE
8
BLACK
6
CONTINUOUS
10
-3.5651250787401576
20
6.0698170472440944
11
-3.5653364173228344
21
6.0695447637795272
0
LINE
8
BLACK
6
CONTINUOUS
10
-3.5653364173228344
20
6.0695447637795272
11
-3.5655278740157481
21
6.0692582283464569
0
LINE
8
BLACK
6
CONTINUOUS
10
-3.5655278740157481
20
6.0692582283464569
11
-3.5664659842519684
21
6.0683201574803149
0
LINE
8
BLACK
6
CONTINUOUS
10
-3.5664659842519684
20
6.0683201574803149
11
-3.5667523228346454
21
6.0681288582677162
0
LINE
8
BLACK
6
CONTINUOUS
10
-3.5667523228346454
20
6.0681288582677162
11
-3.5670246850393701
21
6.0679174409448819
0
LINE
8
BLACK
6
CONTINUOUS
10
-3.5670246850393701
20
6.0679174409448819
11
-3.5689008661417323
21
6.06697937007874
0
LINE
8
BLACK
6
CONTINUOUS
10
-3.5689008661417323
20
6.06697937007874
11
-3.5691279527559052
21
6.0669171653543303
0
LINE
8
BLACK
6
CONTINUOUS
10
-3.5691279527559052
20
6.0669171653543303
11
-3.5693409842519683
21
6.0668165354330705
0
LINE
8
BLACK
6
CONTINUOUS
10
-3.5693409842519683
20
6.0668165354330705
11
-3.5730933858267715
21
6.0658784645669286
0
LINE
8
BLACK
6
CONTINUOUS
10
-3.5730933858267715
20
6.0658784645669286
11
-3.5733565354330707
21
6.0658656299212597
0
LINE
8
BLACK
6
CONTINUOUS
10
-3.5733565354330707
20
6.0658656299212597
11
-3.573614803149606
21
6.0658142913385822
0
LINE
8
BLACK
6
CONTINUOUS
10
-3.573614803149606
20
6.0658142913385822
11
-3.5783052755905511
21
6.0658142913385822
0
LINE
8
BLACK
6
CONTINUOUS
10
-3.5783052755905511
20
6.0658142913385822
11
-3.5785635433070864
21
6.0658656299212597
0
LINE
8
BLACK
6
CONTINUOUS
10
-3.5785635433070864
20
6.0658656299212597
11
-3.5788267322834644
21
6.0658784645669286
0
LINE
8
BLACK
6
CONTINUOUS
10
-3.5788267322834644
20
6.0658784645669286
11
-3.5825790944881888
21
6.0668165354330705
0
LINE
8
BLACK
6
CONTINUOUS
10
-3.5825790944881888
20
6.0668165354330705
11
-3.5827920866141731
21
6.0669171259842516
0
LINE
8
BLACK
6
CONTINUOUS
10
-3.5827920866141731
20
6.0669171259842516
11
-3.5830191338582678
21
6.0669793307086612
0
LINE
8
BLACK
6
CONTINUOUS
10
-3.5830191338582678
20
6.0669793307086612
11
-3.5848953543307087
21
6.0679174409448819
0
LINE
8
BLACK
6
CONTINUOUS
10
-3.5848953543307087
20
6.0679174409448819
11
-3.5851677952755905
21
6.0681288582677162
0
LINE
8
BLACK
6
CONTINUOUS
10
-3.5851677952755905
20
6.0681288582677162
11
-3.5854541338582675
21
6.0683201968503937
0
LINE
8
BLACK
6
CONTINUOUS
10
-3.5854541338582675
20
6.0683201968503937
11
-3.5863922047244094
21
6.0692582677165356
0
LINE
8
BLACK
6
CONTINUOUS
10
-3.5863922047244094
20
6.0692582677165356
11
-3.5865836614173228
21
6.0695447637795272
0
LINE
8
BLACK
6
CONTINUOUS
10
-3.5865836614173228
20
6.0695447637795272
11
-3.5867949606299212
21
6.0698170472440944
0
LINE
8
BLACK
6
CONTINUOUS
10
-3.5867949606299212
20
6.0698170472440944
11
-3.5877330708661415
21
6.0716932677165349
0
LINE
8
BLACK
6
CONTINUOUS
10
-3.5877330708661415
20
6.0716932677165349
11
-3.5877615354330707
21
6.0717971259842516
0
LINE
8
BLACK
6
CONTINUOUS
10
-3.5877615354330707
20
6.0717971259842516
11
-3.5877963779527557
21
6.0718320078740158
0
LINE
8
BLACK
6
CONTINUOUS
10
-3.5877963779527557
20
6.0718320078740158
11
-3.587863622047244
21
6.0721699999999998
0
LINE
8
BLACK
6
CONTINUOUS
10
-3.587863622047244
20
6.0721699999999998
11
-3.5879546062992125
21
6.0725023228346453
0
LINE
8
BLACK
6
CONTINUOUS
10
-3.5879546062992125
20
6.0725023228346453
11
-3.5879390551181101
21
6.0725490551181105
0
LINE
8
BLACK
6
CONTINUOUS
10
-3.5879390551181101
20
6.0725490551181105
11
-3.5879600393700786
21
6.0726547637795276
0
LINE
8
BLACK
6
CONTINUOUS
10
-3.5879600393700786
20
6.0726547637795276
11
-3.5879600393700786
21
6.0745309448818894
0
LINE
8
BLACK
6
CONTINUOUS
10
-3.5879600393700786
20
6.0745309448818894
11
-3.5879390551181101
21
6.0746366141732286
0
LINE
8
BLACK
6
CONTINUOUS
10
-3.5879390551181101
20
6.0746366141732286
11
-3.5879546062992125
21
6.0746833858267717
0
LINE
8
BLACK
6
CONTINUOUS
10
-3.5879546062992125
20
6.0746833858267717
11
-3.5878636614173227
21
6.0750155118110234
0
LINE
8
BLACK
6
CONTINUOUS
10
-3.5878636614173227
20
6.0750155118110234
11
-3.5877963779527557
21
6.0753537007874012
0
LINE
8
BLACK
6
CONTINUOUS
10
-3.5877963779527557
20
6.0753537007874012
11
-3.587761496062992
21
6.0753885826771654
0
LINE
8
BLACK
6
CONTINUOUS
10
-3.587761496062992
20
6.0753885826771654
11
-3.5877330314960627
21
6.0754924803149608
0
LINE
8
BLACK
6
CONTINUOUS
10
-3.5877330314960627
20
6.0754924803149608
11
-3.5867949606299212
21
6.0773686614173226
0
LINE
8
BLACK
6
CONTINUOUS
10
-3.5867949606299212
20
6.0773686614173226
11
-3.5865835433070865
21
6.0776410236220473
0
LINE
8
BLACK
6
CONTINUOUS
10
-3.5865835433070865
20
6.0776410236220473
11
-3.5863922440944882
21
6.0779273622047238
0
LINE
8
BLACK
6
CONTINUOUS
10
-3.5863922440944882
20
6.0779273622047238
11
-3.5854541732283463
21
6.0788654724409446
0
LINE
8
BLACK
6
CONTINUOUS
10
-3.5854541732283463
20
6.0788654724409446
11
-3.5851676377952755
21
6.0790569291338583
0
LINE
8
BLACK
6
CONTINUOUS
10
-3.5851676377952755
20
6.0790569291338583
11
-3.5848953543307087
21
6.0792682677165351
0
LINE
8
BLACK
6
CONTINUOUS
10
-3.5848953543307087
20
6.0792682677165351
11
-3.583019094488189
21
6.080206338582677
0
LINE
8
BLACK
6
CONTINUOUS
10
-3.583019094488189
20
6.080206338582677
11
-3.5827919685039369
21
6.0802685039370079
0
LINE
8
BLACK
6
CONTINUOUS
10
-3.5827919685039369
20
6.0802685039370079
11
-3.5825790944881888
21
6.080369094488189
0
LINE
8
BLACK
6
CONTINUOUS
10
-3.5825790944881888
20
6.080369094488189
11
-3.5788267716535431
21
6.0813072047244097
0
LINE
8
BLACK
6
CONTINUOUS
10
-3.5788267716535431
20
6.0813072047244097
11
-3.5785637401574801
21
6.0813199999999998
0
LINE
8
BLACK
6
CONTINUOUS
10
-3.5785637401574801
20
6.0813199999999998
11
-3.5783052755905511
21
6.0813714173228348
0
LINE
8
BLACK
6
CONTINUOUS
10
-3.5783052755905511
20
6.0813714173228348
11
-3.573614803149606
21
6.0813714173228348
0
LINE
8
BLACK
6
CONTINUOUS
10
-3.573614803149606
20
6.0813714173228348
11
-3.5733563779527557
21
6.0813199999999998
0
LINE
8
BLACK
6
CONTINUOUS
10
-3.5813071653543305
20
6.0762547637795272
11
-3.5826603149606298
21
6.0755781889763778
0
LINE
8
BLACK
6
CONTINUOUS
10
-3.5826603149606298
20
6.0755781889763778
11
-3.583104960629921
21
6.0751335433070865
0
LINE
8
BLACK
6
CONTINUOUS
10
-3.583104960629921
20
6.0751335433070865
11
-3.5836600393700788
21
6.0740233858267718
0
LINE
8
BLACK
6
CONTINUOUS
10
-3.5836600393700788
20
6.0740233858267718
11
-3.5836600393700788
21
6.0731623228346452
0
LINE
8
BLACK
6
CONTINUOUS
10
-3.5836600393700788
20
6.0731623228346452
11
-3.5831049212598423
21
6.0720520866141729
0
LINE
8
BLACK
6
CONTINUOUS
10
-3.5831049212598423
20
6.0720520866141729
11
-3.5826603149606298
21
6.0716074803149604
0
LINE
8
BLACK
6
CONTINUOUS
10
-3.5826603149606298
20
6.0716074803149604
11
-3.5813073228346455
21
6.0709309448818898
0
LINE
8
BLACK
6
CONTINUOUS
10
-3.5813073228346455
20
6.0709309448818898
11
-3.5780405511811022
21
6.0701142913385828
0
LINE
8
BLACK
6
CONTINUOUS
10
-3.5780405511811022
20
6.0701142913385828
11
-3.5738795275590549
21
6.0701142913385828
0
LINE
8
BLACK
6
CONTINUOUS
10
-3.5738795275590549
20
6.0701142913385828
11
-3.5706127165354329
21
6.0709309842519685
0
LINE
8
BLACK
6
CONTINUOUS
10
-3.5706127165354329
20
6.0709309842519685
11
-3.5692598031496061
21
6.0716074409448817
0
LINE
8
BLACK
6
CONTINUOUS
10
-3.5692598031496061
20
6.0716074409448817
11
-3.5688151574803149
21
6.0720520866141729
0
LINE
8
BLACK
6
CONTINUOUS
10
-3.5688151574803149
20
6.0720520866141729
11
-3.5682600393700787
21
6.0731622834645664
0
LINE
8
BLACK
6
CONTINUOUS
10
-3.5682600393700787
20
6.0731622834645664
11
-3.5682600393700787
21
6.0740233858267718
0
LINE
8
BLACK
6
CONTINUOUS
10
-3.5682600393700787
20
6.0740233858267718
11
-3.5688151574803149
21
6.0751335826771653
0
LINE
8
BLACK
6
CONTINUOUS
10
-3.5688151574803149
20
6.0751335826771653
11
-3.5692597637795274
21
6.0755781889763778
0
LINE
8
BLACK
6
CONTINUOUS
10
-3.5692597637795274
20
6.0755781889763778
11
-3.5706129133858266
21
6.0762547637795272
0
LINE
8
BLACK
6
CONTINUOUS
10
-3.5706129133858266
20
6.0762547637795272
11
-3.5738794094488187
21
6.0770714173228342
0
LINE
8
BLACK
6
CONTINUOUS
10
-3.5738794094488187
20
6.0770714173228342
11
-3.5780405118110234
21
6.0770714173228342
0
LINE
8
BLACK
6
CONTINUOUS
10
-3.5780405118110234
20
6.0770714173228342
11
-3.5813071653543305
21
6.0762547637795272
0
LINE
8
BLACK
6
CONTINUOUS
10
-3.5377872834645667
20
6.0915267716535428
11
-3.5366237007874015
21
6.0903631889763776
0
LINE
8
BLACK
6
CONTINUOUS
10
-3.5366237007874015
20
6.0903631889763776
11
-3.5366237007874015
21
6.0887176771653539
0
LINE
8
BLACK
6
CONTINUOUS
10
-3.5366237007874015
20
6.0887176771653539
11
-3.5377872834645667
21
6.0875540944881887
0
LINE
8
BLACK
6
CONTINUOUS
10
-3.5377872834645667
20
6.0875540944881887
11
-3.5386100393700786
21
6.0873904330708664
0
LINE
8
BLACK
6
CONTINUOUS
10
-3.5386100393700786
20
6.0873904330708664
11
-3.5458409842519685
21
6.0873904330708664
0
LINE
8
BLACK
6
CONTINUOUS
10
-3.5458409842519685
20
6.0873904330708664
11
-3.5458409842519685
21
6.0859693307086609
0
LINE
8
BLACK
6
CONTINUOUS
10
-3.5458409842519685
20
6.0859693307086609
11
-3.5373770866141729
21
6.0800446456692914
0
LINE
8
BLACK
6
CONTINUOUS
10
-3.5373770866141729
20
6.0800446456692914
11
-3.5367969291338581
21
6.0794387401574799
0
LINE
8
BLACK
6
CONTINUOUS
10
-3.5367969291338581
20
6.0794387401574799
11
-3.5365109448818899
21
6.0778182283464561
0
LINE
8
BLACK
6
CONTINUOUS
10
-3.5365109448818899
20
6.0778182283464561
11
-3.5374545669291337
21
6.0764701968503934
0
LINE
8
BLACK
6
CONTINUOUS
10
-3.5374545669291337
20
6.0764701968503934
11
-3.5390750787401575
21
6.0761842125984247
0
LINE
8
BLACK
6
CONTINUOUS
10
-3.5390750787401575
20
6.0761842125984247
11
-3.5398429921259842
21
6.0765219685039371
0
LINE
8
BLACK
6
CONTINUOUS
10
-3.5398429921259842
20
6.0765219685039371
11
-3.5461401181102361
21
6.080929921259842
0
LINE
8
BLACK
6
CONTINUOUS
10
-3.5461401181102361
20
6.080929921259842
11
-3.5470061023622046
21
6.079197952755905
0
LINE
8
BLACK
6
CONTINUOUS
10
-3.5470061023622046
20
6.079197952755905
11
-3.5472173622047243
21
6.0789257480314962
0
LINE
8
BLACK
6
CONTINUOUS
10
-3.5472173622047243
20
6.0789257480314962
11
-3.5474088188976376
21
6.078639212598425
0
LINE
8
BLACK
6
CONTINUOUS
10
-3.5474088188976376
20
6.078639212598425
11
-3.5483468897637795
21
6.077701141732283
0
LINE
8
BLACK
6
CONTINUOUS
10
-3.5483468897637795
20
6.077701141732283
11
-3.5486334251968503
21
6.0775096850393702
0
LINE
8
BLACK
6
CONTINUOUS
10
-3.5486334251968503
20
6.0775096850393702
11
-3.5489056692913383
21
6.0772983858267713
0
LINE
8
BLACK
6
CONTINUOUS
10
-3.5489056692913383
20
6.0772983858267713
11
-3.5507818897637793
21
6.0763602755905515
0
LINE
8
BLACK
6
CONTINUOUS
10
-3.5507818897637793
20
6.0763602755905515
11
-3.5508857874015747
21
6.0763318110236222
0
LINE
8
BLACK
6
CONTINUOUS
10
-3.5508857874015747
20
6.0763318110236222
11
-3.5509206299212597
21
6.0762969685039367
0
LINE
8
BLACK
6
CONTINUOUS
10
-3.5509206299212597
20
6.0762969685039367
11
-3.5512586614173229
21
6.0762297244094485
0
LINE
8
BLACK
6
CONTINUOUS
10
-3.5512586614173229
20
6.0762297244094485
11
-3.5515909448818896
21
6.0761387401574805
0
LINE
8
BLACK
6
CONTINUOUS
10
-3.5515909448818896
20
6.0761387401574805
11
-3.5516377165354331
21
6.0761542913385824
0
LINE
8
BLACK
6
CONTINUOUS
10
-3.5516377165354331
20
6.0761542913385824
11
-3.5517433858267715
21
6.0761333070866144
0
LINE
8
BLACK
6
CONTINUOUS
10
-3.5517433858267715
20
6.0761333070866144
11
-3.5545576377952757
21
6.0761333070866144
0
LINE
8
BLACK
6
CONTINUOUS
10
-3.5545576377952757
20
6.0761333070866144
11
-3.5546633464566928
21
6.0761542913385824
0
LINE
8
BLACK
6
CONTINUOUS
10
-3.5546633464566928
20
6.0761542913385824
11
-3.5547100787401575
21
6.0761387401574805
0
LINE
8
BLACK
6
CONTINUOUS
10
-3.5547100787401575
20
6.0761387401574805
11
-3.555042401574803
21
6.0762297244094485
0
LINE
8
BLACK
6
CONTINUOUS
10
-3.555042401574803
20
6.0762297244094485
11
-3.5553803937007875
21
6.0762969685039367
0
LINE
8
BLACK
6
CONTINUOUS
10
-3.5553803937007875
20
6.0762969685039367
11
-3.5554152755905513
21
6.0763318110236222
0
LINE
8
BLACK
6
CONTINUOUS
10
-3.5554152755905513
20
6.0763318110236222
11
-3.5555191338582675
21
6.0763602755905515
0
LINE
8
BLACK
6
CONTINUOUS
10
-3.5555191338582675
20
6.0763602755905515
11
-3.5573953543307084
21
6.0772983858267713
0
LINE
8
BLACK
6
CONTINUOUS
10
-3.5573953543307084
20
6.0772983858267713
11
-3.5576677952755906
21
6.0775098031496064
0
LINE
8
BLACK
6
CONTINUOUS
10
-3.5576677952755906
20
6.0775098031496064
11
-3.5579541338582676
21
6.077701141732283
0
LINE
8
BLACK
6
CONTINUOUS
10
-3.5579541338582676
20
6.077701141732283
11
-3.5588922047244091
21
6.078639212598425
0
LINE
8
BLACK
6
CONTINUOUS
10
-3.5588922047244091
20
6.078639212598425
11
-3.5590836614173229
21
6.0789256692913387
0
LINE
8
BLACK
6
CONTINUOUS
10
-3.5590836614173229
20
6.0789256692913387
11
-3.5592949606299213
21
6.079197952755905
0
LINE
8
BLACK
6
CONTINUOUS
10
-3.5592949606299213
20
6.079197952755905
11
-3.5602330314960628
21
6.0810741338582677
0
LINE
8
BLACK
6
CONTINUOUS
10
-3.5602330314960628
20
6.0810741338582677
11
-3.5602614960629921
21
6.0811779921259843
0
LINE
8
BLACK
6
CONTINUOUS
10
-3.5602614960629921
20
6.0811779921259843
11
-3.5602963779527559
21
6.0812129133858264
0
LINE
8
BLACK
6
CONTINUOUS
10
-3.5602963779527559
20
6.0812129133858264
11
-3.5603636614173229
21
6.0815510629921254
0
LINE
8
BLACK
6
CONTINUOUS
10
-3.5603636614173229
20
6.0815510629921254
11
-3.5604546062992126
21
6.0818832283464568
0
LINE
8
BLACK
6
CONTINUOUS
10
-3.5604546062992126
20
6.0818832283464568
11
-3.5604390551181102
21
6.0819299606299211
0
LINE
8
BLACK
6
CONTINUOUS
10
-3.5604390551181102
20
6.0819299606299211
11
-3.5604600393700787
21
6.0820356692913382
0
LINE
8
BLACK
6
CONTINUOUS
10
-3.5604600393700787
20
6.0820356692913382
11
-3.5604600393700787
21
6.0895404330708658
0
LINE
8
BLACK
6
CONTINUOUS
10
-3.5604600393700787
20
6.0895404330708658
11
-3.5602963779527559
21
6.0903631889763776
0
LINE
8
BLACK
6
CONTINUOUS
10
-3.5602963779527559
20
6.0903631889763776
11
-3.5591327952755907
21
6.0915267716535428
0
LINE
8
BLACK
6
CONTINUOUS
10
-3.5591327952755907
20
6.0915267716535428
11
-3.5583100393700788
21
6.0916904330708661
0
LINE
8
BLACK
6
CONTINUOUS
10
-3.5583100393700788
20
6.0916904330708661
11
-3.5386100393700786
21
6.0916904330708661
0
LINE
8
BLACK
6
CONTINUOUS
10
-3.5386100393700786
20
6.0916904330708661
11
-3.5377872834645667
21
6.0915267716535428
0
LINE
8
BLACK
6
CONTINUOUS
10
-3.5561600393700785
20
6.0825431889763779
11
-3.5556049999999999
21
6.0814330708661419
0
LINE
8
BLACK
6
CONTINUOUS
10
-3.5556049999999999
20
6.0814330708661419
11
-3.5551603149606299
21
6.0809884251968507
0
LINE
8
BLACK
6
CONTINUOUS
10
-3.5551603149606299
20
6.0809884251968507
11
-3.5540500787401572
21
6.0804333070866141
0
LINE
8
BLACK
6
CONTINUOUS
10
-3.5540500787401572
20
6.0804333070866141
11
-3.5522509448818895
21
6.0804333070866141
0
LINE
8
BLACK
6
CONTINUOUS
10
-3.5522509448818895
20
6.0804333070866141
11
-3.5511407086614173
21
6.0809884251968507
0
LINE
8
BLACK
6
CONTINUOUS
10
-3.5511407086614173
20
6.0809884251968507
11
-3.5506961023622048
21
6.0814330314960632
0
LINE
8
BLACK
6
CONTINUOUS
10
-3.5506961023622048
20
6.0814330314960632
11
-3.5501409842519682
21
6.0825432283464567
0
LINE
8
BLACK
6
CONTINUOUS
10
-3.5501409842519682
20
6.0825432283464567
11
-3.5501409842519682
21
6.0873904330708664
0
LINE
8
BLACK
6
CONTINUOUS
10
-3.5501409842519682
20
6.0873904330708664
11
-3.5561600393700785
21
6.0873904330708664
0
LINE
8
BLACK
6
CONTINUOUS
10
-3.5561600393700785
20
6.0873904330708664
11
-3.5561600393700785
21
6.0825431889763779
0
LINE
8
BLACK
6
CONTINUOUS
10
-3.7936175196850392
20
6.1550631889763778
11
-3.7934827559055115
21
6.1550631889763778
0
LINE
8
BLACK
6
CONTINUOUS
10
-3.7934827559055115
20
6.1550631889763778
11
-3.7929272834645666
21
6.1548330708661414
0
LINE
8
BLACK
6
CONTINUOUS
10
-3.7929272834645666
20
6.1548330708661414
11
-3.7923572440944882
21
6.1546430708661415
0
LINE
8
BLACK
6
CONTINUOUS
10
-3.7923572440944882
20
6.1546430708661415
11
-3.7922555118110237
21
6.1545548031496065
0
LINE
8
BLACK
6
CONTINUOUS
10
-3.7922555118110237
20
6.1545548031496065
11
-3.7921309448818898
21
6.1545032283464565
0
LINE
8
BLACK
6
CONTINUOUS
10
-3.7921309448818898
20
6.1545032283464565
11
-3.7917059448818895
21
6.1540781889763778
0
LINE
8
BLACK
6
CONTINUOUS
10
-3.7917059448818895
20
6.1540781889763778
11
-3.7912518503937007
21
6.153684409448819
0
LINE
8
BLACK
6
CONTINUOUS
10
-3.7912518503937007
20
6.153684409448819
11
-3.7911494488188975
21
6.1535216929133858
0
LINE
8
BLACK
6
CONTINUOUS
10
-3.7911494488188975
20
6.1535216929133858
11
-3.791096338582677
21
6.1534686220472441
0
LINE
8
BLACK
6
CONTINUOUS
10
-3.791096338582677
20
6.1534686220472441
11
-3.7910585039370077
21
6.153377165354331
0
LINE
8
BLACK
6
CONTINUOUS
10
-3.7910585039370077
20
6.153377165354331
11
-3.7908602362204724
21
6.1530622834645667
0
LINE
8
BLACK
6
CONTINUOUS
10
-3.7908602362204724
20
6.1530622834645667
11
-3.7881543307086614
21
6.1476504330708659
0
LINE
8
BLACK
6
CONTINUOUS
10
-3.7881543307086614
20
6.1476504330708659
11
-3.785885472440945
21
6.1446252755905508
0
LINE
8
BLACK
6
CONTINUOUS
10
-3.785885472440945
20
6.1446252755905508
11
-3.7835627559055118
21
6.143076850393701
0
LINE
8
BLACK
6
CONTINUOUS
10
-3.7835627559055118
20
6.143076850393701
11
-3.7829940157480313
21
6.1426111023622045
0
LINE
8
BLACK
6
CONTINUOUS
10
-3.7829940157480313
20
6.1426111023622045
11
-3.7821798425196849
21
6.1413953149606302
0
LINE
8
BLACK
6
CONTINUOUS
10
-3.7821798425196849
20
6.1413953149606302
11
-3.7818928740157478
21
6.1399605905511807
0
LINE
8
BLACK
6
CONTINUOUS
10
-3.7818928740157478
20
6.1399605905511807
11
-3.7821768110236218
21
6.1385251968503933
0
LINE
8
BLACK
6
CONTINUOUS
10
-3.7821768110236218
20
6.1385251968503933
11
-3.7829884251968502
21
6.1373077952755901
0
LINE
8
BLACK
6
CONTINUOUS
10
-3.7829884251968502
20
6.1373077952755901
11
-3.7842041732283462
21
6.1364936220472437
0
LINE
8
BLACK
6
CONTINUOUS
10
-3.7842041732283462
20
6.1364936220472437
11
-3.7856388976377953
21
6.1362066535433071
0
LINE
8
BLACK
6
CONTINUOUS
10
-3.7856388976377953
20
6.1362066535433071
11
-3.7870742913385826
21
6.1364905905511806
0
LINE
8
BLACK
6
CONTINUOUS
10
-3.7870742913385826
20
6.1364905905511806
11
-3.7877229921259841
21
6.1368364566929134
0
LINE
8
BLACK
6
CONTINUOUS
10
-3.7877229921259841
20
6.1368364566929134
11
-3.7904643307086614
21
6.1386639763779529
0
LINE
8
BLACK
6
CONTINUOUS
10
-3.7904643307086614
20
6.1386639763779529
11
-3.7904643307086614
21
6.1151352362204721
0
LINE
8
BLACK
6
CONTINUOUS
10
-3.7904643307086614
20
6.1151352362204721
11
-3.7856428740157479
21
6.1151352362204721
0
LINE
8
BLACK
6
CONTINUOUS
10
-3.7856428740157479
20
6.1151352362204721
11
-3.7849112992125984
21
6.1150631889763778
0
LINE
8
BLACK
6
CONTINUOUS
10
-3.7849112992125984
20
6.1150631889763778
11
-3.7835594881889762
21
6.1145032283464564
0
LINE
8
BLACK
6
CONTINUOUS
10
-3.7835594881889762
20
6.1145032283464564
11
-3.7825248818897639
21
6.1134686220472441
0
LINE
8
BLACK
6
CONTINUOUS
10
-3.7825248818897639
20
6.1134686220472441
11
-3.7819649212598425
21
6.1121168110236219
0
LINE
8
BLACK
6
CONTINUOUS
10
-3.7819649212598425
20
6.1121168110236219
11
-3.7819649212598425
21
6.1106536614173228
0
LINE
8
BLACK
6
CONTINUOUS
10
-3.7819649212598425
20
6.1106536614173228
11
-3.7825248818897639
21
6.1093018503937007
0
LINE
8
BLACK
6
CONTINUOUS
10
-3.7825248818897639
20
6.1093018503937007
11
-3.7835594881889762
21
6.1082672440944883
0
LINE
8
BLACK
6
CONTINUOUS
10
-3.7835594881889762
20
6.1082672440944883
11
-3.7849112992125984
21
6.1077072834645669
0
LINE
8
BLACK
6
CONTINUOUS
10
-3.7849112992125984
20
6.1077072834645669
11
-3.7856428740157479
21
6.1076352362204727
0
LINE
8
BLACK
6
CONTINUOUS
10
-3.7856428740157479
20
6.1076352362204727
11
-3.8027857480314959
21
6.1076352362204727
0
LINE
8
BLACK
6
CONTINUOUS
10
-3.8027857480314959
20
6.1076352362204727
11
-3.8035173228346455
21
6.1077072834645669
0
LINE
8
BLACK
6
CONTINUOUS
10
-3.8035173228346455
20
6.1077072834645669
11
-3.8048691338582676
21
6.1082672440944883
0
LINE
8
BLACK
6
CONTINUOUS
10
-3.8048691338582676
20
6.1082672440944883
11
-3.80590374015748
21
6.1093018503937007
0
LINE
8
BLACK
6
CONTINUOUS
10
-3.80590374015748
20
6.1093018503937007
11
-3.8064637007874014
21
6.1106536614173228
0
LINE
8
BLACK
6
CONTINUOUS
10
-3.8064637007874014
20
6.1106536614173228
11
-3.8064637007874014
21
6.1121168110236219
0
LINE
8
BLACK
6
CONTINUOUS
10
-3.8064637007874014
20
6.1121168110236219
11
-3.80590374015748
21
6.1134686220472441
0
LINE
8
BLACK
6
CONTINUOUS
10
-3.80590374015748
20
6.1134686220472441
11
-3.8048691338582676
21
6.1145032283464564
0
LINE
8
BLACK
6
CONTINUOUS
10
-3.8048691338582676
20
6.1145032283464564
11
-3.8035173228346455
21
6.1150631889763778
0
LINE
8
BLACK
6
CONTINUOUS
10
-3.8035173228346455
20
6.1150631889763778
11
-3.8027857480314959
21
6.1151352362204721
0
LINE
8
BLACK
6
CONTINUOUS
10
-3.8027857480314959
20
6.1151352362204721
11
-3.7979643307086612
21
6.1151352362204721
0
LINE
8
BLACK
6
CONTINUOUS
10
-3.7979643307086612
20
6.1151352362204721
11
-3.7979643307086612
21
6.151385236220472
0
LINE
8
BLACK
6
CONTINUOUS
10
-3.7979643307086612
20
6.151385236220472
11
-3.7979278740157478
21
6.1517555118110234
0
LINE
8
BLACK
6
CONTINUOUS
10
-3.7979278740157478
20
6.1517555118110234
11
-3.7979348818897636
21
6.151854251968504
0
LINE
8
BLACK
6
CONTINUOUS
10
-3.7979348818897636
20
6.151854251968504
11
-3.7979111417322833
21
6.1519255118110232
0
LINE
8
BLACK
6
CONTINUOUS
10
-3.7979111417322833
20
6.1519255118110232
11
-3.797892283464567
21
6.152116811023622
0
LINE
8
BLACK
6
CONTINUOUS
10
-3.797892283464567
20
6.152116811023622
11
-3.7976622047244093
21
6.1526722834645664
0
LINE
8
BLACK
6
CONTINUOUS
10
-3.7976622047244093
20
6.1526722834645664
11
-3.7974721653543306
21
6.1532423228346458
0
LINE
8
BLACK
6
CONTINUOUS
10
-3.7974721653543306
20
6.1532423228346458
11
-3.7973839370078739
21
6.1533440551181098
0
LINE
8
BLACK
6
CONTINUOUS
10
-3.7973839370078739
20
6.1533440551181098
11
-3.7973323228346456
21
6.1534686220472441
0
LINE
8
BLACK
6
CONTINUOUS
10
-3.7973323228346456
20
6.1534686220472441
11
-3.7969073228346457
21
6.153893622047244
0
LINE
8
BLACK
6
CONTINUOUS
10
-3.7969073228346457
20
6.153893622047244
11
-3.7965135039370077
21
6.1543477165354332
0
LINE
8
BLACK
6
CONTINUOUS
10
-3.7965135039370077
20
6.1543477165354332
11
-3.7963929527559053
21
6.154407992125984
0
LINE
8
BLACK
6
CONTINUOUS
10
-3.7963929527559053
20
6.154407992125984
11
-3.7962977165354328
21
6.1545032283464565
0
LINE
8
BLACK
6
CONTINUOUS
10
-3.7962977165354328
20
6.1545032283464565
11
-3.7957425590551179
21
6.1547331889763779
0
LINE
8
BLACK
6
CONTINUOUS
10
-3.7957425590551179
20
6.1547331889763779
11
-3.7952048425196852
21
6.1550020472440945
0
LINE
8
BLACK
6
CONTINUOUS
10
-3.7952048425196852
20
6.1550020472440945
11
-3.795070472440945
21
6.1550115748031491
0
LINE
8
BLACK
6
CONTINUOUS
10
-3.795070472440945
20
6.1550115748031491
11
-3.7949459055118111
21
6.1550631889763778
0
LINE
8
BLACK
6
CONTINUOUS
10
-3.7949459055118111
20
6.1550631889763778
11
-3.7943446456692911
21
6.1550631889763778
0
LINE
8
BLACK
6
CONTINUOUS
10
-3.7943446456692911
20
6.1550631889763778
11
-3.7937453149606299
21
6.1551057874015749
0
LINE
8
BLACK
6
CONTINUOUS
10
-3.7937453149606299
20
6.1551057874015749
11
-3.7936175196850392
21
6.1550631889763778
0
LINE
8
BLACK
6
CONTINUOUS
10
-3.7707023622047244
20
6.1545032283464565
11
-3.7696677559055116
21
6.1534686220472441
0
LINE
8
BLACK
6
CONTINUOUS
10
-3.7696677559055116
20
6.1534686220472441
11
-3.7691077952755903
21
6.152116811023622
0
LINE
8
BLACK
6
CONTINUOUS
10
-3.7691077952755903
20
6.152116811023622
11
-3.769035748031496
21
6.151385236220472
0
LINE
8
BLACK
6
CONTINUOUS
10
-3.769035748031496
20
6.151385236220472
11
-3.769035748031496
21
6.1196842125984254
0
LINE
8
BLACK
6
CONTINUOUS
10
-3.769035748031496
20
6.1196842125984254
11
-3.7680346850393698
21
6.117014724409449
0
LINE
8
BLACK
6
CONTINUOUS
10
-3.7680346850393698
20
6.117014724409449
11
-3.7673140551181103
21
6.1160538976377952
0
LINE
8
BLACK
6
CONTINUOUS
10
-3.7673140551181103
20
6.1160538976377952
11
-3.7659360629921257
21
6.1151352362204721
0
LINE
8
BLACK
6
CONTINUOUS
10
-3.7659360629921257
20
6.1151352362204721
11
-3.7624925590551181
21
6.1151352362204721
0
LINE
8
BLACK
6
CONTINUOUS
10
-3.7624925590551181
20
6.1151352362204721
11
-3.7611146062992127
21
6.1160538582677164
0
LINE
8
BLACK
6
CONTINUOUS
10
-3.7611146062992127
20
6.1160538582677164
11
-3.7603939763779528
21
6.117014724409449
0
LINE
8
BLACK
6
CONTINUOUS
10
-3.7603939763779528
20
6.117014724409449
11
-3.7593928740157478
21
6.1196842125984254
0
LINE
8
BLACK
6
CONTINUOUS
10
-3.7593928740157478
20
6.1196842125984254
11
-3.7593928740157478
21
6.151385236220472
0
LINE
8
BLACK
6
CONTINUOUS
10
-3.7593928740157478
20
6.151385236220472
11
-3.7593208267716536
21
6.152116811023622
0
LINE
8
BLACK
6
CONTINUOUS
10
-3.7593208267716536
20
6.152116811023622
11
-3.7587608661417322
21
6.1534686220472441
0
LINE
8
BLACK
6
CONTINUOUS
10
-3.7587608661417322
20
6.1534686220472441
11
-3.7577262598425194
21
6.1545032283464565
0
LINE
8
BLACK
6
CONTINUOUS
10
-3.7577262598425194
20
6.1545032283464565
11
-3.7563744488188977
21
6.1550631889763778
0
LINE
8
BLACK
6
CONTINUOUS
10
-3.7563744488188977
20
6.1550631889763778
11
-3.7549112992125981
21
6.1550631889763778
0
LINE
8
BLACK
6
CONTINUOUS
10
-3.7549112992125981
20
6.1550631889763778
11
-3.7535594881889764
21
6.1545032283464565
0
LINE
8
BLACK
6
CONTINUOUS
10
-3.7535594881889764
20
6.1545032283464565
11
-3.7525248818897636
21
6.1534686220472441
0
LINE
8
BLACK
6
CONTINUOUS
10
-3.7525248818897636
20
6.1534686220472441
11
-3.7519649212598423
21
6.152116811023622
0
LINE
8
BLACK
6
CONTINUOUS
10
-3.7519649212598423
20
6.152116811023622
11
-3.751892874015748
21
6.151385236220472
0
LINE
8
BLACK
6
CONTINUOUS
10
-3.751892874015748
20
6.151385236220472
11
-3.751892874015748
21
6.1190042519685042
0
LINE
8
BLACK
6
CONTINUOUS
10
-3.751892874015748
20
6.1190042519685042
11
-3.7519449212598426
21
6.118475984251968
0
LINE
8
BLACK
6
CONTINUOUS
10
-3.7519449212598426
20
6.118475984251968
11
-3.7519422440944883
21
6.1183978346456689
0
LINE
8
BLACK
6
CONTINUOUS
10
-3.7519422440944883
20
6.1183978346456689
11
-3.7519586614173228
21
6.1183362598425193
0
LINE
8
BLACK
6
CONTINUOUS
10
-3.7519586614173228
20
6.1183362598425193
11
-3.7519649212598423
21
6.1182726771653542
0
LINE
8
BLACK
6
CONTINUOUS
10
-3.7519649212598423
20
6.1182726771653542
11
-3.7519949606299212
21
6.1182001574803149
0
LINE
8
BLACK
6
CONTINUOUS
10
-3.7519949606299212
20
6.1182001574803149
11
-3.7521316535433069
21
6.1176875196850391
0
LINE
8
BLACK
6
CONTINUOUS
10
-3.7521316535433069
20
6.1176875196850391
11
-3.7535602362204723
21
6.1138779921259845
0
LINE
8
BLACK
6
CONTINUOUS
10
-3.7535602362204723
20
6.1138779921259845
11
-3.7536685039370079
21
6.1136577952755902
0
LINE
8
BLACK
6
CONTINUOUS
10
-3.7536685039370079
20
6.1136577952755902
11
-3.7536901574803148
21
6.1135732283464561
0
LINE
8
BLACK
6
CONTINUOUS
10
-3.7536901574803148
20
6.1135732283464561
11
-3.7537951968503935
21
6.113400078740157
0
LINE
8
BLACK
6
CONTINUOUS
10
-3.7537951968503935
20
6.113400078740157
11
-3.7538845669291336
21
6.1132183070866137
0
LINE
8
BLACK
6
CONTINUOUS
10
-3.7538845669291336
20
6.1132183070866137
11
-3.7539442125984253
21
6.1131544488188974
0
LINE
8
BLACK
6
CONTINUOUS
10
-3.7539442125984253
20
6.1131544488188974
11
-3.7540714566929134
21
6.1129447244094486
0
LINE
8
BLACK
6
CONTINUOUS
10
-3.7540714566929134
20
6.1129447244094486
11
-3.7555000000000001
21
6.11104
0
LINE
8
BLACK
6
CONTINUOUS
10
-3.7555000000000001
20
6.11104
11
-3.7557985039370076
21
6.1107141732283461
0
LINE
8
BLACK
6
CONTINUOUS
10
-3.7557985039370076
20
6.1107141732283461
11
-3.7558511417322835
21
6.1106355511811019
0
LINE
8
BLACK
6
CONTINUOUS
10
-3.7558511417322835
20
6.1106355511811019
11
-3.7559287401574801
21
6.1105720078740156
0
LINE
8
BLACK
6
CONTINUOUS
10
-3.7559287401574801
20
6.1105720078740156
11
-3.7559965748031496
21
6.1104979527559058
0
LINE
8
BLACK
6
CONTINUOUS
10
-3.7559965748031496
20
6.1104979527559058
11
-3.7560781496062989
21
6.1104496456692914
0
LINE
8
BLACK
6
CONTINUOUS
10
-3.7560781496062989
20
6.1104496456692914
11
-3.7564198818897636
21
6.1101698031496063
0
LINE
8
BLACK
6
CONTINUOUS
10
-3.7564198818897636
20
6.1101698031496063
11
-3.7592770472440944
21
6.108265039370079
0
LINE
8
BLACK
6
CONTINUOUS
10
-3.7592770472440944
20
6.108265039370079
11
-3.7599257086614171
21
6.1079191732283462
0
LINE
8
BLACK
6
CONTINUOUS
10
-3.7599257086614171
20
6.1079191732283462
11
-3.7602862598425197
21
6.1078478346456695
0
LINE
8
BLACK
6
CONTINUOUS
10
-3.7602862598425197
20
6.1078478346456695
11
-3.760625590551181
21
6.1077072834645669
0
LINE
8
BLACK
6
CONTINUOUS
10
-3.760625590551181
20
6.1077072834645669
11
-3.7613571653543305
21
6.1076352362204727
0
LINE
8
BLACK
6
CONTINUOUS
10
-3.7613571653543305
20
6.1076352362204727
11
-3.7613611023622044
21
6.1076352362204727
0
LINE
8
BLACK
6
CONTINUOUS
10
-3.7613611023622044
20
6.1076352362204727
11
-3.7670675196850394
21
6.1076352362204727
0
LINE
8
BLACK
6
CONTINUOUS
10
-3.7670675196850394
20
6.1076352362204727
11
-3.7670714566929133
21
6.1076352362204727
0
LINE
8
BLACK
6
CONTINUOUS
10
-3.7670714566929133
20
6.1076352362204727
11
-3.7678030314960629
21
6.1077072834645669
0
LINE
8
BLACK
6
CONTINUOUS
10
-3.7678030314960629
20
6.1077072834645669
11
-3.7681424015748028
21
6.1078478346456695
0
LINE
8
BLACK
6
CONTINUOUS
10
-3.7681424015748028
20
6.1078478346456695
11
-3.7685029133858268
21
6.1079191732283462
0
LINE
8
BLACK
6
CONTINUOUS
10
-3.7685029133858268
20
6.1079191732283462
11
-3.7691515748031494
21
6.108265039370079
0
LINE
8
BLACK
6
CONTINUOUS
10
-3.7691515748031494
20
6.108265039370079
11
-3.7720087007874015
21
6.1101698031496063
0
LINE
8
BLACK
6
CONTINUOUS
10
-3.7720087007874015
20
6.1101698031496063
11
-3.7723503149606299
21
6.1104495275590551
0
LINE
8
BLACK
6
CONTINUOUS
10
-3.7723503149606299
20
6.1104495275590551
11
-3.7724319685039371
21
6.110497913385827
0
LINE
8
BLACK
6
CONTINUOUS
10
-3.7724319685039371
20
6.110497913385827
11
-3.7725
21
6.1105721259842518
0
LINE
8
BLACK
6
CONTINUOUS
10
-3.7725
20
6.1105721259842518
11
-3.772577440944882
21
6.1106355905511807
0
LINE
8
BLACK
6
CONTINUOUS
10
-3.772577440944882
20
6.1106355905511807
11
-3.7726300393700787
21
6.1107140944881886
0
LINE
8
BLACK
6
CONTINUOUS
10
-3.7726300393700787
20
6.1107140944881886
11
-3.7729285433070867
21
6.1110399606299213
0
LINE
8
BLACK
6
CONTINUOUS
10
-3.7729285433070867
20
6.1110399606299213
11
-3.7743571259842521
21
6.1129446850393698
0
LINE
8
BLACK
6
CONTINUOUS
10
-3.7743571259842521
20
6.1129446850393698
11
-3.7744844488188973
21
6.1131544881889761
0
LINE
8
BLACK
6
CONTINUOUS
10
-3.7744844488188973
20
6.1131544881889761
11
-3.7745440551181102
21
6.1132183070866137
0
LINE
8
BLACK
6
CONTINUOUS
10
-3.7745440551181102
20
6.1132183070866137
11
-3.7746333464566928
21
6.1133998425196845
0
LINE
8
BLACK
6
CONTINUOUS
10
-3.7746333464566928
20
6.1133998425196845
11
-3.7747384645669291
21
6.1135731496062995
0
LINE
8
BLACK
6
CONTINUOUS
10
-3.7747384645669291
20
6.1135731496062995
11
-3.7747601968503934
21
6.1136578740157477
0
LINE
8
BLACK
6
CONTINUOUS
10
-3.7747601968503934
20
6.1136578740157477
11
-3.7748683858267715
21
6.1138779921259845
0
LINE
8
BLACK
6
CONTINUOUS
10
-3.7748683858267715
20
6.1138779921259845
11
-3.7762969685039369
21
6.1176875196850391
0
LINE
8
BLACK
6
CONTINUOUS
10
-3.7762969685039369
20
6.1176875196850391
11
-3.7764337007874014
21
6.1182001574803149
0
LINE
8
BLACK
6
CONTINUOUS
10
-3.7764337007874014
20
6.1182001574803149
11
-3.7764637007874016
21
6.1182726771653542
0
LINE
8
BLACK
6
CONTINUOUS
10
-3.7764637007874016
20
6.1182726771653542
11
-3.7764699999999998
21
6.1183362598425193
0
LINE
8
BLACK
6
CONTINUOUS
10
-3.7764699999999998
20
6.1183362598425193
11
-3.776486377952756
21
6.1183978346456689
0
LINE
8
BLACK
6
CONTINUOUS
10
-3.776486377952756
20
6.1183978346456689
11
-3.7764837401574805
21
6.118475984251968
0
LINE
8
BLACK
6
CONTINUOUS
10
-3.7764837401574805
20
6.118475984251968
11
-3.7765357480314958
21
6.1190042519685042
0
LINE
8
BLACK
6
CONTINUOUS
10
-3.7765357480314958
20
6.1190042519685042
11
-3.7765357480314958
21
6.151385236220472
0
LINE
8
BLACK
6
CONTINUOUS
10
-3.7765357480314958
20
6.151385236220472
11
-3.7764637007874016
21
6.152116811023622
0
LINE
8
BLACK
6
CONTINUOUS
10
-3.7764637007874016
20
6.152116811023622
11
-3.7759037401574802
21
6.1534686220472441
0
LINE
8
BLACK
6
CONTINUOUS
10
-3.7759037401574802
20
6.1534686220472441
11
-3.7748691338582678
21
6.1545032283464565
0
LINE
8
BLACK
6
CONTINUOUS
10
-3.7748691338582678
20
6.1545032283464565
11
-3.7735173228346457
21
6.1550631889763778
0
LINE
8
BLACK
6
CONTINUOUS
10
-3.7735173228346457
20
6.1550631889763778
11
-3.7720541732283466
21
6.1550631889763778
0
LINE
8
BLACK
6
CONTINUOUS
10
-3.7720541732283466
20
6.1550631889763778
11
-3.7707023622047244
21
6.1545032283464565
0
LINE
8
BLACK
6
CONTINUOUS
10
-3.8583858267716535
20
6.2210508267716538
11
-3.8543602362204723
21
6.2187266535433068
0
LINE
8
BLACK
6
CONTINUOUS
10
-3.8543602362204723
20
6.2187266535433068
11
-3.8510733464566926
21
6.2154397637795276
0
LINE
8
BLACK
6
CONTINUOUS
10
-3.8510733464566926
20
6.2154397637795276
11
-3.8487491732283465
21
6.2114141732283459
0
LINE
8
BLACK
6
CONTINUOUS
10
-3.8487491732283465
20
6.2114141732283459
11
-3.8475460629921261
21
6.2069241732283462
0
LINE
8
BLACK
6
CONTINUOUS
10
-3.8475460629921261
20
6.2069241732283462
11
-3.8475460629921261
21
6.2022758267716531
0
LINE
8
BLACK
6
CONTINUOUS
10
-3.8475460629921261
20
6.2022758267716531
11
-3.8487491732283465
21
6.1977858267716535
0
LINE
8
BLACK
6
CONTINUOUS
10
-3.8487491732283465
20
6.1977858267716535
11
-3.8510733464566926
21
6.1937602362204727
0
LINE
8
BLACK
6
CONTINUOUS
10
-3.8510733464566926
20
6.1937602362204727
11
-3.8543602362204723
21
6.1904733464566926
0
LINE
8
BLACK
6
CONTINUOUS
10
-3.8543602362204723
20
6.1904733464566926
11
-3.8583858267716535
21
6.1881491732283465
0
LINE
8
BLACK
6
CONTINUOUS
10
-3.8583858267716535
20
6.1881491732283465
11
-3.8628758267716536
21
6.186946062992126
0
LINE
8
BLACK
6
CONTINUOUS
10
-3.8628758267716536
20
6.186946062992126
11
-3.8675241732283463
21
6.186946062992126
0
LINE
8
BLACK
6
CONTINUOUS
10
-3.8675241732283463
20
6.186946062992126
11
-3.8720141732283464
21
6.1881491732283465
0
LINE
8
BLACK
6
CONTINUOUS
10
-3.8720141732283464
20
6.1881491732283465
11
-3.8760397637795276
21
6.1904733464566926
0
LINE
8
BLACK
6
CONTINUOUS
10
-3.8760397637795276
20
6.1904733464566926
11
-3.8793266535433069
21
6.1937602362204727
0
LINE
8
BLACK
6
CONTINUOUS
10
-3.8793266535433069
20
6.1937602362204727
11
-3.8816508267716534
21
6.1977858267716535
0
LINE
8
BLACK
6
CONTINUOUS
10
-3.8816508267716534
20
6.1977858267716535
11
-3.8828539370078738
21
6.2022758267716531
0
LINE
8
BLACK
6
CONTINUOUS
10
-3.8828539370078738
20
6.2022758267716531
11
-3.8828539370078738
21
6.2061527559055119
0
LINE
8
BLACK
6
CONTINUOUS
10
-3.8828539370078738
20
6.2061527559055119
11
-3.8828539370078738
21
6.2069241732283462
0
LINE
8
BLACK
6
CONTINUOUS
10
-3.8828539370078738
20
6.2069241732283462
11
-3.8816508267716534
21
6.2114141732283459
0
LINE
8
BLACK
6
CONTINUOUS
10
-3.8816508267716534
20
6.2114141732283459
11
-3.8793266535433069
21
6.2154397637795276
0
LINE
8
BLACK
6
CONTINUOUS
10
-3.8793266535433069
20
6.2154397637795276
11
-3.8760397637795276
21
6.2187266535433068
0
LINE
8
BLACK
6
CONTINUOUS
10
-3.8760397637795276
20
6.2187266535433068
11
-3.8720141732283464
21
6.2210508267716538
0
LINE
8
BLACK
6
CONTINUOUS
10
-3.8720141732283464
20
6.2210508267716538
11
-3.8675241732283463
21
6.2222539370078742
0
LINE
8
BLACK
6
CONTINUOUS
10
-3.8675241732283463
20
6.2222539370078742
11
-3.8628758267716536
21
6.2222539370078742
0
LINE
8
BLACK
6
CONTINUOUS
10
-3.8628758267716536
20
6.2222539370078742
11
-3.8583858267716535
21
6.2210508267716538
0
LINE
8
BLACK
6
CONTINUOUS
10
-3.8730062598425197
20
6.2030472440944884
11
-3.8718178346456691
21
6.2001781102362203
0
LINE
8
BLACK
6
CONTINUOUS
10
-3.8718178346456691
20
6.2001781102362203
11
-3.8696218897637795
21
6.1979821653543308
0
LINE
8
BLACK
6
CONTINUOUS
10
-3.8696218897637795
20
6.1979821653543308
11
-3.8667527559055119
21
6.1967937401574797
0
LINE
8
BLACK
6
CONTINUOUS
10
-3.8667527559055119
20
6.1967937401574797
11
-3.863647244094488
21
6.1967937401574797
0
LINE
8
BLACK
6
CONTINUOUS
10
-3.863647244094488
20
6.1967937401574797
11
-3.8607781102362204
21
6.1979821653543308
0
LINE
8
BLACK
6
CONTINUOUS
10
-3.8607781102362204
20
6.1979821653543308
11
-3.8585821653543304
21
6.2001781102362203
0
LINE
8
BLACK
6
CONTINUOUS
10
-3.8585821653543304
20
6.2001781102362203
11
-3.8573937401574803
21
6.2030472440944884
0
LINE
8
BLACK
6
CONTINUOUS
10
-3.8573937401574803
20
6.2030472440944884
11
-3.8573937401574803
21
6.2061527559055119
0
LINE
8
BLACK
6
CONTINUOUS
10
-3.8573937401574803
20
6.2061527559055119
11
-3.8585821653543304
21
6.209021889763779
0
LINE
8
BLACK
6
CONTINUOUS
10
-3.8585821653543304
20
6.209021889763779
11
-3.8607781102362204
21
6.2112178346456695
0
LINE
8
BLACK
6
CONTINUOUS
10
-3.8607781102362204
20
6.2112178346456695
11
-3.863647244094488
21
6.2124062598425196
0
LINE
8
BLACK
6
CONTINUOUS
10
-3.863647244094488
20
6.2124062598425196
11
-3.8667527559055119
21
6.2124062598425196
0
LINE
8
BLACK
6
CONTINUOUS
10
-3.8667527559055119
20
6.2124062598425196
11
-3.8696218897637795
21
6.2112178346456695
0
LINE
8
BLACK
6
CONTINUOUS
10
-3.8696218897637795
20
6.2112178346456695
11
-3.8718178346456691
21
6.209021889763779
0
LINE
8
BLACK
6
CONTINUOUS
10
-3.8718178346456691
20
6.209021889763779
11
-3.8730062598425197
21
6.2061527559055119
0
LINE
8
BLACK
6
CONTINUOUS
10
-3.8730062598425197
20
6.2061527559055119
11
-3.8730062598425197
21
6.2030472440944884
0
LINE
8
BLACK
6
CONTINUOUS
10
-3.6775245669291339
20
6.2339039370078737
11
-3.6757221653543306
21
6.2331573622047243
0
LINE
8
BLACK
6
CONTINUOUS
10
-3.6757221653543306
20
6.2331573622047243
11
-3.6743426377952755
21
6.2317778346456691
0
LINE
8
BLACK
6
CONTINUOUS
10
-3.6743426377952755
20
6.2317778346456691
11
-3.673596062992126
21
6.2299754330708659
0
LINE
8
BLACK
6
CONTINUOUS
10
-3.673596062992126
20
6.2299754330708659
11
-3.6734999999999998
21
6.2290000000000001
0
LINE
8
BLACK
6
CONTINUOUS
10
-3.6734999999999998
20
6.2290000000000001
11
-3.6734999999999998
21
6.0839999999999996
0
LINE
8
BLACK
6
CONTINUOUS
10
-3.6734999999999998
20
6.0839999999999996
11
-3.673596062992126
21
6.0830245669291338
0
LINE
8
BLACK
6
CONTINUOUS
10
-3.673596062992126
20
6.0830245669291338
11
-3.6743426377952755
21
6.0812221653543306
0
LINE
8
BLACK
6
CONTINUOUS
10
-3.6743426377952755
20
6.0812221653543306
11
-3.6757221653543306
21
6.0798426377952755
0
LINE
8
BLACK
6
CONTINUOUS
10
-3.6757221653543306
20
6.0798426377952755
11
-3.6775245669291339
21
6.079096062992126
0
LINE
8
BLACK
6
CONTINUOUS
10
-3.6775245669291339
20
6.079096062992126
11
-3.6785000000000001
21
6.0789999999999997
0
LINE
8
BLACK
6
CONTINUOUS
10
-3.6785000000000001
20
6.0789999999999997
11
-3.8885000000000001
21
6.0789999999999997
0
LINE
8
BLACK
6
CONTINUOUS
10
-3.8885000000000001
20
6.0789999999999997
11
-3.8894754330708659
21
6.079096062992126
0
LINE
8
BLACK
6
CONTINUOUS
10
-3.8894754330708659
20
6.079096062992126
11
-3.8912778346456691
21
6.0798426377952755
0
LINE
8
BLACK
6
CONTINUOUS
10
-3.8912778346456691
20
6.0798426377952755
11
-3.8926573622047242
21
6.0812221653543306
0
LINE
8
BLACK
6
CONTINUOUS
10
-3.8926573622047242
20
6.0812221653543306
11
-3.8934039370078741
21
6.0830245669291338
0
LINE
8
BLACK
6
CONTINUOUS
10
-3.8934039370078741
20
6.0830245669291338
11
-3.8935
21
6.0839999999999996
0
LINE
8
BLACK
6
CONTINUOUS
10
-3.8935
20
6.0839999999999996
11
-3.8935
21
6.2290000000000001
0
LINE
8
BLACK
6
CONTINUOUS
10
-3.8935
20
6.2290000000000001
11
-3.8934039370078741
21
6.2299754330708659
0
LINE
8
BLACK
6
CONTINUOUS
10
-3.8934039370078741
20
6.2299754330708659
11
-3.8926573622047242
21
6.2317778346456691
0
LINE
8
BLACK
6
CONTINUOUS
10
-3.8926573622047242
20
6.2317778346456691
11
-3.8912778346456691
21
6.2331573622047243
0
LINE
8
BLACK
6
CONTINUOUS
10
-3.8912778346456691
20
6.2331573622047243
11
-3.8894754330708659
21
6.2339039370078737
0
LINE
8
BLACK
6
CONTINUOUS
10
-3.8894754330708659
20
6.2339039370078737
11
-3.8885000000000001
21
6.234
0
LINE
8
BLACK
6
CONTINUOUS
10
-3.8885000000000001
20
6.234
11
-3.6785000000000001
21
6.234
0
LINE
8
BLACK
6
CONTINUOUS
10
-3.6785000000000001
20
6.234
11
-3.6775245669291339
21
6.2339039370078737
0
LINE
8
BLACK
6
CONTINUOUS
10
-3.8834999999999997
20
6.2240000000000002
11
-3.8834999999999997
21
6.0889999999999995
0
LINE
8
BLACK
6
CONTINUOUS
10
-3.8834999999999997
20
6.0889999999999995
11
-3.6835
21
6.0889999999999995
0
LINE
8
BLACK
6
CONTINUOUS
10
-3.6835
20
6.0889999999999995
11
-3.6835
21
6.2240000000000002
0
LINE
8
BLACK
6
CONTINUOUS
10
-3.6835
20
6.2240000000000002
11
-3.8834999999999997
21
6.2240000000000002
0
LINE
8
BLACK
6
CONTINUOUS
10
-3.5785572440944882
20
6.0993919685039373
11
-3.5780368897637795
21
6.0978308661417318
0
LINE
8
BLACK
6
CONTINUOUS
10
-3.5780368897637795
20
6.0978308661417318
11
-3.5782584645669289
21
6.0970217716535435
0
LINE
8
BLACK
6
CONTINUOUS
10
-3.5782584645669289
20
6.0970217716535435
11
-3.5791965748031496
21
6.0951455905511809
0
LINE
8
BLACK
6
CONTINUOUS
10
-3.5791965748031496
20
6.0951455905511809
11
-3.579407716535433
21
6.0948735433070862
0
LINE
8
BLACK
6
CONTINUOUS
10
-3.579407716535433
20
6.0948735433070862
11
-3.5795992913385826
21
6.0945868503937008
0
LINE
8
BLACK
6
CONTINUOUS
10
-3.5795992913385826
20
6.0945868503937008
11
-3.5796814173228344
21
6.0945047244094486
0
LINE
8
BLACK
6
CONTINUOUS
10
-3.5796814173228344
20
6.0945047244094486
11
-3.5682600393700787
21
6.0945047244094486
0
LINE
8
BLACK
6
CONTINUOUS
10
-3.5682600393700787
20
6.0945047244094486
11
-3.5682600393700787
21
6.0979833070866141
0
LINE
8
BLACK
6
CONTINUOUS
10
-3.5682600393700787
20
6.0979833070866141
11
-3.5680963779527559
21
6.0988060629921259
0
LINE
8
BLACK
6
CONTINUOUS
10
-3.5680963779527559
20
6.0988060629921259
11
-3.5669327952755903
21
6.0999696456692911
0
LINE
8
BLACK
6
CONTINUOUS
10
-3.5669327952755903
20
6.0999696456692911
11
-3.565287283464567
21
6.0999696456692911
0
LINE
8
BLACK
6
CONTINUOUS
10
-3.565287283464567
20
6.0999696456692911
11
-3.5641237007874014
21
6.0988060629921259
0
LINE
8
BLACK
6
CONTINUOUS
10
-3.5641237007874014
20
6.0988060629921259
11
-3.5639600393700785
21
6.0979833070866141
0
LINE
8
BLACK
6
CONTINUOUS
10
-3.5639600393700785
20
6.0979833070866141
11
-3.5639600393700785
21
6.0867261811023621
0
LINE
8
BLACK
6
CONTINUOUS
10
-3.5639600393700785
20
6.0867261811023621
11
-3.5641237007874014
21
6.0859034251968502
0
LINE
8
BLACK
6
CONTINUOUS
10
-3.5641237007874014
20
6.0859034251968502
11
-3.565287283464567
21
6.084739842519685
0
LINE
8
BLACK
6
CONTINUOUS
10
-3.565287283464567
20
6.084739842519685
11
-3.5669327952755903
21
6.084739842519685
0
LINE
8
BLACK
6
CONTINUOUS
10
-3.5669327952755903
20
6.084739842519685
11
-3.5680963779527559
21
6.0859034251968502
0
LINE
8
BLACK
6
CONTINUOUS
10
-3.5680963779527559
20
6.0859034251968502
11
-3.5682600393700787
21
6.0867261811023621
0
LINE
8
BLACK
6
CONTINUOUS
10
-3.5682600393700787
20
6.0867261811023621
11
-3.5682600393700787
21
6.0902047244094488
0
LINE
8
BLACK
6
CONTINUOUS
10
-3.5682600393700787
20
6.0902047244094488
11
-3.5858100393700787
21
6.0902047244094488
0
LINE
8
BLACK
6
CONTINUOUS
10
-3.5858100393700787
20
6.0902047244094488
11
-3.5866327952755905
21
6.0903683858267712
0
LINE
8
BLACK
6
CONTINUOUS
10
-3.5866327952755905
20
6.0903683858267712
11
-3.5867893307086613
21
6.0905248818897633
0
LINE
8
BLACK
6
CONTINUOUS
10
-3.5867893307086613
20
6.0905248818897633
11
-3.5870063779527559
21
6.0905683070866141
0
LINE
8
BLACK
6
CONTINUOUS
10
-3.5870063779527559
20
6.0905683070866141
11
-3.5873537007874017
21
6.091089251968504
0
LINE
8
BLACK
6
CONTINUOUS
10
-3.5873537007874017
20
6.091089251968504
11
-3.5877963779527557
21
6.0915319685039373
0
LINE
8
BLACK
6
CONTINUOUS
10
-3.5877963779527557
20
6.0915319685039373
11
-3.5877963779527557
21
6.0917533070866137
0
LINE
8
BLACK
6
CONTINUOUS
10
-3.5877963779527557
20
6.0917533070866137
11
-3.5879191338582674
21
6.0919374803149609
0
LINE
8
BLACK
6
CONTINUOUS
10
-3.5879191338582674
20
6.0919374803149609
11
-3.5877963779527557
21
6.0925512992125981
0
LINE
8
BLACK
6
CONTINUOUS
10
-3.5877963779527557
20
6.0925512992125981
11
-3.5877963779527557
21
6.0931774803149601
0
LINE
8
BLACK
6
CONTINUOUS
10
-3.5877963779527557
20
6.0931774803149601
11
-3.5876398818897637
21
6.093333976377953
0
LINE
8
BLACK
6
CONTINUOUS
10
-3.5876398818897637
20
6.093333976377953
11
-3.5875964566929133
21
6.0935510629921259
0
LINE
8
BLACK
6
CONTINUOUS
10
-3.5875964566929133
20
6.0935510629921259
11
-3.5870026377952757
21
6.0941436220472438
0
LINE
8
BLACK
6
CONTINUOUS
10
-3.5870026377952757
20
6.0941436220472438
11
-3.5843654724409446
21
6.0959017716535433
0
LINE
8
BLACK
6
CONTINUOUS
10
-3.5843654724409446
20
6.0959017716535433
11
-3.5828865748031493
21
6.0973806692913382
0
LINE
8
BLACK
6
CONTINUOUS
10
-3.5828865748031493
20
6.0973806692913382
11
-3.5821044881889761
21
6.0989448425196846
0
LINE
8
BLACK
6
CONTINUOUS
10
-3.5821044881889761
20
6.0989448425196846
11
-3.5815901181102361
21
6.0996075196850397
0
LINE
8
BLACK
6
CONTINUOUS
10
-3.5815901181102361
20
6.0996075196850397
11
-3.5800290157480315
21
6.1001278740157483
0
LINE
8
BLACK
6
CONTINUOUS
10
-3.5800290157480315
20
6.1001278740157483
11
-3.5785572440944882
21
6.0993919685039373
0
LINE
8
BLACK
6
CONTINUOUS
10
-3.5292537795275591
20
6.1368015748031493
11
-3.5281984251968503
21
6.1357462204724404
0
LINE
8
BLACK
6
CONTINUOUS
10
-3.5281984251968503
20
6.1357462204724404
11
-3.5280499999999999
21
6.1349999999999998
0
LINE
8
BLACK
6
CONTINUOUS
10
-3.5280499999999999
20
6.1349999999999998
11
-3.5280499999999999
21
6.0949999999999998
0
LINE
8
BLACK
6
CONTINUOUS
10
-3.5280499999999999
20
6.0949999999999998
11
-3.5281984251968503
21
6.0942537795275591
0
LINE
8
BLACK
6
CONTINUOUS
10
-3.5281984251968503
20
6.0942537795275591
11
-3.5292537795275591
21
6.0931984251968503
0
LINE
8
BLACK
6
CONTINUOUS
10
-3.5292537795275591
20
6.0931984251968503
11
-3.5307462204724409
21
6.0931984251968503
0
LINE
8
BLACK
6
CONTINUOUS
10
-3.5307462204724409
20
6.0931984251968503
11
-3.5318015748031497
21
6.0942537795275591
0
LINE
8
BLACK
6
CONTINUOUS
10
-3.5318015748031497
20
6.0942537795275591
11
-3.5319499999999997
21
6.0949999999999998
0
LINE
8
BLACK
6
CONTINUOUS
10
-3.5319499999999997
20
6.0949999999999998
11
-3.5319499999999997
21
6.1330499999999999
0
LINE
8
BLACK
6
CONTINUOUS
10
-3.5319499999999997
20
6.1330499999999999
11
-3.58805
21
6.1330499999999999
0
LINE
8
BLACK
6
CONTINUOUS
10
-3.58805
20
6.1330499999999999
11
-3.58805
21
6.0949999999999998
0
LINE
8
BLACK
6
CONTINUOUS
10
-3.58805
20
6.0949999999999998
11
-3.5881984251968504
21
6.0942537795275591
0
LINE
8
BLACK
6
CONTINUOUS
10
-3.5881984251968504
20
6.0942537795275591
11
-3.5892537795275588
21
6.0931984251968503
0
LINE
8
BLACK
6
CONTINUOUS
10
-3.5892537795275588
20
6.0931984251968503
11
-3.590746220472441
21
6.0931984251968503
0
LINE
8
BLACK
6
CONTINUOUS
10
-3.590746220472441
20
6.0931984251968503
11
-3.5918015748031493
21
6.0942537795275591
0
LINE
8
BLACK
6
CONTINUOUS
10
-3.5918015748031493
20
6.0942537795275591
11
-3.5919499999999998
21
6.0949999999999998
0
LINE
8
BLACK
6
CONTINUOUS
10
-3.5919499999999998
20
6.0949999999999998
11
-3.5919499999999998
21
6.1349999999999998
0
LINE
8
BLACK
6
CONTINUOUS
10
-3.5919499999999998
20
6.1349999999999998
11
-3.5918015748031493
21
6.1357462204724404
0
LINE
8
BLACK
6
CONTINUOUS
10
-3.5918015748031493
20
6.1357462204724404
11
-3.590746220472441
21
6.1368015748031493
0
LINE
8
BLACK
6
CONTINUOUS
10
-3.590746220472441
20
6.1368015748031493
11
-3.5899999999999999
21
6.1369499999999997
0
LINE
8
BLACK
6
CONTINUOUS
10
-3.5899999999999999
20
6.1369499999999997
11
-3.5299999999999998
21
6.1369499999999997
0
LINE
8
BLACK
6
CONTINUOUS
10
-3.5299999999999998
20
6.1369499999999997
11
-3.5292537795275591
21
6.1368015748031493
0
LINE
8
BLACK
6
CONTINUOUS
10
-4.0874999999999995
20
6.2524999999999995
11
-4.1524999999999999
21
6.2524999999999995
0
LINE
8
BLACK
6
CONTINUOUS
10
-4.1524999999999999
20
6.2524999999999995
11
-4.1524999999999999
21
6.3174999999999999
0
LINE
8
BLACK
6
CONTINUOUS
10
-4.1524999999999999
20
6.3174999999999999
11
-4.0874999999999995
21
6.3174999999999999
0
LINE
8
BLACK
6
CONTINUOUS
10
-4.0874999999999995
20
6.3174999999999999
11
-4.0874999999999995
21
6.2524999999999995
0
LINE
8
BLACK
6
CONTINUOUS
10
-3.6442537795275589
20
6.6368015748031493
11
-3.6431984251968501
21
6.6357462204724404
0
LINE
8
BLACK
6
CONTINUOUS
10
-3.6431984251968501
20
6.6357462204724404
11
-3.6430500000000001
21
6.6349999999999998
0
LINE
8
BLACK
6
CONTINUOUS
10
-3.6430500000000001
20
6.6349999999999998
11
-3.6430500000000001
21
6.5811146850393696
0
LINE
8
BLACK
6
CONTINUOUS
10
-3.6430500000000001
20
6.5811146850393696
11
-3.641355866141732
21
6.5818164566929136
0
LINE
8
BLACK
6
CONTINUOUS
10
-3.641355866141732
20
6.5818164566929136
11
-3.6386441338582678
21
6.5818164566929136
0
LINE
8
BLACK
6
CONTINUOUS
10
-3.6386441338582678
20
6.5818164566929136
11
-3.6361387795275588
21
6.580778700787401
0
LINE
8
BLACK
6
CONTINUOUS
10
-3.6361387795275588
20
6.580778700787401
11
-3.6342212992125984
21
6.578861220472441
0
LINE
8
BLACK
6
CONTINUOUS
10
-3.6342212992125984
20
6.578861220472441
11
-3.6331835433070867
21
6.5763558661417321
0
LINE
8
BLACK
6
CONTINUOUS
10
-3.6331835433070867
20
6.5763558661417321
11
-3.6331835433070867
21
6.5736441338582674
0
LINE
8
BLACK
6
CONTINUOUS
10
-3.6331835433070867
20
6.5736441338582674
11
-3.6342212992125984
21
6.5711387795275593
0
LINE
8
BLACK
6
CONTINUOUS
10
-3.6342212992125984
20
6.5711387795275593
11
-3.6361387795275588
21
6.5692212992125985
0
LINE
8
BLACK
6
CONTINUOUS
10
-3.6361387795275588
20
6.5692212992125985
11
-3.6386441338582678
21
6.5681835433070868
0
LINE
8
BLACK
6
CONTINUOUS
10
-3.6386441338582678
20
6.5681835433070868
11
-3.641355866141732
21
6.5681835433070868
0
LINE
8
BLACK
6
CONTINUOUS
10
-3.641355866141732
20
6.5681835433070868
11
-3.643861220472441
21
6.5692212992125985
0
LINE
8
BLACK
6
CONTINUOUS
10
-3.643861220472441
20
6.5692212992125985
11
-3.6457787007874014
21
6.5711387795275593
0
LINE
8
BLACK
6
CONTINUOUS
10
-3.6457787007874014
20
6.5711387795275593
11
-3.6465703543307084
21
6.5730500000000003
0
LINE
8
BLACK
6
CONTINUOUS
10
-3.6465703543307084
20
6.5730500000000003
11
-3.6850000000000001
21
6.5730500000000003
0
LINE
8
BLACK
6
CONTINUOUS
10
-3.6850000000000001
20
6.5730500000000003
11
-3.6857462204724407
21
6.5731984251968498
0
LINE
8
BLACK
6
CONTINUOUS
10
-3.6857462204724407
20
6.5731984251968498
11
-3.6868015748031495
21
6.5742537795275586
0
LINE
8
BLACK
6
CONTINUOUS
10
-3.6868015748031495
20
6.5742537795275586
11
-3.6868015748031495
21
6.5757462204724408
0
LINE
8
BLACK
6
CONTINUOUS
10
-3.6868015748031495
20
6.5757462204724408
11
-3.6857462204724407
21
6.5768015748031496
0
LINE
8
BLACK
6
CONTINUOUS
10
-3.6857462204724407
20
6.5768015748031496
11
-3.6850000000000001
21
6.5769500000000001
0
LINE
8
BLACK
6
CONTINUOUS
10
-3.6850000000000001
20
6.5769500000000001
11
-3.6469499999999999
21
6.5769500000000001
0
LINE
8
BLACK
6
CONTINUOUS
10
-3.6469499999999999
20
6.5769500000000001
11
-3.6469499999999999
21
6.6330499999999999
0
LINE
8
BLACK
6
CONTINUOUS
10
-3.6469499999999999
20
6.6330499999999999
11
-3.6850000000000001
21
6.6330499999999999
0
LINE
8
BLACK
6
CONTINUOUS
10
-3.6850000000000001
20
6.6330499999999999
11
-3.6857462204724407
21
6.6331984251968503
0
LINE
8
BLACK
6
CONTINUOUS
10
-3.6857462204724407
20
6.6331984251968503
11
-3.6868015748031495
21
6.6342537795275591
0
LINE
8
BLACK
6
CONTINUOUS
10
-3.6868015748031495
20
6.6342537795275591
11
-3.6868015748031495
21
6.6357462204724404
0
LINE
8
BLACK
6
CONTINUOUS
10
-3.6868015748031495
20
6.6357462204724404
11
-3.6857462204724407
21
6.6368015748031493
0
LINE
8
BLACK
6
CONTINUOUS
10
-3.6857462204724407
20
6.6368015748031493
11
-3.6850000000000001
21
6.6369499999999997
0
LINE
8
BLACK
6
CONTINUOUS
10
-3.6850000000000001
20
6.6369499999999997
11
-3.645
21
6.6369499999999997
0
LINE
8
BLACK
6
CONTINUOUS
10
-3.645
20
6.6369499999999997
11
-3.6442537795275589
21
6.6368015748031493
0
LINE
8
BLACK
6
CONTINUOUS
10
-3.6417276771653544
20
6.5775856692913388
11
-3.6425856692913383
21
6.576727677165354
0
LINE
8
BLACK
6
CONTINUOUS
10
-3.6425856692913383
20
6.576727677165354
11
-3.6430500000000001
21
6.5756066929133858
0
LINE
8
BLACK
6
CONTINUOUS
10
-3.6430500000000001
20
6.5756066929133858
11
-3.6430500000000001
21
6.5743933070866136
0
LINE
8
BLACK
6
CONTINUOUS
10
-3.6430500000000001
20
6.5743933070866136
11
-3.6425856692913383
21
6.5732723228346455
0
LINE
8
BLACK
6
CONTINUOUS
10
-3.6425856692913383
20
6.5732723228346455
11
-3.6417276771653544
21
6.5724143307086615
0
LINE
8
BLACK
6
CONTINUOUS
10
-3.6417276771653544
20
6.5724143307086615
11
-3.6406066929133858
21
6.5719500000000002
0
LINE
8
BLACK
6
CONTINUOUS
10
-3.6406066929133858
20
6.5719500000000002
11
-3.639393307086614
21
6.5719500000000002
0
LINE
8
BLACK
6
CONTINUOUS
10
-3.639393307086614
20
6.5719500000000002
11
-3.6382723228346454
21
6.5724143307086615
0
LINE
8
BLACK
6
CONTINUOUS
10
-3.6382723228346454
20
6.5724143307086615
11
-3.6374143307086615
21
6.5732723228346455
0
LINE
8
BLACK
6
CONTINUOUS
10
-3.6374143307086615
20
6.5732723228346455
11
-3.6369500000000001
21
6.5743933070866136
0
LINE
8
BLACK
6
CONTINUOUS
10
-3.6369500000000001
20
6.5743933070866136
11
-3.6369500000000001
21
6.5756066929133858
0
LINE
8
BLACK
6
CONTINUOUS
10
-3.6369500000000001
20
6.5756066929133858
11
-3.6374143307086615
21
6.576727677165354
0
LINE
8
BLACK
6
CONTINUOUS
10
-3.6374143307086615
20
6.576727677165354
11
-3.6382723228346454
21
6.5775856692913388
0
LINE
8
BLACK
6
CONTINUOUS
10
-3.6382723228346454
20
6.5775856692913388
11
-3.639393307086614
21
6.5780500000000002
0
LINE
8
BLACK
6
CONTINUOUS
10
-3.639393307086614
20
6.5780500000000002
11
-3.6406066929133858
21
6.5780500000000002
0
LINE
8
BLACK
6
CONTINUOUS
10
-3.6406066929133858
20
6.5780500000000002
11
-3.6417276771653544
21
6.5775856692913388
0
LINE
8
BLACK
6
CONTINUOUS
10
-3.9111387795275592
20
6.6407787007874015
11
-3.9092212992125983
21
6.6388612204724406
0
LINE
8
BLACK
6
CONTINUOUS
10
-3.9092212992125983
20
6.6388612204724406
11
-3.9084296456692913
21
6.6369499999999997
0
LINE
8
BLACK
6
CONTINUOUS
10
-3.9084296456692913
20
6.6369499999999997
11
-3.8700000000000001
21
6.6369499999999997
0
LINE
8
BLACK
6
CONTINUOUS
10
-3.8700000000000001
20
6.6369499999999997
11
-3.869253779527559
21
6.6368015748031493
0
LINE
8
BLACK
6
CONTINUOUS
10
-3.869253779527559
20
6.6368015748031493
11
-3.8681984251968502
21
6.6357462204724404
0
LINE
8
BLACK
6
CONTINUOUS
10
-3.8681984251968502
20
6.6357462204724404
11
-3.8681984251968502
21
6.6342537795275591
0
LINE
8
BLACK
6
CONTINUOUS
10
-3.8681984251968502
20
6.6342537795275591
11
-3.869253779527559
21
6.6331984251968503
0
LINE
8
BLACK
6
CONTINUOUS
10
-3.869253779527559
20
6.6331984251968503
11
-3.8700000000000001
21
6.6330499999999999
0
LINE
8
BLACK
6
CONTINUOUS
10
-3.8700000000000001
20
6.6330499999999999
11
-3.9080499999999998
21
6.6330499999999999
0
LINE
8
BLACK
6
CONTINUOUS
10
-3.9080499999999998
20
6.6330499999999999
11
-3.9080499999999998
21
6.5769500000000001
0
LINE
8
BLACK
6
CONTINUOUS
10
-3.9080499999999998
20
6.5769500000000001
11
-3.8700000000000001
21
6.5769500000000001
0
LINE
8
BLACK
6
CONTINUOUS
10
-3.8700000000000001
20
6.5769500000000001
11
-3.869253779527559
21
6.5768015748031496
0
LINE
8
BLACK
6
CONTINUOUS
10
-3.869253779527559
20
6.5768015748031496
11
-3.8681984251968502
21
6.5757462204724408
0
LINE
8
BLACK
6
CONTINUOUS
10
-3.8681984251968502
20
6.5757462204724408
11
-3.8681984251968502
21
6.5742537795275586
0
LINE
8
BLACK
6
CONTINUOUS
10
-3.8681984251968502
20
6.5742537795275586
11
-3.869253779527559
21
6.5731984251968498
0
LINE
8
BLACK
6
CONTINUOUS
10
-3.869253779527559
20
6.5731984251968498
11
-3.8700000000000001
21
6.5730500000000003
0
LINE
8
BLACK
6
CONTINUOUS
10
-3.8700000000000001
20
6.5730500000000003
11
-3.9099999999999997
21
6.5730500000000003
0
LINE
8
BLACK
6
CONTINUOUS
10
-3.9099999999999997
20
6.5730500000000003
11
-3.9107462204724408
21
6.5731984251968498
0
LINE
8
BLACK
6
CONTINUOUS
10
-3.9107462204724408
20
6.5731984251968498
11
-3.9118015748031496
21
6.5742537795275586
0
LINE
8
BLACK
6
CONTINUOUS
10
-3.9118015748031496
20
6.5742537795275586
11
-3.91195
21
6.5750000000000002
0
LINE
8
BLACK
6
CONTINUOUS
10
-3.91195
20
6.5750000000000002
11
-3.91195
21
6.6288852755905507
0
LINE
8
BLACK
6
CONTINUOUS
10
-3.91195
20
6.6288852755905507
11
-3.9136441338582677
21
6.6281835433070864
0
LINE
8
BLACK
6
CONTINUOUS
10
-3.9136441338582677
20
6.6281835433070864
11
-3.9163558661417324
21
6.6281835433070864
0
LINE
8
BLACK
6
CONTINUOUS
10
-3.9163558661417324
20
6.6281835433070864
11
-3.9188612204724409
21
6.6292212992125981
0
LINE
8
BLACK
6
CONTINUOUS
10
-3.9188612204724409
20
6.6292212992125981
11
-3.9207787007874013
21
6.6311387795275589
0
LINE
8
BLACK
6
CONTINUOUS
10
-3.9207787007874013
20
6.6311387795275589
11
-3.9218164566929135
21
6.6336441338582679
0
LINE
8
BLACK
6
CONTINUOUS
10
-3.9218164566929135
20
6.6336441338582679
11
-3.9218164566929135
21
6.6356066929133855
0
LINE
8
BLACK
6
CONTINUOUS
10
-3.9218164566929135
20
6.6356066929133855
11
-3.9218164566929135
21
6.6363558661417326
0
LINE
8
BLACK
6
CONTINUOUS
10
-3.9218164566929135
20
6.6363558661417326
11
-3.9207787007874013
21
6.6388612204724406
0
LINE
8
BLACK
6
CONTINUOUS
10
-3.9207787007874013
20
6.6388612204724406
11
-3.9188612204724409
21
6.6407787007874015
0
LINE
8
BLACK
6
CONTINUOUS
10
-3.9188612204724409
20
6.6407787007874015
11
-3.9163558661417324
21
6.6418164566929132
0
LINE
8
BLACK
6
CONTINUOUS
10
-3.9163558661417324
20
6.6418164566929132
11
-3.9136441338582677
21
6.6418164566929132
0
LINE
8
BLACK
6
CONTINUOUS
10
-3.9136441338582677
20
6.6418164566929132
11
-3.9111387795275592
21
6.6407787007874015
0
LINE
8
BLACK
6
CONTINUOUS
10
-3.91805
20
6.6343933070866141
11
-3.9175856692913387
21
6.633272322834646
0
LINE
8
BLACK
6
CONTINUOUS
10
-3.9175856692913387
20
6.633272322834646
11
-3.9167276771653543
21
6.6324143307086612
0
LINE
8
BLACK
6
CONTINUOUS
10
-3.9167276771653543
20
6.6324143307086612
11
-3.9156066929133857
21
6.6319499999999998
0
LINE
8
BLACK
6
CONTINUOUS
10
-3.9156066929133857
20
6.6319499999999998
11
-3.9143933070866139
21
6.6319499999999998
0
LINE
8
BLACK
6
CONTINUOUS
10
-3.9143933070866139
20
6.6319499999999998
11
-3.9132723228346458
21
6.6324143307086612
0
LINE
8
BLACK
6
CONTINUOUS
10
-3.9132723228346458
20
6.6324143307086612
11
-3.9124143307086614
21
6.633272322834646
0
LINE
8
BLACK
6
CONTINUOUS
10
-3.9124143307086614
20
6.633272322834646
11
-3.91195
21
6.6343933070866141
0
LINE
8
BLACK
6
CONTINUOUS
10
-3.91195
20
6.6343933070866141
11
-3.91195
21
6.6356066929133855
0
LINE
8
BLACK
6
CONTINUOUS
10
-3.91195
20
6.6356066929133855
11
-3.9124143307086614
21
6.6367276771653545
0
LINE
8
BLACK
6
CONTINUOUS
10
-3.9124143307086614
20
6.6367276771653545
11
-3.9132723228346458
21
6.6375856692913384
0
LINE
8
BLACK
6
CONTINUOUS
10
-3.9132723228346458
20
6.6375856692913384
11
-3.9143933070866139
21
6.6380499999999998
0
LINE
8
BLACK
6
CONTINUOUS
10
-3.9143933070866139
20
6.6380499999999998
11
-3.9156066929133857
21
6.6380499999999998
0
LINE
8
BLACK
6
CONTINUOUS
10
-3.9156066929133857
20
6.6380499999999998
11
-3.9167276771653543
21
6.6375856692913384
0
LINE
8
BLACK
6
CONTINUOUS
10
-3.9167276771653543
20
6.6375856692913384
11
-3.9175856692913387
21
6.6367276771653545
0
LINE
8
BLACK
6
CONTINUOUS
10
-3.9175856692913387
20
6.6367276771653545
11
-3.91805
21
6.6356066929133855
0
LINE
8
BLACK
6
CONTINUOUS
10
-3.91805
20
6.6356066929133855
11
-3.91805
21
6.6343933070866141
0
LINE
8
BLACK
6
CONTINUOUS
10
-3.7892537795275589
20
6.6368015748031493
11
-3.7881984251968501
21
6.6357462204724404
0
LINE
8
BLACK
6
CONTINUOUS
10
-3.7881984251968501
20
6.6357462204724404
11
-3.7880499999999997
21
6.6349999999999998
0
LINE
8
BLACK
6
CONTINUOUS
10
-3.7880499999999997
20
6.6349999999999998
11
-3.7880499999999997
21
6.5750000000000002
0
LINE
8
BLACK
6
CONTINUOUS
10
-3.7880499999999997
20
6.5750000000000002
11
-3.7881984251968501
21
6.5742537795275586
0
LINE
8
BLACK
6
CONTINUOUS
10
-3.7881984251968501
20
6.5742537795275586
11
-3.7892537795275589
21
6.5731984251968498
0
LINE
8
BLACK
6
CONTINUOUS
10
-3.7892537795275589
20
6.5731984251968498
11
-3.79
21
6.5730500000000003
0
LINE
8
BLACK
6
CONTINUOUS
10
-3.79
20
6.5730500000000003
11
-3.8300000000000001
21
6.5730500000000003
0
LINE
8
BLACK
6
CONTINUOUS
10
-3.8300000000000001
20
6.5730500000000003
11
-3.8307462204724407
21
6.5731984251968498
0
LINE
8
BLACK
6
CONTINUOUS
10
-3.8307462204724407
20
6.5731984251968498
11
-3.8318015748031495
21
6.5742537795275586
0
LINE
8
BLACK
6
CONTINUOUS
10
-3.8318015748031495
20
6.5742537795275586
11
-3.8318015748031495
21
6.5757462204724408
0
LINE
8
BLACK
6
CONTINUOUS
10
-3.8318015748031495
20
6.5757462204724408
11
-3.8307462204724407
21
6.5768015748031496
0
LINE
8
BLACK
6
CONTINUOUS
10
-3.8307462204724407
20
6.5768015748031496
11
-3.8300000000000001
21
6.5769500000000001
0
LINE
8
BLACK
6
CONTINUOUS
10
-3.8300000000000001
20
6.5769500000000001
11
-3.7919499999999999
21
6.5769500000000001
0
LINE
8
BLACK
6
CONTINUOUS
10
-3.7919499999999999
20
6.5769500000000001
11
-3.7919499999999999
21
6.6330499999999999
0
LINE
8
BLACK
6
CONTINUOUS
10
-3.7919499999999999
20
6.6330499999999999
11
-3.8300000000000001
21
6.6330499999999999
0
LINE
8
BLACK
6
CONTINUOUS
10
-3.8300000000000001
20
6.6330499999999999
11
-3.8307462204724407
21
6.6331984251968503
0
LINE
8
BLACK
6
CONTINUOUS
10
-3.8307462204724407
20
6.6331984251968503
11
-3.8318015748031495
21
6.6342537795275591
0
LINE
8
BLACK
6
CONTINUOUS
10
-3.8318015748031495
20
6.6342537795275591
11
-3.8318015748031495
21
6.6357462204724404
0
LINE
8
BLACK
6
CONTINUOUS
10
-3.8318015748031495
20
6.6357462204724404
11
-3.8307462204724407
21
6.6368015748031493
0
LINE
8
BLACK
6
CONTINUOUS
10
-3.8307462204724407
20
6.6368015748031493
11
-3.8300000000000001
21
6.6369499999999997
0
LINE
8
BLACK
6
CONTINUOUS
10
-3.8300000000000001
20
6.6369499999999997
11
-3.79
21
6.6369499999999997
0
LINE
8
BLACK
6
CONTINUOUS
10
-3.79
20
6.6369499999999997
11
-3.7892537795275589
21
6.6368015748031493
0
LINE
8
BLACK
6
CONTINUOUS
10
-3.724253779527559
20
6.6368015748031493
11
-3.7231984251968502
21
6.6357462204724404
0
LINE
8
BLACK
6
CONTINUOUS
10
-3.7231984251968502
20
6.6357462204724404
11
-3.7231984251968502
21
6.6342537795275591
0
LINE
8
BLACK
6
CONTINUOUS
10
-3.7231984251968502
20
6.6342537795275591
11
-3.724253779527559
21
6.6331984251968503
0
LINE
8
BLACK
6
CONTINUOUS
10
-3.724253779527559
20
6.6331984251968503
11
-3.7250000000000001
21
6.6330499999999999
0
LINE
8
BLACK
6
CONTINUOUS
10
-3.7250000000000001
20
6.6330499999999999
11
-3.7630499999999998
21
6.6330499999999999
0
LINE
8
BLACK
6
CONTINUOUS
10
-3.7630499999999998
20
6.6330499999999999
11
-3.7630499999999998
21
6.5769500000000001
0
LINE
8
BLACK
6
CONTINUOUS
10
-3.7630499999999998
20
6.5769500000000001
11
-3.7250000000000001
21
6.5769500000000001
0
LINE
8
BLACK
6
CONTINUOUS
10
-3.7250000000000001
20
6.5769500000000001
11
-3.724253779527559
21
6.5768015748031496
0
LINE
8
BLACK
6
CONTINUOUS
10
-3.724253779527559
20
6.5768015748031496
11
-3.7231984251968502
21
6.5757462204724408
0
LINE
8
BLACK
6
CONTINUOUS
10
-3.7231984251968502
20
6.5757462204724408
11
-3.7231984251968502
21
6.5742537795275586
0
LINE
8
BLACK
6
CONTINUOUS
10
-3.7231984251968502
20
6.5742537795275586
11
-3.724253779527559
21
6.5731984251968498
0
LINE
8
BLACK
6
CONTINUOUS
10
-3.724253779527559
20
6.5731984251968498
11
-3.7250000000000001
21
6.5730500000000003
0
LINE
8
BLACK
6
CONTINUOUS
10
-3.7250000000000001
20
6.5730500000000003
11
-3.7650000000000001
21
6.5730500000000003
0
LINE
8
BLACK
6
CONTINUOUS
10
-3.7650000000000001
20
6.5730500000000003
11
-3.7657462204724408
21
6.5731984251968498
0
LINE
8
BLACK
6
CONTINUOUS
10
-3.7657462204724408
20
6.5731984251968498
11
-3.7668015748031496
21
6.5742537795275586
0
LINE
8
BLACK
6
CONTINUOUS
10
-3.7668015748031496
20
6.5742537795275586
11
-3.76695
21
6.5750000000000002
0
LINE
8
BLACK
6
CONTINUOUS
10
-3.76695
20
6.5750000000000002
11
-3.76695
21
6.6349999999999998
0
LINE
8
BLACK
6
CONTINUOUS
10
-3.76695
20
6.6349999999999998
11
-3.7668015748031496
21
6.6357462204724404
0
LINE
8
BLACK
6
CONTINUOUS
10
-3.7668015748031496
20
6.6357462204724404
11
-3.7657462204724408
21
6.6368015748031493
0
LINE
8
BLACK
6
CONTINUOUS
10
-3.7657462204724408
20
6.6368015748031493
11
-3.7650000000000001
21
6.6369499999999997
0
LINE
8
BLACK
6
CONTINUOUS
10
-3.7650000000000001
20
6.6369499999999997
11
-3.7250000000000001
21
6.6369499999999997
0
LINE
8
BLACK
6
CONTINUOUS
10
-3.7250000000000001
20
6.6369499999999997
11
-3.724253779527559
21
6.6368015748031493
0
LINE
8
BLACK
6
CONTINUOUS
10
-3.7053633858267716
20
6.6029389763779527
11
-3.7053166141732281
21
6.6029545669291334
0
LINE
8
BLACK
6
CONTINUOUS
10
-3.7053166141732281
20
6.6029545669291334
11
-3.7049844881889764
21
6.6028635826771653
0
LINE
8
BLACK
6
CONTINUOUS
10
-3.7049844881889764
20
6.6028635826771653
11
-3.7046462992125981
21
6.6027963385826771
0
LINE
8
BLACK
6
CONTINUOUS
10
-3.7046462992125981
20
6.6027963385826771
11
-3.7046114173228344
21
6.6027614173228342
0
LINE
8
BLACK
6
CONTINUOUS
10
-3.7046114173228344
20
6.6027614173228342
11
-3.7045075196850394
21
6.6027329921259845
0
LINE
8
BLACK
6
CONTINUOUS
10
-3.7045075196850394
20
6.6027329921259845
11
-3.7026313385826772
21
6.6017949212598426
0
LINE
8
BLACK
6
CONTINUOUS
10
-3.7026313385826772
20
6.6017949212598426
11
-3.7023589763779525
21
6.6015834645669287
0
LINE
8
BLACK
6
CONTINUOUS
10
-3.7023589763779525
20
6.6015834645669287
11
-3.7020726377952755
21
6.6013922047244096
0
LINE
8
BLACK
6
CONTINUOUS
10
-3.7020726377952755
20
6.6013922047244096
11
-3.7011345275590553
21
6.6004541338582676
0
LINE
8
BLACK
6
CONTINUOUS
10
-3.7011345275590553
20
6.6004541338582676
11
-3.7009430708661415
21
6.6001675590551176
0
LINE
8
BLACK
6
CONTINUOUS
10
-3.7009430708661415
20
6.6001675590551176
11
-3.7007317322834643
21
6.5998953149606301
0
LINE
8
BLACK
6
CONTINUOUS
10
-3.7007317322834643
20
6.5998953149606301
11
-3.6997936614173228
21
6.5980190551181099
0
LINE
8
BLACK
6
CONTINUOUS
10
-3.6997936614173228
20
6.5980190551181099
11
-3.6997314960629919
21
6.5977918897637791
0
LINE
8
BLACK
6
CONTINUOUS
10
-3.6997314960629919
20
6.5977918897637791
11
-3.6996309055118108
21
6.5975790551181097
0
LINE
8
BLACK
6
CONTINUOUS
10
-3.6996309055118108
20
6.5975790551181097
11
-3.6986927952755906
21
6.5938267322834641
0
LINE
8
BLACK
6
CONTINUOUS
10
-3.6986927952755906
20
6.5938267322834641
11
-3.69868
21
6.5935636614173223
0
LINE
8
BLACK
6
CONTINUOUS
10
-3.69868
20
6.5935636614173223
11
-3.6986285826771654
21
6.5933052362204725
0
LINE
8
BLACK
6
CONTINUOUS
10
-3.6986285826771654
20
6.5933052362204725
11
-3.6986285826771654
21
6.5886147637795274
0
LINE
8
BLACK
6
CONTINUOUS
10
-3.6986285826771654
20
6.5886147637795274
11
-3.69868
21
6.5883562992125979
0
LINE
8
BLACK
6
CONTINUOUS
10
-3.69868
20
6.5883562992125979
11
-3.6986927952755906
21
6.5880933070866137
0
LINE
8
BLACK
6
CONTINUOUS
10
-3.6986927952755906
20
6.5880933070866137
11
-3.6996309055118108
21
6.5843409055118105
0
LINE
8
BLACK
6
CONTINUOUS
10
-3.6996309055118108
20
6.5843409055118105
11
-3.6997314566929131
21
6.5841280708661412
0
LINE
8
BLACK
6
CONTINUOUS
10
-3.6997314566929131
20
6.5841280708661412
11
-3.6997936614173228
21
6.5839008661417324
0
LINE
8
BLACK
6
CONTINUOUS
10
-3.6997936614173228
20
6.5839008661417324
11
-3.7007317322834643
21
6.5820246850393698
0
LINE
8
BLACK
6
CONTINUOUS
10
-3.7007317322834643
20
6.5820246850393698
11
-3.700943149606299
21
6.5817522834645672
0
LINE
8
BLACK
6
CONTINUOUS
10
-3.700943149606299
20
6.5817522834645672
11
-3.7011345275590553
21
6.5814658661417322
0
LINE
8
BLACK
6
CONTINUOUS
10
-3.7011345275590553
20
6.5814658661417322
11
-3.7020726377952755
21
6.5805277952755903
0
LINE
8
BLACK
6
CONTINUOUS
10
-3.7020726377952755
20
6.5805277952755903
11
-3.7023589763779525
21
6.5803364960629915
0
LINE
8
BLACK
6
CONTINUOUS
10
-3.7023589763779525
20
6.5803364960629915
11
-3.7026313385826772
21
6.5801250787401573
0
LINE
8
BLACK
6
CONTINUOUS
10
-3.7026313385826772
20
6.5801250787401573
11
-3.7045075196850394
21
6.5791870078740153
0
LINE
8
BLACK
6
CONTINUOUS
10
-3.7045075196850394
20
6.5791870078740153
11
-3.7046114173228344
21
6.579158543307086
0
LINE
8
BLACK
6
CONTINUOUS
10
-3.7046114173228344
20
6.579158543307086
11
-3.7046462992125981
21
6.5791236614173227
0
LINE
8
BLACK
6
CONTINUOUS
10
-3.7046462992125981
20
6.5791236614173227
11
-3.7049844881889764
21
6.5790563779527558
0
LINE
8
BLACK
6
CONTINUOUS
10
-3.7049844881889764
20
6.5790563779527558
11
-3.7053166141732281
21
6.5789654330708656
0
LINE
8
BLACK
6
CONTINUOUS
10
-3.7053166141732281
20
6.5789654330708656
11
-3.7053633858267716
21
6.5789809842519684
0
LINE
8
BLACK
6
CONTINUOUS
10
-3.7053633858267716
20
6.5789809842519684
11
-3.70546905511811
21
6.5789599999999995
0
LINE
8
BLACK
6
CONTINUOUS
10
-3.70546905511811
20
6.5789599999999995
11
-3.7073452362204722
21
6.5789599999999995
0
LINE
8
BLACK
6
CONTINUOUS
10
-3.7073452362204722
20
6.5789599999999995
11
-3.7074509448818898
21
6.5789809842519684
0
LINE
8
BLACK
6
CONTINUOUS
10
-3.7074509448818898
20
6.5789809842519684
11
-3.7074976771653541
21
6.5789654330708656
0
LINE
8
BLACK
6
CONTINUOUS
10
-3.7074976771653541
20
6.5789654330708656
11
-3.70783
21
6.5790564173228345
0
LINE
8
BLACK
6
CONTINUOUS
10
-3.70783
20
6.5790564173228345
11
-3.708167992125984
21
6.5791236614173227
0
LINE
8
BLACK
6
CONTINUOUS
10
-3.708167992125984
20
6.5791236614173227
11
-3.7082028740157478
21
6.5791585039370073
0
LINE
8
BLACK
6
CONTINUOUS
10
-3.7082028740157478
20
6.5791585039370073
11
-3.7083067322834644
21
6.5791869685039366
0
LINE
8
BLACK
6
CONTINUOUS
10
-3.7083067322834644
20
6.5791869685039366
11
-3.7101829527559054
21
6.5801250787401573
0
LINE
8
BLACK
6
CONTINUOUS
10
-3.7101829527559054
20
6.5801250787401573
11
-3.7104553937007871
21
6.5803364960629915
0
LINE
8
BLACK
6
CONTINUOUS
10
-3.7104553937007871
20
6.5803364960629915
11
-3.7107417322834646
21
6.580527834645669
0
LINE
8
BLACK
6
CONTINUOUS
10
-3.7107417322834646
20
6.580527834645669
11
-3.7116798031496061
21
6.581465905511811
0
LINE
8
BLACK
6
CONTINUOUS
10
-3.7116798031496061
20
6.581465905511811
11
-3.7118712598425194
21
6.5817523622047238
0
LINE
8
BLACK
6
CONTINUOUS
10
-3.7118712598425194
20
6.5817523622047238
11
-3.7120825590551179
21
6.582024645669291
0
LINE
8
BLACK
6
CONTINUOUS
10
-3.7120825590551179
20
6.582024645669291
11
-3.7130206299212598
21
6.5839008267716537
0
LINE
8
BLACK
6
CONTINUOUS
10
-3.7130206299212598
20
6.5839008267716537
11
-3.713082834645669
21
6.5841278740157483
0
LINE
8
BLACK
6
CONTINUOUS
10
-3.713082834645669
20
6.5841278740157483
11
-3.7131834645669293
21
6.5843409448818893
0
LINE
8
BLACK
6
CONTINUOUS
10
-3.7131834645669293
20
6.5843409448818893
11
-3.7141215354330708
21
6.5880933464566924
0
LINE
8
BLACK
6
CONTINUOUS
10
-3.7141215354330708
20
6.5880933464566924
11
-3.7141343700787401
21
6.5883564566929129
0
LINE
8
BLACK
6
CONTINUOUS
10
-3.7141343700787401
20
6.5883564566929129
11
-3.7141857086614172
21
6.5886147637795274
0
LINE
8
BLACK
6
CONTINUOUS
10
-3.7141857086614172
20
6.5886147637795274
11
-3.7141857086614172
21
6.5933052362204725
0
LINE
8
BLACK
6
CONTINUOUS
10
-3.7141857086614172
20
6.5933052362204725
11
-3.7141343700787401
21
6.5935635039370073
0
LINE
8
BLACK
6
CONTINUOUS
10
-3.7141343700787401
20
6.5935635039370073
11
-3.7141215354330708
21
6.5938266929133853
0
LINE
8
BLACK
6
CONTINUOUS
10
-3.7141215354330708
20
6.5938266929133853
11
-3.7131834645669293
21
6.597579015748031
0
LINE
8
BLACK
6
CONTINUOUS
10
-3.7131834645669293
20
6.597579015748031
11
-3.7130828740157478
21
6.5977919291338578
0
LINE
8
BLACK
6
CONTINUOUS
10
-3.7130828740157478
20
6.5977919291338578
11
-3.7130206692913386
21
6.5980190944881887
0
LINE
8
BLACK
6
CONTINUOUS
10
-3.7130206692913386
20
6.5980190944881887
11
-3.7120825590551179
21
6.5998953149606301
0
LINE
8
BLACK
6
CONTINUOUS
10
-3.7120825590551179
20
6.5998953149606301
11
-3.7118712598425194
21
6.6001675590551176
0
LINE
8
BLACK
6
CONTINUOUS
10
-3.7118712598425194
20
6.6001675590551176
11
-3.7116798031496061
21
6.6004540944881889
0
LINE
8
BLACK
6
CONTINUOUS
10
-3.7116798031496061
20
6.6004540944881889
11
-3.7107417322834646
21
6.6013921653543308
0
LINE
8
BLACK
6
CONTINUOUS
10
-3.7107417322834646
20
6.6013921653543308
11
-3.7104553937007871
21
6.6015834645669287
0
LINE
8
BLACK
6
CONTINUOUS
10
-3.7104553937007871
20
6.6015834645669287
11
-3.7101829527559054
21
6.6017949212598426
0
LINE
8
BLACK
6
CONTINUOUS
10
-3.7101829527559054
20
6.6017949212598426
11
-3.7083067322834644
21
6.6027330314960633
0
LINE
8
BLACK
6
CONTINUOUS
10
-3.7083067322834644
20
6.6027330314960633
11
-3.7082028740157478
21
6.6027614566929129
0
LINE
8
BLACK
6
CONTINUOUS
10
-3.7082028740157478
20
6.6027614566929129
11
-3.708167992125984
21
6.6027963385826771
0
LINE
8
BLACK
6
CONTINUOUS
10
-3.708167992125984
20
6.6027963385826771
11
-3.70783
21
6.6028635433070866
0
LINE
8
BLACK
6
CONTINUOUS
10
-3.70783
20
6.6028635433070866
11
-3.7074976771653541
21
6.6029545669291334
0
LINE
8
BLACK
6
CONTINUOUS
10
-3.7074976771653541
20
6.6029545669291334
11
-3.7074509448818898
21
6.6029389763779527
0
LINE
8
BLACK
6
CONTINUOUS
10
-3.7074509448818898
20
6.6029389763779527
11
-3.7073452362204722
21
6.6029599999999995
0
LINE
8
BLACK
6
CONTINUOUS
10
-3.7073452362204722
20
6.6029599999999995
11
-3.70546905511811
21
6.6029599999999995
0
LINE
8
BLACK
6
CONTINUOUS
10
-3.70546905511811
20
6.6029599999999995
11
-3.7053633858267716
21
6.6029389763779527
0
LINE
8
BLACK
6
CONTINUOUS
10
-3.7079479133858269
20
6.5981048818897641
11
-3.7083925196850394
21
6.5976602755905507
0
LINE
8
BLACK
6
CONTINUOUS
10
-3.7083925196850394
20
6.5976602755905507
11
-3.70906905511811
21
6.5963072440944881
0
LINE
8
BLACK
6
CONTINUOUS
10
-3.70906905511811
20
6.5963072440944881
11
-3.7098857086614174
21
6.5930404724409444
0
LINE
8
BLACK
6
CONTINUOUS
10
-3.7098857086614174
20
6.5930404724409444
11
-3.7098857086614174
21
6.5888794488188971
0
LINE
8
BLACK
6
CONTINUOUS
10
-3.7098857086614174
20
6.5888794488188971
11
-3.7090690157480313
21
6.5856126377952755
0
LINE
8
BLACK
6
CONTINUOUS
10
-3.7090690157480313
20
6.5856126377952755
11
-3.7083925984251969
21
6.584259763779527
0
LINE
8
BLACK
6
CONTINUOUS
10
-3.7083925984251969
20
6.584259763779527
11
-3.7079479133858269
21
6.5838151181102358
0
LINE
8
BLACK
6
CONTINUOUS
10
-3.7079479133858269
20
6.5838151181102358
11
-3.7068376771653542
21
6.5832600000000001
0
LINE
8
BLACK
6
CONTINUOUS
10
-3.7068376771653542
20
6.5832600000000001
11
-3.7059765748031497
21
6.5832600000000001
0
LINE
8
BLACK
6
CONTINUOUS
10
-3.7059765748031497
20
6.5832600000000001
11
-3.7048664566929133
21
6.583815078740157
0
LINE
8
BLACK
6
CONTINUOUS
10
-3.7048664566929133
20
6.583815078740157
11
-3.7044217716535432
21
6.5842597244094483
0
LINE
8
BLACK
6
CONTINUOUS
10
-3.7044217716535432
20
6.5842597244094483
11
-3.7037452362204721
21
6.5856128346456693
0
LINE
8
BLACK
6
CONTINUOUS
10
-3.7037452362204721
20
6.5856128346456693
11
-3.7029285826771652
21
6.5888794881889758
0
LINE
8
BLACK
6
CONTINUOUS
10
-3.7029285826771652
20
6.5888794881889758
11
-3.7029285826771652
21
6.5930404724409444
0
LINE
8
BLACK
6
CONTINUOUS
10
-3.7029285826771652
20
6.5930404724409444
11
-3.7037452362204721
21
6.5963070866141731
0
LINE
8
BLACK
6
CONTINUOUS
10
-3.7037452362204721
20
6.5963070866141731
11
-3.704421811023622
21
6.5976602362204719
0
LINE
8
BLACK
6
CONTINUOUS
10
-3.704421811023622
20
6.5976602362204719
11
-3.7048664566929133
21
6.5981048818897641
0
LINE
8
BLACK
6
CONTINUOUS
10
-3.7048664566929133
20
6.5981048818897641
11
-3.7059765748031497
21
6.5986599999999997
0
LINE
8
BLACK
6
CONTINUOUS
10
-3.7059765748031497
20
6.5986599999999997
11
-3.7068376771653542
21
6.5986599999999997
0
LINE
8
BLACK
6
CONTINUOUS
10
-3.7068376771653542
20
6.5986599999999997
11
-3.7079479133858269
21
6.5981048818897641
0
LINE
8
BLACK
6
CONTINUOUS
10
-3.687448661417323
20
6.6027963385826771
11
-3.6868225196850393
21
6.6027963385826771
0
LINE
8
BLACK
6
CONTINUOUS
10
-3.6868225196850393
20
6.6027963385826771
11
-3.6866660236220472
21
6.6026398031496063
0
LINE
8
BLACK
6
CONTINUOUS
10
-3.6866660236220472
20
6.6026398031496063
11
-3.6864489370078739
21
6.6025964173228342
0
LINE
8
BLACK
6
CONTINUOUS
10
-3.6864489370078739
20
6.6025964173228342
11
-3.685856377952756
21
6.6020025984251971
0
LINE
8
BLACK
6
CONTINUOUS
10
-3.685856377952756
20
6.6020025984251971
11
-3.6840982283464565
21
6.5993653937007872
0
LINE
8
BLACK
6
CONTINUOUS
10
-3.6840982283464565
20
6.5993653937007872
11
-3.6826193307086612
21
6.5978864960629924
0
LINE
8
BLACK
6
CONTINUOUS
10
-3.6826193307086612
20
6.5978864960629924
11
-3.6810551574803148
21
6.5971044488188975
0
LINE
8
BLACK
6
CONTINUOUS
10
-3.6810551574803148
20
6.5971044488188975
11
-3.6803924803149606
21
6.5965900787401575
0
LINE
8
BLACK
6
CONTINUOUS
10
-3.6803924803149606
20
6.5965900787401575
11
-3.679872125984252
21
6.5950289763779528
0
LINE
8
BLACK
6
CONTINUOUS
10
-3.679872125984252
20
6.5950289763779528
11
-3.680608031496063
21
6.5935572047244095
0
LINE
8
BLACK
6
CONTINUOUS
10
-3.680608031496063
20
6.5935572047244095
11
-3.6821691338582676
21
6.5930368503937009
0
LINE
8
BLACK
6
CONTINUOUS
10
-3.6821691338582676
20
6.5930368503937009
11
-3.6829782283464567
21
6.5932584251968507
0
LINE
8
BLACK
6
CONTINUOUS
10
-3.6829782283464567
20
6.5932584251968507
11
-3.6848544094488189
21
6.5941965354330705
0
LINE
8
BLACK
6
CONTINUOUS
10
-3.6848544094488189
20
6.5941965354330705
11
-3.6851264566929132
21
6.5944076377952756
0
LINE
8
BLACK
6
CONTINUOUS
10
-3.6851264566929132
20
6.5944076377952756
11
-3.685413149606299
21
6.5945992519685035
0
LINE
8
BLACK
6
CONTINUOUS
10
-3.685413149606299
20
6.5945992519685035
11
-3.6854952755905512
21
6.5946813779527558
0
LINE
8
BLACK
6
CONTINUOUS
10
-3.6854952755905512
20
6.5946813779527558
11
-3.6854952755905512
21
6.5832600000000001
0
LINE
8
BLACK
6
CONTINUOUS
10
-3.6854952755905512
20
6.5832600000000001
11
-3.6820166929133857
21
6.5832600000000001
0
LINE
8
BLACK
6
CONTINUOUS
10
-3.6820166929133857
20
6.5832600000000001
11
-3.6811939370078739
21
6.5830963385826768
0
LINE
8
BLACK
6
CONTINUOUS
10
-3.6811939370078739
20
6.5830963385826768
11
-3.6800303543307087
21
6.5819327559055116
0
LINE
8
BLACK
6
CONTINUOUS
10
-3.6800303543307087
20
6.5819327559055116
11
-3.6800303543307087
21
6.580287244094488
0
LINE
8
BLACK
6
CONTINUOUS
10
-3.6800303543307087
20
6.580287244094488
11
-3.6811939370078739
21
6.5791236614173227
0
LINE
8
BLACK
6
CONTINUOUS
10
-3.6811939370078739
20
6.5791236614173227
11
-3.6820166929133857
21
6.5789599999999995
0
LINE
8
BLACK
6
CONTINUOUS
10
-3.6820166929133857
20
6.5789599999999995
11
-3.6932738188976377
21
6.5789599999999995
0
LINE
8
BLACK
6
CONTINUOUS
10
-3.6932738188976377
20
6.5789599999999995
11
-3.6940965748031496
21
6.5791236614173227
0
LINE
8
BLACK
6
CONTINUOUS
10
-3.6940965748031496
20
6.5791236614173227
11
-3.6952601574803148
21
6.580287244094488
0
LINE
8
BLACK
6
CONTINUOUS
10
-3.6952601574803148
20
6.580287244094488
11
-3.6952601574803148
21
6.5819327559055116
0
LINE
8
BLACK
6
CONTINUOUS
10
-3.6952601574803148
20
6.5819327559055116
11
-3.6940965748031496
21
6.5830963385826768
0
LINE
8
BLACK
6
CONTINUOUS
10
-3.6940965748031496
20
6.5830963385826768
11
-3.6932738188976377
21
6.5832600000000001
0
LINE
8
BLACK
6
CONTINUOUS
10
-3.6932738188976377
20
6.5832600000000001
11
-3.689795275590551
21
6.5832600000000001
0
LINE
8
BLACK
6
CONTINUOUS
10
-3.689795275590551
20
6.5832600000000001
11
-3.689795275590551
21
6.6008100000000001
0
LINE
8
BLACK
6
CONTINUOUS
10
-3.689795275590551
20
6.6008100000000001
11
-3.6896316141732282
21
6.6016327559055119
0
LINE
8
BLACK
6
CONTINUOUS
10
-3.6896316141732282
20
6.6016327559055119
11
-3.6894751181102361
21
6.601789251968504
0
LINE
8
BLACK
6
CONTINUOUS
10
-3.6894751181102361
20
6.601789251968504
11
-3.6894316929133857
21
6.6020063385826768
0
LINE
8
BLACK
6
CONTINUOUS
10
-3.6894316929133857
20
6.6020063385826768
11
-3.6889107480314958
21
6.6023536220472439
0
LINE
8
BLACK
6
CONTINUOUS
10
-3.6889107480314958
20
6.6023536220472439
11
-3.6884680314960629
21
6.6027963385826771
0
LINE
8
BLACK
6
CONTINUOUS
10
-3.6884680314960629
20
6.6027963385826771
11
-3.6882466535433069
21
6.6027963385826771
0
LINE
8
BLACK
6
CONTINUOUS
10
-3.6882466535433069
20
6.6027963385826771
11
-3.6880625196850394
21
6.6029190944881888
0
LINE
8
BLACK
6
CONTINUOUS
10
-3.6880625196850394
20
6.6029190944881888
11
-3.687448661417323
21
6.6027963385826771
0
LINE
8
BLACK
6
CONTINUOUS
10
-3.7184922440944881
20
6.6016327559055119
11
-3.7183285826771653
21
6.6008100000000001
0
LINE
8
BLACK
6
CONTINUOUS
10
-3.7183285826771653
20
6.6008100000000001
11
-3.7183285826771653
21
6.5811099999999998
0
LINE
8
BLACK
6
CONTINUOUS
10
-3.7183285826771653
20
6.5811099999999998
11
-3.7184922440944881
21
6.580287244094488
0
LINE
8
BLACK
6
CONTINUOUS
10
-3.7184922440944881
20
6.580287244094488
11
-3.7196558267716533
21
6.5791236614173227
0
LINE
8
BLACK
6
CONTINUOUS
10
-3.7196558267716533
20
6.5791236614173227
11
-3.721301338582677
21
6.5791236614173227
0
LINE
8
BLACK
6
CONTINUOUS
10
-3.721301338582677
20
6.5791236614173227
11
-3.7224649212598426
21
6.580287244094488
0
LINE
8
BLACK
6
CONTINUOUS
10
-3.7224649212598426
20
6.580287244094488
11
-3.7226285826771655
21
6.5811099999999998
0
LINE
8
BLACK
6
CONTINUOUS
10
-3.7226285826771655
20
6.5811099999999998
11
-3.7226285826771655
21
6.5846663385826769
0
LINE
8
BLACK
6
CONTINUOUS
10
-3.7226285826771655
20
6.5846663385826769
11
-3.726263346456693
21
6.5798199999999998
0
LINE
8
BLACK
6
CONTINUOUS
10
-3.726263346456693
20
6.5798199999999998
11
-3.7268879133858266
21
6.5792599999999997
0
LINE
8
BLACK
6
CONTINUOUS
10
-3.7268879133858266
20
6.5792599999999997
11
-3.7285169291338582
21
6.5790272834645664
0
LINE
8
BLACK
6
CONTINUOUS
10
-3.7285169291338582
20
6.5790272834645664
11
-3.7298333464566928
21
6.5800145669291341
0
LINE
8
BLACK
6
CONTINUOUS
10
-3.7298333464566928
20
6.5800145669291341
11
-3.7300660629921261
21
6.5816435826771649
0
LINE
8
BLACK
6
CONTINUOUS
10
-3.7300660629921261
20
6.5816435826771649
11
-3.7297033464566929
21
6.5823999999999998
0
LINE
8
BLACK
6
CONTINUOUS
10
-3.7297033464566929
20
6.5823999999999998
11
-3.7251935826771652
21
6.588412992125984
0
LINE
8
BLACK
6
CONTINUOUS
10
-3.7251935826771652
20
6.588412992125984
11
-3.7295036220472442
21
6.5927230708661417
0
LINE
8
BLACK
6
CONTINUOUS
10
-3.7295036220472442
20
6.5927230708661417
11
-3.7299696850393702
21
6.5934205511811026
0
LINE
8
BLACK
6
CONTINUOUS
10
-3.7299696850393702
20
6.5934205511811026
11
-3.7299696850393702
21
6.5950661417322829
0
LINE
8
BLACK
6
CONTINUOUS
10
-3.7299696850393702
20
6.5950661417322829
11
-3.7288061417322833
21
6.5962296850393702
0
LINE
8
BLACK
6
CONTINUOUS
10
-3.7288061417322833
20
6.5962296850393702
11
-3.7271605511811021
21
6.5962296850393702
0
LINE
8
BLACK
6
CONTINUOUS
10
-3.7271605511811021
20
6.5962296850393702
11
-3.7264630708661417
21
6.5957636220472438
0
LINE
8
BLACK
6
CONTINUOUS
10
-3.7264630708661417
20
6.5957636220472438
11
-3.7226285826771655
21
6.591929133858268
0
LINE
8
BLACK
6
CONTINUOUS
10
-3.7226285826771655
20
6.591929133858268
11
-3.7226285826771655
21
6.6008100000000001
0
LINE
8
BLACK
6
CONTINUOUS
10
-3.7226285826771655
20
6.6008100000000001
11
-3.7224649212598426
21
6.6016327559055119
0
LINE
8
BLACK
6
CONTINUOUS
10
-3.7224649212598426
20
6.6016327559055119
11
-3.721301338582677
21
6.6027963385826771
0
LINE
8
BLACK
6
CONTINUOUS
10
-3.721301338582677
20
6.6027963385826771
11
-3.7196558267716533
21
6.6027963385826771
0
LINE
8
BLACK
6
CONTINUOUS
10
-3.7196558267716533
20
6.6027963385826771
11
-3.7184922440944881
21
6.6016327559055119
0
LINE
8
BLACK
6
CONTINUOUS
10
-3.8569300787401573
20
6.6054389763779522
11
-3.8568833070866142
21
6.6054545669291338
0
LINE
8
BLACK
6
CONTINUOUS
10
-3.8568833070866142
20
6.6054545669291338
11
-3.8565511811023621
21
6.6053635826771648
0
LINE
8
BLACK
6
CONTINUOUS
10
-3.8565511811023621
20
6.6053635826771648
11
-3.8562129921259842
21
6.6052963385826766
0
LINE
8
BLACK
6
CONTINUOUS
10
-3.8562129921259842
20
6.6052963385826766
11
-3.8561781102362205
21
6.6052614173228346
0
LINE
8
BLACK
6
CONTINUOUS
10
-3.8561781102362205
20
6.6052614173228346
11
-3.8560742125984251
21
6.605232992125984
0
LINE
8
BLACK
6
CONTINUOUS
10
-3.8560742125984251
20
6.605232992125984
11
-3.8541980314960629
21
6.6042949212598421
0
LINE
8
BLACK
6
CONTINUOUS
10
-3.8541980314960629
20
6.6042949212598421
11
-3.8539256692913386
21
6.6040834645669291
0
LINE
8
BLACK
6
CONTINUOUS
10
-3.8539256692913386
20
6.6040834645669291
11
-3.8536393307086612
21
6.6038922047244091
0
LINE
8
BLACK
6
CONTINUOUS
10
-3.8536393307086612
20
6.6038922047244091
11
-3.8527012204724409
21
6.6029541338582671
0
LINE
8
BLACK
6
CONTINUOUS
10
-3.8527012204724409
20
6.6029541338582671
11
-3.8522351574803149
21
6.6022566535433072
0
LINE
8
BLACK
6
CONTINUOUS
10
-3.8522351574803149
20
6.6022566535433072
11
-3.8522351181102361
21
6.6006111023622047
0
LINE
8
BLACK
6
CONTINUOUS
10
-3.8522351181102361
20
6.6006111023622047
11
-3.8533986614173226
21
6.5994475196850395
0
LINE
8
BLACK
6
CONTINUOUS
10
-3.8533986614173226
20
6.5994475196850395
11
-3.855044212598425
21
6.5994474803149608
0
LINE
8
BLACK
6
CONTINUOUS
10
-3.855044212598425
20
6.5994474803149608
11
-3.8557416929133859
21
6.5999135039370076
0
LINE
8
BLACK
6
CONTINUOUS
10
-3.8557416929133859
20
6.5999135039370076
11
-3.8564331496062989
21
6.6006048818897636
0
LINE
8
BLACK
6
CONTINUOUS
10
-3.8564331496062989
20
6.6006048818897636
11
-3.8575432677165353
21
6.6011600000000001
0
LINE
8
BLACK
6
CONTINUOUS
10
-3.8575432677165353
20
6.6011600000000001
11
-3.861218622047244
21
6.6011600000000001
0
LINE
8
BLACK
6
CONTINUOUS
10
-3.861218622047244
20
6.6011600000000001
11
-3.8623288582677167
21
6.6006048818897636
0
LINE
8
BLACK
6
CONTINUOUS
10
-3.8623288582677167
20
6.6006048818897636
11
-3.8627735433070867
21
6.6001601968503936
0
LINE
8
BLACK
6
CONTINUOUS
10
-3.8627735433070867
20
6.6001601968503936
11
-3.8633285826771653
21
6.5990500393700788
0
LINE
8
BLACK
6
CONTINUOUS
10
-3.8633285826771653
20
6.5990500393700788
11
-3.8633285826771653
21
6.5980303149606296
0
LINE
8
BLACK
6
CONTINUOUS
10
-3.8633285826771653
20
6.5980303149606296
11
-3.8626613385826771
21
6.5960284645669294
0
LINE
8
BLACK
6
CONTINUOUS
10
-3.8626613385826771
20
6.5960284645669294
11
-3.8517630708661414
21
6.5851302755905508
0
LINE
8
BLACK
6
CONTINUOUS
10
-3.8517630708661414
20
6.5851302755905508
11
-3.8512970078740159
21
6.5844327952755908
0
LINE
8
BLACK
6
CONTINUOUS
10
-3.8512970078740159
20
6.5844327952755908
11
-3.8512970078740159
21
6.584432755905512
0
LINE
8
BLACK
6
CONTINUOUS
10
-3.8512970078740159
20
6.584432755905512
11
-3.8512970078740159
21
6.5827872440944883
0
LINE
8
BLACK
6
CONTINUOUS
10
-3.8512970078740159
20
6.5827872440944883
11
-3.8524605905511811
21
6.5816236614173222
0
LINE
8
BLACK
6
CONTINUOUS
10
-3.8524605905511811
20
6.5816236614173222
11
-3.8532833464566929
21
6.5814599999999999
0
LINE
8
BLACK
6
CONTINUOUS
10
-3.8532833464566929
20
6.5814599999999999
11
-3.8654785826771652
21
6.5814599999999999
0
LINE
8
BLACK
6
CONTINUOUS
10
-3.8654785826771652
20
6.5814599999999999
11
-3.866301338582677
21
6.5816236614173222
0
LINE
8
BLACK
6
CONTINUOUS
10
-3.866301338582677
20
6.5816236614173222
11
-3.8674649212598426
21
6.5827872440944883
0
LINE
8
BLACK
6
CONTINUOUS
10
-3.8674649212598426
20
6.5827872440944883
11
-3.8674649212598426
21
6.584432755905512
0
LINE
8
BLACK
6
CONTINUOUS
10
-3.8674649212598426
20
6.584432755905512
11
-3.866301338582677
21
6.5855963385826772
0
LINE
8
BLACK
6
CONTINUOUS
10
-3.866301338582677
20
6.5855963385826772
11
-3.8654785826771652
21
6.5857599999999996
0
LINE
8
BLACK
6
CONTINUOUS
10
-3.8654785826771652
20
6.5857599999999996
11
-3.8584738976377952
21
6.5857599999999996
0
LINE
8
BLACK
6
CONTINUOUS
10
-3.8584738976377952
20
6.5857599999999996
11
-3.8660607874015747
21
6.5933468503937007
0
LINE
8
BLACK
6
CONTINUOUS
10
-3.8660607874015747
20
6.5933468503937007
11
-3.8661206692913384
21
6.5934364173228346
0
LINE
8
BLACK
6
CONTINUOUS
10
-3.8661206692913384
20
6.5934364173228346
11
-3.8661647637795276
21
6.5934585039370077
0
LINE
8
BLACK
6
CONTINUOUS
10
-3.8661647637795276
20
6.5934585039370077
11
-3.8663353149606299
21
6.5937576377952754
0
LINE
8
BLACK
6
CONTINUOUS
10
-3.8663353149606299
20
6.5937576377952754
11
-3.8665268503937007
21
6.5940443307086616
0
LINE
8
BLACK
6
CONTINUOUS
10
-3.8665268503937007
20
6.5940443307086616
11
-3.8665268503937007
21
6.5940936614173227
0
LINE
8
BLACK
6
CONTINUOUS
10
-3.8665268503937007
20
6.5940936614173227
11
-3.8665801968503937
21
6.5941872834645672
0
LINE
8
BLACK
6
CONTINUOUS
10
-3.8665801968503937
20
6.5941872834645672
11
-3.8675182677165352
21
6.5970015354330709
0
LINE
8
BLACK
6
CONTINUOUS
10
-3.8675182677165352
20
6.5970015354330709
11
-3.867561377952756
21
6.5973434251968506
0
LINE
8
BLACK
6
CONTINUOUS
10
-3.867561377952756
20
6.5973434251968506
11
-3.8676285826771655
21
6.5976814173228346
0
LINE
8
BLACK
6
CONTINUOUS
10
-3.8676285826771655
20
6.5976814173228346
11
-3.8676285826771655
21
6.5995575984251964
0
LINE
8
BLACK
6
CONTINUOUS
10
-3.8676285826771655
20
6.5995575984251964
11
-3.867607598425197
21
6.5996632283464569
0
LINE
8
BLACK
6
CONTINUOUS
10
-3.867607598425197
20
6.5996632283464569
11
-3.8676231496062989
21
6.59971
0
LINE
8
BLACK
6
CONTINUOUS
10
-3.8676231496062989
20
6.59971
11
-3.8675322047244092
21
6.6000422440944879
0
LINE
8
BLACK
6
CONTINUOUS
10
-3.8675322047244092
20
6.6000422440944879
11
-3.8674649212598426
21
6.6003803543307082
0
LINE
8
BLACK
6
CONTINUOUS
10
-3.8674649212598426
20
6.6003803543307082
11
-3.8674300787401572
21
6.6004151968503937
0
LINE
8
BLACK
6
CONTINUOUS
10
-3.8674300787401572
20
6.6004151968503937
11
-3.8674016141732284
21
6.6005190944881891
0
LINE
8
BLACK
6
CONTINUOUS
10
-3.8674016141732284
20
6.6005190944881891
11
-3.8664635433070864
21
6.6023953149606296
0
LINE
8
BLACK
6
CONTINUOUS
10
-3.8664635433070864
20
6.6023953149606296
11
-3.8662521653543305
21
6.6026676771653543
0
LINE
8
BLACK
6
CONTINUOUS
10
-3.8662521653543305
20
6.6026676771653543
11
-3.8660607480314959
21
6.6029541338582671
0
LINE
8
BLACK
6
CONTINUOUS
10
-3.8660607480314959
20
6.6029541338582671
11
-3.8651226377952757
21
6.6038922047244091
0
LINE
8
BLACK
6
CONTINUOUS
10
-3.8651226377952757
20
6.6038922047244091
11
-3.8648360236220474
21
6.6040837007874016
0
LINE
8
BLACK
6
CONTINUOUS
10
-3.8648360236220474
20
6.6040837007874016
11
-3.8645639370078739
21
6.6042948818897633
0
LINE
8
BLACK
6
CONTINUOUS
10
-3.8645639370078739
20
6.6042948818897633
11
-3.8626877559055117
21
6.605232992125984
0
LINE
8
BLACK
6
CONTINUOUS
10
-3.8626877559055117
20
6.605232992125984
11
-3.8625838976377951
21
6.6052614173228346
0
LINE
8
BLACK
6
CONTINUOUS
10
-3.8625838976377951
20
6.6052614173228346
11
-3.8625489763779526
21
6.6052963385826766
0
LINE
8
BLACK
6
CONTINUOUS
10
-3.8625489763779526
20
6.6052963385826766
11
-3.8622108267716535
21
6.6053635826771648
0
LINE
8
BLACK
6
CONTINUOUS
10
-3.8622108267716535
20
6.6053635826771648
11
-3.8618786614173226
21
6.6054545669291338
0
LINE
8
BLACK
6
CONTINUOUS
10
-3.8618786614173226
20
6.6054545669291338
11
-3.8618319291338583
21
6.6054389763779522
0
LINE
8
BLACK
6
CONTINUOUS
10
-3.8618319291338583
20
6.6054389763779522
11
-3.8617262204724407
21
6.6054599999999999
0
LINE
8
BLACK
6
CONTINUOUS
10
-3.8617262204724407
20
6.6054599999999999
11
-3.8570357480314961
21
6.6054599999999999
0
LINE
8
BLACK
6
CONTINUOUS
10
-3.8570357480314961
20
6.6054599999999999
11
-3.8569300787401573
21
6.6054389763779522
0
LINE
8
BLACK
6
CONTINUOUS
10
-3.8346368110236217
20
6.6052963385826766
11
-3.8334732283464565
21
6.6041327559055114
0
LINE
8
BLACK
6
CONTINUOUS
10
-3.8334732283464565
20
6.6041327559055114
11
-3.8333095669291337
21
6.6033099999999996
0
LINE
8
BLACK
6
CONTINUOUS
10
-3.8333095669291337
20
6.6033099999999996
11
-3.8333095669291337
21
6.5836100000000002
0
LINE
8
BLACK
6
CONTINUOUS
10
-3.8333095669291337
20
6.5836100000000002
11
-3.8334732283464565
21
6.5827872440944883
0
LINE
8
BLACK
6
CONTINUOUS
10
-3.8334732283464565
20
6.5827872440944883
11
-3.8346368110236217
21
6.5816236614173222
0
LINE
8
BLACK
6
CONTINUOUS
10
-3.8346368110236217
20
6.5816236614173222
11
-3.8362823228346454
21
6.5816236614173222
0
LINE
8
BLACK
6
CONTINUOUS
10
-3.8362823228346454
20
6.5816236614173222
11
-3.8374459055118111
21
6.5827872440944883
0
LINE
8
BLACK
6
CONTINUOUS
10
-3.8374459055118111
20
6.5827872440944883
11
-3.8376095669291339
21
6.5836100000000002
0
LINE
8
BLACK
6
CONTINUOUS
10
-3.8376095669291339
20
6.5836100000000002
11
-3.8376095669291339
21
6.5908409448818892
0
LINE
8
BLACK
6
CONTINUOUS
10
-3.8376095669291339
20
6.5908409448818892
11
-3.8390306299212598
21
6.5908409448818892
0
LINE
8
BLACK
6
CONTINUOUS
10
-3.8390306299212598
20
6.5908409448818892
11
-3.8449553543307085
21
6.5823770472440941
0
LINE
8
BLACK
6
CONTINUOUS
10
-3.8449553543307085
20
6.5823770472440941
11
-3.8455612204724408
21
6.5817968897637797
0
LINE
8
BLACK
6
CONTINUOUS
10
-3.8455612204724408
20
6.5817968897637797
11
-3.8471817716535432
21
6.5815109055118111
0
LINE
8
BLACK
6
CONTINUOUS
10
-3.8471817716535432
20
6.5815109055118111
11
-3.848529803149606
21
6.5824545275590554
0
LINE
8
BLACK
6
CONTINUOUS
10
-3.848529803149606
20
6.5824545275590554
11
-3.8488157874015747
21
6.584075078740157
0
LINE
8
BLACK
6
CONTINUOUS
10
-3.8488157874015747
20
6.584075078740157
11
-3.8484780314960627
21
6.5848429527559054
0
LINE
8
BLACK
6
CONTINUOUS
10
-3.8484780314960627
20
6.5848429527559054
11
-3.8440700787401574
21
6.591140039370079
0
LINE
8
BLACK
6
CONTINUOUS
10
-3.8440700787401574
20
6.591140039370079
11
-3.8458020472440944
21
6.5920060629921258
0
LINE
8
BLACK
6
CONTINUOUS
10
-3.8458020472440944
20
6.5920060629921258
11
-3.8460742519685041
21
6.5922172834645671
0
LINE
8
BLACK
6
CONTINUOUS
10
-3.8460742519685041
20
6.5922172834645671
11
-3.8463607874015748
21
6.5924087795275588
0
LINE
8
BLACK
6
CONTINUOUS
10
-3.8463607874015748
20
6.5924087795275588
11
-3.8472988582677163
21
6.5933468503937007
0
LINE
8
BLACK
6
CONTINUOUS
10
-3.8472988582677163
20
6.5933468503937007
11
-3.8474903149606297
21
6.5936333464566932
0
LINE
8
BLACK
6
CONTINUOUS
10
-3.8474903149606297
20
6.5936333464566932
11
-3.8477016141732281
21
6.5939056299212595
0
LINE
8
BLACK
6
CONTINUOUS
10
-3.8477016141732281
20
6.5939056299212595
11
-3.8486397244094488
21
6.5957818503937009
0
LINE
8
BLACK
6
CONTINUOUS
10
-3.8486397244094488
20
6.5957818503937009
11
-3.8486681889763781
21
6.5958857086614175
0
LINE
8
BLACK
6
CONTINUOUS
10
-3.8486681889763781
20
6.5958857086614175
11
-3.8487030314960631
21
6.5959205905511809
0
LINE
8
BLACK
6
CONTINUOUS
10
-3.8487030314960631
20
6.5959205905511809
11
-3.8487702755905513
21
6.5962585826771649
0
LINE
8
BLACK
6
CONTINUOUS
10
-3.8487702755905513
20
6.5962585826771649
11
-3.8488612598425198
21
6.5965909055118113
0
LINE
8
BLACK
6
CONTINUOUS
10
-3.8488612598425198
20
6.5965909055118113
11
-3.8488457086614174
21
6.5966376377952756
0
LINE
8
BLACK
6
CONTINUOUS
10
-3.8488457086614174
20
6.5966376377952756
11
-3.8488666929133859
21
6.5967433464566927
0
LINE
8
BLACK
6
CONTINUOUS
10
-3.8488666929133859
20
6.5967433464566927
11
-3.8488666929133859
21
6.5995575984251964
0
LINE
8
BLACK
6
CONTINUOUS
10
-3.8488666929133859
20
6.5995575984251964
11
-3.8488457086614174
21
6.5996632677165357
0
LINE
8
BLACK
6
CONTINUOUS
10
-3.8488457086614174
20
6.5996632677165357
11
-3.8488612598425198
21
6.5997100393700787
0
LINE
8
BLACK
6
CONTINUOUS
10
-3.8488612598425198
20
6.5997100393700787
11
-3.8487702755905513
21
6.6000423228346454
0
LINE
8
BLACK
6
CONTINUOUS
10
-3.8487702755905513
20
6.6000423228346454
11
-3.8487030314960631
21
6.6003803543307082
0
LINE
8
BLACK
6
CONTINUOUS
10
-3.8487030314960631
20
6.6003803543307082
11
-3.8486681889763781
21
6.6004151968503937
0
LINE
8
BLACK
6
CONTINUOUS
10
-3.8486681889763781
20
6.6004151968503937
11
-3.8486397244094488
21
6.6005190944881891
0
LINE
8
BLACK
6
CONTINUOUS
10
-3.8486397244094488
20
6.6005190944881891
11
-3.8477016141732281
21
6.6023953149606296
0
LINE
8
BLACK
6
CONTINUOUS
10
-3.8477016141732281
20
6.6023953149606296
11
-3.8474903149606297
21
6.602667559055118
0
LINE
8
BLACK
6
CONTINUOUS
10
-3.8474903149606297
20
6.602667559055118
11
-3.8472988582677163
21
6.6029540944881893
0
LINE
8
BLACK
6
CONTINUOUS
10
-3.8472988582677163
20
6.6029540944881893
11
-3.8463607874015748
21
6.6038921653543303
0
LINE
8
BLACK
6
CONTINUOUS
10
-3.8463607874015748
20
6.6038921653543303
11
-3.8460742519685041
21
6.6040836220472441
0
LINE
8
BLACK
6
CONTINUOUS
10
-3.8460742519685041
20
6.6040836220472441
11
-3.8458020472440944
21
6.6042948818897633
0
LINE
8
BLACK
6
CONTINUOUS
10
-3.8458020472440944
20
6.6042948818897633
11
-3.8439258661417322
21
6.605232992125984
0
LINE
8
BLACK
6
CONTINUOUS
10
-3.8439258661417322
20
6.605232992125984
11
-3.8438220078740155
21
6.6052614173228346
0
LINE
8
BLACK
6
CONTINUOUS
10
-3.8438220078740155
20
6.6052614173228346
11
-3.843787086614173
21
6.6052963385826766
0
LINE
8
BLACK
6
CONTINUOUS
10
-3.843787086614173
20
6.6052963385826766
11
-3.8434489370078739
21
6.6053635826771648
0
LINE
8
BLACK
6
CONTINUOUS
10
-3.8434489370078739
20
6.6053635826771648
11
-3.843116771653543
21
6.6054545669291338
0
LINE
8
BLACK
6
CONTINUOUS
10
-3.843116771653543
20
6.6054545669291338
11
-3.8430700393700787
21
6.6054389763779522
0
LINE
8
BLACK
6
CONTINUOUS
10
-3.8430700393700787
20
6.6054389763779522
11
-3.8429643307086612
21
6.6054599999999999
0
LINE
8
BLACK
6
CONTINUOUS
10
-3.8429643307086612
20
6.6054599999999999
11
-3.8354595669291336
21
6.6054599999999999
0
LINE
8
BLACK
6
CONTINUOUS
10
-3.8354595669291336
20
6.6054599999999999
11
-3.8346368110236217
21
6.6052963385826766
0
LINE
8
BLACK
6
CONTINUOUS
10
-3.8435669685039371
20
6.6006048818897636
11
-3.8440115748031496
21
6.6001602755905511
0
LINE
8
BLACK
6
CONTINUOUS
10
-3.8440115748031496
20
6.6001602755905511
11
-3.8445666929133857
21
6.5990500393700788
0
LINE
8
BLACK
6
CONTINUOUS
10
-3.8445666929133857
20
6.5990500393700788
11
-3.8445666929133857
21
6.5972509055118111
0
LINE
8
BLACK
6
CONTINUOUS
10
-3.8445666929133857
20
6.5972509055118111
11
-3.8440115748031496
21
6.596140669291338
0
LINE
8
BLACK
6
CONTINUOUS
10
-3.8440115748031496
20
6.596140669291338
11
-3.8435669685039371
21
6.5956960236220468
0
LINE
8
BLACK
6
CONTINUOUS
10
-3.8435669685039371
20
6.5956960236220468
11
-3.8424567322834644
21
6.5951409448818898
0
LINE
8
BLACK
6
CONTINUOUS
10
-3.8424567322834644
20
6.5951409448818898
11
-3.8376095669291339
21
6.5951409448818898
0
LINE
8
BLACK
6
CONTINUOUS
10
-3.8376095669291339
20
6.5951409448818898
11
-3.8376095669291339
21
6.6011600000000001
0
LINE
8
BLACK
6
CONTINUOUS
10
-3.8376095669291339
20
6.6011600000000001
11
-3.8424567322834644
21
6.6011600000000001
0
LINE
8
BLACK
6
CONTINUOUS
10
-3.8424567322834644
20
6.6011600000000001
11
-3.8435669685039371
21
6.6006048818897636
0
LINE
8
BLACK
6
CONTINUOUS
10
-3.7146534251968504
20
6.630296338582677
11
-3.7140272834645667
21
6.630296338582677
0
LINE
8
BLACK
6
CONTINUOUS
10
-3.7140272834645667
20
6.630296338582677
11
-3.7138707874015746
21
6.6301398031496062
0
LINE
8
BLACK
6
CONTINUOUS
10
-3.7138707874015746
20
6.6301398031496062
11
-3.7136537007874013
21
6.6300964173228341
0
LINE
8
BLACK
6
CONTINUOUS
10
-3.7136537007874013
20
6.6300964173228341
11
-3.7130611417322834
21
6.629502598425197
0
LINE
8
BLACK
6
CONTINUOUS
10
-3.7130611417322834
20
6.629502598425197
11
-3.7113029921259844
21
6.6268653937007871
0
LINE
8
BLACK
6
CONTINUOUS
10
-3.7113029921259844
20
6.6268653937007871
11
-3.7098240944881891
21
6.6253864960629922
0
LINE
8
BLACK
6
CONTINUOUS
10
-3.7098240944881891
20
6.6253864960629922
11
-3.7082599212598426
21
6.6246044488188973
0
LINE
8
BLACK
6
CONTINUOUS
10
-3.7082599212598426
20
6.6246044488188973
11
-3.707597244094488
21
6.6240900787401573
0
LINE
8
BLACK
6
CONTINUOUS
10
-3.707597244094488
20
6.6240900787401573
11
-3.7070768897637794
21
6.6225289763779527
0
LINE
8
BLACK
6
CONTINUOUS
10
-3.7070768897637794
20
6.6225289763779527
11
-3.7078127952755904
21
6.6210572047244094
0
LINE
8
BLACK
6
CONTINUOUS
10
-3.7078127952755904
20
6.6210572047244094
11
-3.709373897637795
21
6.6205368503937008
0
LINE
8
BLACK
6
CONTINUOUS
10
-3.709373897637795
20
6.6205368503937008
11
-3.7101829921259841
21
6.6207584251968505
0
LINE
8
BLACK
6
CONTINUOUS
10
-3.7101829921259841
20
6.6207584251968505
11
-3.7120591732283463
21
6.6216965354330704
0
LINE
8
BLACK
6
CONTINUOUS
10
-3.7120591732283463
20
6.6216965354330704
11
-3.712331220472441
21
6.6219076377952755
0
LINE
8
BLACK
6
CONTINUOUS
10
-3.712331220472441
20
6.6219076377952755
11
-3.7126179133858268
21
6.6220992519685034
0
LINE
8
BLACK
6
CONTINUOUS
10
-3.7126179133858268
20
6.6220992519685034
11
-3.7127000393700786
21
6.6221813779527556
0
LINE
8
BLACK
6
CONTINUOUS
10
-3.7127000393700786
20
6.6221813779527556
11
-3.7127000393700786
21
6.61076
0
LINE
8
BLACK
6
CONTINUOUS
10
-3.7127000393700786
20
6.61076
11
-3.7092214566929131
21
6.61076
0
LINE
8
BLACK
6
CONTINUOUS
10
-3.7092214566929131
20
6.61076
11
-3.7083987007874013
21
6.6105963385826767
0
LINE
8
BLACK
6
CONTINUOUS
10
-3.7083987007874013
20
6.6105963385826767
11
-3.7072351181102361
21
6.6094327559055115
0
LINE
8
BLACK
6
CONTINUOUS
10
-3.7072351181102361
20
6.6094327559055115
11
-3.7072351181102361
21
6.6077872440944878
0
LINE
8
BLACK
6
CONTINUOUS
10
-3.7072351181102361
20
6.6077872440944878
11
-3.7083987007874013
21
6.6066236614173226
0
LINE
8
BLACK
6
CONTINUOUS
10
-3.7083987007874013
20
6.6066236614173226
11
-3.7092214566929131
21
6.6064600000000002
0
LINE
8
BLACK
6
CONTINUOUS
10
-3.7092214566929131
20
6.6064600000000002
11
-3.7204785826771651
21
6.6064600000000002
0
LINE
8
BLACK
6
CONTINUOUS
10
-3.7204785826771651
20
6.6064600000000002
11
-3.721301338582677
21
6.6066236614173226
0
LINE
8
BLACK
6
CONTINUOUS
10
-3.721301338582677
20
6.6066236614173226
11
-3.7224649212598426
21
6.6077872440944878
0
LINE
8
BLACK
6
CONTINUOUS
10
-3.7224649212598426
20
6.6077872440944878
11
-3.7224649212598426
21
6.6094327559055115
0
LINE
8
BLACK
6
CONTINUOUS
10
-3.7224649212598426
20
6.6094327559055115
11
-3.721301338582677
21
6.6105963385826767
0
LINE
8
BLACK
6
CONTINUOUS
10
-3.721301338582677
20
6.6105963385826767
11
-3.7204785826771651
21
6.61076
0
LINE
8
BLACK
6
CONTINUOUS
10
-3.7204785826771651
20
6.61076
11
-3.7170000393700788
21
6.61076
0
LINE
8
BLACK
6
CONTINUOUS
10
-3.7170000393700788
20
6.61076
11
-3.7170000393700788
21
6.6283099999999999
0
LINE
8
BLACK
6
CONTINUOUS
10
-3.7170000393700788
20
6.6283099999999999
11
-3.716836377952756
21
6.6291327559055118
0
LINE
8
BLACK
6
CONTINUOUS
10
-3.716836377952756
20
6.6291327559055118
11
-3.7166798818897635
21
6.6292892519685038
0
LINE
8
BLACK
6
CONTINUOUS
10
-3.7166798818897635
20
6.6292892519685038
11
-3.7166364566929131
21
6.6295063385826767
0
LINE
8
BLACK
6
CONTINUOUS
10
-3.7166364566929131
20
6.6295063385826767
11
-3.7161155118110236
21
6.6298536220472437
0
LINE
8
BLACK
6
CONTINUOUS
10
-3.7161155118110236
20
6.6298536220472437
11
-3.7156727952755904
21
6.630296338582677
0
LINE
8
BLACK
6
CONTINUOUS
10
-3.7156727952755904
20
6.630296338582677
11
-3.7154514173228343
21
6.630296338582677
0
LINE
8
BLACK
6
CONTINUOUS
10
-3.7154514173228343
20
6.630296338582677
11
-3.7152672834645668
21
6.6304190944881887
0
LINE
8
BLACK
6
CONTINUOUS
10
-3.7152672834645668
20
6.6304190944881887
11
-3.7146534251968504
21
6.630296338582677
0
LINE
8
BLACK
6
CONTINUOUS
10
-3.6896368110236222
20
6.630296338582677
11
-3.6884732283464565
21
6.6291327559055118
0
LINE
8
BLACK
6
CONTINUOUS
10
-3.6884732283464565
20
6.6291327559055118
11
-3.6883095669291337
21
6.6283099999999999
0
LINE
8
BLACK
6
CONTINUOUS
10
-3.6883095669291337
20
6.6283099999999999
11
-3.6883095669291337
21
6.6086099999999997
0
LINE
8
BLACK
6
CONTINUOUS
10
-3.6883095669291337
20
6.6086099999999997
11
-3.6884732283464565
21
6.6077872440944878
0
LINE
8
BLACK
6
CONTINUOUS
10
-3.6884732283464565
20
6.6077872440944878
11
-3.6896368110236222
21
6.6066236614173226
0
LINE
8
BLACK
6
CONTINUOUS
10
-3.6896368110236222
20
6.6066236614173226
11
-3.6912823228346454
21
6.6066236614173226
0
LINE
8
BLACK
6
CONTINUOUS
10
-3.6912823228346454
20
6.6066236614173226
11
-3.6924459055118111
21
6.6077872440944878
0
LINE
8
BLACK
6
CONTINUOUS
10
-3.6924459055118111
20
6.6077872440944878
11
-3.6926095669291339
21
6.6086099999999997
0
LINE
8
BLACK
6
CONTINUOUS
10
-3.6926095669291339
20
6.6086099999999997
11
-3.6926095669291339
21
6.6158409448818896
0
LINE
8
BLACK
6
CONTINUOUS
10
-3.6926095669291339
20
6.6158409448818896
11
-3.6940306299212597
21
6.6158409448818896
0
LINE
8
BLACK
6
CONTINUOUS
10
-3.6940306299212597
20
6.6158409448818896
11
-3.6999553543307084
21
6.6073770472440945
0
LINE
8
BLACK
6
CONTINUOUS
10
-3.6999553543307084
20
6.6073770472440945
11
-3.7005612204724407
21
6.6067968897637792
0
LINE
8
BLACK
6
CONTINUOUS
10
-3.7005612204724407
20
6.6067968897637792
11
-3.7021817716535432
21
6.6065109055118105
0
LINE
8
BLACK
6
CONTINUOUS
10
-3.7021817716535432
20
6.6065109055118105
11
-3.703529803149606
21
6.6074545275590548
0
LINE
8
BLACK
6
CONTINUOUS
10
-3.703529803149606
20
6.6074545275590548
11
-3.7038157874015747
21
6.6090750787401573
0
LINE
8
BLACK
6
CONTINUOUS
10
-3.7038157874015747
20
6.6090750787401573
11
-3.7034780314960627
21
6.6098429527559057
0
LINE
8
BLACK
6
CONTINUOUS
10
-3.7034780314960627
20
6.6098429527559057
11
-3.6990700787401574
21
6.6161400393700784
0
LINE
8
BLACK
6
CONTINUOUS
10
-3.6990700787401574
20
6.6161400393700784
11
-3.7008020472440943
21
6.6170060629921261
0
LINE
8
BLACK
6
CONTINUOUS
10
-3.7008020472440943
20
6.6170060629921261
11
-3.701074251968504
21
6.6172172834645666
0
LINE
8
BLACK
6
CONTINUOUS
10
-3.701074251968504
20
6.6172172834645666
11
-3.7013607874015748
21
6.6174087795275591
0
LINE
8
BLACK
6
CONTINUOUS
10
-3.7013607874015748
20
6.6174087795275591
11
-3.7022988582677163
21
6.6183468503937011
0
LINE
8
BLACK
6
CONTINUOUS
10
-3.7022988582677163
20
6.6183468503937011
11
-3.7024903149606296
21
6.6186333464566927
0
LINE
8
BLACK
6
CONTINUOUS
10
-3.7024903149606296
20
6.6186333464566927
11
-3.7027016141732281
21
6.6189056299212599
0
LINE
8
BLACK
6
CONTINUOUS
10
-3.7027016141732281
20
6.6189056299212599
11
-3.7036397244094488
21
6.6207818503937004
0
LINE
8
BLACK
6
CONTINUOUS
10
-3.7036397244094488
20
6.6207818503937004
11
-3.7036681889763781
21
6.620885708661417
0
LINE
8
BLACK
6
CONTINUOUS
10
-3.7036681889763781
20
6.620885708661417
11
-3.7037030314960631
21
6.6209205905511812
0
LINE
8
BLACK
6
CONTINUOUS
10
-3.7037030314960631
20
6.6209205905511812
11
-3.7037702755905513
21
6.6212585826771653
0
LINE
8
BLACK
6
CONTINUOUS
10
-3.7037702755905513
20
6.6212585826771653
11
-3.7038612598425198
21
6.6215909055118107
0
LINE
8
BLACK
6
CONTINUOUS
10
-3.7038612598425198
20
6.6215909055118107
11
-3.7038457086614174
21
6.621637637795275
0
LINE
8
BLACK
6
CONTINUOUS
10
-3.7038457086614174
20
6.621637637795275
11
-3.7038666929133859
21
6.621743346456693
0
LINE
8
BLACK
6
CONTINUOUS
10
-3.7038666929133859
20
6.621743346456693
11
-3.7038666929133859
21
6.6245575984251968
0
LINE
8
BLACK
6
CONTINUOUS
10
-3.7038666929133859
20
6.6245575984251968
11
-3.7038457086614174
21
6.6246632677165351
0
LINE
8
BLACK
6
CONTINUOUS
10
-3.7038457086614174
20
6.6246632677165351
11
-3.7038612598425198
21
6.6247100393700782
0
LINE
8
BLACK
6
CONTINUOUS
10
-3.7038612598425198
20
6.6247100393700782
11
-3.7037702755905513
21
6.6250423228346458
0
LINE
8
BLACK
6
CONTINUOUS
10
-3.7037702755905513
20
6.6250423228346458
11
-3.7037030314960631
21
6.6253803543307086
0
LINE
8
BLACK
6
CONTINUOUS
10
-3.7037030314960631
20
6.6253803543307086
11
-3.7036681889763781
21
6.6254151968503932
0
LINE
8
BLACK
6
CONTINUOUS
10
-3.7036681889763781
20
6.6254151968503932
11
-3.7036397244094488
21
6.6255190944881885
0
LINE
8
BLACK
6
CONTINUOUS
10
-3.7036397244094488
20
6.6255190944881885
11
-3.7027016141732281
21
6.6273953149606299
0
LINE
8
BLACK
6
CONTINUOUS
10
-3.7027016141732281
20
6.6273953149606299
11
-3.7024903149606296
21
6.6276675590551184
0
LINE
8
BLACK
6
CONTINUOUS
10
-3.7024903149606296
20
6.6276675590551184
11
-3.7022988582677163
21
6.6279540944881887
0
LINE
8
BLACK
6
CONTINUOUS
10
-3.7022988582677163
20
6.6279540944881887
11
-3.7013607874015748
21
6.6288921653543307
0
LINE
8
BLACK
6
CONTINUOUS
10
-3.7013607874015748
20
6.6288921653543307
11
-3.701074251968504
21
6.6290836220472436
0
LINE
8
BLACK
6
CONTINUOUS
10
-3.701074251968504
20
6.6290836220472436
11
-3.7008020472440943
21
6.6292948818897637
0
LINE
8
BLACK
6
CONTINUOUS
10
-3.7008020472440943
20
6.6292948818897637
11
-3.6989258661417321
21
6.6302329921259844
0
LINE
8
BLACK
6
CONTINUOUS
10
-3.6989258661417321
20
6.6302329921259844
11
-3.6988220078740155
21
6.6302614173228349
0
LINE
8
BLACK
6
CONTINUOUS
10
-3.6988220078740155
20
6.6302614173228349
11
-3.698787086614173
21
6.630296338582677
0
LINE
8
BLACK
6
CONTINUOUS
10
-3.698787086614173
20
6.630296338582677
11
-3.6984489370078739
21
6.6303635826771652
0
LINE
8
BLACK
6
CONTINUOUS
10
-3.6984489370078739
20
6.6303635826771652
11
-3.698116771653543
21
6.6304545669291333
0
LINE
8
BLACK
6
CONTINUOUS
10
-3.698116771653543
20
6.6304545669291333
11
-3.6980700393700787
21
6.6304389763779525
0
LINE
8
BLACK
6
CONTINUOUS
10
-3.6980700393700787
20
6.6304389763779525
11
-3.6979643307086612
21
6.6304600000000002
0
LINE
8
BLACK
6
CONTINUOUS
10
-3.6979643307086612
20
6.6304600000000002
11
-3.6904595669291336
21
6.6304600000000002
0
LINE
8
BLACK
6
CONTINUOUS
10
-3.6904595669291336
20
6.6304600000000002
11
-3.6896368110236222
21
6.630296338582677
0
LINE
8
BLACK
6
CONTINUOUS
10
-3.6985669685039371
20
6.6256048818897639
11
-3.6990115748031496
21
6.6251602755905514
0
LINE
8
BLACK
6
CONTINUOUS
10
-3.6990115748031496
20
6.6251602755905514
11
-3.6995666929133857
21
6.6240500393700783
0
LINE
8
BLACK
6
CONTINUOUS
10
-3.6995666929133857
20
6.6240500393700783
11
-3.6995666929133857
21
6.6222509055118106
0
LINE
8
BLACK
6
CONTINUOUS
10
-3.6995666929133857
20
6.6222509055118106
11
-3.6990115748031496
21
6.6211406692913384
0
LINE
8
BLACK
6
CONTINUOUS
10
-3.6990115748031496
20
6.6211406692913384
11
-3.6985669685039371
21
6.6206960236220471
0
LINE
8
BLACK
6
CONTINUOUS
10
-3.6985669685039371
20
6.6206960236220471
11
-3.6974567322834644
21
6.6201409448818893
0
LINE
8
BLACK
6
CONTINUOUS
10
-3.6974567322834644
20
6.6201409448818893
11
-3.6926095669291339
21
6.6201409448818893
0
LINE
8
BLACK
6
CONTINUOUS
10
-3.6926095669291339
20
6.6201409448818893
11
-3.6926095669291339
21
6.6261599999999996
0
LINE
8
BLACK
6
CONTINUOUS
10
-3.6926095669291339
20
6.6261599999999996
11
-3.6974567322834644
21
6.6261599999999996
0
LINE
8
BLACK
6
CONTINUOUS
10
-3.6974567322834644
20
6.6261599999999996
11
-3.6985669685039371
21
6.6256048818897639
0
LINE
8
BLACK
6
CONTINUOUS
10
-3.8503633858267716
20
6.6329389763779529
11
-3.8503166141732281
21
6.6329545669291337
0
LINE
8
BLACK
6
CONTINUOUS
10
-3.8503166141732281
20
6.6329545669291337
11
-3.8499844881889764
21
6.6328635826771656
0
LINE
8
BLACK
6
CONTINUOUS
10
-3.8499844881889764
20
6.6328635826771656
11
-3.8496462992125982
21
6.6327963385826774
0
LINE
8
BLACK
6
CONTINUOUS
10
-3.8496462992125982
20
6.6327963385826774
11
-3.8496114173228344
21
6.6327614173228344
0
LINE
8
BLACK
6
CONTINUOUS
10
-3.8496114173228344
20
6.6327614173228344
11
-3.8495075196850395
21
6.6327329921259839
0
LINE
8
BLACK
6
CONTINUOUS
10
-3.8495075196850395
20
6.6327329921259839
11
-3.8476313385826773
21
6.6317949212598419
0
LINE
8
BLACK
6
CONTINUOUS
10
-3.8476313385826773
20
6.6317949212598419
11
-3.8473589763779525
21
6.6315834645669289
0
LINE
8
BLACK
6
CONTINUOUS
10
-3.8473589763779525
20
6.6315834645669289
11
-3.8470726377952755
21
6.6313922047244089
0
LINE
8
BLACK
6
CONTINUOUS
10
-3.8470726377952755
20
6.6313922047244089
11
-3.8461345275590548
21
6.6304541338582679
0
LINE
8
BLACK
6
CONTINUOUS
10
-3.8461345275590548
20
6.6304541338582679
11
-3.8459430708661415
21
6.6301675590551179
0
LINE
8
BLACK
6
CONTINUOUS
10
-3.8459430708661415
20
6.6301675590551179
11
-3.8457317322834643
21
6.6298953149606294
0
LINE
8
BLACK
6
CONTINUOUS
10
-3.8457317322834643
20
6.6298953149606294
11
-3.8447936614173228
21
6.6280190551181102
0
LINE
8
BLACK
6
CONTINUOUS
10
-3.8447936614173228
20
6.6280190551181102
11
-3.8447314960629919
21
6.6277918897637793
0
LINE
8
BLACK
6
CONTINUOUS
10
-3.8447314960629919
20
6.6277918897637793
11
-3.8446309055118109
21
6.62757905511811
0
LINE
8
BLACK
6
CONTINUOUS
10
-3.8446309055118109
20
6.62757905511811
11
-3.8436927952755906
21
6.6238267322834643
0
LINE
8
BLACK
6
CONTINUOUS
10
-3.8436927952755906
20
6.6238267322834643
11
-3.84368
21
6.6235636614173226
0
LINE
8
BLACK
6
CONTINUOUS
10
-3.84368
20
6.6235636614173226
11
-3.8436285826771655
21
6.6233052362204718
0
LINE
8
BLACK
6
CONTINUOUS
10
-3.8436285826771655
20
6.6233052362204718
11
-3.8436285826771655
21
6.6186147637795276
0
LINE
8
BLACK
6
CONTINUOUS
10
-3.8436285826771655
20
6.6186147637795276
11
-3.84368
21
6.6183562992125982
0
LINE
8
BLACK
6
CONTINUOUS
10
-3.84368
20
6.6183562992125982
11
-3.8436927952755906
21
6.6180933070866139
0
LINE
8
BLACK
6
CONTINUOUS
10
-3.8436927952755906
20
6.6180933070866139
11
-3.8446309055118109
21
6.6143409055118108
0
LINE
8
BLACK
6
CONTINUOUS
10
-3.8446309055118109
20
6.6143409055118108
11
-3.8447314566929132
21
6.6141280708661414
0
LINE
8
BLACK
6
CONTINUOUS
10
-3.8447314566929132
20
6.6141280708661414
11
-3.8447936614173228
21
6.6139008661417318
0
LINE
8
BLACK
6
CONTINUOUS
10
-3.8447936614173228
20
6.6139008661417318
11
-3.8457317322834643
21
6.61202468503937
0
LINE
8
BLACK
6
CONTINUOUS
10
-3.8457317322834643
20
6.61202468503937
11
-3.845943149606299
21
6.6117522834645666
0
LINE
8
BLACK
6
CONTINUOUS
10
-3.845943149606299
20
6.6117522834645666
11
-3.8461345275590548
21
6.6114658661417325
0
LINE
8
BLACK
6
CONTINUOUS
10
-3.8461345275590548
20
6.6114658661417325
11
-3.8470726377952755
21
6.6105277952755905
0
LINE
8
BLACK
6
CONTINUOUS
10
-3.8470726377952755
20
6.6105277952755905
11
-3.8473589763779525
21
6.6103364960629918
0
LINE
8
BLACK
6
CONTINUOUS
10
-3.8473589763779525
20
6.6103364960629918
11
-3.8476313385826773
21
6.6101250787401575
0
LINE
8
BLACK
6
CONTINUOUS
10
-3.8476313385826773
20
6.6101250787401575
11
-3.8495075196850395
21
6.6091870078740156
0
LINE
8
BLACK
6
CONTINUOUS
10
-3.8495075196850395
20
6.6091870078740156
11
-3.8496114173228344
21
6.6091585433070863
0
LINE
8
BLACK
6
CONTINUOUS
10
-3.8496114173228344
20
6.6091585433070863
11
-3.8496462992125982
21
6.609123661417323
0
LINE
8
BLACK
6
CONTINUOUS
10
-3.8496462992125982
20
6.609123661417323
11
-3.8499844881889764
21
6.609056377952756
0
LINE
8
BLACK
6
CONTINUOUS
10
-3.8499844881889764
20
6.609056377952756
11
-3.8503166141732281
21
6.6089654330708658
0
LINE
8
BLACK
6
CONTINUOUS
10
-3.8503166141732281
20
6.6089654330708658
11
-3.8503633858267716
21
6.6089809842519687
0
LINE
8
BLACK
6
CONTINUOUS
10
-3.8503633858267716
20
6.6089809842519687
11
-3.85046905511811
21
6.6089599999999997
0
LINE
8
BLACK
6
CONTINUOUS
10
-3.85046905511811
20
6.6089599999999997
11
-3.8523452362204722
21
6.6089599999999997
0
LINE
8
BLACK
6
CONTINUOUS
10
-3.8523452362204722
20
6.6089599999999997
11
-3.8524509448818898
21
6.6089809842519687
0
LINE
8
BLACK
6
CONTINUOUS
10
-3.8524509448818898
20
6.6089809842519687
11
-3.8524976771653541
21
6.6089654330708658
0
LINE
8
BLACK
6
CONTINUOUS
10
-3.8524976771653541
20
6.6089654330708658
11
-3.85283
21
6.6090564173228348
0
LINE
8
BLACK
6
CONTINUOUS
10
-3.85283
20
6.6090564173228348
11
-3.853167992125984
21
6.609123661417323
0
LINE
8
BLACK
6
CONTINUOUS
10
-3.853167992125984
20
6.609123661417323
11
-3.8532028740157478
21
6.6091585039370075
0
LINE
8
BLACK
6
CONTINUOUS
10
-3.8532028740157478
20
6.6091585039370075
11
-3.8533067322834644
21
6.6091869685039368
0
LINE
8
BLACK
6
CONTINUOUS
10
-3.8533067322834644
20
6.6091869685039368
11
-3.8551829527559054
21
6.6101250787401575
0
LINE
8
BLACK
6
CONTINUOUS
10
-3.8551829527559054
20
6.6101250787401575
11
-3.8554553937007872
21
6.6103364960629918
0
LINE
8
BLACK
6
CONTINUOUS
10
-3.8554553937007872
20
6.6103364960629918
11
-3.8557417322834646
21
6.6105278346456693
0
LINE
8
BLACK
6
CONTINUOUS
10
-3.8557417322834646
20
6.6105278346456693
11
-3.8566798031496061
21
6.6114659055118112
0
LINE
8
BLACK
6
CONTINUOUS
10
-3.8566798031496061
20
6.6114659055118112
11
-3.8568712598425194
21
6.6117523622047241
0
LINE
8
BLACK
6
CONTINUOUS
10
-3.8568712598425194
20
6.6117523622047241
11
-3.8570825590551179
21
6.6120246456692913
0
LINE
8
BLACK
6
CONTINUOUS
10
-3.8570825590551179
20
6.6120246456692913
11
-3.8580206299212598
21
6.613900826771653
0
LINE
8
BLACK
6
CONTINUOUS
10
-3.8580206299212598
20
6.613900826771653
11
-3.858082834645669
21
6.6141278740157476
0
LINE
8
BLACK
6
CONTINUOUS
10
-3.858082834645669
20
6.6141278740157476
11
-3.8581834645669288
21
6.6143409448818895
0
LINE
8
BLACK
6
CONTINUOUS
10
-3.8581834645669288
20
6.6143409448818895
11
-3.8591215354330708
21
6.6180933464566927
0
LINE
8
BLACK
6
CONTINUOUS
10
-3.8591215354330708
20
6.6180933464566927
11
-3.8591343700787402
21
6.6183564566929132
0
LINE
8
BLACK
6
CONTINUOUS
10
-3.8591343700787402
20
6.6183564566929132
11
-3.8591857086614172
21
6.6186147637795276
0
LINE
8
BLACK
6
CONTINUOUS
10
-3.8591857086614172
20
6.6186147637795276
11
-3.8591857086614172
21
6.6233052362204718
0
LINE
8
BLACK
6
CONTINUOUS
10
-3.8591857086614172
20
6.6233052362204718
11
-3.8591343700787402
21
6.6235635039370075
0
LINE
8
BLACK
6
CONTINUOUS
10
-3.8591343700787402
20
6.6235635039370075
11
-3.8591215354330708
21
6.6238266929133855
0
LINE
8
BLACK
6
CONTINUOUS
10
-3.8591215354330708
20
6.6238266929133855
11
-3.8581834645669288
21
6.6275790157480312
0
LINE
8
BLACK
6
CONTINUOUS
10
-3.8581834645669288
20
6.6275790157480312
11
-3.8580828740157478
21
6.6277919291338581
0
LINE
8
BLACK
6
CONTINUOUS
10
-3.8580828740157478
20
6.6277919291338581
11
-3.8580206692913386
21
6.6280190944881889
0
LINE
8
BLACK
6
CONTINUOUS
10
-3.8580206692913386
20
6.6280190944881889
11
-3.8570825590551179
21
6.6298953149606294
0
LINE
8
BLACK
6
CONTINUOUS
10
-3.8570825590551179
20
6.6298953149606294
11
-3.8568712598425194
21
6.6301675590551179
0
LINE
8
BLACK
6
CONTINUOUS
10
-3.8568712598425194
20
6.6301675590551179
11
-3.8566798031496061
21
6.6304540944881891
0
LINE
8
BLACK
6
CONTINUOUS
10
-3.8566798031496061
20
6.6304540944881891
11
-3.8557417322834646
21
6.6313921653543302
0
LINE
8
BLACK
6
CONTINUOUS
10
-3.8557417322834646
20
6.6313921653543302
11
-3.8554553937007872
21
6.6315834645669289
0
LINE
8
BLACK
6
CONTINUOUS
10
-3.8554553937007872
20
6.6315834645669289
11
-3.8551829527559054
21
6.6317949212598419
0
LINE
8
BLACK
6
CONTINUOUS
10
-3.8551829527559054
20
6.6317949212598419
11
-3.8533067322834644
21
6.6327330314960626
0
LINE
8
BLACK
6
CONTINUOUS
10
-3.8533067322834644
20
6.6327330314960626
11
-3.8532028740157478
21
6.6327614566929132
0
LINE
8
BLACK
6
CONTINUOUS
10
-3.8532028740157478
20
6.6327614566929132
11
-3.853167992125984
21
6.6327963385826774
0
LINE
8
BLACK
6
CONTINUOUS
10
-3.853167992125984
20
6.6327963385826774
11
-3.85283
21
6.6328635433070868
0
LINE
8
BLACK
6
CONTINUOUS
10
-3.85283
20
6.6328635433070868
11
-3.8524976771653541
21
6.6329545669291337
0
LINE
8
BLACK
6
CONTINUOUS
10
-3.8524976771653541
20
6.6329545669291337
11
-3.8524509448818898
21
6.6329389763779529
0
LINE
8
BLACK
6
CONTINUOUS
10
-3.8524509448818898
20
6.6329389763779529
11
-3.8523452362204722
21
6.6329599999999997
0
LINE
8
BLACK
6
CONTINUOUS
10
-3.8523452362204722
20
6.6329599999999997
11
-3.85046905511811
21
6.6329599999999997
0
LINE
8
BLACK
6
CONTINUOUS
10
-3.85046905511811
20
6.6329599999999997
11
-3.8503633858267716
21
6.6329389763779529
0
LINE
8
BLACK
6
CONTINUOUS
10
-3.8529479133858269
20
6.6281048818897634
11
-3.8533925196850394
21
6.6276602755905509
0
LINE
8
BLACK
6
CONTINUOUS
10
-3.8533925196850394
20
6.6276602755905509
11
-3.85406905511811
21
6.6263072440944883
0
LINE
8
BLACK
6
CONTINUOUS
10
-3.85406905511811
20
6.6263072440944883
11
-3.8548857086614174
21
6.6230404724409446
0
LINE
8
BLACK
6
CONTINUOUS
10
-3.8548857086614174
20
6.6230404724409446
11
-3.8548857086614174
21
6.6188794488188973
0
LINE
8
BLACK
6
CONTINUOUS
10
-3.8548857086614174
20
6.6188794488188973
11
-3.8540690157480313
21
6.6156126377952758
0
LINE
8
BLACK
6
CONTINUOUS
10
-3.8540690157480313
20
6.6156126377952758
11
-3.8533925984251969
21
6.6142597637795273
0
LINE
8
BLACK
6
CONTINUOUS
10
-3.8533925984251969
20
6.6142597637795273
11
-3.8529479133858269
21
6.613815118110236
0
LINE
8
BLACK
6
CONTINUOUS
10
-3.8529479133858269
20
6.613815118110236
11
-3.8518376771653542
21
6.6132599999999995
0
LINE
8
BLACK
6
CONTINUOUS
10
-3.8518376771653542
20
6.6132599999999995
11
-3.8509765748031497
21
6.6132599999999995
0
LINE
8
BLACK
6
CONTINUOUS
10
-3.8509765748031497
20
6.6132599999999995
11
-3.8498664566929133
21
6.6138150787401573
0
LINE
8
BLACK
6
CONTINUOUS
10
-3.8498664566929133
20
6.6138150787401573
11
-3.8494217716535433
21
6.6142597244094485
0
LINE
8
BLACK
6
CONTINUOUS
10
-3.8494217716535433
20
6.6142597244094485
11
-3.8487452362204722
21
6.6156128346456695
0
LINE
8
BLACK
6
CONTINUOUS
10
-3.8487452362204722
20
6.6156128346456695
11
-3.8479285826771652
21
6.6188794881889761
0
LINE
8
BLACK
6
CONTINUOUS
10
-3.8479285826771652
20
6.6188794881889761
11
-3.8479285826771652
21
6.6230404724409446
0
LINE
8
BLACK
6
CONTINUOUS
10
-3.8479285826771652
20
6.6230404724409446
11
-3.8487452362204722
21
6.6263070866141733
0
LINE
8
BLACK
6
CONTINUOUS
10
-3.8487452362204722
20
6.6263070866141733
11
-3.849421811023622
21
6.6276602362204722
0
LINE
8
BLACK
6
CONTINUOUS
10
-3.849421811023622
20
6.6276602362204722
11
-3.8498664566929133
21
6.6281048818897634
0
LINE
8
BLACK
6
CONTINUOUS
10
-3.8498664566929133
20
6.6281048818897634
11
-3.8509765748031497
21
6.62866
0
LINE
8
BLACK
6
CONTINUOUS
10
-3.8509765748031497
20
6.62866
11
-3.8518376771653542
21
6.62866
0
LINE
8
BLACK
6
CONTINUOUS
10
-3.8518376771653542
20
6.62866
11
-3.8529479133858269
21
6.6281048818897634
0
LINE
8
BLACK
6
CONTINUOUS
10
-3.8324486614173225
20
6.6327963385826774
11
-3.8318225196850393
21
6.6327963385826774
0
LINE
8
BLACK
6
CONTINUOUS
10
-3.8318225196850393
20
6.6327963385826774
11
-3.8316660236220472
21
6.6326398031496065
0
LINE
8
BLACK
6
CONTINUOUS
10
-3.8316660236220472
20
6.6326398031496065
11
-3.8314489370078739
21
6.6325964173228344
0
LINE
8
BLACK
6
CONTINUOUS
10
-3.8314489370078739
20
6.6325964173228344
11
-3.830856377952756
21
6.6320025984251965
0
LINE
8
BLACK
6
CONTINUOUS
10
-3.830856377952756
20
6.6320025984251965
11
-3.8290982283464565
21
6.6293653937007875
0
LINE
8
BLACK
6
CONTINUOUS
10
-3.8290982283464565
20
6.6293653937007875
11
-3.8276193307086612
21
6.6278864960629917
0
LINE
8
BLACK
6
CONTINUOUS
10
-3.8276193307086612
20
6.6278864960629917
11
-3.8260551574803148
21
6.6271044488188977
0
LINE
8
BLACK
6
CONTINUOUS
10
-3.8260551574803148
20
6.6271044488188977
11
-3.8253924803149606
21
6.6265900787401577
0
LINE
8
BLACK
6
CONTINUOUS
10
-3.8253924803149606
20
6.6265900787401577
11
-3.824872125984252
21
6.6250289763779522
0
LINE
8
BLACK
6
CONTINUOUS
10
-3.824872125984252
20
6.6250289763779522
11
-3.825608031496063
21
6.6235572047244089
0
LINE
8
BLACK
6
CONTINUOUS
10
-3.825608031496063
20
6.6235572047244089
11
-3.8271691338582676
21
6.6230368503937003
0
LINE
8
BLACK
6
CONTINUOUS
10
-3.8271691338582676
20
6.6230368503937003
11
-3.8279782283464567
21
6.62325842519685
0
LINE
8
BLACK
6
CONTINUOUS
10
-3.8279782283464567
20
6.62325842519685
11
-3.8298544094488189
21
6.6241965354330707
0
LINE
8
BLACK
6
CONTINUOUS
10
-3.8298544094488189
20
6.6241965354330707
11
-3.8301264566929132
21
6.6244076377952759
0
LINE
8
BLACK
6
CONTINUOUS
10
-3.8301264566929132
20
6.6244076377952759
11
-3.830413149606299
21
6.6245992519685037
0
LINE
8
BLACK
6
CONTINUOUS
10
-3.830413149606299
20
6.6245992519685037
11
-3.8304952755905513
21
6.624681377952756
0
LINE
8
BLACK
6
CONTINUOUS
10
-3.8304952755905513
20
6.624681377952756
11
-3.8304952755905513
21
6.6132599999999995
0
LINE
8
BLACK
6
CONTINUOUS
10
-3.8304952755905513
20
6.6132599999999995
11
-3.8270166929133858
21
6.6132599999999995
0
LINE
8
BLACK
6
CONTINUOUS
10
-3.8270166929133858
20
6.6132599999999995
11
-3.8261939370078739
21
6.6130963385826771
0
LINE
8
BLACK
6
CONTINUOUS
10
-3.8261939370078739
20
6.6130963385826771
11
-3.8250303543307087
21
6.6119327559055119
0
LINE
8
BLACK
6
CONTINUOUS
10
-3.8250303543307087
20
6.6119327559055119
11
-3.8250303543307087
21
6.6102872440944882
0
LINE
8
BLACK
6
CONTINUOUS
10
-3.8250303543307087
20
6.6102872440944882
11
-3.8261939370078739
21
6.609123661417323
0
LINE
8
BLACK
6
CONTINUOUS
10
-3.8261939370078739
20
6.609123661417323
11
-3.8270166929133858
21
6.6089599999999997
0
LINE
8
BLACK
6
CONTINUOUS
10
-3.8270166929133858
20
6.6089599999999997
11
-3.8382738188976377
21
6.6089599999999997
0
LINE
8
BLACK
6
CONTINUOUS
10
-3.8382738188976377
20
6.6089599999999997
11
-3.8390965748031496
21
6.609123661417323
0
LINE
8
BLACK
6
CONTINUOUS
10
-3.8390965748031496
20
6.609123661417323
11
-3.8402601574803148
21
6.6102872440944882
0
LINE
8
BLACK
6
CONTINUOUS
10
-3.8402601574803148
20
6.6102872440944882
11
-3.8402601574803148
21
6.6119327559055119
0
LINE
8
BLACK
6
CONTINUOUS
10
-3.8402601574803148
20
6.6119327559055119
11
-3.8390965748031496
21
6.6130963385826771
0
LINE
8
BLACK
6
CONTINUOUS
10
-3.8390965748031496
20
6.6130963385826771
11
-3.8382738188976377
21
6.6132599999999995
0
LINE
8
BLACK
6
CONTINUOUS
10
-3.8382738188976377
20
6.6132599999999995
11
-3.834795275590551
21
6.6132599999999995
0
LINE
8
BLACK
6
CONTINUOUS
10
-3.834795275590551
20
6.6132599999999995
11
-3.834795275590551
21
6.6308099999999994
0
LINE
8
BLACK
6
CONTINUOUS
10
-3.834795275590551
20
6.6308099999999994
11
-3.8346316141732282
21
6.6316327559055113
0
LINE
8
BLACK
6
CONTINUOUS
10
-3.8346316141732282
20
6.6316327559055113
11
-3.8344751181102361
21
6.6317892519685042
0
LINE
8
BLACK
6
CONTINUOUS
10
-3.8344751181102361
20
6.6317892519685042
11
-3.8344316929133857
21
6.6320063385826771
0
LINE
8
BLACK
6
CONTINUOUS
10
-3.8344316929133857
20
6.6320063385826771
11
-3.8339107480314958
21
6.6323536220472441
0
LINE
8
BLACK
6
CONTINUOUS
10
-3.8339107480314958
20
6.6323536220472441
11
-3.833468031496063
21
6.6327963385826774
0
LINE
8
BLACK
6
CONTINUOUS
10
-3.833468031496063
20
6.6327963385826774
11
-3.833246653543307
21
6.6327963385826774
0
LINE
8
BLACK
6
CONTINUOUS
10
-3.833246653543307
20
6.6327963385826774
11
-3.8330625196850394
21
6.6329190944881891
0
LINE
8
BLACK
6
CONTINUOUS
10
-3.8330625196850394
20
6.6329190944881891
11
-3.8324486614173225
21
6.6327963385826774
0
LINE
8
BLACK
6
CONTINUOUS
10
-3.8634922440944881
20
6.6316327559055113
11
-3.8633285826771653
21
6.6308099999999994
0
LINE
8
BLACK
6
CONTINUOUS
10
-3.8633285826771653
20
6.6308099999999994
11
-3.8633285826771653
21
6.61111
0
LINE
8
BLACK
6
CONTINUOUS
10
-3.8633285826771653
20
6.61111
11
-3.8634922440944881
21
6.6102872440944882
0
LINE
8
BLACK
6
CONTINUOUS
10
-3.8634922440944881
20
6.6102872440944882
11
-3.8646558267716533
21
6.609123661417323
0
LINE
8
BLACK
6
CONTINUOUS
10
-3.8646558267716533
20
6.609123661417323
11
-3.866301338582677
21
6.609123661417323
0
LINE
8
BLACK
6
CONTINUOUS
10
-3.866301338582677
20
6.609123661417323
11
-3.8674649212598426
21
6.6102872440944882
0
LINE
8
BLACK
6
CONTINUOUS
10
-3.8674649212598426
20
6.6102872440944882
11
-3.8676285826771655
21
6.61111
0
LINE
8
BLACK
6
CONTINUOUS
10
-3.8676285826771655
20
6.61111
11
-3.8676285826771655
21
6.6146663385826772
0
LINE
8
BLACK
6
CONTINUOUS
10
-3.8676285826771655
20
6.6146663385826772
11
-3.871263346456693
21
6.60982
0
LINE
8
BLACK
6
CONTINUOUS
10
-3.871263346456693
20
6.60982
11
-3.8718879133858266
21
6.6092599999999999
0
LINE
8
BLACK
6
CONTINUOUS
10
-3.8718879133858266
20
6.6092599999999999
11
-3.8735169291338583
21
6.6090272834645667
0
LINE
8
BLACK
6
CONTINUOUS
10
-3.8735169291338583
20
6.6090272834645667
11
-3.8748333464566929
21
6.6100145669291335
0
LINE
8
BLACK
6
CONTINUOUS
10
-3.8748333464566929
20
6.6100145669291335
11
-3.8750660629921261
21
6.6116435826771651
0
LINE
8
BLACK
6
CONTINUOUS
10
-3.8750660629921261
20
6.6116435826771651
11
-3.8747033464566929
21
6.6124000000000001
0
LINE
8
BLACK
6
CONTINUOUS
10
-3.8747033464566929
20
6.6124000000000001
11
-3.8701935826771652
21
6.6184129921259842
0
LINE
8
BLACK
6
CONTINUOUS
10
-3.8701935826771652
20
6.6184129921259842
11
-3.8745036220472442
21
6.622723070866142
0
LINE
8
BLACK
6
CONTINUOUS
10
-3.8745036220472442
20
6.622723070866142
11
-3.8749696850393698
21
6.623420551181102
0
LINE
8
BLACK
6
CONTINUOUS
10
-3.8749696850393698
20
6.623420551181102
11
-3.8749696850393698
21
6.6250661417322831
0
LINE
8
BLACK
6
CONTINUOUS
10
-3.8749696850393698
20
6.6250661417322831
11
-3.8738061417322833
21
6.6262296850393696
0
LINE
8
BLACK
6
CONTINUOUS
10
-3.8738061417322833
20
6.6262296850393696
11
-3.8721605511811021
21
6.6262296850393696
0
LINE
8
BLACK
6
CONTINUOUS
10
-3.8721605511811021
20
6.6262296850393696
11
-3.8714630708661417
21
6.625763622047244
0
LINE
8
BLACK
6
CONTINUOUS
10
-3.8714630708661417
20
6.625763622047244
11
-3.8676285826771655
21
6.6219291338582673
0
LINE
8
BLACK
6
CONTINUOUS
10
-3.8676285826771655
20
6.6219291338582673
11
-3.8676285826771655
21
6.6308099999999994
0
LINE
8
BLACK
6
CONTINUOUS
10
-3.8676285826771655
20
6.6308099999999994
11
-3.8674649212598426
21
6.6316327559055113
0
LINE
8
BLACK
6
CONTINUOUS
10
-3.8674649212598426
20
6.6316327559055113
11
-3.866301338582677
21
6.6327963385826774
0
LINE
8
BLACK
6
CONTINUOUS
10
-3.866301338582677
20
6.6327963385826774
11
-3.8646558267716533
21
6.6327963385826774
0
LINE
8
BLACK
6
CONTINUOUS
10
-3.8646558267716533
20
6.6327963385826774
11
-3.8634922440944881
21
6.6316327559055113
0
LINE
8
BLACK
6
CONTINUOUS
10
-3.9424999999999999
20
6.7974999999999994
11
-4.0075000000000003
21
6.7974999999999994
0
LINE
8
BLACK
6
CONTINUOUS
10
-4.0075000000000003
20
6.7974999999999994
11
-4.0075000000000003
21
6.8624999999999998
0
LINE
8
BLACK
6
CONTINUOUS
10
-4.0075000000000003
20
6.8624999999999998
11
-3.9424999999999999
21
6.8624999999999998
0
LINE
8
BLACK
6
CONTINUOUS
10
-3.9424999999999999
20
6.8624999999999998
11
-3.9424999999999999
21
6.7974999999999994
0
CIRCLE
8
BLACK
10
-3.3249999999999997
20
6.1699999999999999
40
0.0068897637795276
0
CIRCLE
8
BLACK
10
-3.3249999999999997
20
6.2699999999999996
40
0.0068897637795276
0
CIRCLE
8
BLACK
10
-3.3249999999999997
20
6.3700000000000001
40
0.0068897637795276
0
CIRCLE
8
BLACK
10
-3.4249999999999998
20
6.3700000000000001
40
0.0068897637795276
0
CIRCLE
8
BLACK
10
-3.4249999999999998
20
6.2699999999999996
40
0.0068897637795276
0
CIRCLE
8
BLACK
10
-3.4249999999999998
20
6.1699999999999999
40
0.0068897637795276
0
CIRCLE
8
BLACK
10
-3.3249999999999997
20
5.7999999999999998
40
0.0068897637795276
0
CIRCLE
8
BLACK
10
-3.3249999999999997
20
5.8999999999999995
40
0.0068897637795276
0
CIRCLE
8
BLACK
10
-3.3249999999999997
20
6.
40
0.0068897637795276
0
CIRCLE
8
BLACK
10
-3.4249999999999998
20
6.
40
0.0068897637795276
0
CIRCLE
8
BLACK
10
-3.4249999999999998
20
5.8999999999999995
40
0.0068897637795276
0
CIRCLE
8
BLACK
10
-3.4249999999999998
20
5.7999999999999998
40
0.0068897637795276
0
CIRCLE
8
BLACK
10
-4.1200000000000001
20
5.8849999999999998
40
0.0068897637795276
0
CIRCLE
8
BLACK
10
-4.1200000000000001
20
5.9849999999999994
40
0.0068897637795276
0
CIRCLE
8
BLACK
10
-4.1200000000000001
20
6.085
40
0.0068897637795276
0
CIRCLE
8
BLACK
10
-4.1200000000000001
20
6.1849999999999996
40
0.0068897637795276
0
CIRCLE
8
BLACK
10
-4.1200000000000001
20
6.2850000000000001
40
0.0068897637795276
0
CIRCLE
8
BLACK
10
-4.1200000000000001
20
6.3849999999999998
40
0.0068897637795276
0
CIRCLE
8
BLACK
10
-4.1200000000000001
20
6.4849999999999994
40
0.0068897637795276
0
CIRCLE
8
BLACK
10
-4.2199999999999998
20
6.4849999999999994
40
0.0068897637795276
0
CIRCLE
8
BLACK
10
-4.2199999999999998
20
6.3849999999999998
40
0.0068897637795276
0
CIRCLE
8
BLACK
10
-4.2199999999999998
20
6.2850000000000001
40
0.0068897637795276
0
CIRCLE
8
BLACK
10
-4.2199999999999998
20
6.1849999999999996
40
0.0068897637795276
0
CIRCLE
8
BLACK
10
-4.2199999999999998
20
6.085
40
0.0068897637795276
0
CIRCLE
8
BLACK
10
-4.2199999999999998
20
5.9849999999999994
40
0.0068897637795276
0
CIRCLE
8
BLACK
10
-4.2199999999999998
20
5.8849999999999998
40
0.0068897637795276
0
CIRCLE
8
BLACK
10
-3.5749999999999997
20
6.8300000000000001
40
0.0068897637795276
0
CIRCLE
8
BLACK
10
-3.6749999999999998
20
6.8300000000000001
40
0.0068897637795276
0
CIRCLE
8
BLACK
10
-3.7749999999999999
20
6.8300000000000001
40
0.0068897637795276
0
CIRCLE
8
BLACK
10
-3.875
20
6.8300000000000001
40
0.0068897637795276
0
CIRCLE
8
BLACK
10
-3.9750000000000001
20
6.8300000000000001
40
0.0068897637795276
0
CIRCLE
8
BLACK
10
-3.9750000000000001
20
6.7299999999999995
40
0.0068897637795276
0
CIRCLE
8
BLACK
10
-3.875
20
6.7299999999999995
40
0.0068897637795276
0
CIRCLE
8
BLACK
10
-3.7749999999999999
20
6.7299999999999995
40
0.0068897637795276
0
CIRCLE
8
BLACK
10
-3.6749999999999998
20
6.7299999999999995
40
0.0068897637795276
0
CIRCLE
8
BLACK
10
-3.5749999999999997
20
6.7299999999999995
40
0.0068897637795276
0
CIRCLE
8
BLACK
10
-3.375
20
5.5750000000000002
40
0.0068897637795276
0
CIRCLE
8
BLACK
10
-4.1749999999999998
20
6.7749999999999995
40
0.0068897637795276
0
CIRCLE
8
BLACK
10
-4.1749999999999998
20
5.5750000000000002
40
0.0068897637795276
0
CIRCLE
8
BLACK
10
-3.375
20
6.7749999999999995
40
0.0068897637795276
0
CIRCLE
8
BLACK
10
-3.7149999999999999
20
6.4749999999999996
40
0.0068897637795276
0
CIRCLE
8
BLACK
10
-3.6149999999999998
20
6.4749999999999996
40
0.0068897637795276
0
CIRCLE
8
BLACK
10
-3.8799999999999999
20
5.6299999999999999
40
0.0068897637795276
0
CIRCLE
8
BLACK
10
-3.8799999999999999
20
5.5300000000000002
40
0.0068897637795276
0
CIRCLE
8
BLACK
10
-3.7799999999999998
20
5.5300000000000002
40
0.0068897637795276
0
CIRCLE
8
BLACK
10
-3.7799999999999998
20
5.6299999999999999
40
0.0068897637795276
0
CIRCLE
8
BLACK
10
-3.3249999999999997
20
6.1699999999999999
40
0.0068897637795276
0
CIRCLE
8
BLACK
10
-3.3249999999999997
20
6.2699999999999996
40
0.0068897637795276
0
CIRCLE
8
BLACK
10
-3.3249999999999997
20
6.3700000000000001
40
0.0068897637795276
0
CIRCLE
8
BLACK
10
-3.4249999999999998
20
6.3700000000000001
40
0.0068897637795276
0
CIRCLE
8
BLACK
10
-3.4249999999999998
20
6.2699999999999996
40
0.0068897637795276
0
CIRCLE
8
BLACK
10
-3.4249999999999998
20
6.1699999999999999
40
0.0068897637795276
0
CIRCLE
8
BLACK
10
-3.3249999999999997
20
5.7999999999999998
40
0.0068897637795276
0
CIRCLE
8
BLACK
10
-3.3249999999999997
20
5.8999999999999995
40
0.0068897637795276
0
CIRCLE
8
BLACK
10
-3.3249999999999997
20
6.
40
0.0068897637795276
0
CIRCLE
8
BLACK
10
-3.4249999999999998
20
6.
40
0.0068897637795276
0
CIRCLE
8
BLACK
10
-3.4249999999999998
20
5.8999999999999995
40
0.0068897637795276
0
CIRCLE
8
BLACK
10
-3.4249999999999998
20
5.7999999999999998
40
0.0068897637795276
0
CIRCLE
8
BLACK
10
-4.1200000000000001
20
5.8849999999999998
40
0.0068897637795276
0
CIRCLE
8
BLACK
10
-4.1200000000000001
20
5.9849999999999994
40
0.0068897637795276
0
CIRCLE
8
BLACK
10
-4.1200000000000001
20
6.085
40
0.0068897637795276
0
CIRCLE
8
BLACK
10
-4.1200000000000001
20
6.1849999999999996
40
0.0068897637795276
0
CIRCLE
8
WHITE
10
-4.1200000000000001
20
6.2850000000000001
40
0.0068897637795276
0
CIRCLE
8
BLACK
10
-4.1200000000000001
20
6.3849999999999998
40
0.0068897637795276
0
CIRCLE
8
BLACK
10
-4.1200000000000001
20
6.4849999999999994
40
0.0068897637795276
0
CIRCLE
8
BLACK
10
-4.2199999999999998
20
6.4849999999999994
40
0.0068897637795276
0
CIRCLE
8
BLACK
10
-4.2199999999999998
20
6.3849999999999998
40
0.0068897637795276
0
CIRCLE
8
BLACK
10
-4.2199999999999998
20
6.2850000000000001
40
0.0068897637795276
0
CIRCLE
8
BLACK
10
-4.2199999999999998
20
6.1849999999999996
40
0.0068897637795276
0
CIRCLE
8
WHITE
10
-4.2199999999999998
20
6.085
40
0.0068897637795276
0
CIRCLE
8
BLACK
10
-4.2199999999999998
20
5.9849999999999994
40
0.0068897637795276
0
CIRCLE
8
BLACK
10
-4.2199999999999998
20
5.8849999999999998
40
0.0068897637795276
0
CIRCLE
8
BLACK
10
-3.5749999999999997
20
6.8300000000000001
40
0.0068897637795276
0
CIRCLE
8
BLACK
10
-3.6749999999999998
20
6.8300000000000001
40
0.0068897637795276
0
CIRCLE
8
BLACK
10
-3.7749999999999999
20
6.8300000000000001
40
0.0068897637795276
0
CIRCLE
8
BLACK
10
-3.875
20
6.8300000000000001
40
0.0068897637795276
0
CIRCLE
8
WHITE
10
-3.9750000000000001
20
6.8300000000000001
40
0.0068897637795276
0
CIRCLE
8
BLACK
10
-3.9750000000000001
20
6.7299999999999995
40
0.0068897637795276
0
CIRCLE
8
BLACK
10
-3.875
20
6.7299999999999995
40
0.0068897637795276
0
CIRCLE
8
BLACK
10
-3.7749999999999999
20
6.7299999999999995
40
0.0068897637795276
0
CIRCLE
8
BLACK
10
-3.6749999999999998
20
6.7299999999999995
40
0.0068897637795276
0
CIRCLE
8
BLACK
10
-3.5749999999999997
20
6.7299999999999995
40
0.0068897637795276
0
CIRCLE
8
BLACK
10
-3.375
20
5.5750000000000002
40
0.0068897637795276
0
CIRCLE
8
BLACK
10
-4.1749999999999998
20
6.7749999999999995
40
0.0068897637795276
0
CIRCLE
8
BLACK
10
-4.1749999999999998
20
5.5750000000000002
40
0.0068897637795276
0
CIRCLE
8
BLACK
10
-3.375
20
6.7749999999999995
40
0.0068897637795276
0
CIRCLE
8
BLACK
10
-3.7149999999999999
20
6.4749999999999996
40
0.0068897637795276
0
CIRCLE
8
BLACK
10
-3.6149999999999998
20
6.4749999999999996
40
0.0068897637795276
0
CIRCLE
8
BLACK
10
-3.8799999999999999
20
5.6299999999999999
40
0.0068897637795276
0
CIRCLE
8
BLACK
10
-3.8799999999999999
20
5.5300000000000002
40
0.0068897637795276
0
CIRCLE
8
BLACK
10
-3.7799999999999998
20
5.5300000000000002
40
0.0068897637795276
0
CIRCLE
8
BLACK
10
-3.7799999999999998
20
5.6299999999999999
40
0.0068897637795276
  0
ENDSEC
  0
EOF
